row_id,session_id,ground_truth_class,predicted_class,model_id,probability_Normal,probability_DDoS,probability_PortScan
0,F-A1-NORMAL-V-01-R1,Normal,Normal,RF-v4,0.5419061073344837,0.4518272988574507,0.006266593808065448
1,F-A1-NORMAL-V-01-R1,Normal,DDoS,RF-v4,0.4276807946457212,0.572179564981552,0.0001396403727270316
2,F-A1-NORMAL-V-01-R1,Normal,Normal,RF-v4,0.951032353561605,0.04070589326341279,0.008261753174982735
3,F-A1-NORMAL-V-01-R1,Normal,DDoS,RF-v4,0.4430966329003838,0.5567857392784071,0.00011762782120902133
4,F-A1-NORMAL-V-01-R1,Normal,Normal,RF-v4,0.9530169161565883,0.038827744580148524,0.008155339263261783
5,F-A1-NORMAL-V-01-R1,Normal,DDoS,RF-v4,0.43374220086824317,0.5661401713105478,0.00011762782120902133
6,F-A1-NORMAL-V-01-R1,Normal,Normal,RF-v4,0.9638096533040212,0.02782507499228079,0.008365271703698114
7,F-A1-NORMAL-V-01-R1,Normal,DDoS,RF-v4,0.41895809542154716,0.5809750413497384,6.686322871445769e-05
8,F-A1-NORMAL-V-01-R1,Normal,Normal,RF-v4,0.9590750975122606,0.032663149312755047,0.008261753174982735
9,F-A1-NORMAL-V-01-R1,Normal,Normal,RF-v4,0.6016020774475682,0.3974980404013417,0.0008998821510901489
10,F-A1-NORMAL-V-01-R1,Normal,Normal,RF-v4,0.9639701126772828,0.02766461561901913,0.008365271703698114
11,F-A1-NORMAL-V-01-R1,Normal,DDoS,RF-v4,0.479429691658012,0.520452680520779,0.00011762782120902133
12,F-A1-NORMAL-V-01-R1,Normal,DDoS,RF-v4,0.16759896021464027,0.8241397888917793,0.008261250893580478
13,F-A1-NORMAL-V-01-R1,Normal,DDoS,RF-v4,0.42613480523237146,0.5738651947676285,0.0
14,F-A1-NORMAL-V-01-R1,Normal,Normal,RF-v4,0.9590750975122606,0.032663149312755047,0.008261753174982735
15,F-A1-NORMAL-V-01-R1,Normal,DDoS,RF-v4,0.4478965629477538,0.5521034370522462,0.0
16,F-A1-NORMAL-V-01-R1,Normal,Normal,RF-v4,0.9638096533040212,0.02782507499228079,0.008365271703698114
17,F-A1-NORMAL-V-01-R1,Normal,Normal,RF-v4,0.537827557000358,0.45684387531779885,0.005328567681843132
18,F-A1-NORMAL-V-01-R1,Normal,Normal,RF-v4,0.9530169161565883,0.038827744580148524,0.008155339263261783
19,F-A1-NORMAL-V-01-R1,Normal,DDoS,RF-v4,0.49585398182464924,0.5040732410313383,7.277714401257392e-05
20,F-A1-NORMAL-V-01-R1,Normal,Normal,RF-v4,0.9536384631076253,0.03809978371739184,0.008261753174982735
21,F-A1-NORMAL-V-01-R1,Normal,Normal,RF-v4,0.5913335704269977,0.4025984268985931,0.006068002674409191
22,F-A1-NORMAL-V-01-R1,Normal,Normal,RF-v4,0.9476708498265586,0.041240464005783205,0.011088686167658917
23,F-A1-NORMAL-V-01-R1,Normal,DDoS,RF-v4,0.44322408908015803,0.556775910919842,0.0
24,F-A1-NORMAL-V-01-R1,Normal,Normal,RF-v4,0.9590750975122606,0.032663149312755047,0.008261753174982735
25,F-A1-NORMAL-V-01-R1,Normal,DDoS,RF-v4,0.48109658762508595,0.5168784841221716,0.002024928252742473
26,F-A1-NORMAL-V-01-R1,Normal,Normal,RF-v4,0.9589899741553267,0.03274827266968892,0.008261753174982735
27,F-A1-NORMAL-V-01-R1,Normal,Normal,RF-v4,0.6246405040674143,0.37535949593258555,0.0
28,F-A1-NORMAL-V-01-R1,Normal,Normal,RF-v4,0.9530169161565883,0.038827744580148524,0.008155339263261783
29,F-A1-NORMAL-V-01-R1,Normal,Normal,RF-v4,0.5036842338899119,0.49631576611008804,0.0
30,F-A1-NORMAL-V-01-R1,Normal,Normal,RF-v4,0.9530169161565883,0.038827744580148524,0.008155339263261783
31,F-A1-NORMAL-V-01-R1,Normal,Normal,RF-v4,0.6394104179233527,0.3605895820766472,0.0
32,F-A1-NORMAL-V-01-R1,Normal,Normal,RF-v4,0.9579398682322465,0.03297611286301229,0.009084018904741576
33,F-A1-NORMAL-V-01-R1,Normal,DDoS,RF-v4,0.3939808778603686,0.605952258910917,6.686322871445769e-05
34,F-A1-NORMAL-V-01-R1,Normal,Normal,RF-v4,0.9589899741553267,0.03274827266968892,0.008261753174982735
35,F-A1-NORMAL-V-01-R1,Normal,Normal,RF-v4,0.5961268884841648,0.4038731115158351,0.0
36,F-A1-NORMAL-V-01-R1,Normal,Normal,RF-v4,0.9527562542459153,0.038981992579102426,0.008261753174982735
37,F-A1-NORMAL-V-01-R1,Normal,DDoS,RF-v4,0.4822428733229412,0.5177571266770589,0.0
38,F-A1-NORMAL-V-01-R1,Normal,DDoS,RF-v4,0.14759288416898747,0.8406746355057123,0.01173248032530023
39,F-A1-NORMAL-V-01-R1,Normal,Normal,RF-v4,0.5242168740661229,0.475783125933877,0.0
40,F-A1-NORMAL-V-01-R1,Normal,Normal,RF-v4,0.9590750975122606,0.032663149312755047,0.008261753174982735
41,F-A1-NORMAL-V-01-R1,Normal,Normal,RF-v4,0.5038921840297156,0.49610781597028436,0.0
42,F-A1-NORMAL-V-01-R1,Normal,Normal,RF-v4,0.9631016654704296,0.027933343545535703,0.008964990984034978
43,F-A1-NORMAL-V-01-R1,Normal,Normal,RF-v4,0.601740901150361,0.3975349176331283,0.0007241812165107096
44,F-A1-NORMAL-V-01-R1,Normal,Normal,RF-v4,0.9639701126772828,0.02766461561901913,0.008365271703698114
45,F-A1-NORMAL-V-01-R1,Normal,DDoS,RF-v4,0.3839808778603686,0.615952258910917,6.686322871445769e-05
46,F-A1-NORMAL-V-01-R1,Normal,Normal,RF-v4,0.9639701126772828,0.02766461561901913,0.008365271703698114
47,F-A1-NORMAL-V-01-R1,Normal,DDoS,RF-v4,0.452044344527916,0.5478887922433696,6.686322871445769e-05
48,F-A1-NORMAL-V-01-R1,Normal,Normal,RF-v4,0.9527562542459153,0.038981992579102426,0.008261753174982735
49,F-A1-NORMAL-V-01-R1,Normal,DDoS,RF-v4,0.43167088527799985,0.5682114869007912,0.00011762782120902133
50,F-A1-NORMAL-V-01-R1,Normal,Normal,RF-v4,0.9536384631076253,0.03809978371739184,0.008261753174982735
51,F-A1-NORMAL-V-01-R1,Normal,DDoS,RF-v4,0.4696418345043346,0.5303581654956653,0.0
52,F-A1-NORMAL-V-01-R1,Normal,Normal,RF-v4,0.9530169161565883,0.038827744580148524,0.008155339263261783
53,F-A1-NORMAL-V-01-R1,Normal,DDoS,RF-v4,0.46125574287750604,0.538744257122494,0.0
54,F-A1-NORMAL-V-01-R1,Normal,DDoS,RF-v4,0.16759896021464027,0.8241397888917793,0.008261250893580478
55,F-A1-NORMAL-V-01-R1,Normal,Normal,RF-v4,0.5231978507970817,0.47680214920291825,0.0
56,F-A1-NORMAL-V-01-R1,Normal,DDoS,RF-v4,0.14548486710184172,0.84620182646373,0.008313306434428227
57,F-A1-NORMAL-V-01-R1,Normal,DDoS,RF-v4,0.41449970656211044,0.5853158023879661,0.00018449104992347904
58,F-A1-NORMAL-V-01-R1,Normal,Normal,RF-v4,0.9638096533040212,0.02782507499228079,0.008365271703698114
59,F-A1-NORMAL-V-01-R1,Normal,Normal,RF-v4,0.5536961052684661,0.3889953771209646,0.05730851761057003
60,F-A1-NORMAL-V-02,Normal,DDoS,RF-v4,0.4590989122263603,0.5409010877736397,0.0
61,F-A1-NORMAL-V-02,Normal,Normal,RF-v4,0.9579398682322465,0.03297611286301229,0.009084018904741576
62,F-A1-NORMAL-V-02,Normal,DDoS,RF-v4,0.43616698437378937,0.5638330156262107,0.0
63,F-A1-NORMAL-V-02,Normal,Normal,RF-v4,0.9530169161565883,0.038827744580148524,0.008155339263261783
64,F-A1-NORMAL-V-02,Normal,DDoS,RF-v4,0.4712332528829716,0.5286491192958193,0.00011762782120902133
65,F-A1-NORMAL-V-02,Normal,Normal,RF-v4,0.9638096533040212,0.02782507499228079,0.008365271703698114
66,F-A1-NORMAL-V-02,Normal,Normal,RF-v4,0.5153411504149733,0.4844103715064347,0.0002484780785920132
67,F-A1-NORMAL-V-02,Normal,Normal,RF-v4,0.9638096533040212,0.02782507499228079,0.008365271703698114
68,F-A1-NORMAL-V-02,Normal,DDoS,RF-v4,0.4957751633901663,0.5039094953025273,0.0003153413073064709
69,F-A1-NORMAL-V-02,Normal,Normal,RF-v4,0.9579398682322465,0.03297611286301229,0.009084018904741576
70,F-A1-NORMAL-V-02,Normal,DDoS,RF-v4,0.4987228756723669,0.501277124327633,0.0
71,F-A1-NORMAL-V-02,Normal,Normal,RF-v4,0.9590750975122606,0.032663149312755047,0.008261753174982735
72,F-A1-NORMAL-V-02,Normal,Normal,RF-v4,0.5392856742488015,0.46071432575119853,0.0
73,F-A1-NORMAL-V-02,Normal,Normal,RF-v4,0.9530169161565883,0.038827744580148524,0.008155339263261783
74,F-A1-NORMAL-V-02,Normal,DDoS,RF-v4,0.4992459115058857,0.5007540884941143,0.0
75,F-A1-NORMAL-V-02,Normal,Normal,RF-v4,0.9513404838537979,0.0403977629712199,0.008261753174982735
76,F-A1-NORMAL-V-02,Normal,Normal,RF-v4,0.5038921840297156,0.49610781597028436,0.0
77,F-A1-NORMAL-V-02,Normal,Normal,RF-v4,0.9530169161565883,0.038827744580148524,0.008155339263261783
78,F-A1-NORMAL-V-02,Normal,DDoS,RF-v4,0.4762689815716918,0.5235913780555813,0.0001396403727270316
79,F-A1-NORMAL-V-02,Normal,Normal,RF-v4,0.9639701126772828,0.02766461561901913,0.008365271703698114
80,F-A1-NORMAL-V-02,Normal,DDoS,RF-v4,0.3988298131757563,0.6011033235955293,6.686322871445769e-05
81,F-A1-NORMAL-V-02,Normal,Normal,RF-v4,0.9039224260566933,0.08776589820414836,0.00831167573915768
82,F-A1-NORMAL-V-02,Normal,Normal,RF-v4,0.5728364432329062,0.4270966935383793,6.686322871445769e-05
83,F-A1-NORMAL-V-02,Normal,DDoS,RF-v4,0.13922685546983085,0.8527260931469917,0.00804705138317808
84,F-A1-NORMAL-V-02,Normal,DDoS,RF-v4,0.47825084454382016,0.5197242272034375,0.002024928252742473
85,F-A1-NORMAL-V-02,Normal,Normal,RF-v4,0.9480782448714025,0.03937427452016658,0.012547480608431744
86,F-A1-NORMAL-V-02,Normal,Normal,RF-v4,0.6274928334811846,0.3725071665188154,0.0
87,F-A1-NORMAL-V-02,Normal,Normal,RF-v4,0.9631016654704296,0.027933343545535703,0.008964990984034978
88,F-A1-NORMAL-V-02,Normal,Normal,RF-v4,0.6446791458498693,0.35532085415013065,0.0
89,F-A1-NORMAL-V-02,Normal,Normal,RF-v4,0.9530169161565883,0.038827744580148524,0.008155339263261783
90,F-A1-NORMAL-V-02,Normal,DDoS,RF-v4,0.3989808778603686,0.600952258910917,6.686322871445769e-05
91,F-A1-NORMAL-V-02,Normal,DDoS,RF-v4,0.16759896021464027,0.8241397888917793,0.008261250893580478
92,F-A1-NORMAL-V-02,Normal,DDoS,RF-v4,0.45296307626347593,0.5469192959153151,0.00011762782120902133
93,F-A1-NORMAL-V-02,Normal,Normal,RF-v4,0.9530169161565883,0.038827744580148524,0.008155339263261783
94,F-A1-NORMAL-V-02,Normal,DDoS,RF-v4,0.4478965629477538,0.5521034370522462,0.0
95,F-A1-NORMAL-V-02,Normal,DDoS,RF-v4,0.196727570240124,0.7904514921252936,0.01282093763458273
96,F-A1-NORMAL-V-02,Normal,DDoS,RF-v4,0.3839808778603686,0.615952258910917,6.686322871445769e-05
97,F-A1-NORMAL-V-02,Normal,Normal,RF-v4,0.9631016654704296,0.027933343545535703,0.008964990984034978
98,F-A1-NORMAL-V-02,Normal,DDoS,RF-v4,0.47712733159747645,0.5228726684025236,0.0
99,F-A1-NORMAL-V-02,Normal,DDoS,RF-v4,0.16776916683802662,0.8241884209389069,0.00804241222306697
100,F-A1-NORMAL-V-02,Normal,DDoS,RF-v4,0.4204460915300745,0.5795539084699255,0.0
101,F-A1-NORMAL-V-02,Normal,DDoS,RF-v4,0.15408749872627284,0.8359416634347105,0.009970837839016481
102,F-A1-NORMAL-V-02,Normal,Normal,RF-v4,0.5184586524605652,0.48154134753943467,0.0
103,F-A1-NORMAL-V-02,Normal,Normal,RF-v4,0.9527562542459153,0.038981992579102426,0.008261753174982735
104,F-A1-NORMAL-V-02,Normal,Normal,RF-v4,0.5341363782935177,0.4645485185913221,0.0013151031151602424
105,F-A1-NORMAL-V-02,Normal,Normal,RF-v4,0.9638096533040212,0.02782507499228079,0.008365271703698114
106,F-A1-NORMAL-V-02,Normal,DDoS,RF-v4,0.4532996080943997,0.5467003919056004,0.0
107,F-A1-NORMAL-V-02,Normal,Normal,RF-v4,0.9638096533040212,0.02782507499228079,0.008365271703698114
108,F-A1-NORMAL-V-02,Normal,DDoS,RF-v4,0.44129187083995214,0.558708129160048,0.0
109,F-A1-NORMAL-V-02,Normal,DDoS,RF-v4,0.27671371194680866,0.7143120421984399,0.008974245854751215
110,F-A1-NORMAL-V-02,Normal,Normal,RF-v4,0.5893639363488739,0.41063606365112615,0.0
111,F-A1-NORMAL-V-02,Normal,Normal,RF-v4,0.951032353561605,0.04070589326341279,0.008261753174982735
112,F-A1-NORMAL-V-02,Normal,DDoS,RF-v4,0.44101700110965825,0.5588433585176148,0.0001396403727270316
113,F-A1-NORMAL-V-02,Normal,Normal,RF-v4,0.9590750975122606,0.032663149312755047,0.008261753174982735
114,F-A1-NORMAL-V-02,Normal,DDoS,RF-v4,0.453092808872411,0.546907191127589,0.0
115,F-A1-NORMAL-V-02,Normal,Normal,RF-v4,0.9638096533040212,0.02782507499228079,0.008365271703698114
116,F-A1-NORMAL-V-02,Normal,Normal,RF-v4,0.5576242956455709,0.4421272262758371,0.0002484780785920132
117,F-A1-NORMAL-V-02,Normal,Normal,RF-v4,0.9590750975122606,0.032663149312755047,0.008261753174982735
118,F-A1-NORMAL-V-02,Normal,DDoS,RF-v4,0.20828092172396942,0.7707535917499091,0.020965486526121513
119,F-A1-NORMAL-V-02,Normal,Normal,RF-v4,0.9638096533040212,0.02782507499228079,0.008365271703698114
120,F-A1-NORMAL-V-03,Normal,DDoS,RF-v4,0.49557301104078605,0.5027462306061109,0.001680758353102982
121,F-A1-NORMAL-V-03,Normal,DDoS,RF-v4,0.1627131210113369,0.8273160411496466,0.009970837839016481
122,F-A1-NORMAL-V-03,Normal,DDoS,RF-v4,0.4912732281249029,0.5046076592471107,0.004119112627986348
123,F-A1-NORMAL-V-03,Normal,Normal,RF-v4,0.9513404838537979,0.0403977629712199,0.008261753174982735
124,F-A1-NORMAL-V-03,Normal,Normal,RF-v4,0.5047990712575151,0.49100903897048603,0.004191889771998922
125,F-A1-NORMAL-V-03,Normal,Normal,RF-v4,0.9630775202699199,0.027957488746045474,0.008964990984034978
126,F-A1-NORMAL-V-03,Normal,Normal,RF-v4,0.5045208226390366,0.4910282868542105,0.00445089050675278
127,F-A1-NORMAL-V-03,Normal,Normal,RF-v4,0.9530169161565883,0.038827744580148524,0.008155339263261783
128,F-A1-NORMAL-V-03,Normal,DDoS,RF-v4,0.44822408908015804,0.551775910919842,0.0
129,F-A1-NORMAL-V-03,Normal,Normal,RF-v4,0.9527562542459153,0.038981992579102426,0.008261753174982735
130,F-A1-NORMAL-V-03,Normal,Normal,RF-v4,0.5967162382442649,0.402383879604645,0.0008998821510901489
131,F-A1-NORMAL-V-03,Normal,Normal,RF-v4,0.9639701126772828,0.02766461561901913,0.008365271703698114
132,F-A1-NORMAL-V-03,Normal,Normal,RF-v4,0.5211651352151828,0.4787620876408046,7.277714401257392e-05
133,F-A1-NORMAL-V-03,Normal,Normal,RF-v4,0.9630775202699199,0.027957488746045474,0.008964990984034978
134,F-A1-NORMAL-V-03,Normal,Normal,RF-v4,0.5168456608499217,0.48282256127131207,0.0003317778787664313
135,F-A1-NORMAL-V-03,Normal,Normal,RF-v4,0.9530169161565883,0.038827744580148524,0.008155339263261783
136,F-A1-NORMAL-V-03,Normal,Normal,RF-v4,0.5520314894753404,0.4477200324460677,0.0002484780785920132
137,F-A1-NORMAL-V-03,Normal,Normal,RF-v4,0.9527562542459153,0.038981992579102426,0.008261753174982735
138,F-A1-NORMAL-V-03,Normal,Normal,RF-v4,0.5704684537127364,0.4285140363149646,0.0010175099722991702
139,F-A1-NORMAL-V-03,Normal,Normal,RF-v4,0.9639701126772828,0.02766461561901913,0.008365271703698114
140,F-A1-NORMAL-V-03,Normal,Normal,RF-v4,0.5091627458133513,0.49064684922142704,0.00019040496522159525
141,F-A1-NORMAL-V-03,Normal,Normal,RF-v4,0.9639701126772828,0.02766461561901913,0.008365271703698114
142,F-A1-NORMAL-V-03,Normal,Normal,RF-v4,0.5226829311501001,0.47724429170588734,7.277714401257392e-05
143,F-A1-NORMAL-V-03,Normal,Normal,RF-v4,0.9476708498265586,0.041240464005783205,0.011088686167658917
144,F-A1-NORMAL-V-03,Normal,DDoS,RF-v4,0.4314429355245643,0.5685570644754356,0.0
145,F-A1-NORMAL-V-03,Normal,Normal,RF-v4,0.9590750975122606,0.032663149312755047,0.008261753174982735
146,F-A1-NORMAL-V-03,Normal,Normal,RF-v4,0.5038535422472606,0.49614645775273936,0.0
147,F-A1-NORMAL-V-03,Normal,DDoS,RF-v4,0.16776916683802662,0.8241884209389069,0.00804241222306697
148,F-A1-NORMAL-V-03,Normal,DDoS,RF-v4,0.49453875310782924,0.5013421342641845,0.004119112627986348
149,F-A1-NORMAL-V-03,Normal,Normal,RF-v4,0.9638096533040212,0.02782507499228079,0.008365271703698114
150,F-A1-NORMAL-V-03,Normal,Normal,RF-v4,0.5069597788906456,0.4925327422960086,0.0005074788133458706
151,F-A1-NORMAL-V-03,Normal,Normal,RF-v4,0.9530169161565883,0.038827744580148524,0.008155339263261783
152,F-A1-NORMAL-V-03,Normal,DDoS,RF-v4,0.4613394211075197,0.5386605788924803,0.0
153,F-A1-NORMAL-V-03,Normal,Normal,RF-v4,0.9530169161565883,0.038827744580148524,0.008155339263261783
154,F-A1-NORMAL-V-03,Normal,DDoS,RF-v4,0.4983543700104069,0.4996207017368508,0.002024928252742473
155,F-A1-NORMAL-V-03,Normal,Normal,RF-v4,0.9528364800185574,0.038901766806460264,0.008261753174982735
156,F-A1-NORMAL-V-03,Normal,Normal,RF-v4,0.5288695173181532,0.47088200460325474,0.0002484780785920132
157,F-A1-NORMAL-V-03,Normal,Normal,RF-v4,0.9639701126772828,0.02766461561901913,0.008365271703698114
158,F-A1-NORMAL-V-03,Normal,DDoS,RF-v4,0.47702758626887354,0.518726465946392,0.004245947784734493
159,F-A1-NORMAL-V-03,Normal,Normal,RF-v4,0.9638096533040212,0.02782507499228079,0.008365271703698114
160,F-A1-NORMAL-V-03,Normal,Normal,RF-v4,0.6212208404051738,0.3787791595948262,0.0
161,F-A1-NORMAL-V-03,Normal,Normal,RF-v4,0.9638096533040212,0.02782507499228079,0.008365271703698114
162,F-A1-NORMAL-V-03,Normal,DDoS,RF-v4,0.47036420766091835,0.5295630151950691,7.277714401257392e-05
163,F-A1-NORMAL-V-03,Normal,Normal,RF-v4,0.9476708498265586,0.041240464005783205,0.011088686167658917
164,F-A1-NORMAL-V-03,Normal,DDoS,RF-v4,0.43819912987708376,0.5618008701229162,0.0
165,F-A1-NORMAL-V-03,Normal,Normal,RF-v4,0.9530169161565883,0.038827744580148524,0.008155339263261783
166,F-A1-NORMAL-V-03,Normal,Normal,RF-v4,0.5184502710614547,0.4812179510597789,0.0003317778787664313
167,F-A1-NORMAL-V-03,Normal,Normal,RF-v4,0.9484580054449174,0.039225855071311024,0.012316139483772361
168,F-A1-NORMAL-V-03,Normal,Normal,RF-v4,0.5240434882270527,0.4757080336943553,0.0002484780785920132
169,F-A1-NORMAL-V-03,Normal,Normal,RF-v4,0.951032353561605,0.04070589326341279,0.008261753174982735
170,F-A1-NORMAL-V-03,Normal,DDoS,RF-v4,0.4854396306871541,0.5144875921688334,7.277714401257392e-05
171,F-A1-NORMAL-V-03,Normal,Normal,RF-v4,0.9530169161565883,0.038827744580148524,0.008155339263261783
172,F-A1-NORMAL-V-03,Normal,DDoS,RF-v4,0.41653831459525165,0.583394822176034,6.686322871445769e-05
173,F-A1-NORMAL-V-03,Normal,Normal,RF-v4,0.9480782448714025,0.03937427452016658,0.012547480608431744
174,F-A1-NORMAL-V-03,Normal,DDoS,RF-v4,0.47255967008925887,0.5271830617168051,0.00025726819393605293
175,F-A1-NORMAL-V-03,Normal,Normal,RF-v4,0.9530169161565883,0.038827744580148524,0.008155339263261783
176,F-A1-NORMAL-V-03,Normal,DDoS,RF-v4,0.49161608844751997,0.5063589832997377,0.002024928252742473
177,F-A1-NORMAL-V-03,Normal,Normal,RF-v4,0.9638096533040212,0.02782507499228079,0.008365271703698114
178,F-A1-NORMAL-V-03,Normal,DDoS,RF-v4,0.49835238600734,0.5015748368486473,7.277714401257392e-05
179,F-A1-NORMAL-V-03,Normal,Normal,RF-v4,0.9530169161565883,0.038827744580148524,0.008155339263261783
180,F-A1-DDOSLIKE-V-01,DDoS,DDoS,RF-v4,0.0016420349883407945,0.9983579650116593,0.0
181,F-A1-DDOSLIKE-V-01,DDoS,DDoS,RF-v4,0.007451363465452061,0.9925486365345482,0.0
182,F-A1-DDOSLIKE-V-01,DDoS,DDoS,RF-v4,0.14759288416898747,0.8440938093965843,0.008313306434428227
183,F-A1-DDOSLIKE-V-01,DDoS,DDoS,RF-v4,0.27671371194680866,0.7143120421984399,0.008974245854751215
184,F-A1-DDOSLIKE-V-01,DDoS,DDoS,RF-v4,0.007451363465452061,0.9925486365345482,0.0
185,F-A1-DDOSLIKE-V-01,DDoS,DDoS,RF-v4,0.007451363465452061,0.9925486365345482,0.0
186,F-A1-DDOSLIKE-V-01,DDoS,DDoS,RF-v4,0.13922685546983085,0.8527260931469917,0.00804705138317808
187,F-A1-DDOSLIKE-V-01,DDoS,DDoS,RF-v4,0.16776916683802662,0.8241884209389069,0.00804241222306697
188,F-A1-DDOSLIKE-V-01,DDoS,DDoS,RF-v4,0.008771425615078937,0.9912285743849213,0.0
189,F-A1-DDOSLIKE-V-01,DDoS,DDoS,RF-v4,0.22264072855659905,0.7693168592203342,0.00804241222306697
190,F-A1-DDOSLIKE-V-01,DDoS,DDoS,RF-v4,0.0415232053120739,0.9584099314592117,6.686322871445769e-05
191,F-A1-DDOSLIKE-V-01,DDoS,DDoS,RF-v4,0.003977482002990491,0.9960225179970097,0.0
192,F-A1-DDOSLIKE-V-01,DDoS,DDoS,RF-v4,0.007451363465452061,0.9925486365345482,0.0
193,F-A1-DDOSLIKE-V-01,DDoS,DDoS,RF-v4,0.13922685546983085,0.8527260931469917,0.00804705138317808
194,F-A1-DDOSLIKE-V-01,DDoS,DDoS,RF-v4,0.16776916683802662,0.8241884209389069,0.00804241222306697
195,F-A1-DDOSLIKE-V-01,DDoS,DDoS,RF-v4,0.01120705076914758,0.9887929492308527,0.0
196,F-A1-DDOSLIKE-V-01,DDoS,Normal,RF-v4,0.6482755812576386,0.34263426565907906,0.009090153083282199
197,F-A1-DDOSLIKE-V-01,DDoS,DDoS,RF-v4,0.015693060620103207,0.984306939379897,0.0
198,F-A1-DDOSLIKE-V-01,DDoS,DDoS,RF-v4,0.13922685546983085,0.8527260931469917,0.00804705138317808
199,F-A1-DDOSLIKE-V-01,DDoS,DDoS,RF-v4,0.007451363465452061,0.9925486365345482,0.0
200,F-A1-DDOSLIKE-V-01,DDoS,DDoS,RF-v4,0.16776916683802662,0.8241884209389069,0.00804241222306697
201,F-A1-DDOSLIKE-V-01,DDoS,DDoS,RF-v4,0.010557665496870981,0.9894423345031292,0.0
202,F-A1-DDOSLIKE-V-01,DDoS,DDoS,RF-v4,0.13922685546983085,0.8527260931469917,0.00804705138317808
203,F-A1-DDOSLIKE-V-01,DDoS,DDoS,RF-v4,0.004419894293351966,0.9955801057066482,0.0
204,F-A1-DDOSLIKE-V-01,DDoS,DDoS,RF-v4,0.0016420349883407945,0.9983579650116593,0.0
205,F-A1-DDOSLIKE-V-01,DDoS,DDoS,RF-v4,0.14759288416898747,0.8440938093965843,0.008313306434428227
206,F-A1-DDOSLIKE-V-01,DDoS,DDoS,RF-v4,0.13922685546983085,0.8527260931469917,0.00804705138317808
207,F-A1-DDOSLIKE-V-01,DDoS,DDoS,RF-v4,0.02818459449478345,0.9718154055052167,0.0
208,F-A1-DDOSLIKE-V-01,DDoS,DDoS,RF-v4,0.014830310012119048,0.9851696899878811,0.0
209,F-A1-DDOSLIKE-V-01,DDoS,DDoS,RF-v4,0.13922685546983085,0.8527260931469917,0.00804705138317808
210,F-A1-DDOSLIKE-V-01,DDoS,DDoS,RF-v4,0.007451363465452061,0.9925486365345482,0.0
211,F-A1-DDOSLIKE-V-01,DDoS,DDoS,RF-v4,0.13922685546983085,0.8527260931469917,0.00804705138317808
212,F-A1-DDOSLIKE-V-01,DDoS,DDoS,RF-v4,0.0065345769015517615,0.9934654230984485,0.0
213,F-A1-DDOSLIKE-V-01,DDoS,DDoS,RF-v4,0.2520359572873685,0.7363901080427537,0.01157393466987832
214,F-A1-DDOSLIKE-V-01,DDoS,DDoS,RF-v4,0.01756747853578127,0.9824325214642188,0.0
215,F-A1-DDOSLIKE-V-01,DDoS,DDoS,RF-v4,0.014463791845747585,0.9855362081542526,0.0
216,F-A1-DDOSLIKE-V-01,DDoS,DDoS,RF-v4,0.13922685546983085,0.8527260931469917,0.00804705138317808
217,F-A1-DDOSLIKE-V-01,DDoS,DDoS,RF-v4,0.16938522928355773,0.822572358493376,0.00804241222306697
218,F-A1-DDOSLIKE-V-01,DDoS,DDoS,RF-v4,0.010557665496870981,0.9894423345031292,0.0
219,F-A1-DDOSLIKE-V-01,DDoS,DDoS,RF-v4,0.13922685546983085,0.8527260931469917,0.00804705138317808
220,F-A1-DDOSLIKE-V-01,DDoS,DDoS,RF-v4,0.014830310012119048,0.9851696899878811,0.0
221,F-A1-DDOSLIKE-V-01,DDoS,DDoS,RF-v4,0.13922685546983085,0.8527260931469917,0.00804705138317808
222,F-A1-DDOSLIKE-V-01,DDoS,DDoS,RF-v4,0.023418391964585155,0.976581608035415,0.0
223,F-A1-DDOSLIKE-V-01,DDoS,DDoS,RF-v4,0.13922685546983085,0.8527260931469917,0.00804705138317808
224,F-A1-DDOSLIKE-V-01,DDoS,DDoS,RF-v4,0.012940676988400422,0.9869924597828853,6.686322871445769e-05
225,F-A1-DDOSLIKE-V-01,DDoS,DDoS,RF-v4,0.25164493788513925,0.7346982478927453,0.013656814222116065
226,F-A1-DDOSLIKE-V-01,DDoS,DDoS,RF-v4,0.010557665496870981,0.9894423345031292,0.0
227,F-A1-DDOSLIKE-V-01,DDoS,DDoS,RF-v4,0.13922685546983085,0.8527260931469917,0.00804705138317808
228,F-A1-DDOSLIKE-V-01,DDoS,DDoS,RF-v4,0.010557665496870981,0.9894423345031292,0.0
229,F-A1-DDOSLIKE-V-01,DDoS,DDoS,RF-v4,0.196727570240124,0.7904514921252936,0.01282093763458273
230,F-A1-DDOSLIKE-V-01,DDoS,DDoS,RF-v4,0.005665123583660015,0.9943348764163402,0.0
231,F-A1-DDOSLIKE-V-01,DDoS,DDoS,RF-v4,0.14759288416898747,0.8440938093965843,0.008313306434428227
232,F-A1-DDOSLIKE-V-01,DDoS,DDoS,RF-v4,0.015174436011165549,0.9847587007601202,6.686322871445769e-05
233,F-A1-DDOSLIKE-V-01,DDoS,DDoS,RF-v4,0.13922685546983085,0.8527260931469917,0.00804705138317808
234,F-A1-DDOSLIKE-V-01,DDoS,DDoS,RF-v4,0.0065345769015517615,0.9934654230984485,0.0
235,F-A1-DDOSLIKE-V-01,DDoS,DDoS,RF-v4,0.13922685546983085,0.8527260931469917,0.00804705138317808
236,F-A1-DDOSLIKE-V-01,DDoS,DDoS,RF-v4,0.008771425615078937,0.9911617111562069,6.686322871445769e-05
237,F-A1-DDOSLIKE-V-01,DDoS,Normal,RF-v4,0.5533977838252558,0.43630283353428095,0.010299382640462974
238,F-A1-DDOSLIKE-V-01,DDoS,DDoS,RF-v4,0.01268389649044054,0.9807841851059028,0.006531918403656722
239,F-A1-DDOSLIKE-V-01,DDoS,DDoS,RF-v4,0.14759288416898747,0.8440938093965843,0.008313306434428227
240,F-A1-DDOSLIKE-V-01,DDoS,DDoS,RF-v4,0.010810683704445967,0.9891893162955541,0.0
241,F-A1-DDOSLIKE-V-01,DDoS,DDoS,RF-v4,0.15217571991091725,0.8396040718681196,0.008220208220963084
242,F-A1-DDOSLIKE-V-01,DDoS,DDoS,RF-v4,0.0065345769015517615,0.9934654230984485,0.0
243,F-A1-DDOSLIKE-V-01,DDoS,DDoS,RF-v4,0.16776916683802662,0.8241884209389069,0.00804241222306697
244,F-A1-DDOSLIKE-V-01,DDoS,DDoS,RF-v4,0.008768335924316889,0.9912316640756832,0.0
245,F-A1-DDOSLIKE-V-01,DDoS,DDoS,RF-v4,0.16776916683802662,0.8241884209389069,0.00804241222306697
246,F-A1-DDOSLIKE-V-01,DDoS,DDoS,RF-v4,0.005665123583660015,0.9943348764163402,0.0
247,F-A1-DDOSLIKE-V-01,DDoS,DDoS,RF-v4,0.13922685546983085,0.8527260931469917,0.00804705138317808
248,F-A1-DDOSLIKE-V-01,DDoS,DDoS,RF-v4,0.010807221416799828,0.9891927785832004,0.0
249,F-A1-DDOSLIKE-V-01,DDoS,DDoS,RF-v4,0.013044070130327004,0.9869559298696733,0.0
250,F-A1-DDOSLIKE-V-01,DDoS,DDoS,RF-v4,0.16776916683802662,0.8241884209389069,0.00804241222306697
251,F-A1-DDOSLIKE-V-01,DDoS,DDoS,RF-v4,0.16938522928355773,0.822572358493376,0.00804241222306697
252,F-A1-DDOSLIKE-V-01,DDoS,DDoS,RF-v4,0.00263365441155992,0.9973663455884402,0.0
253,F-A1-DDOSLIKE-V-01,DDoS,DDoS,RF-v4,0.14759288416898747,0.8440938093965843,0.008313306434428227
254,F-A1-DDOSLIKE-V-01,DDoS,DDoS,RF-v4,0.00263365441155992,0.9973663455884402,0.0
255,F-A1-DDOSLIKE-V-01,DDoS,DDoS,RF-v4,0.13922685546983085,0.8527260931469917,0.00804705138317808
256,F-A1-DDOSLIKE-V-01,DDoS,DDoS,RF-v4,0.019698895245110922,0.9803011047548894,0.0
257,F-A1-DDOSLIKE-V-01,DDoS,DDoS,RF-v4,0.13922685546983085,0.8527260931469917,0.00804705138317808
258,F-A1-DDOSLIKE-V-01,DDoS,DDoS,RF-v4,0.0016420349883407945,0.9983579650116593,0.0
259,F-A1-DDOSLIKE-V-01,DDoS,DDoS,RF-v4,0.14759288416898747,0.8440938093965843,0.008313306434428227
260,F-A1-DDOSLIKE-V-01,DDoS,DDoS,RF-v4,0.0065345769015517615,0.9934654230984485,0.0
261,F-A1-DDOSLIKE-V-01,DDoS,DDoS,RF-v4,0.196727570240124,0.7921610790707296,0.011111350689146733
262,F-A1-DDOSLIKE-V-01,DDoS,DDoS,RF-v4,0.0016420349883407945,0.9983579650116593,0.0
263,F-A1-DDOSLIKE-V-01,DDoS,DDoS,RF-v4,0.14759288416898747,0.8440938093965843,0.008313306434428227
264,F-A1-DDOSLIKE-V-01,DDoS,DDoS,RF-v4,0.00763365441155992,0.9923663455884402,0.0
265,F-A1-DDOSLIKE-V-01,DDoS,DDoS,RF-v4,0.14759288416898747,0.8440938093965843,0.008313306434428227
266,F-A1-DDOSLIKE-V-01,DDoS,DDoS,RF-v4,0.006982096042524842,0.9930179039574754,0.0
267,F-A1-DDOSLIKE-V-01,DDoS,DDoS,RF-v4,0.16776916683802662,0.8241884209389069,0.00804241222306697
268,F-A1-DDOSLIKE-V-01,DDoS,DDoS,RF-v4,0.015174436011165549,0.9847587007601202,6.686322871445769e-05
269,F-A1-DDOSLIKE-V-01,DDoS,DDoS,RF-v4,0.14759288416898747,0.8440938093965843,0.008313306434428227
270,F-A1-DDOSLIKE-V-01,DDoS,DDoS,RF-v4,0.0065345769015517615,0.9934654230984485,0.0
271,F-A1-DDOSLIKE-V-01,DDoS,DDoS,RF-v4,0.18738262250493234,0.800169732467287,0.012447645027780991
272,F-A1-DDOSLIKE-V-01,DDoS,DDoS,RF-v4,0.01433383091400931,0.9855993058572763,6.686322871445769e-05
273,F-A1-DDOSLIKE-V-01,DDoS,DDoS,RF-v4,0.27203549768007734,0.7190948489787898,0.008869653341132742
274,F-A1-DDOSLIKE-V-01,DDoS,DDoS,RF-v4,0.007451363465452061,0.9925486365345482,0.0
275,F-A1-DDOSLIKE-V-01,DDoS,DDoS,RF-v4,0.16776916683802662,0.8241884209389069,0.00804241222306697
276,F-A1-DDOSLIKE-V-01,DDoS,DDoS,RF-v4,0.0065345769015517615,0.9934654230984485,0.0
277,F-A1-DDOSLIKE-V-01,DDoS,DDoS,RF-v4,0.16776916683802662,0.8241884209389069,0.00804241222306697
278,F-A1-DDOSLIKE-V-01,DDoS,DDoS,RF-v4,0.018505697016068835,0.9814943029839311,0.0
279,F-A1-DDOSLIKE-V-01,DDoS,DDoS,RF-v4,0.14548486710184172,0.84620182646373,0.008313306434428227
280,F-A1-DDOSLIKE-V-01,DDoS,DDoS,RF-v4,0.02517848246746468,0.974754654303821,6.686322871445769e-05
281,F-A1-DDOSLIKE-V-01,DDoS,DDoS,RF-v4,0.196727570240124,0.7904514921252936,0.01282093763458273
282,F-A1-DDOSLIKE-V-01,DDoS,DDoS,RF-v4,0.010557665496870981,0.9894423345031292,0.0
283,F-A1-DDOSLIKE-V-01,DDoS,DDoS,RF-v4,0.27671371194680866,0.7143120421984399,0.008974245854751215
284,F-A1-DDOSLIKE-V-01,DDoS,DDoS,RF-v4,0.015723977559060697,0.9842091592122251,6.686322871445769e-05
285,F-A1-DDOSLIKE-V-01,DDoS,DDoS,RF-v4,0.13922685546983085,0.8527260931469917,0.00804705138317808
286,F-A1-DDOSLIKE-V-01,DDoS,DDoS,RF-v4,0.013783043942855233,0.9861500928284305,6.686322871445769e-05
287,F-A1-DDOSLIKE-V-01,DDoS,DDoS,RF-v4,0.16776916683802662,0.8241884209389069,0.00804241222306697
288,F-A1-DDOSLIKE-V-01,DDoS,DDoS,RF-v4,0.010557665496870981,0.9894423345031292,0.0
289,F-A1-DDOSLIKE-V-01,DDoS,DDoS,RF-v4,0.13922685546983085,0.8527260931469917,0.00804705138317808
290,F-A1-DDOSLIKE-V-01,DDoS,DDoS,RF-v4,0.008768335924316889,0.9912316640756832,0.0
291,F-A1-DDOSLIKE-V-01,DDoS,DDoS,RF-v4,0.13922685546983085,0.8527260931469917,0.00804705138317808
292,F-A1-DDOSLIKE-V-01,DDoS,DDoS,RF-v4,0.01212383733304788,0.9878761626669522,0.0
293,F-A1-DDOSLIKE-V-01,DDoS,DDoS,RF-v4,0.16776916683802662,0.8241884209389069,0.00804241222306697
294,F-A1-DDOSLIKE-V-01,DDoS,DDoS,RF-v4,0.008984287833085313,0.9910157121669146,0.0
295,F-A1-DDOSLIKE-V-01,DDoS,DDoS,RF-v4,0.14759288416898747,0.8440938093965843,0.008313306434428227
296,F-A1-DDOSLIKE-V-01,DDoS,DDoS,RF-v4,0.005665123583660015,0.9943348764163402,0.0
297,F-A1-DDOSLIKE-V-01,DDoS,DDoS,RF-v4,0.14759288416898747,0.8440938093965843,0.008313306434428227
298,F-A1-DDOSLIKE-V-01,DDoS,DDoS,RF-v4,0.009759955347536015,0.9901731814237497,6.686322871445769e-05
299,F-A1-DDOSLIKE-V-01,DDoS,DDoS,RF-v4,0.13922685546983085,0.8527260931469917,0.00804705138317808
300,F-A1-DDOSLIKE-V-01,DDoS,DDoS,RF-v4,0.017664725837625413,0.9822684109336604,6.686322871445769e-05
301,F-A1-DDOSLIKE-V-01,DDoS,DDoS,RF-v4,0.13922685546983085,0.8527260931469917,0.00804705138317808
302,F-A1-DDOSLIKE-V-01,DDoS,DDoS,RF-v4,0.007451363465452061,0.9925486365345482,0.0
303,F-A1-DDOSLIKE-V-01,DDoS,DDoS,RF-v4,0.14759288416898747,0.8440938093965843,0.008313306434428227
304,F-A1-DDOSLIKE-V-01,DDoS,DDoS,RF-v4,0.006653653316117093,0.993346346683883,0.0
305,F-A1-DDOSLIKE-V-01,DDoS,DDoS,RF-v4,0.13922685546983085,0.8527260931469917,0.00804705138317808
306,F-A1-DDOSLIKE-V-01,DDoS,DDoS,RF-v4,0.004748337019759716,0.9951847997515259,6.686322871445769e-05
307,F-A1-DDOSLIKE-V-01,DDoS,DDoS,RF-v4,0.13922685546983085,0.8527260931469917,0.00804705138317808
308,F-A1-DDOSLIKE-V-01,DDoS,DDoS,RF-v4,0.0958783337113238,0.9040342506687139,8.741561996246345e-05
309,F-A1-DDOSLIKE-V-01,DDoS,DDoS,RF-v4,0.0025197676758653364,0.9974802323241347,0.0
310,F-A1-DDOSLIKE-V-01,DDoS,DDoS,RF-v4,0.14759288416898747,0.8440938093965843,0.008313306434428227
311,F-A1-DDOSLIKE-V-01,DDoS,DDoS,RF-v4,0.14759288416898747,0.8440938093965843,0.008313306434428227
312,F-A1-DDOSLIKE-V-01,DDoS,DDoS,RF-v4,0.010557665496870981,0.9894423345031292,0.0
313,F-A1-DDOSLIKE-V-01,DDoS,DDoS,RF-v4,0.13922685546983085,0.8527260931469917,0.00804705138317808
314,F-A1-DDOSLIKE-V-01,DDoS,DDoS,RF-v4,0.01984690987876137,0.9800862268925243,6.686322871445769e-05
315,F-A1-DDOSLIKE-V-01,DDoS,DDoS,RF-v4,0.16776916683802662,0.8241884209389069,0.00804241222306697
316,F-A1-DDOSLIKE-V-01,DDoS,DDoS,RF-v4,0.005665123583660015,0.9943348764163402,0.0
317,F-A1-DDOSLIKE-V-01,DDoS,Normal,RF-v4,0.6112728320955659,0.3796807000853868,0.009046467819046057
318,F-A1-DDOSLIKE-V-01,DDoS,DDoS,RF-v4,0.0016420349883407945,0.9983579650116593,0.0
319,F-A1-DDOSLIKE-V-01,DDoS,DDoS,RF-v4,0.2514494281840246,0.7400225184301678,0.00852805338580806
320,F-A1-DDOSLIKE-V-01,DDoS,DDoS,RF-v4,0.0065345769015517615,0.9934654230984485,0.0
321,F-A1-DDOSLIKE-V-01,DDoS,DDoS,RF-v4,0.13922685546983085,0.8527260931469917,0.00804705138317808
322,F-A1-DDOSLIKE-V-01,DDoS,DDoS,RF-v4,0.012791424519636108,0.9871417122516496,6.686322871445769e-05
323,F-A1-DDOSLIKE-V-01,DDoS,DDoS,RF-v4,0.13922685546983085,0.8527260931469917,0.00804705138317808
324,F-A1-DDOSLIKE-V-01,DDoS,DDoS,RF-v4,0.003977482002990491,0.9960225179970097,0.0
325,F-A1-DDOSLIKE-V-01,DDoS,DDoS,RF-v4,0.14759288416898747,0.8440938093965843,0.008313306434428227
326,F-A1-DDOSLIKE-V-01,DDoS,DDoS,RF-v4,0.012940676988400422,0.9869924597828853,6.686322871445769e-05
327,F-A1-DDOSLIKE-V-01,DDoS,DDoS,RF-v4,0.16776916683802662,0.8241884209389069,0.00804241222306697
328,F-A1-DDOSLIKE-V-01,DDoS,DDoS,RF-v4,0.005665123583660015,0.9943348764163402,0.0
329,F-A1-DDOSLIKE-V-01,DDoS,DDoS,RF-v4,0.13922685546983085,0.8527260931469917,0.00804705138317808
330,F-A1-DDOSLIKE-V-01,DDoS,DDoS,RF-v4,0.010557665496870981,0.9894423345031292,0.0
331,F-A1-DDOSLIKE-V-01,DDoS,DDoS,RF-v4,0.13922685546983085,0.8527260931469917,0.00804705138317808
332,F-A1-DDOSLIKE-V-01,DDoS,DDoS,RF-v4,0.014830310012119048,0.9851696899878811,0.0
333,F-A1-DDOSLIKE-V-01,DDoS,DDoS,RF-v4,0.13922685546983085,0.8527260931469917,0.00804705138317808
334,F-A1-DDOSLIKE-V-01,DDoS,DDoS,RF-v4,0.0065345769015517615,0.9934654230984485,0.0
335,F-A1-DDOSLIKE-V-01,DDoS,DDoS,RF-v4,0.13922685546983085,0.8527260931469917,0.00804705138317808
336,F-A1-DDOSLIKE-V-01,DDoS,DDoS,RF-v4,0.0016420349883407945,0.9983579650116593,0.0
337,F-A1-DDOSLIKE-V-01,DDoS,DDoS,RF-v4,0.13922685546983085,0.8527260931469917,0.00804705138317808
338,F-A1-DDOSLIKE-V-01,DDoS,DDoS,RF-v4,0.011420416104855138,0.9885795838951451,0.0
339,F-A1-DDOSLIKE-V-01,DDoS,DDoS,RF-v4,0.13922685546983085,0.8527260931469917,0.00804705138317808
340,F-A1-DDOSLIKE-V-01,DDoS,DDoS,RF-v4,0.009834374956981501,0.9901656250430187,0.0
341,F-A1-DDOSLIKE-V-01,DDoS,DDoS,RF-v4,0.13922685546983085,0.8527260931469917,0.00804705138317808
342,F-A1-DDOSLIKE-V-01,DDoS,DDoS,RF-v4,0.018132723408934025,0.9818672765910662,0.0
343,F-A1-DDOSLIKE-V-01,DDoS,DDoS,RF-v4,0.13922685546983085,0.8527260931469917,0.00804705138317808
344,F-A1-DDOSLIKE-V-01,DDoS,DDoS,RF-v4,0.024816129960870015,0.9751838700391301,0.0
345,F-A1-DDOSLIKE-V-01,DDoS,DDoS,RF-v4,0.13922685546983085,0.8527260931469917,0.00804705138317808
346,F-A1-DDOSLIKE-V-01,DDoS,DDoS,RF-v4,0.013495474464303926,0.9864376623069819,6.686322871445769e-05
347,F-A1-DDOSLIKE-V-01,DDoS,DDoS,RF-v4,0.13922685546983085,0.8527260931469917,0.00804705138317808
348,F-A1-DDOSLIKE-V-01,DDoS,DDoS,RF-v4,0.013363731425209737,0.9865694053460758,6.686322871445769e-05
349,F-A1-DDOSLIKE-V-01,DDoS,DDoS,RF-v4,0.13922685546983085,0.8527260931469917,0.00804705138317808
350,F-A1-DDOSLIKE-V-01,DDoS,DDoS,RF-v4,0.01685061412469372,0.9831493858753064,0.0
351,F-A1-DDOSLIKE-V-01,DDoS,Normal,RF-v4,0.9481407725449148,0.04081389863242702,0.011045328822659
352,F-A1-DDOSLIKE-V-01,DDoS,DDoS,RF-v4,0.0065345769015517615,0.9934654230984485,0.0
353,F-A1-DDOSLIKE-V-01,DDoS,DDoS,RF-v4,0.16776916683802662,0.8241884209389069,0.00804241222306697
354,F-A1-DDOSLIKE-V-01,DDoS,DDoS,RF-v4,0.010557665496870981,0.9894423345031292,0.0
355,F-A1-DDOSLIKE-V-01,DDoS,DDoS,RF-v4,0.16776916683802662,0.8241884209389069,0.00804241222306697
356,F-A1-DDOSLIKE-V-01,DDoS,DDoS,RF-v4,0.009836990298366736,0.9901630097016336,0.0
357,F-A1-DDOSLIKE-V-01,DDoS,DDoS,RF-v4,0.16776916683802662,0.8241884209389069,0.00804241222306697
358,F-A1-DDOSLIKE-V-01,DDoS,DDoS,RF-v4,0.0065345769015517615,0.9934654230984485,0.0
359,F-A1-DDOSLIKE-V-01,DDoS,DDoS,RF-v4,0.13922685546983085,0.8527260931469917,0.00804705138317808
360,F-A1-DDOSLIKE-V-01,DDoS,DDoS,RF-v4,0.004321295992229443,0.9956787040077707,0.0
361,F-A1-DDOSLIKE-V-01,DDoS,DDoS,RF-v4,0.13922685546983085,0.8527260931469917,0.00804705138317808
362,F-A1-DDOSLIKE-V-01,DDoS,DDoS,RF-v4,0.00565619385558697,0.9943438061444131,0.0
363,F-A1-DDOSLIKE-V-01,DDoS,DDoS,RF-v4,0.28133572481445573,0.7096900293307928,0.008974245854751215
364,F-A1-DDOSLIKE-V-01,DDoS,DDoS,RF-v4,0.007110618578041113,0.992889381421959,0.0
365,F-A1-DDOSLIKE-V-01,DDoS,DDoS,RF-v4,0.14548486710184172,0.84620182646373,0.008313306434428227
366,F-A1-DDOSLIKE-V-01,DDoS,DDoS,RF-v4,0.01803939422506958,0.9819606057749306,0.0
367,F-A1-DDOSLIKE-V-01,DDoS,DDoS,RF-v4,0.14759288416898747,0.8440938093965843,0.008313306434428227
368,F-A1-DDOSLIKE-V-01,DDoS,DDoS,RF-v4,0.007451363465452061,0.9925486365345482,0.0
369,F-A1-DDOSLIKE-V-01,DDoS,DDoS,RF-v4,0.13922685546983085,0.8527260931469917,0.00804705138317808
370,F-A1-DDOSLIKE-V-01,DDoS,DDoS,RF-v4,0.010557665496870981,0.9894423345031292,0.0
371,F-A1-DDOSLIKE-V-01,DDoS,DDoS,RF-v4,0.13922685546983085,0.8527260931469917,0.00804705138317808
372,F-A1-DDOSLIKE-V-01,DDoS,DDoS,RF-v4,0.008771425615078937,0.9912285743849213,0.0
373,F-A1-DDOSLIKE-V-01,DDoS,DDoS,RF-v4,0.13922685546983085,0.8527260931469917,0.00804705138317808
374,F-A1-DDOSLIKE-V-01,DDoS,DDoS,RF-v4,0.010807221416799828,0.9891927785832004,0.0
375,F-A1-DDOSLIKE-V-01,DDoS,DDoS,RF-v4,0.011420416104855138,0.9885795838951451,0.0
376,F-A1-DDOSLIKE-V-01,DDoS,DDoS,RF-v4,0.14759288416898747,0.8440938093965843,0.008313306434428227
377,F-A1-DDOSLIKE-V-01,DDoS,DDoS,RF-v4,0.16776916683802662,0.8241884209389069,0.00804241222306697
378,F-A1-DDOSLIKE-V-01,DDoS,DDoS,RF-v4,0.015220346963797163,0.984779653036203,0.0
379,F-A1-DDOSLIKE-V-01,DDoS,DDoS,RF-v4,0.13922685546983085,0.8527260931469917,0.00804705138317808
380,F-A1-DDOSLIKE-V-01,DDoS,DDoS,RF-v4,0.003428274870132841,0.9965717251298674,0.0
381,F-A1-DDOSLIKE-V-01,DDoS,DDoS,RF-v4,0.2514494281840246,0.7400225184301678,0.00852805338580806
382,F-A1-DDOSLIKE-V-01,DDoS,DDoS,RF-v4,0.007451363465452061,0.9925486365345482,0.0
383,F-A1-DDOSLIKE-V-01,DDoS,DDoS,RF-v4,0.13922685546983085,0.8527260931469917,0.00804705138317808
384,F-A1-DDOSLIKE-V-01,DDoS,DDoS,RF-v4,0.025223748399429806,0.9747093883718558,6.686322871445769e-05
385,F-A1-DDOSLIKE-V-01,DDoS,DDoS,RF-v4,0.16776916683802662,0.8241884209389069,0.00804241222306697
386,F-A1-DDOSLIKE-V-01,DDoS,DDoS,RF-v4,0.0065345769015517615,0.9934654230984485,0.0
387,F-A1-DDOSLIKE-V-01,DDoS,DDoS,RF-v4,0.16776916683802662,0.8241884209389069,0.00804241222306697
388,F-A1-DDOSLIKE-V-01,DDoS,DDoS,RF-v4,0.009685122488217186,0.9903148775117829,0.0
389,F-A1-DDOSLIKE-V-01,DDoS,DDoS,RF-v4,0.2520359572873685,0.7363901080427537,0.01157393466987832
390,F-A1-DDOSLIKE-V-01,DDoS,DDoS,RF-v4,0.01120705076914758,0.9887929492308527,0.0
391,F-A1-DDOSLIKE-V-01,DDoS,DDoS,RF-v4,0.16776916683802662,0.8241884209389069,0.00804241222306697
392,F-A1-DDOSLIKE-V-01,DDoS,DDoS,RF-v4,0.0016420349883407945,0.9983579650116593,0.0
393,F-A1-DDOSLIKE-V-01,DDoS,DDoS,RF-v4,0.2514494281840246,0.7400225184301678,0.00852805338580806
394,F-A1-DDOSLIKE-V-01,DDoS,DDoS,RF-v4,0.00263365441155992,0.9973663455884402,0.0
395,F-A1-DDOSLIKE-V-01,DDoS,DDoS,RF-v4,0.14759288416898747,0.8440938093965843,0.008313306434428227
396,F-A1-DDOSLIKE-V-01,DDoS,DDoS,RF-v4,0.007306128279155739,0.9926938717208443,0.0
397,F-A1-DDOSLIKE-V-01,DDoS,DDoS,RF-v4,0.14759288416898747,0.8440938093965843,0.008313306434428227
398,F-A1-DDOSLIKE-V-01,DDoS,DDoS,RF-v4,0.004321295992229443,0.9956787040077707,0.0
399,F-A1-DDOSLIKE-V-01,DDoS,DDoS,RF-v4,0.13922685546983085,0.8527260931469917,0.00804705138317808
400,F-A1-DDOSLIKE-V-01,DDoS,DDoS,RF-v4,0.0016420349883407945,0.9983579650116593,0.0
401,F-A1-DDOSLIKE-V-01,DDoS,DDoS,RF-v4,0.14759288416898747,0.8406746355057123,0.01173248032530023
402,F-A1-DDOSLIKE-V-01,DDoS,DDoS,RF-v4,0.013860078893685955,0.9861399211063143,0.0
403,F-A1-DDOSLIKE-V-01,DDoS,DDoS,RF-v4,0.13922685546983085,0.8527260931469917,0.00804705138317808
404,F-A1-DDOSLIKE-V-01,DDoS,DDoS,RF-v4,0.02233719970522123,0.9775959370660645,6.686322871445769e-05
405,F-A1-DDOSLIKE-V-01,DDoS,DDoS,RF-v4,0.13922685546983085,0.8527260931469917,0.00804705138317808
406,F-A1-DDOSLIKE-V-01,DDoS,DDoS,RF-v4,0.009937768098908083,0.9900622319010921,0.0
407,F-A1-DDOSLIKE-V-01,DDoS,DDoS,RF-v4,0.20204014011484248,0.7763745710051659,0.02158528887999178
408,F-A1-DDOSLIKE-V-01,DDoS,DDoS,RF-v4,0.0065345769015517615,0.9934654230984485,0.0
409,F-A1-DDOSLIKE-V-01,DDoS,DDoS,RF-v4,0.13922685546983085,0.8527260931469917,0.00804705138317808
410,F-A1-DDOSLIKE-V-01,DDoS,DDoS,RF-v4,0.009759955347536015,0.9901731814237497,6.686322871445769e-05
411,F-A1-DDOSLIKE-V-01,DDoS,DDoS,RF-v4,0.008917588393081202,0.9910155483782046,6.686322871445769e-05
412,F-A1-DDOSLIKE-V-01,DDoS,Normal,RF-v4,0.556535477388636,0.43366123260262535,0.009803290008738334
413,F-A1-DDOSLIKE-V-01,DDoS,DDoS,RF-v4,0.13922685546983085,0.8527260931469917,0.00804705138317808
414,F-A1-DDOSLIKE-V-01,DDoS,DDoS,RF-v4,0.03307043369808683,0.9669295663019133,0.0
415,F-A1-DDOSLIKE-V-01,DDoS,DDoS,RF-v4,0.011151347415846329,0.9887817893554393,6.686322871445769e-05
416,F-A1-DDOSLIKE-V-01,DDoS,DDoS,RF-v4,0.13922685546983085,0.8527260931469917,0.00804705138317808
417,F-A1-DDOSLIKE-V-01,DDoS,DDoS,RF-v4,0.010557665496870981,0.9894423345031292,0.0
418,F-A1-DDOSLIKE-V-01,DDoS,DDoS,RF-v4,0.13922685546983085,0.8527260931469917,0.00804705138317808
419,F-A1-DDOSLIKE-V-01,DDoS,DDoS,RF-v4,0.013461251999566506,0.9865387480004335,0.0
420,F-A1-DDOSLIKE-V-01,DDoS,DDoS,RF-v4,0.14759288416898747,0.8440938093965843,0.008313306434428227
421,F-A1-DDOSLIKE-V-01,DDoS,DDoS,RF-v4,0.02042240571659902,0.979577594283401,0.0
422,F-A1-DDOSLIKE-V-01,DDoS,DDoS,RF-v4,0.22264072855659905,0.7693168592203342,0.00804241222306697
423,F-A1-DDOSLIKE-V-01,DDoS,DDoS,RF-v4,0.018087780274434726,0.9818453564968509,6.686322871445769e-05
424,F-A1-DDOSLIKE-V-01,DDoS,DDoS,RF-v4,0.13922685546983085,0.8527260931469917,0.00804705138317808
425,F-A1-DDOSLIKE-V-01,DDoS,DDoS,RF-v4,0.010557665496870981,0.9894423345031292,0.0
426,F-A1-DDOSLIKE-V-01,DDoS,DDoS,RF-v4,0.27671371194680866,0.7143120421984399,0.008974245854751215
427,F-A1-DDOSLIKE-V-01,DDoS,DDoS,RF-v4,0.012986587941032038,0.9870134120589681,0.0
428,F-A1-DDOSLIKE-V-01,DDoS,DDoS,RF-v4,0.16776916683802662,0.8241884209389069,0.00804241222306697
429,F-A1-DDOSLIKE-V-01,DDoS,DDoS,RF-v4,0.013024057867205695,0.9869759421327945,0.0
430,F-A1-DDOSLIKE-V-01,DDoS,DDoS,RF-v4,0.16776916683802662,0.8241884209389069,0.00804241222306697
431,F-A1-DDOSLIKE-V-01,DDoS,DDoS,RF-v4,0.0065345769015517615,0.9934654230984485,0.0
432,F-A1-DDOSLIKE-V-01,DDoS,DDoS,RF-v4,0.14759288416898747,0.8440938093965843,0.008313306434428227
433,F-A1-DDOSLIKE-V-01,DDoS,DDoS,RF-v4,0.010557665496870981,0.9894423345031292,0.0
434,F-A1-DDOSLIKE-V-01,DDoS,DDoS,RF-v4,0.0065345769015517615,0.9934654230984485,0.0
435,F-A1-DDOSLIKE-V-01,DDoS,DDoS,RF-v4,0.16776916683802662,0.8241884209389069,0.00804241222306697
436,F-A1-DDOSLIKE-V-01,DDoS,DDoS,RF-v4,0.196727570240124,0.7921610790707296,0.011111350689146733
437,F-A1-DDOSLIKE-V-01,DDoS,DDoS,RF-v4,0.011151347415846329,0.9887817893554393,6.686322871445769e-05
438,F-A1-DDOSLIKE-V-01,DDoS,DDoS,RF-v4,0.16776916683802662,0.8241884209389069,0.00804241222306697
439,F-A1-DDOSLIKE-V-01,DDoS,DDoS,RF-v4,0.010923106606603276,0.9890768933933967,0.0
440,F-A1-DDOSLIKE-V-01,DDoS,DDoS,RF-v4,0.13922685546983085,0.8527260931469917,0.00804705138317808
441,F-A1-DDOSLIKE-V-01,DDoS,DDoS,RF-v4,0.023095084084707337,0.9769049159152927,0.0
442,F-A1-DDOSLIKE-V-01,DDoS,DDoS,RF-v4,0.14759288416898747,0.8440938093965843,0.008313306434428227
443,F-A1-DDOSLIKE-V-01,DDoS,DDoS,RF-v4,0.030537990190653654,0.9694620098093466,0.0
444,F-A1-DDOSLIKE-V-01,DDoS,DDoS,RF-v4,0.16776916683802662,0.8241884209389069,0.00804241222306697
445,F-A1-DDOSLIKE-V-01,DDoS,DDoS,RF-v4,0.018343210758089135,0.9816567892419108,0.0
446,F-A1-DDOSLIKE-V-01,DDoS,DDoS,RF-v4,0.27671371194680866,0.7143120421984399,0.008974245854751215
447,F-A1-DDOSLIKE-V-01,DDoS,DDoS,RF-v4,0.005665123583660015,0.9943348764163402,0.0
448,F-A1-DDOSLIKE-V-01,DDoS,DDoS,RF-v4,0.13922685546983085,0.8527260931469917,0.00804705138317808
449,F-A1-DDOSLIKE-V-01,DDoS,DDoS,RF-v4,0.00420740925653486,0.9957925907434653,0.0
450,F-A1-DDOSLIKE-V-01,DDoS,DDoS,RF-v4,0.14759288416898747,0.8406746355057123,0.01173248032530023
451,F-A1-DDOSLIKE-V-01,DDoS,DDoS,RF-v4,0.003977482002990491,0.9960225179970097,0.0
452,F-A1-DDOSLIKE-V-01,DDoS,DDoS,RF-v4,0.16938522928355773,0.822572358493376,0.00804241222306697
453,F-A1-DDOSLIKE-V-01,DDoS,DDoS,RF-v4,0.009685122488217186,0.9903148775117829,0.0
454,F-A1-DDOSLIKE-V-01,DDoS,DDoS,RF-v4,0.13922685546983085,0.8527260931469917,0.00804705138317808
455,F-A1-DDOSLIKE-V-01,DDoS,DDoS,RF-v4,0.010557665496870981,0.9894423345031292,0.0
456,F-A1-DDOSLIKE-V-01,DDoS,DDoS,RF-v4,0.16776916683802662,0.8241884209389069,0.00804241222306697
457,F-A1-DDOSLIKE-V-01,DDoS,DDoS,RF-v4,0.010557665496870981,0.9894423345031292,0.0
458,F-A1-DDOSLIKE-V-01,DDoS,DDoS,RF-v4,0.19950312493711045,0.7876759374283072,0.01282093763458273
459,F-A1-DDOSLIKE-V-01,DDoS,DDoS,RF-v4,0.012940676988400422,0.9869924597828853,6.686322871445769e-05
460,F-A1-DDOSLIKE-V-01,DDoS,DDoS,RF-v4,0.13922685546983085,0.8527260931469917,0.00804705138317808
461,F-A1-DDOSLIKE-V-01,DDoS,DDoS,RF-v4,0.0065345769015517615,0.9934654230984485,0.0
462,F-A1-DDOSLIKE-V-01,DDoS,DDoS,RF-v4,0.004748337019759716,0.9952516629802404,0.0
463,F-A1-DDOSLIKE-V-01,DDoS,DDoS,RF-v4,0.18738262250493234,0.8032156137513573,0.00940176374371073
464,F-A1-DDOSLIKE-V-01,DDoS,DDoS,RF-v4,0.18738262250493234,0.800169732467287,0.012447645027780991
465,F-A1-DDOSLIKE-V-01,DDoS,DDoS,RF-v4,0.006653653316117093,0.993346346683883,0.0
466,F-A1-DDOSLIKE-V-01,DDoS,DDoS,RF-v4,0.14759288416898747,0.8440938093965843,0.008313306434428227
467,F-A1-DDOSLIKE-V-01,DDoS,DDoS,RF-v4,0.004867413434325046,0.995132586565675,0.0
468,F-A1-DDOSLIKE-V-01,DDoS,DDoS,RF-v4,0.13922685546983085,0.8527260931469917,0.00804705138317808
469,F-A1-DDOSLIKE-V-01,DDoS,DDoS,RF-v4,0.012791424519636108,0.9872085754803641,0.0
470,F-A1-DDOSLIKE-V-01,DDoS,DDoS,RF-v4,0.16776916683802662,0.8241884209389069,0.00804241222306697
471,F-A1-DDOSLIKE-V-01,DDoS,DDoS,RF-v4,0.00263365441155992,0.9973663455884402,0.0
472,F-A1-DDOSLIKE-V-01,DDoS,DDoS,RF-v4,0.20204014011484248,0.7763745710051659,0.02158528887999178
473,F-A1-DDOSLIKE-V-01,DDoS,DDoS,RF-v4,0.011005184637844063,0.9889279521334415,6.686322871445769e-05
474,F-A1-DDOSLIKE-V-01,DDoS,DDoS,RF-v4,0.14759288416898747,0.8440938093965843,0.008313306434428227
475,F-A1-DDOSLIKE-V-01,DDoS,DDoS,RF-v4,0.015344403281350654,0.9846555967186493,0.0
476,F-A1-DDOSLIKE-V-01,DDoS,DDoS,RF-v4,0.14548486710184172,0.84620182646373,0.008313306434428227
477,F-A1-DDOSLIKE-V-01,DDoS,DDoS,RF-v4,0.015174436011165549,0.9847587007601202,6.686322871445769e-05
478,F-A1-DDOSLIKE-V-01,DDoS,Normal,RF-v4,0.7061726850149174,0.2852658179733238,0.008561497011759024
479,F-A1-DDOSLIKE-V-01,DDoS,DDoS,RF-v4,0.0065345769015517615,0.9934654230984485,0.0
480,F-A1-DDOSLIKE-V-01,DDoS,DDoS,RF-v4,0.13922685546983085,0.8527260931469917,0.00804705138317808
481,F-A1-DDOSLIKE-V-01,DDoS,DDoS,RF-v4,0.011447596928205538,0.9884855398430801,6.686322871445769e-05
482,F-A1-DDOSLIKE-V-01,DDoS,DDoS,RF-v4,0.13922685546983085,0.8527260931469917,0.00804705138317808
483,F-A1-DDOSLIKE-V-01,DDoS,DDoS,RF-v4,0.006314508855936613,0.9936854911440635,0.0
484,F-A1-DDOSLIKE-V-01,DDoS,DDoS,RF-v4,0.14759288416898747,0.8440938093965843,0.008313306434428227
485,F-A1-DDOSLIKE-V-01,DDoS,DDoS,RF-v4,0.0065345769015517615,0.9934654230984485,0.0
486,F-A1-DDOSLIKE-V-01,DDoS,DDoS,RF-v4,0.16776916683802662,0.8241884209389069,0.00804241222306697
487,F-A1-DDOSLIKE-V-01,DDoS,DDoS,RF-v4,0.010557665496870981,0.9894423345031292,0.0
488,F-A1-DDOSLIKE-V-01,DDoS,DDoS,RF-v4,0.13922685546983085,0.8527260931469917,0.00804705138317808
489,F-A1-DDOSLIKE-V-01,DDoS,DDoS,RF-v4,0.010676741911436312,0.9893232580885638,0.0
490,F-A1-DDOSLIKE-V-01,DDoS,Normal,RF-v4,0.6015630838510071,0.3895672628078589,0.008869653341132742
491,F-A1-DDOSLIKE-V-01,DDoS,DDoS,RF-v4,0.0065345769015517615,0.9934654230984485,0.0
492,F-A1-DDOSLIKE-V-01,DDoS,DDoS,RF-v4,0.16938522928355773,0.822572358493376,0.00804241222306697
493,F-A1-DDOSLIKE-V-01,DDoS,DDoS,RF-v4,0.010557665496870981,0.9894423345031292,0.0
494,F-A1-DDOSLIKE-V-01,DDoS,DDoS,RF-v4,0.16776916683802662,0.8241884209389069,0.00804241222306697
495,F-A1-DDOSLIKE-V-01,DDoS,DDoS,RF-v4,0.0065345769015517615,0.9934654230984485,0.0
496,F-A1-DDOSLIKE-V-01,DDoS,DDoS,RF-v4,0.16938522928355773,0.822572358493376,0.00804241222306697
497,F-A1-DDOSLIKE-V-01,DDoS,DDoS,RF-v4,0.0016420349883407945,0.9983579650116593,0.0
498,F-A1-DDOSLIKE-V-01,DDoS,DDoS,RF-v4,0.16776916683802662,0.8241884209389069,0.00804241222306697
499,F-A1-DDOSLIKE-V-01,DDoS,DDoS,RF-v4,0.0016420349883407945,0.9983579650116593,0.0
500,F-A1-DDOSLIKE-V-01,DDoS,DDoS,RF-v4,0.13922685546983085,0.8527260931469917,0.00804705138317808
501,F-A1-DDOSLIKE-V-01,DDoS,DDoS,RF-v4,0.005993649138326906,0.9940063508616732,0.0
502,F-A1-DDOSLIKE-V-01,DDoS,DDoS,RF-v4,0.14759288416898747,0.8440938093965843,0.008313306434428227
503,F-A1-DDOSLIKE-V-01,DDoS,DDoS,RF-v4,0.015369781376589332,0.9845633553946963,6.686322871445769e-05
504,F-A1-DDOSLIKE-V-01,DDoS,DDoS,RF-v4,0.14759288416898747,0.8440938093965843,0.008313306434428227
505,F-A1-DDOSLIKE-V-01,DDoS,DDoS,RF-v4,0.0016420349883407945,0.9983579650116593,0.0
506,F-A1-DDOSLIKE-V-01,DDoS,DDoS,RF-v4,0.13922685546983085,0.8527260931469917,0.00804705138317808
507,F-A1-DDOSLIKE-V-01,DDoS,DDoS,RF-v4,0.0065345769015517615,0.9934654230984485,0.0
508,F-A1-DDOSLIKE-V-01,DDoS,DDoS,RF-v4,0.16776916683802662,0.8241884209389069,0.00804241222306697
509,F-A1-DDOSLIKE-V-01,DDoS,DDoS,RF-v4,0.004867413434325046,0.995132586565675,0.0
510,F-A1-DDOSLIKE-V-01,DDoS,DDoS,RF-v4,0.16776916683802662,0.8241884209389069,0.00804241222306697
511,F-A1-DDOSLIKE-V-01,DDoS,DDoS,RF-v4,0.0016420349883407945,0.9983579650116593,0.0
512,F-A1-DDOSLIKE-V-01,DDoS,DDoS,RF-v4,0.13922685546983085,0.8527260931469917,0.00804705138317808
513,F-A1-DDOSLIKE-V-01,DDoS,DDoS,RF-v4,0.00263365441155992,0.9973663455884402,0.0
514,F-A1-DDOSLIKE-V-01,DDoS,DDoS,RF-v4,0.14759288416898747,0.8440938093965843,0.008313306434428227
515,F-A1-DDOSLIKE-V-01,DDoS,DDoS,RF-v4,0.02543878565164272,0.9745612143483575,0.0
516,F-A1-DDOSLIKE-V-01,DDoS,DDoS,RF-v4,0.13922685546983085,0.8527260931469917,0.00804705138317808
517,F-A1-DDOSLIKE-V-01,DDoS,DDoS,RF-v4,0.018532552761281774,0.9814674472387185,0.0
518,F-A1-DDOSLIKE-V-01,DDoS,DDoS,RF-v4,0.13922685546983085,0.8527260931469917,0.00804705138317808
519,F-A1-DDOSLIKE-V-01,DDoS,DDoS,RF-v4,0.015174436011165549,0.9847587007601202,6.686322871445769e-05
520,F-A1-DDOSLIKE-V-01,DDoS,Normal,RF-v4,0.6288297258872109,0.36241235789444304,0.008757916218346014
521,F-A1-DDOSLIKE-V-01,DDoS,DDoS,RF-v4,0.006653653316117093,0.993346346683883,0.0
522,F-A1-DDOSLIKE-V-01,DDoS,DDoS,RF-v4,0.14548486710184172,0.84620182646373,0.008313306434428227
523,F-A1-DDOSLIKE-V-01,DDoS,DDoS,RF-v4,0.0065345769015517615,0.9934654230984485,0.0
524,F-A1-DDOSLIKE-V-01,DDoS,DDoS,RF-v4,0.16776916683802662,0.8241884209389069,0.00804241222306697
525,F-A1-DDOSLIKE-V-01,DDoS,DDoS,RF-v4,0.010557665496870981,0.9894423345031292,0.0
526,F-A1-DDOSLIKE-V-01,DDoS,DDoS,RF-v4,0.13922685546983085,0.8527260931469917,0.00804705138317808
527,F-A1-DDOSLIKE-V-01,DDoS,DDoS,RF-v4,0.011005184637844063,0.9889279521334415,6.686322871445769e-05
528,F-A1-DDOSLIKE-V-01,DDoS,DDoS,RF-v4,0.13922685546983085,0.8527260931469917,0.00804705138317808
529,F-A1-DDOSLIKE-V-01,DDoS,DDoS,RF-v4,0.01772618516498057,0.9822738148350196,0.0
530,F-A1-DDOSLIKE-V-01,DDoS,DDoS,RF-v4,0.22264072855659905,0.7693168592203342,0.00804241222306697
531,F-A1-DDOSLIKE-V-01,DDoS,DDoS,RF-v4,0.011447596928205538,0.9884855398430801,6.686322871445769e-05
532,F-A1-DDOSLIKE-V-01,DDoS,DDoS,RF-v4,0.13922685546983085,0.8527260931469917,0.00804705138317808
533,F-A1-DDOSLIKE-V-01,DDoS,DDoS,RF-v4,0.004419894293351966,0.9955801057066482,0.0
534,F-A1-DDOSLIKE-V-01,DDoS,DDoS,RF-v4,0.14759288416898747,0.8406746355057123,0.01173248032530023
535,F-A1-DDOSLIKE-V-01,DDoS,DDoS,RF-v4,0.009036664807646533,0.9909633351923536,0.0
536,F-A1-DDOSLIKE-V-01,DDoS,DDoS,RF-v4,0.13922685546983085,0.8527260931469917,0.00804705138317808
537,F-A1-DDOSLIKE-V-01,DDoS,DDoS,RF-v4,0.03362061717906943,0.9663793828209307,0.0
538,F-A1-DDOSLIKE-V-01,DDoS,DDoS,RF-v4,0.06868599493871319,0.9197660055020151,0.011547999559271932
539,F-A1-DDOSLIKE-V-01,DDoS,DDoS,RF-v4,0.06875385715884477,0.9196981432818835,0.011547999559271932
540,F-A1-DDOSLIKE-V-01,DDoS,DDoS,RF-v4,0.20204014011484248,0.7763745710051659,0.02158528887999178
541,F-A1-DDOSLIKE-V-01,DDoS,DDoS,RF-v4,0.20204014011484248,0.7763745710051659,0.02158528887999178
542,F-A1-DDOSLIKE-V-01,DDoS,DDoS,RF-v4,0.009759955347536015,0.9901731814237497,6.686322871445769e-05
543,F-A1-DDOSLIKE-V-01,DDoS,DDoS,RF-v4,0.13922685546983085,0.8527260931469917,0.00804705138317808
544,F-A1-DDOSLIKE-V-01,DDoS,DDoS,RF-v4,0.02319476875468089,0.9768052312453193,0.0
545,F-A1-DDOSLIKE-V-01,DDoS,DDoS,RF-v4,0.13922685546983085,0.8527260931469917,0.00804705138317808
546,F-A1-DDOSLIKE-V-01,DDoS,DDoS,RF-v4,0.07366774502985979,0.9147842554108685,0.011547999559271932
547,F-A1-DDOSLIKE-V-01,DDoS,DDoS,RF-v4,0.13922685546983085,0.8527260931469917,0.00804705138317808
548,F-A1-DDOSLIKE-V-01,DDoS,DDoS,RF-v4,0.007451363465452061,0.9925486365345482,0.0
549,F-A1-DDOSLIKE-V-01,DDoS,DDoS,RF-v4,0.13922685546983085,0.8527260931469917,0.00804705138317808
550,F-A1-DDOSLIKE-V-01,DDoS,DDoS,RF-v4,0.15169933275283307,0.8273351807210454,0.020965486526121513
551,F-A1-DDOSLIKE-V-01,DDoS,DDoS,RF-v4,0.13922685546983085,0.8527260931469917,0.00804705138317808
552,F-A1-DDOSLIKE-V-01,DDoS,DDoS,RF-v4,0.008341294896786616,0.9916587051032135,0.0
553,F-A1-DDOSLIKE-V-01,DDoS,DDoS,RF-v4,0.13922685546983085,0.8527260931469917,0.00804705138317808
554,F-A1-DDOSLIKE-V-01,DDoS,DDoS,RF-v4,0.1603031445096159,0.8187313689642628,0.020965486526121513
555,F-A1-DDOSLIKE-V-01,DDoS,DDoS,RF-v4,0.14759288416898747,0.8440938093965843,0.008313306434428227
556,F-A1-DDOSLIKE-V-01,DDoS,DDoS,RF-v4,0.017664725837625413,0.9822684109336604,6.686322871445769e-05
557,F-A1-DDOSLIKE-V-01,DDoS,DDoS,RF-v4,0.16776916683802662,0.8241884209389069,0.00804241222306697
558,F-A1-DDOSLIKE-V-01,DDoS,DDoS,RF-v4,0.010557665496870981,0.9894423345031292,0.0
559,F-A1-DDOSLIKE-V-01,DDoS,Normal,RF-v4,0.6527172635383488,0.3387399668503291,0.008542769611322195
560,F-A1-DDOSLIKE-V-01,DDoS,DDoS,RF-v4,0.07211878170312282,0.9113332187376055,0.01654799955927193
561,F-A1-DDOSLIKE-V-01,DDoS,DDoS,RF-v4,0.13922685546983085,0.8527260931469917,0.00804705138317808
562,F-A1-DDOSLIKE-V-01,DDoS,DDoS,RF-v4,0.013024057867205695,0.9869759421327945,0.0
563,F-A1-DDOSLIKE-V-01,DDoS,DDoS,RF-v4,0.13922685546983085,0.8527260931469917,0.00804705138317808
564,F-A1-DDOSLIKE-V-01,DDoS,DDoS,RF-v4,0.008768335924316889,0.9912316640756832,0.0
565,F-A1-DDOSLIKE-V-01,DDoS,DDoS,RF-v4,0.16776916683802662,0.8241884209389069,0.00804241222306697
566,F-A1-DDOSLIKE-V-01,DDoS,DDoS,RF-v4,0.15948472404654437,0.8195497894273341,0.020965486526121513
567,F-A1-DDOSLIKE-V-01,DDoS,DDoS,RF-v4,0.25164493788513925,0.7346982478927453,0.013656814222116065
568,F-A1-DDOSLIKE-V-01,DDoS,DDoS,RF-v4,0.015174436011165549,0.9847587007601202,6.686322871445769e-05
569,F-A1-DDOSLIKE-V-01,DDoS,DDoS,RF-v4,0.16776916683802662,0.8241884209389069,0.00804241222306697
570,F-A1-DDOSLIKE-V-01,DDoS,DDoS,RF-v4,0.00263365441155992,0.9973663455884402,0.0
571,F-A1-DDOSLIKE-V-01,DDoS,DDoS,RF-v4,0.14759288416898747,0.8440938093965843,0.008313306434428227
572,F-A1-DDOSLIKE-V-01,DDoS,DDoS,RF-v4,0.1514859674171255,0.8275485460567531,0.020965486526121513
573,F-A1-DDOSLIKE-V-01,DDoS,DDoS,RF-v4,0.13922685546983085,0.8527260931469917,0.00804705138317808
574,F-A1-DDOSLIKE-V-01,DDoS,DDoS,RF-v4,0.005665123583660015,0.9943348764163402,0.0
575,F-A1-DDOSLIKE-V-01,DDoS,DDoS,RF-v4,0.13922685546983085,0.8527260931469917,0.00804705138317808
576,F-A1-DDOSLIKE-V-01,DDoS,DDoS,RF-v4,0.011005184637844063,0.9889279521334415,6.686322871445769e-05
577,F-A1-DDOSLIKE-V-01,DDoS,DDoS,RF-v4,0.13922685546983085,0.8527260931469917,0.00804705138317808
578,F-A1-DDOSLIKE-V-01,DDoS,DDoS,RF-v4,0.0065345769015517615,0.9934654230984485,0.0
579,F-A1-DDOSLIKE-V-01,DDoS,DDoS,RF-v4,0.39498059218661025,0.6019735265293197,0.0030458812840702602
580,F-A1-DDOSLIKE-V-01,DDoS,DDoS,RF-v4,0.1492386243449036,0.8408217018103262,0.009939673844770153
581,F-A1-DDOSLIKE-V-01,DDoS,DDoS,RF-v4,0.013654175127620264,0.9863458248723798,0.0
582,F-A1-DDOSLIKE-V-01,DDoS,DDoS,RF-v4,0.13922685546983085,0.8527260931469917,0.00804705138317808
583,F-A1-DDOSLIKE-V-01,DDoS,DDoS,RF-v4,0.010557665496870981,0.9894423345031292,0.0
584,F-A1-DDOSLIKE-V-01,DDoS,DDoS,RF-v4,0.16776916683802662,0.8241884209389069,0.00804241222306697
585,F-A1-DDOSLIKE-V-01,DDoS,DDoS,RF-v4,0.011151347415846329,0.9887817893554393,6.686322871445769e-05
586,F-A1-DDOSLIKE-V-01,DDoS,DDoS,RF-v4,0.16776916683802662,0.8241884209389069,0.00804241222306697
587,F-A1-DDOSLIKE-V-01,DDoS,DDoS,RF-v4,0.014830310012119048,0.9851696899878811,0.0
588,F-A1-DDOSLIKE-V-01,DDoS,DDoS,RF-v4,0.16776916683802662,0.8241884209389069,0.00804241222306697
589,F-A1-DDOSLIKE-V-01,DDoS,DDoS,RF-v4,0.04213142836696451,0.9578685716330356,0.0
590,F-A1-DDOSLIKE-V-01,DDoS,Normal,RF-v4,0.8940281543669789,0.09766016989386272,0.00831167573915768
591,F-A1-DDOSLIKE-V-01,DDoS,DDoS,RF-v4,0.02329461247906234,0.9767053875209377,0.0
592,F-A1-DDOSLIKE-V-01,DDoS,DDoS,RF-v4,0.16776916683802662,0.8241884209389069,0.00804241222306697
593,F-A1-DDOSLIKE-V-01,DDoS,DDoS,RF-v4,0.005961748389058263,0.9940382516109417,0.0
594,F-A1-DDOSLIKE-V-01,DDoS,DDoS,RF-v4,0.14548486710184172,0.84620182646373,0.008313306434428227
595,F-A1-DDOSLIKE-V-01,DDoS,DDoS,RF-v4,0.008984287833085313,0.9910157121669146,0.0
596,F-A1-DDOSLIKE-V-01,DDoS,DDoS,RF-v4,0.27203549768007734,0.7190948489787898,0.008869653341132742
597,F-A1-DDOSLIKE-V-01,DDoS,DDoS,RF-v4,0.011726778904492667,0.9881051005721884,0.0001681205233190415
598,F-A1-DDOSLIKE-V-01,DDoS,DDoS,RF-v4,0.14759288416898747,0.8440938093965843,0.008313306434428227
599,F-A1-DDOSLIKE-V-01,DDoS,DDoS,RF-v4,0.0065345769015517615,0.9934654230984485,0.0
600,F-A1-DDOSLIKE-V-01,DDoS,DDoS,RF-v4,0.16776916683802662,0.8241884209389069,0.00804241222306697
601,F-A1-DDOSLIKE-V-01,DDoS,DDoS,RF-v4,0.008768335924316889,0.9912316640756832,0.0
602,F-A1-DDOSLIKE-V-01,DDoS,DDoS,RF-v4,0.16938522928355773,0.822572358493376,0.00804241222306697
603,F-A1-DDOSLIKE-V-01,DDoS,DDoS,RF-v4,0.007700919385380909,0.9922990806146192,0.0
604,F-A1-DDOSLIKE-V-01,DDoS,DDoS,RF-v4,0.19983065106951464,0.787348411295903,0.01282093763458273
605,F-A1-DDOSLIKE-V-01,DDoS,DDoS,RF-v4,0.007649389969727787,0.9923506100302723,0.0
606,F-A1-DDOSLIKE-V-01,DDoS,DDoS,RF-v4,0.14548486710184172,0.84620182646373,0.008313306434428227
607,F-A1-DDOSLIKE-V-01,DDoS,DDoS,RF-v4,0.00263365441155992,0.9973663455884402,0.0
608,F-A1-DDOSLIKE-V-01,DDoS,DDoS,RF-v4,0.13922685546983085,0.8527260931469917,0.00804705138317808
609,F-A1-DDOSLIKE-V-01,DDoS,DDoS,RF-v4,0.011005184637844063,0.9889279521334415,6.686322871445769e-05
610,F-A1-DDOSLIKE-V-01,DDoS,DDoS,RF-v4,0.16776916683802662,0.8241884209389069,0.00804241222306697
611,F-A1-DDOSLIKE-V-01,DDoS,DDoS,RF-v4,0.016166055434384673,0.983767081336901,6.686322871445769e-05
612,F-A1-DDOSLIKE-V-01,DDoS,DDoS,RF-v4,0.16490826511707657,0.8270493226598571,0.00804241222306697
613,F-A1-DDOSLIKE-V-01,DDoS,DDoS,RF-v4,0.010557665496870981,0.9894423345031292,0.0
614,F-A1-DDOSLIKE-V-01,DDoS,DDoS,RF-v4,0.13922685546983085,0.8527260931469917,0.00804705138317808
615,F-A1-DDOSLIKE-V-01,DDoS,DDoS,RF-v4,0.017677263722939488,0.9823227362770608,0.0
616,F-A1-DDOSLIKE-V-01,DDoS,DDoS,RF-v4,0.13922685546983085,0.8527260931469917,0.00804705138317808
617,F-A1-DDOSLIKE-V-01,DDoS,DDoS,RF-v4,0.041135900701933174,0.9588640992980669,0.0
618,F-A1-DDOSLIKE-V-01,DDoS,DDoS,RF-v4,0.16776916683802662,0.8241884209389069,0.00804241222306697
619,F-A1-DDOSLIKE-V-01,DDoS,DDoS,RF-v4,0.023008243477606362,0.9769917565223938,0.0
620,F-A1-DDOSLIKE-V-01,DDoS,DDoS,RF-v4,0.14759288416898747,0.8440938093965843,0.008313306434428227
621,F-A1-DDOSLIKE-V-01,DDoS,DDoS,RF-v4,0.015443504700174358,0.9845564952998258,0.0
622,F-A1-DDOSLIKE-V-01,DDoS,DDoS,RF-v4,0.13922685546983085,0.8527260931469917,0.00804705138317808
623,F-A1-DDOSLIKE-V-01,DDoS,DDoS,RF-v4,0.00263365441155992,0.9973663455884402,0.0
624,F-A1-DDOSLIKE-V-01,DDoS,DDoS,RF-v4,0.13922685546983085,0.8527260931469917,0.00804705138317808
625,F-A1-DDOSLIKE-V-01,DDoS,DDoS,RF-v4,0.007649389969727787,0.9923506100302723,0.0
626,F-A1-DDOSLIKE-V-01,DDoS,DDoS,RF-v4,0.13922685546983085,0.8527260931469917,0.00804705138317808
627,F-A1-DDOSLIKE-V-01,DDoS,DDoS,RF-v4,0.010557665496870981,0.9894423345031292,0.0
628,F-A1-DDOSLIKE-V-01,DDoS,DDoS,RF-v4,0.14231220643369075,0.8495283737249362,0.008159419841373677
629,F-A1-DDOSLIKE-V-01,DDoS,DDoS,RF-v4,0.016715596982279823,0.9832175397890058,6.686322871445769e-05
630,F-A1-DDOSLIKE-V-01,DDoS,DDoS,RF-v4,0.13922685546983085,0.8527260931469917,0.00804705138317808
631,F-A1-DDOSLIKE-V-01,DDoS,DDoS,RF-v4,0.013783043942855233,0.9861500928284305,6.686322871445769e-05
632,F-A1-DDOSLIKE-V-01,DDoS,DDoS,RF-v4,0.16776916683802662,0.8241884209389069,0.00804241222306697
633,F-A1-DDOSLIKE-V-01,DDoS,DDoS,RF-v4,0.012905311255330693,0.987027825515955,6.686322871445769e-05
634,F-A1-DDOSLIKE-V-01,DDoS,DDoS,RF-v4,0.4876517229468377,0.49910666163067363,0.013241615422488511
635,F-A1-DDOSLIKE-V-01,DDoS,DDoS,RF-v4,0.010557665496870981,0.9894423345031292,0.0
636,F-A1-DDOSLIKE-V-01,DDoS,DDoS,RF-v4,0.16776916683802662,0.8241884209389069,0.00804241222306697
637,F-A1-DDOSLIKE-V-01,DDoS,DDoS,RF-v4,0.0131535550217662,0.9868464449782338,0.0
638,F-A1-DDOSLIKE-V-01,DDoS,DDoS,RF-v4,0.17234179698124097,0.8196157907956925,0.00804241222306697
639,F-A1-DDOSLIKE-V-01,DDoS,DDoS,RF-v4,0.013461251999566506,0.9865387480004335,0.0
640,F-A1-DDOSLIKE-V-01,DDoS,DDoS,RF-v4,0.14759288416898747,0.8440938093965843,0.008313306434428227
641,F-A1-DDOSLIKE-V-01,DDoS,DDoS,RF-v4,0.011420416104855138,0.9885795838951451,0.0
642,F-A1-DDOSLIKE-V-01,DDoS,DDoS,RF-v4,0.13922685546983085,0.8527260931469917,0.00804705138317808
643,F-A1-DDOSLIKE-V-01,DDoS,DDoS,RF-v4,0.011005184637844063,0.9889279521334415,6.686322871445769e-05
644,F-A1-DDOSLIKE-V-01,DDoS,DDoS,RF-v4,0.14759288416898747,0.8440938093965843,0.008313306434428227
645,F-A1-DDOSLIKE-V-01,DDoS,DDoS,RF-v4,0.01652818593651477,0.9834049508347708,6.686322871445769e-05
646,F-A1-DDOSLIKE-V-01,DDoS,DDoS,RF-v4,0.13922685546983085,0.8527260931469917,0.00804705138317808
647,F-A1-DDOSLIKE-V-01,DDoS,DDoS,RF-v4,0.0016420349883407945,0.9983579650116593,0.0
648,F-A1-DDOSLIKE-V-01,DDoS,DDoS,RF-v4,0.16776916683802662,0.8241884209389069,0.00804241222306697
649,F-A1-DDOSLIKE-V-01,DDoS,DDoS,RF-v4,0.00263365441155992,0.9973663455884402,0.0
650,F-A1-DDOSLIKE-V-01,DDoS,DDoS,RF-v4,0.27671371194680866,0.7143120421984399,0.008974245854751215
651,F-A1-DDOSLIKE-V-01,DDoS,DDoS,RF-v4,0.00979900922391177,0.9902009907760884,0.0
652,F-A1-DDOSLIKE-V-01,DDoS,DDoS,RF-v4,0.13922685546983085,0.8527260931469917,0.00804705138317808
653,F-A1-DDOSLIKE-V-01,DDoS,DDoS,RF-v4,0.006982096042524842,0.9930179039574754,0.0
654,F-A1-DDOSLIKE-V-01,DDoS,DDoS,RF-v4,0.16776916683802662,0.8241884209389069,0.00804241222306697
655,F-A1-DDOSLIKE-V-01,DDoS,DDoS,RF-v4,0.013713270949862563,0.9862867290501376,0.0
656,F-A1-DDOSLIKE-V-01,DDoS,DDoS,RF-v4,0.2514494281840246,0.7400225184301678,0.00852805338580806
657,F-A1-DDOSLIKE-V-01,DDoS,DDoS,RF-v4,0.02010919665651001,0.9798239401147757,6.686322871445769e-05
658,F-A1-DDOSLIKE-V-01,DDoS,DDoS,RF-v4,0.13922685546983085,0.8527260931469917,0.00804705138317808
659,F-A1-DDOSLIKE-V-01,DDoS,DDoS,RF-v4,0.012905311255330693,0.987027825515955,6.686322871445769e-05
660,F-A1-DDOSLIKE-V-01,DDoS,DDoS,RF-v4,0.13922685546983085,0.8527260931469917,0.00804705138317808
661,F-A1-DDOSLIKE-V-01,DDoS,DDoS,RF-v4,0.016166055434384673,0.983767081336901,6.686322871445769e-05
662,F-A1-DDOSLIKE-V-01,DDoS,DDoS,RF-v4,0.16776916683802662,0.8241884209389069,0.00804241222306697
663,F-A1-DDOSLIKE-V-01,DDoS,DDoS,RF-v4,0.00263365441155992,0.9973663455884402,0.0
664,F-A1-DDOSLIKE-V-01,DDoS,DDoS,RF-v4,0.14759288416898747,0.8440938093965843,0.008313306434428227
665,F-A1-DDOSLIKE-V-01,DDoS,DDoS,RF-v4,0.010557665496870981,0.9894423345031292,0.0
666,F-A1-DDOSLIKE-V-01,DDoS,DDoS,RF-v4,0.13922685546983085,0.8527260931469917,0.00804705138317808
667,F-A1-DDOSLIKE-V-01,DDoS,DDoS,RF-v4,0.009547470310718908,0.9903856664605667,6.686322871445769e-05
668,F-A1-DDOSLIKE-V-01,DDoS,Normal,RF-v4,0.9589899741553267,0.03274827266968892,0.008261753174982735
669,F-A1-DDOSLIKE-V-01,DDoS,DDoS,RF-v4,0.009759955347536015,0.9901731814237497,6.686322871445769e-05
670,F-A1-DDOSLIKE-V-01,DDoS,DDoS,RF-v4,0.13922685546983085,0.8527260931469917,0.00804705138317808
671,F-A1-DDOSLIKE-V-01,DDoS,DDoS,RF-v4,0.005665123583660015,0.9943348764163402,0.0
672,F-A1-DDOSLIKE-V-01,DDoS,DDoS,RF-v4,0.32244001337895234,0.6655398594822257,0.012020127138821479
673,F-A1-DDOSLIKE-V-01,DDoS,DDoS,RF-v4,0.011922288605607295,0.9879095908710738,0.0001681205233190415
674,F-A1-DDOSLIKE-V-01,DDoS,Normal,RF-v4,0.9039224260566933,0.08776589820414836,0.00831167573915768
675,F-A1-DDOSLIKE-V-01,DDoS,DDoS,RF-v4,0.00864995587058631,0.9913500441294139,0.0
676,F-A1-DDOSLIKE-V-01,DDoS,Normal,RF-v4,0.8940281543669789,0.09766016989386272,0.00831167573915768
677,F-A1-DDOSLIKE-V-01,DDoS,DDoS,RF-v4,0.013044070130327004,0.9869559298696733,0.0
678,F-A1-DDOSLIKE-V-01,DDoS,DDoS,RF-v4,0.16776916683802662,0.8241884209389069,0.00804241222306697
679,F-A1-DDOSLIKE-V-01,DDoS,DDoS,RF-v4,0.014830310012119048,0.9851696899878811,0.0
680,F-A1-DDOSLIKE-V-01,DDoS,DDoS,RF-v4,0.13922685546983085,0.8527260931469917,0.00804705138317808
681,F-A1-DDOSLIKE-V-01,DDoS,DDoS,RF-v4,0.007973715465743969,0.9919594213055417,6.686322871445769e-05
682,F-A1-DDOSLIKE-V-01,DDoS,DDoS,RF-v4,0.13922685546983085,0.8527260931469917,0.00804705138317808
683,F-A1-DDOSLIKE-V-01,DDoS,DDoS,RF-v4,0.009759955347536015,0.9901731814237497,6.686322871445769e-05
684,F-A1-DDOSLIKE-V-01,DDoS,DDoS,RF-v4,0.2514494281840246,0.7400225184301678,0.00852805338580806
685,F-A1-DDOSLIKE-V-01,DDoS,DDoS,RF-v4,0.008341294896786616,0.9916587051032135,0.0
686,F-A1-DDOSLIKE-V-01,DDoS,DDoS,RF-v4,0.14759288416898747,0.8440938093965843,0.008313306434428227
687,F-A1-DDOSLIKE-V-01,DDoS,DDoS,RF-v4,0.018618119918226147,0.9813818800817738,0.0
688,F-A1-DDOSLIKE-V-01,DDoS,DDoS,RF-v4,0.14750324604332143,0.8425669587902794,0.009929795166399087
689,F-A1-DDOSLIKE-V-01,DDoS,DDoS,RF-v4,0.065474516159647,0.9325603607516356,0.0019651230887175073
690,F-A1-DDOSLIKE-V-01,DDoS,Normal,RF-v4,0.9530169161565883,0.038827744580148524,0.008155339263261783
691,F-A1-DDOSLIKE-V-01,DDoS,DDoS,RF-v4,0.04786045092125929,0.9503331910619183,0.0018063580168224246
692,F-A1-DDOSLIKE-V-01,DDoS,Normal,RF-v4,0.9530169161565883,0.038827744580148524,0.008155339263261783
693,F-A1-DDOSLIKE-V-01,DDoS,DDoS,RF-v4,0.05704844761126797,0.9429411903923749,1.0361996357263502e-05
694,F-A1-DDOSLIKE-V-01,DDoS,Normal,RF-v4,0.9590750975122606,0.032663149312755047,0.008261753174982735
695,F-A1-DDOSLIKE-V-01,DDoS,DDoS,RF-v4,0.04567476290263629,0.9543158816459397,9.355451423959072e-06
696,F-A1-DDOSLIKE-V-01,DDoS,DDoS,RF-v4,0.16759896021464027,0.8241397888917793,0.008261250893580478
697,F-A1-DDOSLIKE-V-01,DDoS,DDoS,RF-v4,0.013322429738182128,0.986677570261818,0.0
698,F-A1-DDOSLIKE-V-01,DDoS,DDoS,RF-v4,0.16759896021464027,0.8241397888917793,0.008261250893580478
699,F-A1-DDOSLIKE-V-01,DDoS,DDoS,RF-v4,0.013461251999566506,0.9865387480004335,0.0
700,F-A1-DDOSLIKE-V-01,DDoS,DDoS,RF-v4,0.17227143408223608,0.8177577280787474,0.009970837839016481
701,F-A1-DDOSLIKE-V-01,DDoS,DDoS,RF-v4,0.042566803726010516,0.9556268382571672,0.0018063580168224246
702,F-A1-DDOSLIKE-V-01,DDoS,Normal,RF-v4,0.9530169161565883,0.038827744580148524,0.008155339263261783
703,F-A1-DDOSLIKE-V-01,DDoS,DDoS,RF-v4,0.04220898925472083,0.9577035951253169,8.741561996246342e-05
704,F-A1-DDOSLIKE-V-01,DDoS,Normal,RF-v4,0.9590750975122606,0.032663149312755047,0.008261753174982735
705,F-A1-DDOSLIKE-V-01,DDoS,DDoS,RF-v4,0.004419894293351966,0.9955801057066482,0.0
706,F-A1-DDOSLIKE-V-01,DDoS,DDoS,RF-v4,0.2514494281840246,0.7400225184301678,0.00852805338580806
707,F-A1-DDOSLIKE-V-01,DDoS,DDoS,RF-v4,0.014830310012119048,0.9851696899878811,0.0
708,F-A1-DDOSLIKE-V-01,DDoS,DDoS,RF-v4,0.13922685546983085,0.8527260931469917,0.00804705138317808
709,F-A1-DDOSLIKE-V-01,DDoS,DDoS,RF-v4,0.013783043942855233,0.9861500928284305,6.686322871445769e-05
710,F-A1-DDOSLIKE-V-01,DDoS,DDoS,RF-v4,0.13922685546983085,0.8527260931469917,0.00804705138317808
711,F-A1-DDOSLIKE-V-01,DDoS,DDoS,RF-v4,0.015174436011165549,0.9847587007601202,6.686322871445769e-05
712,F-A1-DDOSLIKE-V-01,DDoS,DDoS,RF-v4,0.27671371194680866,0.7143120421984399,0.008974245854751215
713,F-A1-DDOSLIKE-V-01,DDoS,DDoS,RF-v4,0.008045045384427407,0.9919549546155727,0.0
714,F-A1-DDOSLIKE-V-01,DDoS,DDoS,RF-v4,0.13922685546983085,0.8527260931469917,0.00804705138317808
715,F-A1-DDOSLIKE-V-01,DDoS,DDoS,RF-v4,0.013461251999566506,0.9865387480004335,0.0
716,F-A1-DDOSLIKE-V-01,DDoS,DDoS,RF-v4,0.14548486710184172,0.84620182646373,0.008313306434428227
717,F-A1-DDOSLIKE-V-01,DDoS,DDoS,RF-v4,0.011005184637844063,0.9889279521334415,6.686322871445769e-05
718,F-A1-DDOSLIKE-V-01,DDoS,DDoS,RF-v4,0.13922685546983085,0.8527260931469917,0.00804705138317808
719,F-A1-DDOSLIKE-V-01,DDoS,DDoS,RF-v4,0.004867413434325046,0.995132586565675,0.0
720,F-A1-DDOSLIKE-V-01,DDoS,DDoS,RF-v4,0.13922685546983085,0.8527260931469917,0.00804705138317808
721,F-A1-DDOSLIKE-V-01,DDoS,DDoS,RF-v4,0.008341294896786616,0.9916587051032135,0.0
722,F-A1-DDOSLIKE-V-01,DDoS,DDoS,RF-v4,0.13922685546983085,0.8527260931469917,0.00804705138317808
723,F-A1-DDOSLIKE-V-01,DDoS,DDoS,RF-v4,0.012791424519636108,0.9872085754803641,0.0
724,F-A1-DDOSLIKE-V-01,DDoS,DDoS,RF-v4,0.13922685546983085,0.8527260931469917,0.00804705138317808
725,F-A1-DDOSLIKE-V-01,DDoS,DDoS,RF-v4,0.020838529301980494,0.9790946074693052,6.686322871445769e-05
726,F-A1-DDOSLIKE-V-01,DDoS,DDoS,RF-v4,0.16776916683802662,0.8241884209389069,0.00804241222306697
727,F-A1-DDOSLIKE-V-01,DDoS,DDoS,RF-v4,0.013783043942855233,0.9861500928284305,6.686322871445769e-05
728,F-A1-DDOSLIKE-V-01,DDoS,DDoS,RF-v4,0.16776916683802662,0.8241884209389069,0.00804241222306697
729,F-A1-DDOSLIKE-V-01,DDoS,DDoS,RF-v4,0.0065345769015517615,0.9934654230984485,0.0
730,F-A1-DDOSLIKE-V-01,DDoS,DDoS,RF-v4,0.16776916683802662,0.8241884209389069,0.00804241222306697
731,F-A1-DDOSLIKE-V-01,DDoS,DDoS,RF-v4,0.008768335924316889,0.9912316640756832,0.0
732,F-A1-DDOSLIKE-V-01,DDoS,DDoS,RF-v4,0.196727570240124,0.7921610790707296,0.011111350689146733
733,F-A1-DDOSLIKE-V-01,DDoS,DDoS,RF-v4,0.012791424519636108,0.9871417122516496,6.686322871445769e-05
734,F-A1-DDOSLIKE-V-01,DDoS,DDoS,RF-v4,0.13922685546983085,0.8527260931469917,0.00804705138317808
735,F-A1-DDOSLIKE-V-01,DDoS,DDoS,RF-v4,0.009759955347536015,0.9901731814237497,6.686322871445769e-05
736,F-A1-DDOSLIKE-V-01,DDoS,DDoS,RF-v4,0.16776916683802662,0.8241884209389069,0.00804241222306697
737,F-A1-DDOSLIKE-V-01,DDoS,DDoS,RF-v4,0.004867413434325046,0.995132586565675,0.0
738,F-A1-DDOSLIKE-V-01,DDoS,DDoS,RF-v4,0.27203549768007734,0.7190948489787898,0.008869653341132742
739,F-A1-DDOSLIKE-V-01,DDoS,DDoS,RF-v4,0.0065345769015517615,0.9934654230984485,0.0
740,F-A1-DDOSLIKE-V-01,DDoS,DDoS,RF-v4,0.16776916683802662,0.8241884209389069,0.00804241222306697
741,F-A1-DDOSLIKE-V-01,DDoS,DDoS,RF-v4,0.005665123583660015,0.9943348764163402,0.0
742,F-A1-DDOSLIKE-V-01,DDoS,DDoS,RF-v4,0.14759288416898747,0.8440938093965843,0.008313306434428227
743,F-A1-DDOSLIKE-V-01,DDoS,DDoS,RF-v4,0.020838529301980494,0.9790946074693052,6.686322871445769e-05
744,F-A1-DDOSLIKE-V-01,DDoS,DDoS,RF-v4,0.13922685546983085,0.8527260931469917,0.00804705138317808
745,F-A1-DDOSLIKE-V-01,DDoS,DDoS,RF-v4,0.010557665496870981,0.9894423345031292,0.0
746,F-A1-DDOSLIKE-V-01,DDoS,DDoS,RF-v4,0.13922685546983085,0.8527260931469917,0.00804705138317808
747,F-A1-DDOSLIKE-V-01,DDoS,DDoS,RF-v4,0.010557665496870981,0.9893754712744147,6.686322871445769e-05
748,F-A1-DDOSLIKE-V-01,DDoS,DDoS,RF-v4,0.13922685546983085,0.8527260931469917,0.00804705138317808
749,F-A1-DDOSLIKE-V-01,DDoS,DDoS,RF-v4,0.003428274870132841,0.9965717251298674,0.0
750,F-A1-DDOSLIKE-V-01,DDoS,DDoS,RF-v4,0.13922685546983085,0.8527260931469917,0.00804705138317808
751,F-A1-DDOSLIKE-V-01,DDoS,DDoS,RF-v4,0.0065550550149945696,0.9934449449850056,0.0
752,F-A1-DDOSLIKE-V-01,DDoS,DDoS,RF-v4,0.27671371194680866,0.7143120421984399,0.008974245854751215
753,F-A1-DDOSLIKE-V-01,DDoS,DDoS,RF-v4,0.03717677591145008,0.9628232240885501,0.0
754,F-A1-DDOSLIKE-V-01,DDoS,DDoS,RF-v4,0.13922685546983085,0.8527260931469917,0.00804705138317808
755,F-A1-DDOSLIKE-V-01,DDoS,DDoS,RF-v4,0.004748337019759716,0.9952516629802404,0.0
756,F-A1-DDOSLIKE-V-01,DDoS,Normal,RF-v4,0.7919497811417269,0.1986823492207861,0.00936786963748671
757,F-A1-DDOSLIKE-V-01,DDoS,DDoS,RF-v4,0.004419894293351966,0.9955801057066482,0.0
758,F-A1-DDOSLIKE-V-01,DDoS,DDoS,RF-v4,0.14759288416898747,0.8406746355057123,0.01173248032530023
759,F-A1-DDOSLIKE-V-01,DDoS,DDoS,RF-v4,0.016166055434384673,0.983767081336901,6.686322871445769e-05
760,F-A1-DDOSLIKE-V-01,DDoS,DDoS,RF-v4,0.16776916683802662,0.8241884209389069,0.00804241222306697
761,F-A1-DDOSLIKE-V-01,DDoS,DDoS,RF-v4,0.020551274531833988,0.9793818622394518,6.686322871445769e-05
762,F-A1-DDOSLIKE-V-01,DDoS,DDoS,RF-v4,0.16776916683802662,0.8241884209389069,0.00804241222306697
763,F-A1-DDOSLIKE-V-01,DDoS,DDoS,RF-v4,0.01761315085599624,0.9823199859152895,6.686322871445769e-05
764,F-A1-DDOSLIKE-V-01,DDoS,DDoS,RF-v4,0.16776916683802662,0.8241884209389069,0.00804241222306697
765,F-A1-DDOSLIKE-V-01,DDoS,DDoS,RF-v4,0.016166055434384673,0.983767081336901,6.686322871445769e-05
766,F-A1-DDOSLIKE-V-01,DDoS,DDoS,RF-v4,0.16776916683802662,0.8241884209389069,0.00804241222306697
767,F-A1-DDOSLIKE-V-01,DDoS,DDoS,RF-v4,0.016166055434384673,0.983767081336901,6.686322871445769e-05
768,F-A1-DDOSLIKE-V-01,DDoS,DDoS,RF-v4,0.18738262250493234,0.8032156137513573,0.00940176374371073
769,F-A1-DDOSLIKE-V-01,DDoS,DDoS,RF-v4,0.009759955347536015,0.9884635944783136,0.0017764501741504598
770,F-A1-DDOSLIKE-V-01,DDoS,DDoS,RF-v4,0.13922685546983085,0.8527260931469917,0.00804705138317808
771,F-A1-DDOSLIKE-V-01,DDoS,DDoS,RF-v4,0.009759955347536015,0.9901731814237497,6.686322871445769e-05
772,F-A1-DDOSLIKE-V-01,DDoS,DDoS,RF-v4,0.13922685546983085,0.8527260931469917,0.00804705138317808
773,F-A1-DDOSLIKE-V-01,DDoS,DDoS,RF-v4,0.006653653316117093,0.993346346683883,0.0
774,F-A1-DDOSLIKE-V-01,DDoS,DDoS,RF-v4,0.13922685546983085,0.8527260931469917,0.00804705138317808
775,F-A1-DDOSLIKE-V-01,DDoS,DDoS,RF-v4,0.0065345769015517615,0.9934654230984485,0.0
776,F-A1-DDOSLIKE-V-01,DDoS,DDoS,RF-v4,0.13922685546983085,0.8527260931469917,0.00804705138317808
777,F-A1-DDOSLIKE-V-01,DDoS,DDoS,RF-v4,0.009634176223063092,0.9903658237769369,0.0
778,F-A1-DDOSLIKE-V-01,DDoS,DDoS,RF-v4,0.13922685546983085,0.8527260931469917,0.00804705138317808
779,F-A1-DDOSLIKE-V-01,DDoS,DDoS,RF-v4,0.015174436011165549,0.9847587007601202,6.686322871445769e-05
780,F-A1-DDOSLIKE-V-01,DDoS,DDoS,RF-v4,0.22264072855659905,0.7693168592203342,0.00804241222306697
781,F-A1-DDOSLIKE-V-01,DDoS,DDoS,RF-v4,0.008771425615078937,0.9912285743849213,0.0
782,F-A1-DDOSLIKE-V-01,DDoS,DDoS,RF-v4,0.14759288416898747,0.8406746355057123,0.01173248032530023
783,F-A1-DDOSLIKE-V-01,DDoS,DDoS,RF-v4,0.0025197676758653364,0.9974802323241347,0.0
784,F-A1-DDOSLIKE-V-01,DDoS,DDoS,RF-v4,0.13922685546983085,0.8527260931469917,0.00804705138317808
785,F-A1-DDOSLIKE-V-01,DDoS,DDoS,RF-v4,0.010557665496870981,0.9894423345031292,0.0
786,F-A1-DDOSLIKE-V-01,DDoS,DDoS,RF-v4,0.13922685546983085,0.8527260931469917,0.00804705138317808
787,F-A1-DDOSLIKE-V-01,DDoS,DDoS,RF-v4,0.018790729899062216,0.9812092701009378,0.0
788,F-A1-DDOSLIKE-V-01,DDoS,DDoS,RF-v4,0.13922685546983085,0.8527260931469917,0.00804705138317808
789,F-A1-DDOSLIKE-V-01,DDoS,DDoS,RF-v4,0.007451363465452061,0.9925486365345482,0.0
790,F-A1-DDOSLIKE-V-01,DDoS,DDoS,RF-v4,0.13922685546983085,0.8527260931469917,0.00804705138317808
791,F-A1-DDOSLIKE-V-01,DDoS,DDoS,RF-v4,0.009759955347536015,0.9860540687957632,0.0041859758567008055
792,F-A1-DDOSLIKE-V-01,DDoS,DDoS,RF-v4,0.13922685546983085,0.8527260931469917,0.00804705138317808
793,F-A1-DDOSLIKE-V-01,DDoS,DDoS,RF-v4,0.007451363465452061,0.9925486365345482,0.0
794,F-A1-DDOSLIKE-V-01,DDoS,DDoS,RF-v4,0.13922685546983085,0.8527260931469917,0.00804705138317808
795,F-A1-DDOSLIKE-V-01,DDoS,DDoS,RF-v4,0.018618119918226147,0.9813818800817738,0.0
796,F-A1-DDOSLIKE-V-01,DDoS,Normal,RF-v4,0.6219176543703581,0.3686583548213963,0.0094239908082445
797,F-A1-DDOSLIKE-V-01,DDoS,DDoS,RF-v4,0.005961748389058263,0.9940382516109417,0.0
798,F-A1-DDOSLIKE-V-01,DDoS,DDoS,RF-v4,0.14548486710184172,0.84620182646373,0.008313306434428227
799,F-A1-DDOSLIKE-V-01,DDoS,DDoS,RF-v4,0.010557665496870981,0.9894423345031292,0.0
800,F-A1-DDOSLIKE-V-01,DDoS,DDoS,RF-v4,0.16776916683802662,0.8241884209389069,0.00804241222306697
801,F-A1-DDOSLIKE-V-01,DDoS,DDoS,RF-v4,0.0065345769015517615,0.9934654230984485,0.0
802,F-A1-DDOSLIKE-V-01,DDoS,DDoS,RF-v4,0.13922685546983085,0.8527260931469917,0.00804705138317808
803,F-A1-DDOSLIKE-V-01,DDoS,DDoS,RF-v4,0.010807221416799828,0.9891927785832004,0.0
804,F-A1-DDOSLIKE-V-01,DDoS,DDoS,RF-v4,0.196727570240124,0.7904514921252936,0.01282093763458273
805,F-A1-DDOSLIKE-V-01,DDoS,DDoS,RF-v4,0.008984287833085313,0.9910157121669146,0.0
806,F-A1-DDOSLIKE-V-01,DDoS,DDoS,RF-v4,0.14759288416898747,0.8440938093965843,0.008313306434428227
807,F-A1-DDOSLIKE-V-01,DDoS,DDoS,RF-v4,0.007095179391481211,0.9898589393244487,0.003045881284070261
808,F-A1-DDOSLIKE-V-01,DDoS,DDoS,RF-v4,0.14548486710184172,0.84620182646373,0.008313306434428227
809,F-A1-DDOSLIKE-V-01,DDoS,DDoS,RF-v4,0.006653653316117093,0.993346346683883,0.0
810,F-A1-DDOSLIKE-V-01,DDoS,DDoS,RF-v4,0.14759288416898747,0.8440938093965843,0.008313306434428227
811,F-A1-DDOSLIKE-V-01,DDoS,DDoS,RF-v4,0.015174436011165549,0.9847587007601202,6.686322871445769e-05
812,F-A1-DDOSLIKE-V-01,DDoS,DDoS,RF-v4,0.16776916683802662,0.8241884209389069,0.00804241222306697
813,F-A1-DDOSLIKE-V-01,DDoS,DDoS,RF-v4,0.015174436011165549,0.9847587007601202,6.686322871445769e-05
814,F-A1-DDOSLIKE-V-01,DDoS,DDoS,RF-v4,0.16776916683802662,0.8241884209389069,0.00804241222306697
815,F-A1-DDOSLIKE-V-01,DDoS,DDoS,RF-v4,0.008341294896786616,0.9916587051032135,0.0
816,F-A1-DDOSLIKE-V-01,DDoS,DDoS,RF-v4,0.13922685546983085,0.8527260931469917,0.00804705138317808
817,F-A1-DDOSLIKE-V-01,DDoS,DDoS,RF-v4,0.00565619385558697,0.9943438061444131,0.0
818,F-A1-DDOSLIKE-V-01,DDoS,DDoS,RF-v4,0.3132947530925236,0.6746851197686544,0.012020127138821479
819,F-A1-DDOSLIKE-V-01,DDoS,DDoS,RF-v4,0.023068718755017613,0.9769312812449824,0.0
820,F-A1-DDOSLIKE-V-01,DDoS,DDoS,RF-v4,0.16759896021464027,0.8241397888917793,0.008261250893580478
821,F-A1-DDOSLIKE-V-01,DDoS,DDoS,RF-v4,0.023095084084707337,0.9769049159152927,0.0
822,F-A1-DDOSLIKE-V-01,DDoS,DDoS,RF-v4,0.14548486710184172,0.84620182646373,0.008313306434428227
823,F-A1-DDOSLIKE-V-01,DDoS,DDoS,RF-v4,0.00565619385558697,0.9943438061444131,0.0
824,F-A1-DDOSLIKE-V-01,DDoS,DDoS,RF-v4,0.14759288416898747,0.8440938093965843,0.008313306434428227
825,F-A1-DDOSLIKE-V-01,DDoS,DDoS,RF-v4,0.008341294896786616,0.9916587051032135,0.0
826,F-A1-DDOSLIKE-V-01,DDoS,DDoS,RF-v4,0.13922685546983085,0.8527260931469917,0.00804705138317808
827,F-A1-DDOSLIKE-V-01,DDoS,DDoS,RF-v4,0.006653653316117093,0.993346346683883,0.0
828,F-A1-DDOSLIKE-V-01,DDoS,DDoS,RF-v4,0.14231220643369075,0.846482492440866,0.011205301125443934
829,F-A1-DDOSLIKE-V-01,DDoS,DDoS,RF-v4,0.008771425615078937,0.9911617111562069,6.686322871445769e-05
830,F-A1-DDOSLIKE-V-01,DDoS,DDoS,RF-v4,0.13922685546983085,0.8527260931469917,0.00804705138317808
831,F-A1-DDOSLIKE-V-01,DDoS,DDoS,RF-v4,0.020766311784046906,0.9792336882159534,0.0
832,F-A1-DDOSLIKE-V-01,DDoS,DDoS,RF-v4,0.13922685546983085,0.8527260931469917,0.00804705138317808
833,F-A1-DDOSLIKE-V-01,DDoS,DDoS,RF-v4,0.004867413434325046,0.995132586565675,0.0
834,F-A1-DDOSLIKE-V-01,DDoS,DDoS,RF-v4,0.1922684617082357,0.7922380119799136,0.015493526311851252
835,F-A1-DDOSLIKE-V-01,DDoS,DDoS,RF-v4,0.01692950847888624,0.9830704915211139,0.0
836,F-A1-DDOSLIKE-V-01,DDoS,DDoS,RF-v4,0.16776916683802662,0.8241884209389069,0.00804241222306697
837,F-A1-DDOSLIKE-V-01,DDoS,DDoS,RF-v4,0.012142966839065454,0.9877901699322201,6.686322871445769e-05
838,F-A1-DDOSLIKE-V-01,DDoS,DDoS,RF-v4,0.13922685546983085,0.8527260931469917,0.00804705138317808
839,F-A1-DDOSLIKE-V-01,DDoS,DDoS,RF-v4,0.008771425615078937,0.9911617111562069,6.686322871445769e-05
840,F-A1-DDOSLIKE-V-01,DDoS,DDoS,RF-v4,0.16776916683802662,0.8241884209389069,0.00804241222306697
841,F-A1-DDOSLIKE-V-01,DDoS,DDoS,RF-v4,0.013461251999566506,0.9865387480004335,0.0
842,F-A1-DDOSLIKE-V-01,DDoS,DDoS,RF-v4,0.14759288416898747,0.8440938093965843,0.008313306434428227
843,F-A1-DDOSLIKE-V-01,DDoS,DDoS,RF-v4,0.019362536752027967,0.9805706000192578,6.686322871445769e-05
844,F-A1-DDOSLIKE-V-01,DDoS,DDoS,RF-v4,0.13922685546983085,0.8527260931469917,0.00804705138317808
845,F-A1-DDOSLIKE-V-01,DDoS,DDoS,RF-v4,0.008383245740434421,0.9914486337362466,0.0001681205233190415
846,F-A1-DDOSLIKE-V-01,DDoS,DDoS,RF-v4,0.13922685546983085,0.8527260931469917,0.00804705138317808
847,F-A1-DDOSLIKE-V-01,DDoS,DDoS,RF-v4,0.012043669275582862,0.9879563307244174,0.0
848,F-A1-DDOSLIKE-V-01,DDoS,DDoS,RF-v4,0.13922685546983085,0.8527260931469917,0.00804705138317808
849,F-A1-DDOSLIKE-V-01,DDoS,DDoS,RF-v4,0.006653653316117093,0.993346346683883,0.0
850,F-A1-DDOSLIKE-V-01,DDoS,DDoS,RF-v4,0.13922685546983085,0.8527260931469917,0.00804705138317808
851,F-A1-DDOSLIKE-V-01,DDoS,DDoS,RF-v4,0.008768335924316889,0.9912316640756832,0.0
852,F-A1-DDOSLIKE-V-01,DDoS,DDoS,RF-v4,0.16776916683802662,0.8241884209389069,0.00804241222306697
853,F-A1-DDOSLIKE-V-01,DDoS,DDoS,RF-v4,0.010117718835508261,0.9898822811644918,0.0
854,F-A1-DDOSLIKE-V-01,DDoS,DDoS,RF-v4,0.14759288416898747,0.8440938093965843,0.008313306434428227
855,F-A1-DDOSLIKE-V-01,DDoS,DDoS,RF-v4,0.021919520496153214,0.9780136162751325,6.686322871445769e-05
856,F-A1-DDOSLIKE-V-01,DDoS,DDoS,RF-v4,0.13922685546983085,0.8527260931469917,0.00804705138317808
857,F-A1-DDOSLIKE-V-01,DDoS,DDoS,RF-v4,0.01746389838723193,0.9825361016127683,0.0
858,F-A1-DDOSLIKE-V-01,DDoS,DDoS,RF-v4,0.16776916683802662,0.8224788339934709,0.009751999168502971
859,F-A1-DDOSLIKE-V-01,DDoS,DDoS,RF-v4,0.010810683704445967,0.9891893162955541,0.0
860,F-A1-DDOSLIKE-V-01,DDoS,DDoS,RF-v4,0.14548486710184172,0.84620182646373,0.008313306434428227
861,F-A1-DDOSLIKE-V-01,DDoS,DDoS,RF-v4,0.007306128279155739,0.9926938717208443,0.0
862,F-A1-DDOSLIKE-V-01,DDoS,DDoS,RF-v4,0.14759288416898747,0.8440938093965843,0.008313306434428227
863,F-A1-DDOSLIKE-V-01,DDoS,DDoS,RF-v4,0.00565619385558697,0.9943438061444131,0.0
864,F-A1-DDOSLIKE-V-01,DDoS,Normal,RF-v4,0.9530169161565883,0.038827744580148524,0.008155339263261783
865,F-A1-DDOSLIKE-V-01,DDoS,DDoS,RF-v4,0.015174436011165549,0.9847587007601202,6.686322871445769e-05
866,F-A1-DDOSLIKE-V-01,DDoS,DDoS,RF-v4,0.16776916683802662,0.8241884209389069,0.00804241222306697
867,F-A1-DDOSLIKE-V-01,DDoS,DDoS,RF-v4,0.008341294896786616,0.9916587051032135,0.0
868,F-A1-DDOSLIKE-V-01,DDoS,DDoS,RF-v4,0.16938522928355773,0.822572358493376,0.00804241222306697
869,F-A1-DDOSLIKE-V-01,DDoS,DDoS,RF-v4,0.013783043942855233,0.9861500928284305,6.686322871445769e-05
870,F-A1-DDOSLIKE-V-01,DDoS,DDoS,RF-v4,0.13922685546983085,0.8527260931469917,0.00804705138317808
871,F-A1-DDOSLIKE-V-01,DDoS,DDoS,RF-v4,0.015174436011165549,0.9847587007601202,6.686322871445769e-05
872,F-A1-DDOSLIKE-V-01,DDoS,DDoS,RF-v4,0.13922685546983085,0.8527260931469917,0.00804705138317808
873,F-A1-DDOSLIKE-V-01,DDoS,DDoS,RF-v4,0.004748337019759716,0.9952516629802404,0.0
874,F-A1-DDOSLIKE-V-01,DDoS,DDoS,RF-v4,0.16776916683802662,0.8224788339934709,0.009751999168502971
875,F-A1-DDOSLIKE-V-01,DDoS,DDoS,RF-v4,0.011005184637844063,0.9889279521334415,6.686322871445769e-05
876,F-A1-DDOSLIKE-V-01,DDoS,DDoS,RF-v4,0.13922685546983085,0.8527260931469917,0.00804705138317808
877,F-A1-DDOSLIKE-V-01,DDoS,DDoS,RF-v4,0.015174436011165549,0.9847587007601202,6.686322871445769e-05
878,F-A1-DDOSLIKE-V-01,DDoS,DDoS,RF-v4,0.13922685546983085,0.8527260931469917,0.00804705138317808
879,F-A1-DDOSLIKE-V-01,DDoS,DDoS,RF-v4,0.006982096042524842,0.9930179039574754,0.0
880,F-A1-DDOSLIKE-V-01,DDoS,DDoS,RF-v4,0.13922685546983085,0.8527260931469917,0.00804705138317808
881,F-A1-DDOSLIKE-V-01,DDoS,DDoS,RF-v4,0.009759955347536015,0.9901731814237497,6.686322871445769e-05
882,F-A1-DDOSLIKE-V-01,DDoS,DDoS,RF-v4,0.13922685546983085,0.8527260931469917,0.00804705138317808
883,F-A1-DDOSLIKE-V-01,DDoS,DDoS,RF-v4,0.006653653316117093,0.993346346683883,0.0
884,F-A1-DDOSLIKE-V-01,DDoS,DDoS,RF-v4,0.16490826511707657,0.8270493226598571,0.00804241222306697
885,F-A1-DDOSLIKE-V-01,DDoS,DDoS,RF-v4,0.006653653316117093,0.993346346683883,0.0
886,F-A1-DDOSLIKE-V-01,DDoS,DDoS,RF-v4,0.13922685546983085,0.8527260931469917,0.00804705138317808
887,F-A1-DDOSLIKE-V-01,DDoS,DDoS,RF-v4,0.011420416104855138,0.9885795838951451,0.0
888,F-A1-DDOSLIKE-V-01,DDoS,DDoS,RF-v4,0.14759288416898747,0.8440938093965843,0.008313306434428227
889,F-A1-DDOSLIKE-V-01,DDoS,DDoS,RF-v4,0.0065345769015517615,0.9934654230984485,0.0
890,F-A1-DDOSLIKE-V-01,DDoS,DDoS,RF-v4,0.16776916683802662,0.8241884209389069,0.00804241222306697
891,F-A1-DDOSLIKE-V-01,DDoS,DDoS,RF-v4,0.008984287833085313,0.9910157121669146,0.0
892,F-A1-DDOSLIKE-V-01,DDoS,DDoS,RF-v4,0.14759288416898747,0.8440938093965843,0.008313306434428227
893,F-A1-DDOSLIKE-V-01,DDoS,DDoS,RF-v4,0.009759955347536015,0.9901731814237497,6.686322871445769e-05
894,F-A1-DDOSLIKE-V-01,DDoS,DDoS,RF-v4,0.27203549768007734,0.7190948489787898,0.008869653341132742
895,F-A1-DDOSLIKE-V-01,DDoS,DDoS,RF-v4,0.0131535550217662,0.9868464449782338,0.0
896,F-A1-DDOSLIKE-V-01,DDoS,DDoS,RF-v4,0.16776916683802662,0.8241884209389069,0.00804241222306697
897,F-A1-DDOSLIKE-V-01,DDoS,DDoS,RF-v4,0.014236919514017208,0.9857630804859829,0.0
898,F-A1-DDOSLIKE-V-01,DDoS,DDoS,RF-v4,0.13922685546983085,0.8527260931469917,0.00804705138317808
899,F-A1-DDOSLIKE-V-01,DDoS,DDoS,RF-v4,0.01761315085599624,0.9823199859152895,6.686322871445769e-05
900,F-A1-DDOSLIKE-V-01,DDoS,DDoS,RF-v4,0.13922685546983085,0.8527260931469917,0.00804705138317808
901,F-A1-DDOSLIKE-V-01,DDoS,DDoS,RF-v4,0.00263365441155992,0.9973663455884402,0.0
902,F-A1-DDOSLIKE-V-01,DDoS,DDoS,RF-v4,0.25164493788513925,0.7346982478927453,0.013656814222116065
903,F-A1-DDOSLIKE-V-01,DDoS,DDoS,RF-v4,0.013783043942855233,0.9861500928284305,6.686322871445769e-05
904,F-A1-DDOSLIKE-V-01,DDoS,DDoS,RF-v4,0.13922685546983085,0.8527260931469917,0.00804705138317808
905,F-A1-DDOSLIKE-V-01,DDoS,DDoS,RF-v4,0.012142966839065454,0.9878570331609346,0.0
906,F-A1-DDOSLIKE-V-01,DDoS,DDoS,RF-v4,0.13922685546983085,0.8527260931469917,0.00804705138317808
907,F-A1-DDOSLIKE-V-01,DDoS,DDoS,RF-v4,0.008771425615078937,0.9912285743849213,0.0
908,F-A1-DDOSLIKE-V-01,DDoS,Normal,RF-v4,0.6581551961665884,0.33029761664000007,0.011547187193410134
909,F-A1-DDOSLIKE-V-01,DDoS,DDoS,RF-v4,0.008768335924316889,0.9912316640756832,0.0
910,F-A1-DDOSLIKE-V-01,DDoS,DDoS,RF-v4,0.13922685546983085,0.8527260931469917,0.00804705138317808
911,F-A1-DDOSLIKE-V-01,DDoS,DDoS,RF-v4,0.019362536752027967,0.9805706000192578,6.686322871445769e-05
912,F-A1-DDOSLIKE-V-01,DDoS,DDoS,RF-v4,0.14759288416898747,0.8440938093965843,0.008313306434428227
913,F-A1-DDOSLIKE-V-01,DDoS,DDoS,RF-v4,0.02329461247906234,0.9767053875209377,0.0
914,F-A1-DDOSLIKE-V-01,DDoS,DDoS,RF-v4,0.16776916683802662,0.8241884209389069,0.00804241222306697
915,F-A1-DDOSLIKE-V-01,DDoS,DDoS,RF-v4,0.013363731425209737,0.9865694053460758,6.686322871445769e-05
916,F-A1-DDOSLIKE-V-01,DDoS,DDoS,RF-v4,0.13922685546983085,0.8527260931469917,0.00804705138317808
917,F-A1-DDOSLIKE-V-01,DDoS,DDoS,RF-v4,0.0065345769015517615,0.9934654230984485,0.0
918,F-A1-DDOSLIKE-V-01,DDoS,DDoS,RF-v4,0.13922685546983085,0.8527260931469917,0.00804705138317808
919,F-A1-DDOSLIKE-V-01,DDoS,DDoS,RF-v4,0.0131535550217662,0.9868464449782338,0.0
920,F-A1-DDOSLIKE-V-01,DDoS,DDoS,RF-v4,0.16776916683802662,0.8241884209389069,0.00804241222306697
921,F-A1-DDOSLIKE-V-01,DDoS,DDoS,RF-v4,0.014236919514017208,0.9857630804859829,0.0
922,F-A1-DDOSLIKE-V-01,DDoS,DDoS,RF-v4,0.16776916683802662,0.8241884209389069,0.00804241222306697
923,F-A1-DDOSLIKE-V-01,DDoS,DDoS,RF-v4,0.008768335924316889,0.9912316640756832,0.0
924,F-A1-DDOSLIKE-V-01,DDoS,Normal,RF-v4,0.8940281543669789,0.09766016989386272,0.00831167573915768
925,F-A1-DDOSLIKE-V-01,DDoS,DDoS,RF-v4,0.011005184637844063,0.9889279521334415,6.686322871445769e-05
926,F-A1-DDOSLIKE-V-01,DDoS,DDoS,RF-v4,0.16776916683802662,0.8241884209389069,0.00804241222306697
927,F-A1-DDOSLIKE-V-01,DDoS,DDoS,RF-v4,0.010557665496870981,0.9894423345031292,0.0
928,F-A1-DDOSLIKE-V-01,DDoS,DDoS,RF-v4,0.13922685546983085,0.8527260931469917,0.00804705138317808
929,F-A1-DDOSLIKE-V-01,DDoS,DDoS,RF-v4,0.011005184637844063,0.9889279521334415,6.686322871445769e-05
930,F-A1-DDOSLIKE-V-01,DDoS,DDoS,RF-v4,0.13922685546983085,0.8527260931469917,0.00804705138317808
931,F-A1-DDOSLIKE-V-01,DDoS,DDoS,RF-v4,0.01756747853578127,0.982432521464219,0.0
932,F-A1-DDOSLIKE-V-01,DDoS,DDoS,RF-v4,0.16776916683802662,0.8241884209389069,0.00804241222306697
933,F-A1-DDOSLIKE-V-01,DDoS,DDoS,RF-v4,0.00263365441155992,0.9973663455884402,0.0
934,F-A1-DDOSLIKE-V-01,DDoS,DDoS,RF-v4,0.27671371194680866,0.7143120421984399,0.008974245854751215
935,F-A1-DDOSLIKE-V-01,DDoS,DDoS,RF-v4,0.01232532961573008,0.9876078071555557,6.686322871445769e-05
936,F-A1-DDOSLIKE-V-01,DDoS,DDoS,RF-v4,0.13922685546983085,0.8527260931469917,0.00804705138317808
937,F-A1-DDOSLIKE-V-01,DDoS,DDoS,RF-v4,0.013783043942855233,0.9861500928284305,6.686322871445769e-05
938,F-A1-DDOSLIKE-V-01,DDoS,DDoS,RF-v4,0.13922685546983085,0.8527260931469917,0.00804705138317808
939,F-A1-DDOSLIKE-V-01,DDoS,DDoS,RF-v4,0.01433383091400931,0.9855993058572763,6.686322871445769e-05
940,F-A1-DDOSLIKE-V-01,DDoS,DDoS,RF-v4,0.14759288416898747,0.8440938093965843,0.008313306434428227
941,F-A1-DDOSLIKE-V-01,DDoS,DDoS,RF-v4,0.016011990467938882,0.9822115593579107,0.0017764501741504596
942,F-A1-DDOSLIKE-V-01,DDoS,DDoS,RF-v4,0.14548486710184172,0.84620182646373,0.008313306434428227
943,F-A1-DDOSLIKE-V-01,DDoS,DDoS,RF-v4,0.011005184637844063,0.9889279521334415,6.686322871445769e-05
944,F-A1-DDOSLIKE-V-01,DDoS,DDoS,RF-v4,0.13922685546983085,0.8527260931469917,0.00804705138317808
945,F-A1-DDOSLIKE-V-01,DDoS,DDoS,RF-v4,0.01479967472984403,0.9852003252701561,0.0
946,F-A1-DDOSLIKE-V-01,DDoS,DDoS,RF-v4,0.14759288416898747,0.8440938093965843,0.008313306434428227
947,F-A1-DDOSLIKE-V-01,DDoS,DDoS,RF-v4,0.005665123583660015,0.9943348764163402,0.0
948,F-A1-DDOSLIKE-V-01,DDoS,DDoS,RF-v4,0.20204014011484248,0.7719431734020642,0.026016686483093646
949,F-A1-DDOSLIKE-V-01,DDoS,DDoS,RF-v4,0.009661357046413492,0.9902717797248722,6.686322871445769e-05
950,F-A1-DDOSLIKE-V-01,DDoS,DDoS,RF-v4,0.13922685546983085,0.8527260931469917,0.00804705138317808
951,F-A1-DDOSLIKE-V-01,DDoS,DDoS,RF-v4,0.013783043942855233,0.9861500928284305,6.686322871445769e-05
952,F-A1-DDOSLIKE-V-01,DDoS,DDoS,RF-v4,0.13922685546983085,0.8527260931469917,0.00804705138317808
953,F-A1-DDOSLIKE-V-01,DDoS,DDoS,RF-v4,0.01711787670035687,0.9828152600709288,6.686322871445769e-05
954,F-A1-DDOSLIKE-V-01,DDoS,DDoS,RF-v4,0.14759288416898747,0.8423842224511483,0.010022893379864228
955,F-A1-DDOSLIKE-V-01,DDoS,DDoS,RF-v4,0.012142966839065454,0.9877901699322201,6.686322871445769e-05
956,F-A1-DDOSLIKE-V-01,DDoS,DDoS,RF-v4,0.13922685546983085,0.8527260931469917,0.00804705138317808
957,F-A1-DDOSLIKE-V-01,DDoS,DDoS,RF-v4,0.0405111160685873,0.9543207634080939,0.005168120523319042
958,F-A1-DDOSLIKE-V-01,DDoS,DDoS,RF-v4,0.16759896021464027,0.8241397888917793,0.008261250893580478
959,F-A1-DDOSLIKE-V-01,DDoS,DDoS,RF-v4,0.020361527730107496,0.9796384722698925,0.0
960,F-A1-DDOSLIKE-V-01,DDoS,DDoS,RF-v4,0.13922685546983085,0.8527260931469917,0.00804705138317808
961,F-A1-DDOSLIKE-V-01,DDoS,DDoS,RF-v4,0.00802367037102569,0.9919763296289744,0.0
962,F-A1-DDOSLIKE-V-01,DDoS,DDoS,RF-v4,0.13922685546983085,0.8527260931469917,0.00804705138317808
963,F-A1-DDOSLIKE-V-01,DDoS,DDoS,RF-v4,0.008771425615078937,0.9912285743849213,0.0
964,F-A1-DDOSLIKE-V-01,DDoS,DDoS,RF-v4,0.16776916683802662,0.8241884209389069,0.00804241222306697
965,F-A1-DDOSLIKE-V-01,DDoS,DDoS,RF-v4,0.004867413434325046,0.995132586565675,0.0
966,F-A1-DDOSLIKE-V-01,DDoS,DDoS,RF-v4,0.14759288416898747,0.8440938093965843,0.008313306434428227
967,F-A1-DDOSLIKE-V-01,DDoS,DDoS,RF-v4,0.010557665496870981,0.9894423345031292,0.0
968,F-A1-DDOSLIKE-V-01,DDoS,DDoS,RF-v4,0.196727570240124,0.7921610790707296,0.011111350689146733
969,F-A1-DDOSLIKE-V-01,DDoS,DDoS,RF-v4,0.018036205292805557,0.98189693147848,6.686322871445769e-05
970,F-A1-DDOSLIKE-V-01,DDoS,DDoS,RF-v4,0.13922685546983085,0.8527260931469917,0.00804705138317808
971,F-A1-DDOSLIKE-V-01,DDoS,DDoS,RF-v4,0.012043669275582862,0.9879563307244174,0.0
972,F-A1-DDOSLIKE-V-01,DDoS,DDoS,RF-v4,0.13922685546983085,0.8527260931469917,0.00804705138317808
973,F-A1-DDOSLIKE-V-01,DDoS,DDoS,RF-v4,0.008383245740434421,0.9914486337362466,0.0001681205233190415
974,F-A1-DDOSLIKE-V-01,DDoS,DDoS,RF-v4,0.14759288416898747,0.8440938093965843,0.008313306434428227
975,F-A1-DDOSLIKE-V-01,DDoS,DDoS,RF-v4,0.012791424519636108,0.9871417122516496,6.686322871445769e-05
976,F-A1-DDOSLIKE-V-01,DDoS,DDoS,RF-v4,0.13922685546983085,0.8527260931469917,0.00804705138317808
977,F-A1-DDOSLIKE-V-01,DDoS,DDoS,RF-v4,0.015281714346095971,0.9846514224251898,6.686322871445769e-05
978,F-A1-DDOSLIKE-V-01,DDoS,DDoS,RF-v4,0.13922685546983085,0.8527260931469917,0.00804705138317808
979,F-A1-DDOSLIKE-V-01,DDoS,DDoS,RF-v4,0.003428274870132841,0.9965717251298674,0.0
980,F-A1-DDOSLIKE-V-01,DDoS,DDoS,RF-v4,0.196727570240124,0.7921610790707296,0.011111350689146733
981,F-A1-DDOSLIKE-V-01,DDoS,DDoS,RF-v4,0.01212383733304788,0.9878761626669523,0.0
982,F-A1-DDOSLIKE-V-01,DDoS,DDoS,RF-v4,0.16776916683802662,0.8241884209389069,0.00804241222306697
983,F-A1-DDOSLIKE-V-01,DDoS,DDoS,RF-v4,0.00263365441155992,0.9973663455884402,0.0
984,F-A1-DDOSLIKE-V-01,DDoS,DDoS,RF-v4,0.14759288416898747,0.8440938093965843,0.008313306434428227
985,F-A1-DDOSLIKE-V-01,DDoS,DDoS,RF-v4,0.012043669275582862,0.9879563307244174,0.0
986,F-A1-DDOSLIKE-V-01,DDoS,DDoS,RF-v4,0.16490826511707657,0.8270493226598571,0.00804241222306697
987,F-A1-DDOSLIKE-V-01,DDoS,DDoS,RF-v4,0.012791424519636108,0.9871417122516496,6.686322871445769e-05
988,F-A1-DDOSLIKE-V-01,DDoS,DDoS,RF-v4,0.16776916683802662,0.8241884209389069,0.00804241222306697
989,F-A1-DDOSLIKE-V-01,DDoS,DDoS,RF-v4,0.007451363465452061,0.9925486365345482,0.0
990,F-A1-DDOSLIKE-V-01,DDoS,DDoS,RF-v4,0.16776916683802662,0.8241884209389069,0.00804241222306697
991,F-A1-DDOSLIKE-V-01,DDoS,DDoS,RF-v4,0.014830310012119048,0.9851696899878811,0.0
992,F-A1-DDOSLIKE-V-01,DDoS,DDoS,RF-v4,0.13922685546983085,0.8527260931469917,0.00804705138317808
993,F-A1-DDOSLIKE-V-01,DDoS,DDoS,RF-v4,0.02082025107915312,0.9791128856921327,6.686322871445769e-05
994,F-A1-DDOSLIKE-V-01,DDoS,DDoS,RF-v4,0.2520359572873685,0.7394359893268239,0.00852805338580806
995,F-A1-DDOSLIKE-V-01,DDoS,DDoS,RF-v4,0.011005184637844063,0.9889279521334415,6.686322871445769e-05
996,F-A1-DDOSLIKE-V-01,DDoS,DDoS,RF-v4,0.27203549768007734,0.7190948489787898,0.008869653341132742
997,F-A1-DDOSLIKE-V-01,DDoS,DDoS,RF-v4,0.010807221416799828,0.9891927785832004,0.0
998,F-A1-DDOSLIKE-V-01,DDoS,DDoS,RF-v4,0.16776916683802662,0.8224788339934709,0.009751999168502971
999,F-A1-DDOSLIKE-V-01,DDoS,DDoS,RF-v4,0.00864995587058631,0.9913500441294139,0.0
1000,F-A1-DDOSLIKE-V-01,DDoS,DDoS,RF-v4,0.14759288416898747,0.8440938093965843,0.008313306434428227
1001,F-A1-DDOSLIKE-V-01,DDoS,DDoS,RF-v4,0.012142966839065454,0.9877901699322201,6.686322871445769e-05
1002,F-A1-DDOSLIKE-V-01,DDoS,Normal,RF-v4,0.6112728320955659,0.3796807000853868,0.009046467819046057
1003,F-A1-DDOSLIKE-V-01,DDoS,DDoS,RF-v4,0.00263365441155992,0.9973663455884402,0.0
1004,F-A1-DDOSLIKE-V-01,DDoS,DDoS,RF-v4,0.14759288416898747,0.8440938093965843,0.008313306434428227
1005,F-A1-DDOSLIKE-V-01,DDoS,DDoS,RF-v4,0.011151347415846329,0.9887817893554393,6.686322871445769e-05
1006,F-A1-DDOSLIKE-V-01,DDoS,DDoS,RF-v4,0.13922685546983085,0.8527260931469917,0.00804705138317808
1007,F-A1-DDOSLIKE-V-01,DDoS,DDoS,RF-v4,0.013024057867205695,0.9869759421327945,0.0
1008,F-A1-DDOSLIKE-V-01,DDoS,DDoS,RF-v4,0.006653653316117093,0.993346346683883,0.0
1009,F-A1-DDOSLIKE-V-01,DDoS,DDoS,RF-v4,0.18738262250493234,0.8032156137513573,0.00940176374371073
1010,F-A1-DDOSLIKE-V-01,DDoS,DDoS,RF-v4,0.20204014011484248,0.7763745710051659,0.02158528887999178
1011,F-A1-DDOSLIKE-V-01,DDoS,DDoS,RF-v4,0.006653653316117093,0.993346346683883,0.0
1012,F-A1-DDOSLIKE-V-01,DDoS,DDoS,RF-v4,0.13922685546983085,0.8527260931469917,0.00804705138317808
1013,F-A1-DDOSLIKE-V-01,DDoS,DDoS,RF-v4,0.019293943708295392,0.9765869436637183,0.004119112627986348
1014,F-A1-DDOSLIKE-V-01,DDoS,DDoS,RF-v4,0.13922685546983085,0.8527260931469917,0.00804705138317808
1015,F-A1-DDOSLIKE-V-01,DDoS,DDoS,RF-v4,0.01984690987876137,0.9800862268925243,6.686322871445769e-05
1016,F-A1-DDOSLIKE-V-01,DDoS,DDoS,RF-v4,0.13922685546983085,0.8527260931469917,0.00804705138317808
1017,F-A1-DDOSLIKE-V-01,DDoS,DDoS,RF-v4,0.015174436011165549,0.9847587007601202,6.686322871445769e-05
1018,F-A1-DDOSLIKE-V-01,DDoS,Normal,RF-v4,0.5649294455836706,0.42702814219326224,0.00804241222306697
1019,F-A1-DDOSLIKE-V-01,DDoS,DDoS,RF-v4,0.012142966839065454,0.9877901699322201,6.686322871445769e-05
1020,F-A1-DDOSLIKE-V-01,DDoS,DDoS,RF-v4,0.13922685546983085,0.8527260931469917,0.00804705138317808
1021,F-A1-DDOSLIKE-V-01,DDoS,DDoS,RF-v4,0.008341294896786616,0.9916587051032135,0.0
1022,F-A1-DDOSLIKE-V-01,DDoS,DDoS,RF-v4,0.13922685546983085,0.8527260931469917,0.00804705138317808
1023,F-A1-DDOSLIKE-V-01,DDoS,DDoS,RF-v4,0.009759955347536015,0.9902400446524641,0.0
1024,F-A1-DDOSLIKE-V-01,DDoS,DDoS,RF-v4,0.16776916683802662,0.8241884209389069,0.00804241222306697
1025,F-A1-DDOSLIKE-V-01,DDoS,DDoS,RF-v4,0.014830310012119048,0.9851696899878811,0.0
1026,F-A1-DDOSLIKE-V-01,DDoS,DDoS,RF-v4,0.13922685546983085,0.8527260931469917,0.00804705138317808
1027,F-A1-DDOSLIKE-V-01,DDoS,DDoS,RF-v4,0.008984287833085313,0.9910157121669146,0.0
1028,F-A1-DDOSLIKE-V-01,DDoS,DDoS,RF-v4,0.14759288416898747,0.8440938093965843,0.008313306434428227
1029,F-A1-DDOSLIKE-V-01,DDoS,DDoS,RF-v4,0.03250430204385426,0.9674956979561461,0.0
1030,F-A1-DDOSLIKE-V-01,DDoS,DDoS,RF-v4,0.13922685546983085,0.8527260931469917,0.00804705138317808
1031,F-A1-DDOSLIKE-V-01,DDoS,DDoS,RF-v4,0.005961748389058263,0.9940382516109417,0.0
1032,F-A1-DDOSLIKE-V-01,DDoS,DDoS,RF-v4,0.14759288416898747,0.8440938093965843,0.008313306434428227
1033,F-A1-DDOSLIKE-V-01,DDoS,DDoS,RF-v4,0.00847726643867944,0.9915227335613207,0.0
1034,F-A1-DDOSLIKE-V-01,DDoS,DDoS,RF-v4,0.14759288416898747,0.8440938093965843,0.008313306434428227
1035,F-A1-DDOSLIKE-V-01,DDoS,DDoS,RF-v4,0.007451363465452061,0.9925486365345482,0.0
1036,F-A1-DDOSLIKE-V-01,DDoS,DDoS,RF-v4,0.13922685546983085,0.8527260931469917,0.00804705138317808
1037,F-A1-DDOSLIKE-V-01,DDoS,DDoS,RF-v4,0.010557665496870981,0.9894423345031292,0.0
1038,F-A1-DDOSLIKE-V-01,DDoS,DDoS,RF-v4,0.16776916683802662,0.8241884209389069,0.00804241222306697
1039,F-A1-DDOSLIKE-V-01,DDoS,DDoS,RF-v4,0.010557665496870981,0.9894423345031292,0.0
1040,F-A1-DDOSLIKE-V-01,DDoS,DDoS,RF-v4,0.16776916683802662,0.8241884209389069,0.00804241222306697
1041,F-A1-DDOSLIKE-V-01,DDoS,DDoS,RF-v4,0.009759955347536015,0.9902400446524641,0.0
1042,F-A1-DDOSLIKE-V-01,DDoS,DDoS,RF-v4,0.16776916683802662,0.8241884209389069,0.00804241222306697
1043,F-A1-DDOSLIKE-V-01,DDoS,DDoS,RF-v4,0.012905311255330693,0.987027825515955,6.686322871445769e-05
1044,F-A1-DDOSLIKE-V-01,DDoS,DDoS,RF-v4,0.13922685546983085,0.8527260931469917,0.00804705138317808
1045,F-A1-DDOSLIKE-V-01,DDoS,DDoS,RF-v4,0.00263365441155992,0.9973663455884402,0.0
1046,F-A1-DDOSLIKE-V-01,DDoS,DDoS,RF-v4,0.14759288416898747,0.8440938093965843,0.008313306434428227
1047,F-A1-DDOSLIKE-V-01,DDoS,DDoS,RF-v4,0.01984690987876137,0.9800862268925243,6.686322871445769e-05
1048,F-A1-DDOSLIKE-V-01,DDoS,DDoS,RF-v4,0.16776916683802662,0.8241884209389069,0.00804241222306697
1049,F-A1-DDOSLIKE-V-01,DDoS,DDoS,RF-v4,0.025957565842987685,0.9721647266882575,0.0018777074687550438
1050,F-A1-DDOSLIKE-V-01,DDoS,Normal,RF-v4,0.8940281543669789,0.09766016989386272,0.00831167573915768
1051,F-A1-DDOSLIKE-V-01,DDoS,DDoS,RF-v4,0.0325778781413649,0.9674221218586352,0.0
1052,F-A1-DDOSLIKE-V-01,DDoS,DDoS,RF-v4,0.14548486710184172,0.84620182646373,0.008313306434428227
1053,F-A1-DDOSLIKE-V-01,DDoS,DDoS,RF-v4,0.013495474464303926,0.9864376623069819,6.686322871445769e-05
1054,F-A1-DDOSLIKE-V-01,DDoS,DDoS,RF-v4,0.13922685546983085,0.8527260931469917,0.00804705138317808
1055,F-A1-DDOSLIKE-V-01,DDoS,DDoS,RF-v4,0.012791424519636108,0.9871417122516496,6.686322871445769e-05
1056,F-A1-DDOSLIKE-V-01,DDoS,DDoS,RF-v4,0.13922685546983085,0.8527260931469917,0.00804705138317808
1057,F-A1-DDOSLIKE-V-01,DDoS,DDoS,RF-v4,0.008984287833085313,0.9910157121669146,0.0
1058,F-A1-DDOSLIKE-V-01,DDoS,DDoS,RF-v4,0.14548486710184172,0.84620182646373,0.008313306434428227
1059,F-A1-DDOSLIKE-V-01,DDoS,DDoS,RF-v4,0.0065550550149945696,0.9934449449850056,0.0
1060,F-A1-DDOSLIKE-V-01,DDoS,DDoS,RF-v4,0.14750324604332143,0.8425669587902794,0.009929795166399087
1061,F-A1-DDOSLIKE-V-01,DDoS,DDoS,RF-v4,0.013654175127620264,0.9863458248723798,0.0
1062,F-A1-DDOSLIKE-V-01,DDoS,DDoS,RF-v4,0.13922685546983085,0.8527260931469917,0.00804705138317808
1063,F-A1-DDOSLIKE-V-01,DDoS,DDoS,RF-v4,0.018790729899062216,0.9812092701009378,0.0
1064,F-A1-DDOSLIKE-V-01,DDoS,DDoS,RF-v4,0.14231220643369075,0.8495283737249362,0.008159419841373677
1065,F-A1-DDOSLIKE-V-01,DDoS,DDoS,RF-v4,0.008768335924316889,0.9912316640756832,0.0
1066,F-A1-DDOSLIKE-V-01,DDoS,DDoS,RF-v4,0.13922685546983085,0.8527260931469917,0.00804705138317808
1067,F-A1-DDOSLIKE-V-01,DDoS,DDoS,RF-v4,0.016166055434384673,0.983767081336901,6.686322871445769e-05
1068,F-A1-DDOSLIKE-V-01,DDoS,DDoS,RF-v4,0.13922685546983085,0.8527260931469917,0.00804705138317808
1069,F-A1-DDOSLIKE-V-01,DDoS,DDoS,RF-v4,0.009759955347536015,0.9901731814237497,6.686322871445769e-05
1070,F-A1-DDOSLIKE-V-01,DDoS,DDoS,RF-v4,0.14759288416898747,0.8440938093965843,0.008313306434428227
1071,F-A1-DDOSLIKE-V-01,DDoS,DDoS,RF-v4,0.009759955347536015,0.9902400446524641,0.0
1072,F-A1-DDOSLIKE-V-01,DDoS,DDoS,RF-v4,0.16776916683802662,0.8241884209389069,0.00804241222306697
1073,F-A1-DDOSLIKE-V-01,DDoS,DDoS,RF-v4,0.009759955347536015,0.9901731814237497,6.686322871445769e-05
1074,F-A1-DDOSLIKE-V-01,DDoS,DDoS,RF-v4,0.13922685546983085,0.8527260931469917,0.00804705138317808
1075,F-A1-DDOSLIKE-V-01,DDoS,DDoS,RF-v4,0.007306128279155739,0.9926938717208443,0.0
1076,F-A1-DDOSLIKE-V-01,DDoS,DDoS,RF-v4,0.13922685546983085,0.8527260931469917,0.00804705138317808
1077,F-A1-DDOSLIKE-V-01,DDoS,DDoS,RF-v4,0.00263365441155992,0.9973663455884402,0.0
1078,F-A1-DDOSLIKE-V-01,DDoS,DDoS,RF-v4,0.27671371194680866,0.7143120421984399,0.008974245854751215
1079,F-A1-DDOSLIKE-V-01,DDoS,DDoS,RF-v4,0.009759955347536015,0.9901731814237497,6.686322871445769e-05
1080,F-A1-DDOSLIKE-V-01,DDoS,DDoS,RF-v4,0.13922685546983085,0.8527260931469917,0.00804705138317808
1081,F-A1-DDOSLIKE-V-01,DDoS,DDoS,RF-v4,0.015281714346095971,0.9847182856539043,0.0
1082,F-A1-DDOSLIKE-V-01,DDoS,DDoS,RF-v4,0.16776916683802662,0.8241884209389069,0.00804241222306697
1083,F-A1-DDOSLIKE-V-01,DDoS,DDoS,RF-v4,0.0131535550217662,0.9868464449782338,0.0
1084,F-A1-DDOSLIKE-V-01,DDoS,DDoS,RF-v4,0.16776916683802662,0.8241884209389069,0.00804241222306697
1085,F-A1-DDOSLIKE-V-01,DDoS,DDoS,RF-v4,0.01984690987876137,0.9800862268925243,6.686322871445769e-05
1086,F-A1-DDOSLIKE-V-01,DDoS,DDoS,RF-v4,0.13922685546983085,0.8527260931469917,0.00804705138317808
1087,F-A1-DDOSLIKE-V-01,DDoS,DDoS,RF-v4,0.013783043942855233,0.9861500928284305,6.686322871445769e-05
1088,F-A1-DDOSLIKE-V-01,DDoS,DDoS,RF-v4,0.13922685546983085,0.8527260931469917,0.00804705138317808
1089,F-A1-DDOSLIKE-V-01,DDoS,DDoS,RF-v4,0.015723977559060697,0.9842091592122251,6.686322871445769e-05
1090,F-A1-DDOSLIKE-V-01,DDoS,DDoS,RF-v4,0.13922685546983085,0.8527260931469917,0.00804705138317808
1091,F-A1-DDOSLIKE-V-01,DDoS,DDoS,RF-v4,0.011151347415846329,0.9887817893554393,6.686322871445769e-05
1092,F-A1-DDOSLIKE-V-01,DDoS,DDoS,RF-v4,0.13922685546983085,0.8527260931469917,0.00804705138317808
1093,F-A1-DDOSLIKE-V-01,DDoS,DDoS,RF-v4,0.0065345769015517615,0.9934654230984485,0.0
1094,F-A1-DDOSLIKE-V-01,DDoS,DDoS,RF-v4,0.16776916683802662,0.8241884209389069,0.00804241222306697
1095,F-A1-DDOSLIKE-V-01,DDoS,DDoS,RF-v4,0.010557665496870981,0.9894423345031292,0.0
1096,F-A1-DDOSLIKE-V-01,DDoS,DDoS,RF-v4,0.13922685546983085,0.8527260931469917,0.00804705138317808
1097,F-A1-DDOSLIKE-V-01,DDoS,DDoS,RF-v4,0.007649389969727787,0.9923506100302723,0.0
1098,F-A1-DDOSLIKE-V-01,DDoS,DDoS,RF-v4,0.15408749872627284,0.8359416634347105,0.009970837839016481
1099,F-A1-DDOSLIKE-V-01,DDoS,DDoS,RF-v4,0.012791424519636108,0.9871417122516496,6.686322871445769e-05
1100,F-A1-DDOSLIKE-V-01,DDoS,DDoS,RF-v4,0.19950312493711045,0.7876759374283072,0.01282093763458273
1101,F-A1-DDOSLIKE-V-01,DDoS,DDoS,RF-v4,0.006653653316117093,0.993346346683883,0.0
1102,F-A1-DDOSLIKE-V-01,DDoS,DDoS,RF-v4,0.13922685546983085,0.8527260931469917,0.00804705138317808
1103,F-A1-DDOSLIKE-V-01,DDoS,DDoS,RF-v4,0.00263365441155992,0.9973663455884402,0.0
1104,F-A1-DDOSLIKE-V-01,DDoS,DDoS,RF-v4,0.13922685546983085,0.8527260931469917,0.00804705138317808
1105,F-A1-DDOSLIKE-V-01,DDoS,DDoS,RF-v4,0.014929903261386634,0.9850700967386135,0.0
1106,F-A1-DDOSLIKE-V-01,DDoS,DDoS,RF-v4,0.13922685546983085,0.8527260931469917,0.00804705138317808
1107,F-A1-DDOSLIKE-V-01,DDoS,DDoS,RF-v4,0.00263365441155992,0.9973663455884402,0.0
1108,F-A1-DDOSLIKE-V-01,DDoS,DDoS,RF-v4,0.13922685546983085,0.8527260931469917,0.00804705138317808
1109,F-A1-DDOSLIKE-V-01,DDoS,DDoS,RF-v4,0.009759955347536015,0.9901731814237497,6.686322871445769e-05
1110,F-A1-DDOSLIKE-V-01,DDoS,DDoS,RF-v4,0.25164493788513925,0.7346982478927453,0.013656814222116065
1111,F-A1-DDOSLIKE-V-01,DDoS,DDoS,RF-v4,0.4383351485691536,0.4665912471039306,0.09507360432691714
1112,F-A1-DDOSLIKE-V-01,DDoS,DDoS,RF-v4,0.3448233114948787,0.5883343790327418,0.06684230947238025
1113,F-A1-DDOSLIKE-V-01,DDoS,DDoS,RF-v4,0.39564752332840264,0.5643986770855025,0.03995379958609568
1114,F-A1-DDOSLIKE-V-01,DDoS,DDoS,RF-v4,0.40753471049215795,0.5008108590717983,0.09165443043604514
1115,F-A1-DDOSLIKE-V-01,DDoS,DDoS,RF-v4,0.41030030536357875,0.49633567725494143,0.09336401738148113
1116,F-A1-DDOSLIKE-V-01,DDoS,Normal,RF-v4,0.5446438559629141,0.35472040494239215,0.10063573909469486
1117,F-A1-DDOSLIKE-V-02,DDoS,DDoS,RF-v4,0.03744147786983748,0.9625585221301627,0.0
1118,F-A1-DDOSLIKE-V-02,DDoS,DDoS,RF-v4,0.027970146643403197,0.9720298533565971,0.0
1119,F-A1-DDOSLIKE-V-02,DDoS,DDoS,RF-v4,0.14759288416898747,0.8440938093965843,0.008313306434428227
1120,F-A1-DDOSLIKE-V-02,DDoS,DDoS,RF-v4,0.14548486710184172,0.84620182646373,0.008313306434428227
1121,F-A1-DDOSLIKE-V-02,DDoS,DDoS,RF-v4,0.11555311210510677,0.8807643972620629,0.003682490632830384
1122,F-A1-DDOSLIKE-V-02,DDoS,DDoS,RF-v4,0.01212383733304788,0.9878761626669522,0.0
1123,F-A1-DDOSLIKE-V-02,DDoS,Normal,RF-v4,0.9530169161565883,0.038827744580148524,0.008155339263261783
1124,F-A1-DDOSLIKE-V-02,DDoS,DDoS,RF-v4,0.14759288416898747,0.8440938093965843,0.008313306434428227
1125,F-A1-DDOSLIKE-V-02,DDoS,DDoS,RF-v4,0.0065345769015517615,0.9934654230984485,0.0
1126,F-A1-DDOSLIKE-V-02,DDoS,DDoS,RF-v4,0.13922685546983085,0.8527260931469917,0.00804705138317808
1127,F-A1-DDOSLIKE-V-02,DDoS,DDoS,RF-v4,0.010557665496870981,0.9894423345031292,0.0
1128,F-A1-DDOSLIKE-V-02,DDoS,DDoS,RF-v4,0.13922685546983085,0.8527260931469917,0.00804705138317808
1129,F-A1-DDOSLIKE-V-02,DDoS,DDoS,RF-v4,0.007451363465452061,0.9925486365345482,0.0
1130,F-A1-DDOSLIKE-V-02,DDoS,DDoS,RF-v4,0.08384483121437412,0.9155854226655805,0.0005697461200456659
1131,F-A1-DDOSLIKE-V-02,DDoS,DDoS,RF-v4,0.16759896021464027,0.8241397888917793,0.008261250893580478
1132,F-A1-DDOSLIKE-V-02,DDoS,DDoS,RF-v4,0.16776916683802662,0.8241884209389069,0.00804241222306697
1133,F-A1-DDOSLIKE-V-02,DDoS,DDoS,RF-v4,0.010961748389058263,0.9890382516109417,0.0
1134,F-A1-DDOSLIKE-V-02,DDoS,DDoS,RF-v4,0.14759288416898747,0.8440938093965843,0.008313306434428227
1135,F-A1-DDOSLIKE-V-02,DDoS,DDoS,RF-v4,0.03250430204385426,0.9674956979561459,0.0
1136,F-A1-DDOSLIKE-V-02,DDoS,DDoS,RF-v4,0.16776916683802662,0.8241884209389069,0.00804241222306697
1137,F-A1-DDOSLIKE-V-02,DDoS,DDoS,RF-v4,0.042062615114753454,0.9579373848852468,0.0
1138,F-A1-DDOSLIKE-V-02,DDoS,DDoS,RF-v4,0.14759288416898747,0.8440938093965843,0.008313306434428227
1139,F-A1-DDOSLIKE-V-02,DDoS,DDoS,RF-v4,0.00263365441155992,0.9973663455884402,0.0
1140,F-A1-DDOSLIKE-V-02,DDoS,DDoS,RF-v4,0.16759896021464027,0.8241397888917793,0.008261250893580478
1141,F-A1-DDOSLIKE-V-02,DDoS,DDoS,RF-v4,0.015174436011165549,0.9847587007601202,6.686322871445769e-05
1142,F-A1-DDOSLIKE-V-02,DDoS,DDoS,RF-v4,0.011420416104855138,0.9885795838951451,0.0
1143,F-A1-DDOSLIKE-V-02,DDoS,DDoS,RF-v4,0.14759288416898747,0.8440938093965843,0.008313306434428227
1144,F-A1-DDOSLIKE-V-02,DDoS,DDoS,RF-v4,0.16938522928355773,0.822572358493376,0.00804241222306697
1145,F-A1-DDOSLIKE-V-02,DDoS,DDoS,RF-v4,0.011151347415846329,0.9887817893554393,6.686322871445769e-05
1146,F-A1-DDOSLIKE-V-02,DDoS,DDoS,RF-v4,0.13922685546983085,0.8527260931469917,0.00804705138317808
1147,F-A1-DDOSLIKE-V-02,DDoS,DDoS,RF-v4,0.015174436011165549,0.9847587007601202,6.686322871445769e-05
1148,F-A1-DDOSLIKE-V-02,DDoS,DDoS,RF-v4,0.13922685546983085,0.8527260931469917,0.00804705138317808
1149,F-A1-DDOSLIKE-V-02,DDoS,DDoS,RF-v4,0.006275539245629235,0.9937244607543709,0.0
1150,F-A1-DDOSLIKE-V-02,DDoS,DDoS,RF-v4,0.13922685546983085,0.8527260931469917,0.00804705138317808
1151,F-A1-DDOSLIKE-V-02,DDoS,DDoS,RF-v4,0.009661357046413492,0.9902717797248722,6.686322871445769e-05
1152,F-A1-DDOSLIKE-V-02,DDoS,DDoS,RF-v4,0.13922685546983085,0.8527260931469917,0.00804705138317808
1153,F-A1-DDOSLIKE-V-02,DDoS,DDoS,RF-v4,0.009759955347536015,0.9901731814237497,6.686322871445769e-05
1154,F-A1-DDOSLIKE-V-02,DDoS,DDoS,RF-v4,0.13922685546983085,0.8527260931469917,0.00804705138317808
1155,F-A1-DDOSLIKE-V-02,DDoS,DDoS,RF-v4,0.015174436011165549,0.9847587007601202,6.686322871445769e-05
1156,F-A1-DDOSLIKE-V-02,DDoS,DDoS,RF-v4,0.13922685546983085,0.8527260931469917,0.00804705138317808
1157,F-A1-DDOSLIKE-V-02,DDoS,DDoS,RF-v4,0.013461251999566506,0.9865387480004335,0.0
1158,F-A1-DDOSLIKE-V-02,DDoS,DDoS,RF-v4,0.14548486710184172,0.84620182646373,0.008313306434428227
1159,F-A1-DDOSLIKE-V-02,DDoS,DDoS,RF-v4,0.013783043942855233,0.9861500928284305,6.686322871445769e-05
1160,F-A1-DDOSLIKE-V-02,DDoS,DDoS,RF-v4,0.13922685546983085,0.8527260931469917,0.00804705138317808
1161,F-A1-DDOSLIKE-V-02,DDoS,DDoS,RF-v4,0.016166055434384673,0.983767081336901,6.686322871445769e-05
1162,F-A1-DDOSLIKE-V-02,DDoS,DDoS,RF-v4,0.13922685546983085,0.8527260931469917,0.00804705138317808
1163,F-A1-DDOSLIKE-V-02,DDoS,DDoS,RF-v4,0.01232532961573008,0.9858982202101196,0.0017764501741504598
1164,F-A1-DDOSLIKE-V-02,DDoS,Normal,RF-v4,0.9590750975122606,0.032663149312755047,0.008261753174982735
1165,F-A1-DDOSLIKE-V-02,DDoS,DDoS,RF-v4,0.012068133979746628,0.9879318660202534,0.0
1166,F-A1-DDOSLIKE-V-02,DDoS,DDoS,RF-v4,0.13922685546983085,0.8527260931469917,0.00804705138317808
1167,F-A1-DDOSLIKE-V-02,DDoS,DDoS,RF-v4,0.02797496612819076,0.9720250338718094,0.0
1168,F-A1-DDOSLIKE-V-02,DDoS,DDoS,RF-v4,0.13922685546983085,0.8527260931469917,0.00804705138317808
1169,F-A1-DDOSLIKE-V-02,DDoS,DDoS,RF-v4,0.011151347415846329,0.9888486525841538,0.0
1170,F-A1-DDOSLIKE-V-02,DDoS,DDoS,RF-v4,0.13922685546983085,0.8527260931469917,0.00804705138317808
1171,F-A1-DDOSLIKE-V-02,DDoS,DDoS,RF-v4,0.006982096042524842,0.9929510407287608,6.686322871445769e-05
1172,F-A1-DDOSLIKE-V-02,DDoS,DDoS,RF-v4,0.13922685546983085,0.8527260931469917,0.00804705138317808
1173,F-A1-DDOSLIKE-V-02,DDoS,DDoS,RF-v4,0.006653653316117093,0.993346346683883,0.0
1174,F-A1-DDOSLIKE-V-02,DDoS,DDoS,RF-v4,0.19950312493711045,0.7876759374283072,0.01282093763458273
1175,F-A1-DDOSLIKE-V-02,DDoS,DDoS,RF-v4,0.007451363465452061,0.9925486365345482,0.0
1176,F-A1-DDOSLIKE-V-02,DDoS,DDoS,RF-v4,0.27671371194680866,0.7143120421984399,0.008974245854751215
1177,F-A1-DDOSLIKE-V-02,DDoS,DDoS,RF-v4,0.014432429215131833,0.9855007075561539,6.686322871445769e-05
1178,F-A1-DDOSLIKE-V-02,DDoS,DDoS,RF-v4,0.14759288416898747,0.8440938093965843,0.008313306434428227
1179,F-A1-DDOSLIKE-V-02,DDoS,DDoS,RF-v4,0.009759955347536015,0.9901731814237497,6.686322871445769e-05
1180,F-A1-DDOSLIKE-V-02,DDoS,DDoS,RF-v4,0.13922685546983085,0.8527260931469917,0.00804705138317808
1181,F-A1-DDOSLIKE-V-02,DDoS,DDoS,RF-v4,0.0065345769015517615,0.9934654230984485,0.0
1182,F-A1-DDOSLIKE-V-02,DDoS,DDoS,RF-v4,0.13922685546983085,0.8527260931469917,0.00804705138317808
1183,F-A1-DDOSLIKE-V-02,DDoS,DDoS,RF-v4,0.012940676988400422,0.9869924597828853,6.686322871445769e-05
1184,F-A1-DDOSLIKE-V-02,DDoS,DDoS,RF-v4,0.13922685546983085,0.8527260931469917,0.00804705138317808
1185,F-A1-DDOSLIKE-V-02,DDoS,DDoS,RF-v4,0.0065345769015517615,0.9934654230984485,0.0
1186,F-A1-DDOSLIKE-V-02,DDoS,DDoS,RF-v4,0.16776916683802662,0.8241884209389069,0.00804241222306697
1187,F-A1-DDOSLIKE-V-02,DDoS,DDoS,RF-v4,0.007451363465452061,0.9925486365345482,0.0
1188,F-A1-DDOSLIKE-V-02,DDoS,DDoS,RF-v4,0.003428274870132841,0.9965717251298674,0.0
1189,F-A1-DDOSLIKE-V-02,DDoS,DDoS,RF-v4,0.18738262250493234,0.8032156137513573,0.00940176374371073
1190,F-A1-DDOSLIKE-V-02,DDoS,DDoS,RF-v4,0.18738262250493234,0.8032156137513573,0.00940176374371073
1191,F-A1-DDOSLIKE-V-02,DDoS,DDoS,RF-v4,0.010557665496870981,0.9894423345031292,0.0
1192,F-A1-DDOSLIKE-V-02,DDoS,DDoS,RF-v4,0.13922685546983085,0.8527260931469917,0.00804705138317808
1193,F-A1-DDOSLIKE-V-02,DDoS,DDoS,RF-v4,0.012791424519636108,0.9871417122516496,6.686322871445769e-05
1194,F-A1-DDOSLIKE-V-02,DDoS,DDoS,RF-v4,0.13922685546983085,0.8527260931469917,0.00804705138317808
1195,F-A1-DDOSLIKE-V-02,DDoS,DDoS,RF-v4,0.015230139364466799,0.9847698606355334,0.0
1196,F-A1-DDOSLIKE-V-02,DDoS,DDoS,RF-v4,0.16776916683802662,0.8241884209389069,0.00804241222306697
1197,F-A1-DDOSLIKE-V-02,DDoS,DDoS,RF-v4,0.016767718124807852,0.9832322818751923,0.0
1198,F-A1-DDOSLIKE-V-02,DDoS,Normal,RF-v4,0.5649294455836706,0.42702814219326224,0.00804241222306697
1199,F-A1-DDOSLIKE-V-02,DDoS,DDoS,RF-v4,0.015426250729862851,0.9845737492701374,0.0
1200,F-A1-DDOSLIKE-V-02,DDoS,Normal,RF-v4,0.9480782448714025,0.03937427452016658,0.012547480608431744
1201,F-A1-DDOSLIKE-V-02,DDoS,DDoS,RF-v4,0.032465512347028776,0.9675344876529715,0.0
1202,F-A1-DDOSLIKE-V-02,DDoS,DDoS,RF-v4,0.064739239295528,0.9352607607044726,0.0
1203,F-A1-DDOSLIKE-V-02,DDoS,DDoS,RF-v4,0.016166055434384673,0.983767081336901,6.686322871445769e-05
1204,F-A1-DDOSLIKE-V-02,DDoS,DDoS,RF-v4,0.22264072855659905,0.7693168592203342,0.00804241222306697
1205,F-A1-DDOSLIKE-V-02,DDoS,DDoS,RF-v4,0.012986587941032038,0.9870134120589681,0.0
1206,F-A1-DDOSLIKE-V-02,DDoS,DDoS,RF-v4,0.13922685546983085,0.8527260931469917,0.00804705138317808
1207,F-A1-DDOSLIKE-V-02,DDoS,DDoS,RF-v4,0.016619931005546647,0.983313205765739,6.686322871445769e-05
1208,F-A1-DDOSLIKE-V-02,DDoS,DDoS,RF-v4,0.2514494281840246,0.7400225184301678,0.00852805338580806
1209,F-A1-DDOSLIKE-V-02,DDoS,DDoS,RF-v4,0.007432787702519111,0.9925672122974809,0.0
1210,F-A1-DDOSLIKE-V-02,DDoS,DDoS,RF-v4,0.13922685546983085,0.8527260931469917,0.00804705138317808
1211,F-A1-DDOSLIKE-V-02,DDoS,DDoS,RF-v4,0.012142966839065454,0.9877901699322201,6.686322871445769e-05
1212,F-A1-DDOSLIKE-V-02,DDoS,Normal,RF-v4,0.7061726850149174,0.2852658179733238,0.008561497011759024
1213,F-A1-DDOSLIKE-V-02,DDoS,DDoS,RF-v4,0.01711787670035687,0.9828152600709288,6.686322871445769e-05
1214,F-A1-DDOSLIKE-V-02,DDoS,DDoS,RF-v4,0.13922685546983085,0.8527260931469917,0.00804705138317808
1215,F-A1-DDOSLIKE-V-02,DDoS,DDoS,RF-v4,0.00420740925653486,0.9957925907434653,0.0
1216,F-A1-DDOSLIKE-V-02,DDoS,DDoS,RF-v4,0.13922685546983085,0.8527260931469917,0.00804705138317808
1217,F-A1-DDOSLIKE-V-02,DDoS,DDoS,RF-v4,0.012940676988400422,0.9869924597828853,6.686322871445769e-05
1218,F-A1-DDOSLIKE-V-02,DDoS,DDoS,RF-v4,0.16776916683802662,0.8241884209389069,0.00804241222306697
1219,F-A1-DDOSLIKE-V-02,DDoS,DDoS,RF-v4,0.016166055434384673,0.983767081336901,6.686322871445769e-05
1220,F-A1-DDOSLIKE-V-02,DDoS,Normal,RF-v4,0.5864070439485776,0.4032935734109592,0.010299382640462974
1221,F-A1-DDOSLIKE-V-02,DDoS,DDoS,RF-v4,0.008984287833085313,0.9910157121669146,0.0
1222,F-A1-DDOSLIKE-V-02,DDoS,DDoS,RF-v4,0.14548486710184172,0.84620182646373,0.008313306434428227
1223,F-A1-DDOSLIKE-V-02,DDoS,DDoS,RF-v4,0.009759955347536015,0.9902400446524641,0.0
1224,F-A1-DDOSLIKE-V-02,DDoS,DDoS,RF-v4,0.16776916683802662,0.8241884209389069,0.00804241222306697
1225,F-A1-DDOSLIKE-V-02,DDoS,DDoS,RF-v4,0.00263365441155992,0.9973663455884402,0.0
1226,F-A1-DDOSLIKE-V-02,DDoS,DDoS,RF-v4,0.13922685546983085,0.8527260931469917,0.00804705138317808
1227,F-A1-DDOSLIKE-V-02,DDoS,DDoS,RF-v4,0.017576296870235916,0.9823568399010497,6.686322871445769e-05
1228,F-A1-DDOSLIKE-V-02,DDoS,DDoS,RF-v4,0.25164493788513925,0.7346982478927453,0.013656814222116065
1229,F-A1-DDOSLIKE-V-02,DDoS,DDoS,RF-v4,0.01685061412469372,0.9831493858753064,0.0
1230,F-A1-DDOSLIKE-V-02,DDoS,DDoS,RF-v4,0.13922685546983085,0.8527260931469917,0.00804705138317808
1231,F-A1-DDOSLIKE-V-02,DDoS,DDoS,RF-v4,0.01685061412469372,0.9831493858753064,0.0
1232,F-A1-DDOSLIKE-V-02,DDoS,DDoS,RF-v4,0.16776916683802662,0.8241884209389069,0.00804241222306697
1233,F-A1-DDOSLIKE-V-02,DDoS,DDoS,RF-v4,0.003428274870132841,0.9965717251298674,0.0
1234,F-A1-DDOSLIKE-V-02,DDoS,DDoS,RF-v4,0.028379203175650236,0.9716207968243501,0.0
1235,F-A1-DDOSLIKE-V-02,DDoS,DDoS,RF-v4,0.19950312493711045,0.7876759374283072,0.01282093763458273
1236,F-A1-DDOSLIKE-V-02,DDoS,DDoS,RF-v4,0.0065345769015517615,0.9934654230984485,0.0
1237,F-A1-DDOSLIKE-V-02,DDoS,DDoS,RF-v4,0.16776916683802662,0.8241884209389069,0.00804241222306697
1238,F-A1-DDOSLIKE-V-02,DDoS,DDoS,RF-v4,0.011151347415846329,0.9887817893554393,6.686322871445769e-05
1239,F-A1-DDOSLIKE-V-02,DDoS,DDoS,RF-v4,0.27671371194680866,0.7143120421984399,0.008974245854751215
1240,F-A1-DDOSLIKE-V-02,DDoS,DDoS,RF-v4,0.008341294896786616,0.9916587051032135,0.0
1241,F-A1-DDOSLIKE-V-02,DDoS,DDoS,RF-v4,0.16776916683802662,0.8241884209389069,0.00804241222306697
1242,F-A1-DDOSLIKE-V-02,DDoS,DDoS,RF-v4,0.011151347415846329,0.9887817893554393,6.686322871445769e-05
1243,F-A1-DDOSLIKE-V-02,DDoS,DDoS,RF-v4,0.13922685546983085,0.8527260931469917,0.00804705138317808
1244,F-A1-DDOSLIKE-V-02,DDoS,DDoS,RF-v4,0.013783043942855233,0.9861500928284305,6.686322871445769e-05
1245,F-A1-DDOSLIKE-V-02,DDoS,DDoS,RF-v4,0.13922685546983085,0.8527260931469917,0.00804705138317808
1246,F-A1-DDOSLIKE-V-02,DDoS,DDoS,RF-v4,0.029233526831714,0.9666473605402999,0.004119112627986348
1247,F-A1-DDOSLIKE-V-02,DDoS,DDoS,RF-v4,0.13922685546983085,0.8527260931469917,0.00804705138317808
1248,F-A1-DDOSLIKE-V-02,DDoS,DDoS,RF-v4,0.015281714346095971,0.9847182856539043,0.0
1249,F-A1-DDOSLIKE-V-02,DDoS,DDoS,RF-v4,0.13922685546983085,0.8527260931469917,0.00804705138317808
1250,F-A1-DDOSLIKE-V-02,DDoS,DDoS,RF-v4,0.016166055434384673,0.9838339445656155,0.0
1251,F-A1-DDOSLIKE-V-02,DDoS,DDoS,RF-v4,0.16776916683802662,0.8241884209389069,0.00804241222306697
1252,F-A1-DDOSLIKE-V-02,DDoS,DDoS,RF-v4,0.010557665496870981,0.9894423345031292,0.0
1253,F-A1-DDOSLIKE-V-02,DDoS,DDoS,RF-v4,0.16776916683802662,0.8241884209389069,0.00804241222306697
1254,F-A1-DDOSLIKE-V-02,DDoS,DDoS,RF-v4,0.005665123583660015,0.9943348764163402,0.0
1255,F-A1-DDOSLIKE-V-02,DDoS,DDoS,RF-v4,0.2479123706331559,0.7440452171437775,0.00804241222306697
1256,F-A1-DDOSLIKE-V-02,DDoS,DDoS,RF-v4,0.014332585490750383,0.981481438652549,0.0041859758567008055
1257,F-A1-DDOSLIKE-V-02,DDoS,DDoS,RF-v4,0.13922685546983085,0.8527260931469917,0.00804705138317808
1258,F-A1-DDOSLIKE-V-02,DDoS,DDoS,RF-v4,0.011151347415846329,0.9887817893554393,6.686322871445769e-05
1259,F-A1-DDOSLIKE-V-02,DDoS,DDoS,RF-v4,0.13922685546983085,0.8527260931469917,0.00804705138317808
1260,F-A1-DDOSLIKE-V-02,DDoS,DDoS,RF-v4,0.010557665496870981,0.9894423345031292,0.0
1261,F-A1-DDOSLIKE-V-02,DDoS,DDoS,RF-v4,0.13922685546983085,0.8527260931469917,0.00804705138317808
1262,F-A1-DDOSLIKE-V-02,DDoS,DDoS,RF-v4,0.008768335924316889,0.9911648008469688,6.686322871445769e-05
1263,F-A1-DDOSLIKE-V-02,DDoS,DDoS,RF-v4,0.22264072855659905,0.7693168592203342,0.00804241222306697
1264,F-A1-DDOSLIKE-V-02,DDoS,DDoS,RF-v4,0.009759955347536015,0.9901731814237497,6.686322871445769e-05
1265,F-A1-DDOSLIKE-V-02,DDoS,DDoS,RF-v4,0.16776916683802662,0.8241884209389069,0.00804241222306697
1266,F-A1-DDOSLIKE-V-02,DDoS,DDoS,RF-v4,0.012791424519636108,0.9871417122516496,6.686322871445769e-05
1267,F-A1-DDOSLIKE-V-02,DDoS,DDoS,RF-v4,0.13922685546983085,0.8527260931469917,0.00804705138317808
1268,F-A1-DDOSLIKE-V-02,DDoS,DDoS,RF-v4,0.016455566313232754,0.9835444336867674,0.0
1269,F-A1-DDOSLIKE-V-02,DDoS,DDoS,RF-v4,0.14759288416898747,0.8440938093965843,0.008313306434428227
1270,F-A1-DDOSLIKE-V-02,DDoS,DDoS,RF-v4,0.008768335924316889,0.9912316640756832,0.0
1271,F-A1-DDOSLIKE-V-02,DDoS,DDoS,RF-v4,0.13922685546983085,0.8527260931469917,0.00804705138317808
1272,F-A1-DDOSLIKE-V-02,DDoS,DDoS,RF-v4,0.020292960848416693,0.9766611578675132,0.003045881284070261
1273,F-A1-DDOSLIKE-V-02,DDoS,DDoS,RF-v4,0.16776916683802662,0.8241884209389069,0.00804241222306697
1274,F-A1-DDOSLIKE-V-02,DDoS,DDoS,RF-v4,0.008984287833085313,0.9879698308828444,0.003045881284070261
1275,F-A1-DDOSLIKE-V-02,DDoS,DDoS,RF-v4,0.25164493788513925,0.7346982478927453,0.013656814222116065
1276,F-A1-DDOSLIKE-V-02,DDoS,DDoS,RF-v4,0.009759955347536015,0.9901731814237497,6.686322871445769e-05
1277,F-A1-DDOSLIKE-V-02,DDoS,DDoS,RF-v4,0.13922685546983085,0.8527260931469917,0.00804705138317808
1278,F-A1-DDOSLIKE-V-02,DDoS,DDoS,RF-v4,0.020838529301980494,0.9790946074693052,6.686322871445769e-05
1279,F-A1-DDOSLIKE-V-02,DDoS,DDoS,RF-v4,0.16776916683802662,0.8241884209389069,0.00804241222306697
1280,F-A1-DDOSLIKE-V-02,DDoS,DDoS,RF-v4,0.04786045092125929,0.9503331910619183,0.0018063580168224246
1281,F-A1-DDOSLIKE-V-02,DDoS,DDoS,RF-v4,0.18738262250493234,0.8032156137513573,0.00940176374371073
1282,F-A1-DDOSLIKE-V-02,DDoS,DDoS,RF-v4,0.05039298337932534,0.9478100140552763,0.0017970025653984657
1283,F-A1-DDOSLIKE-V-02,DDoS,DDoS,RF-v4,0.14548486710184172,0.84620182646373,0.008313306434428227
1284,F-A1-DDOSLIKE-V-02,DDoS,DDoS,RF-v4,0.04225035200896071,0.9577496479910392,0.0
1285,F-A1-DDOSLIKE-V-02,DDoS,Normal,RF-v4,0.9530169161565883,0.038827744580148524,0.008155339263261783
1286,F-A1-DDOSLIKE-V-02,DDoS,DDoS,RF-v4,0.037354653254164705,0.9626453467458355,0.0
1287,F-A1-DDOSLIKE-V-02,DDoS,Normal,RF-v4,0.9590750975122606,0.032663149312755047,0.008261753174982735
1288,F-A1-DDOSLIKE-V-02,DDoS,DDoS,RF-v4,0.0739336609308503,0.92424961905597,0.0018167200131796882
1289,F-A1-DDOSLIKE-V-02,DDoS,Normal,RF-v4,0.9530169161565883,0.038827744580148524,0.008155339263261783
1290,F-A1-DDOSLIKE-V-02,DDoS,DDoS,RF-v4,0.04884021162125283,0.9511597883787474,0.0
1291,F-A1-DDOSLIKE-V-02,DDoS,Normal,RF-v4,0.8940281543669789,0.09766016989386272,0.00831167573915768
1292,F-A1-DDOSLIKE-V-02,DDoS,DDoS,RF-v4,0.05713773529409062,0.9426857681739143,0.00017649653199516683
1293,F-A1-DDOSLIKE-V-02,DDoS,DDoS,RF-v4,0.14759288416898747,0.8440938093965843,0.008313306434428227
1294,F-A1-DDOSLIKE-V-02,DDoS,DDoS,RF-v4,0.0817710080615024,0.9181295490301076,9.94429083899669e-05
1295,F-A1-DDOSLIKE-V-02,DDoS,Normal,RF-v4,0.9530169161565883,0.038827744580148524,0.008155339263261783
1296,F-A1-DDOSLIKE-V-02,DDoS,DDoS,RF-v4,0.0789336609308503,0.91924961905597,0.0018167200131796882
1297,F-A1-DDOSLIKE-V-02,DDoS,Normal,RF-v4,0.9638096533040212,0.02782507499228079,0.008365271703698114
1298,F-A1-DDOSLIKE-V-02,DDoS,DDoS,RF-v4,0.026089398398373587,0.9739106016016266,0.0
1299,F-A1-DDOSLIKE-V-02,DDoS,Normal,RF-v4,0.9590750975122606,0.032663149312755047,0.008261753174982735
1300,F-A1-DDOSLIKE-V-02,DDoS,DDoS,RF-v4,0.007649389969727787,0.9923506100302723,0.0
1301,F-A1-DDOSLIKE-V-02,DDoS,Normal,RF-v4,0.556535477388636,0.43366123260262535,0.009803290008738334
1302,F-A1-DDOSLIKE-V-02,DDoS,DDoS,RF-v4,0.009759955347536015,0.9901731814237497,6.686322871445769e-05
1303,F-A1-DDOSLIKE-V-02,DDoS,DDoS,RF-v4,0.13922685546983085,0.8527260931469917,0.00804705138317808
1304,F-A1-DDOSLIKE-V-02,DDoS,DDoS,RF-v4,0.011119071373538646,0.988814065397747,6.686322871445769e-05
1305,F-A1-DDOSLIKE-V-02,DDoS,DDoS,RF-v4,0.13922685546983085,0.8527260931469917,0.00804705138317808
1306,F-A1-DDOSLIKE-V-02,DDoS,DDoS,RF-v4,0.013783043942855233,0.9861500928284305,6.686322871445769e-05
1307,F-A1-DDOSLIKE-V-02,DDoS,DDoS,RF-v4,0.16776916683802662,0.8241884209389069,0.00804241222306697
1308,F-A1-DDOSLIKE-V-02,DDoS,DDoS,RF-v4,0.00263365441155992,0.9973663455884402,0.0
1309,F-A1-DDOSLIKE-V-02,DDoS,DDoS,RF-v4,0.14548486710184172,0.84620182646373,0.008313306434428227
1310,F-A1-DDOSLIKE-V-02,DDoS,DDoS,RF-v4,0.013495474464303926,0.9865045255356963,0.0
1311,F-A1-DDOSLIKE-V-02,DDoS,DDoS,RF-v4,0.2520359572873685,0.7394359893268239,0.00852805338580806
1312,F-A1-DDOSLIKE-V-02,DDoS,DDoS,RF-v4,0.008984287833085313,0.9910157121669146,0.0
1313,F-A1-DDOSLIKE-V-02,DDoS,DDoS,RF-v4,0.14759288416898747,0.8440938093965843,0.008313306434428227
1314,F-A1-DDOSLIKE-V-02,DDoS,DDoS,RF-v4,0.010557665496870981,0.9894423345031292,0.0
1315,F-A1-DDOSLIKE-V-02,DDoS,DDoS,RF-v4,0.16776916683802662,0.8241884209389069,0.00804241222306697
1316,F-A1-DDOSLIKE-V-02,DDoS,DDoS,RF-v4,0.003767085413982867,0.9962329145860173,0.0
1317,F-A1-DDOSLIKE-V-02,DDoS,DDoS,RF-v4,0.14759288416898747,0.8440938093965843,0.008313306434428227
1318,F-A1-DDOSLIKE-V-02,DDoS,DDoS,RF-v4,0.011084270056205199,0.9889157299437948,0.0
1319,F-A1-DDOSLIKE-V-02,DDoS,DDoS,RF-v4,0.14759288416898747,0.8406746355057123,0.01173248032530023
1320,F-A1-DDOSLIKE-V-02,DDoS,DDoS,RF-v4,0.03282860083982171,0.9671713991601782,0.0
1321,F-A1-DDOSLIKE-V-02,DDoS,Normal,RF-v4,0.6219176543703581,0.3686583548213963,0.0094239908082445
1322,F-A1-DDOSLIKE-V-02,DDoS,DDoS,RF-v4,0.015174436011165549,0.9847587007601202,6.686322871445769e-05
1323,F-A1-DDOSLIKE-V-02,DDoS,DDoS,RF-v4,0.13922685546983085,0.8527260931469917,0.00804705138317808
1324,F-A1-DDOSLIKE-V-02,DDoS,DDoS,RF-v4,0.015174436011165549,0.9847587007601202,6.686322871445769e-05
1325,F-A1-DDOSLIKE-V-02,DDoS,DDoS,RF-v4,0.16776916683802662,0.8241884209389069,0.00804241222306697
1326,F-A1-DDOSLIKE-V-02,DDoS,DDoS,RF-v4,0.015174436011165549,0.9847587007601202,6.686322871445769e-05
1327,F-A1-DDOSLIKE-V-02,DDoS,DDoS,RF-v4,0.16938522928355773,0.822572358493376,0.00804241222306697
1328,F-A1-DDOSLIKE-V-02,DDoS,DDoS,RF-v4,0.015174436011165549,0.9847587007601202,6.686322871445769e-05
1329,F-A1-DDOSLIKE-V-02,DDoS,DDoS,RF-v4,0.16776916683802662,0.8241884209389069,0.00804241222306697
1330,F-A1-DDOSLIKE-V-02,DDoS,DDoS,RF-v4,0.012791424519636108,0.9871417122516496,6.686322871445769e-05
1331,F-A1-DDOSLIKE-V-02,DDoS,DDoS,RF-v4,0.13922685546983085,0.8527260931469917,0.00804705138317808
1332,F-A1-DDOSLIKE-V-02,DDoS,DDoS,RF-v4,0.008984287833085313,0.9910157121669146,0.0
1333,F-A1-DDOSLIKE-V-02,DDoS,DDoS,RF-v4,0.14759288416898747,0.8440938093965843,0.008313306434428227
1334,F-A1-DDOSLIKE-V-02,DDoS,DDoS,RF-v4,0.023127991678046876,0.9768720083219533,0.0
1335,F-A1-DDOSLIKE-V-02,DDoS,DDoS,RF-v4,0.196727570240124,0.7904514921252936,0.01282093763458273
1336,F-A1-DDOSLIKE-V-02,DDoS,DDoS,RF-v4,0.013654175127620264,0.9863458248723798,0.0
1337,F-A1-DDOSLIKE-V-02,DDoS,DDoS,RF-v4,0.13922685546983085,0.8527260931469917,0.00804705138317808
1338,F-A1-DDOSLIKE-V-02,DDoS,DDoS,RF-v4,0.013783043942855233,0.9861500928284305,6.686322871445769e-05
1339,F-A1-DDOSLIKE-V-02,DDoS,DDoS,RF-v4,0.13922685546983085,0.8527260931469917,0.00804705138317808
1340,F-A1-DDOSLIKE-V-02,DDoS,DDoS,RF-v4,0.012142966839065454,0.9878570331609346,0.0
1341,F-A1-DDOSLIKE-V-02,DDoS,DDoS,RF-v4,0.16776916683802662,0.8241884209389069,0.00804241222306697
1342,F-A1-DDOSLIKE-V-02,DDoS,DDoS,RF-v4,0.003977482002990491,0.9960225179970097,0.0
1343,F-A1-DDOSLIKE-V-02,DDoS,DDoS,RF-v4,0.14548486710184172,0.84620182646373,0.008313306434428227
1344,F-A1-DDOSLIKE-V-02,DDoS,DDoS,RF-v4,0.009420810887355534,0.9905123258839302,6.686322871445769e-05
1345,F-A1-DDOSLIKE-V-02,DDoS,DDoS,RF-v4,0.007451363465452061,0.9925486365345482,0.0
1346,F-A1-DDOSLIKE-V-02,DDoS,DDoS,RF-v4,0.16776916683802662,0.8241884209389069,0.00804241222306697
1347,F-A1-DDOSLIKE-V-02,DDoS,DDoS,RF-v4,0.13922685546983085,0.8527260931469917,0.00804705138317808
1348,F-A1-DDOSLIKE-V-02,DDoS,DDoS,RF-v4,0.006653653316117093,0.993346346683883,0.0
1349,F-A1-DDOSLIKE-V-02,DDoS,DDoS,RF-v4,0.13922685546983085,0.8527260931469917,0.00804705138317808
1350,F-A1-DDOSLIKE-V-02,DDoS,DDoS,RF-v4,0.020880198519741485,0.9749338256235579,0.0041859758567008055
1351,F-A1-DDOSLIKE-V-02,DDoS,Normal,RF-v4,0.5929293643285328,0.39726734566272853,0.009803290008738334
1352,F-A1-DDOSLIKE-V-02,DDoS,DDoS,RF-v4,0.015174436011165549,0.9847587007601202,6.686322871445769e-05
1353,F-A1-DDOSLIKE-V-02,DDoS,DDoS,RF-v4,0.16776916683802662,0.8241884209389069,0.00804241222306697
1354,F-A1-DDOSLIKE-V-02,DDoS,DDoS,RF-v4,0.008341294896786616,0.9916587051032135,0.0
1355,F-A1-DDOSLIKE-V-02,DDoS,DDoS,RF-v4,0.13922685546983085,0.8527260931469917,0.00804705138317808
1356,F-A1-DDOSLIKE-V-02,DDoS,DDoS,RF-v4,0.016166055434384673,0.983767081336901,6.686322871445769e-05
1357,F-A1-DDOSLIKE-V-02,DDoS,DDoS,RF-v4,0.16776916683802662,0.8241884209389069,0.00804241222306697
1358,F-A1-DDOSLIKE-V-02,DDoS,DDoS,RF-v4,0.013461251999566506,0.9865387480004335,0.0
1359,F-A1-DDOSLIKE-V-02,DDoS,Normal,RF-v4,0.6015630838510071,0.3895672628078589,0.008869653341132742
1360,F-A1-DDOSLIKE-V-02,DDoS,DDoS,RF-v4,0.015174436011165549,0.9847587007601202,6.686322871445769e-05
1361,F-A1-DDOSLIKE-V-02,DDoS,DDoS,RF-v4,0.13922685546983085,0.8527260931469917,0.00804705138317808
1362,F-A1-DDOSLIKE-V-02,DDoS,DDoS,RF-v4,0.012905311255330693,0.987027825515955,6.686322871445769e-05
1363,F-A1-DDOSLIKE-V-02,DDoS,DDoS,RF-v4,0.16776916683802662,0.8241884209389069,0.00804241222306697
1364,F-A1-DDOSLIKE-V-02,DDoS,DDoS,RF-v4,0.009759955347536015,0.9901731814237497,6.686322871445769e-05
1365,F-A1-DDOSLIKE-V-02,DDoS,DDoS,RF-v4,0.13922685546983085,0.8527260931469917,0.00804705138317808
1366,F-A1-DDOSLIKE-V-02,DDoS,DDoS,RF-v4,0.010557665496870981,0.9893754712744147,6.686322871445769e-05
1367,F-A1-DDOSLIKE-V-02,DDoS,Normal,RF-v4,0.5701577018415459,0.4200390081497154,0.009803290008738334
1368,F-A1-DDOSLIKE-V-02,DDoS,DDoS,RF-v4,0.029555920493819814,0.9673981982221102,0.003045881284070261
1369,F-A1-DDOSLIKE-V-02,DDoS,DDoS,RF-v4,0.13922685546983085,0.8527260931469917,0.00804705138317808
1370,F-A1-DDOSLIKE-V-02,DDoS,DDoS,RF-v4,0.009661357046413492,0.9902717797248722,6.686322871445769e-05
1371,F-A1-DDOSLIKE-V-02,DDoS,DDoS,RF-v4,0.27203549768007734,0.7190948489787898,0.008869653341132742
1372,F-A1-DDOSLIKE-V-02,DDoS,DDoS,RF-v4,0.013783043942855233,0.9861500928284305,6.686322871445769e-05
1373,F-A1-DDOSLIKE-V-02,DDoS,DDoS,RF-v4,0.20204014011484248,0.7763745710051659,0.02158528887999178
1374,F-A1-DDOSLIKE-V-02,DDoS,DDoS,RF-v4,0.013461251999566506,0.9865387480004335,0.0
1375,F-A1-DDOSLIKE-V-02,DDoS,DDoS,RF-v4,0.14759288416898747,0.8440938093965843,0.008313306434428227
1376,F-A1-DDOSLIKE-V-02,DDoS,DDoS,RF-v4,0.0235077545765805,0.9764253821947052,6.686322871445769e-05
1377,F-A1-DDOSLIKE-V-02,DDoS,DDoS,RF-v4,0.13922685546983085,0.8527260931469917,0.00804705138317808
1378,F-A1-DDOSLIKE-V-02,DDoS,DDoS,RF-v4,0.01946846883119965,0.9804646679400861,6.686322871445769e-05
1379,F-A1-DDOSLIKE-V-02,DDoS,DDoS,RF-v4,0.16776916683802662,0.8241884209389069,0.00804241222306697
1380,F-A1-DDOSLIKE-V-02,DDoS,DDoS,RF-v4,0.0065345769015517615,0.9934654230984485,0.0
1381,F-A1-DDOSLIKE-V-02,DDoS,DDoS,RF-v4,0.16776916683802662,0.8241884209389069,0.00804241222306697
1382,F-A1-DDOSLIKE-V-02,DDoS,DDoS,RF-v4,0.027867242622276706,0.9721327573777233,0.0
1383,F-A1-DDOSLIKE-V-02,DDoS,DDoS,RF-v4,0.13922685546983085,0.8527260931469917,0.00804705138317808
1384,F-A1-DDOSLIKE-V-02,DDoS,DDoS,RF-v4,0.03451186777838621,0.965488132221614,0.0
1385,F-A1-DDOSLIKE-V-02,DDoS,Normal,RF-v4,0.428363170384532,0.42493603488352993,0.1467007947319387
1386,F-A1-DDOSLIKE-V-02,DDoS,DDoS,RF-v4,0.17259985848067794,0.8162461070821223,0.011154034437200262
1387,F-A1-DDOSLIKE-V-02,DDoS,DDoS,RF-v4,0.00565619385558697,0.9943438061444131,0.0
1388,F-A1-DDOSLIKE-V-02,DDoS,DDoS,RF-v4,0.16776916683802662,0.8241884209389069,0.00804241222306697
1389,F-A1-DDOSLIKE-V-02,DDoS,DDoS,RF-v4,0.020361527730107496,0.9796384722698925,0.0
1390,F-A1-DDOSLIKE-V-02,DDoS,DDoS,RF-v4,0.16776916683802662,0.8241884209389069,0.00804241222306697
1391,F-A1-DDOSLIKE-V-02,DDoS,DDoS,RF-v4,0.06348904485485271,0.9365109551451478,0.0
1392,F-A1-DDOSLIKE-V-02,DDoS,DDoS,RF-v4,0.29926348800656527,0.6492111440778833,0.05152536791555165
1393,F-A1-DDOSLIKE-V-02,DDoS,DDoS,RF-v4,0.01101657999491586,0.9859375387210139,0.003045881284070261
1394,F-A1-DDOSLIKE-V-02,DDoS,DDoS,RF-v4,0.14548486710184172,0.84620182646373,0.008313306434428227
1395,F-A1-DDOSLIKE-V-02,DDoS,DDoS,RF-v4,0.010133158022068163,0.989866841977932,0.0
1396,F-A1-DDOSLIKE-V-02,DDoS,DDoS,RF-v4,0.14759288416898747,0.8440938093965843,0.008313306434428227
1397,F-A1-DDOSLIKE-V-02,DDoS,DDoS,RF-v4,0.00263365441155992,0.9973663455884402,0.0
1398,F-A1-DDOSLIKE-V-02,DDoS,DDoS,RF-v4,0.27671371194680866,0.7143120421984399,0.008974245854751215
1399,F-A1-DDOSLIKE-V-02,DDoS,DDoS,RF-v4,0.005665123583660015,0.9943348764163402,0.0
1400,F-A1-DDOSLIKE-V-02,DDoS,DDoS,RF-v4,0.14231220643369075,0.846482492440866,0.011205301125443934
1401,F-A1-DDOSLIKE-V-02,DDoS,DDoS,RF-v4,0.008771425615078937,0.9911617111562069,6.686322871445769e-05
1402,F-A1-DDOSLIKE-V-02,DDoS,DDoS,RF-v4,0.13922685546983085,0.8527260931469917,0.00804705138317808
1403,F-A1-DDOSLIKE-V-02,DDoS,DDoS,RF-v4,0.012043669275582862,0.9879563307244174,0.0
1404,F-A1-DDOSLIKE-V-02,DDoS,DDoS,RF-v4,0.13922685546983085,0.8527260931469917,0.00804705138317808
1405,F-A1-DDOSLIKE-V-02,DDoS,DDoS,RF-v4,0.01984690987876137,0.9800862268925243,6.686322871445769e-05
1406,F-A1-DDOSLIKE-V-02,DDoS,DDoS,RF-v4,0.17234179698124097,0.8196157907956925,0.00804241222306697
1407,F-A1-DDOSLIKE-V-02,DDoS,DDoS,RF-v4,0.011805360416177784,0.9851487582997521,0.003045881284070261
1408,F-A1-DDOSLIKE-V-02,DDoS,DDoS,RF-v4,0.14548486710184172,0.84620182646373,0.008313306434428227
1409,F-A1-DDOSLIKE-V-02,DDoS,DDoS,RF-v4,0.0065345769015517615,0.9934654230984485,0.0
1410,F-A1-DDOSLIKE-V-02,DDoS,DDoS,RF-v4,0.13922685546983085,0.8527260931469917,0.00804705138317808
1411,F-A1-DDOSLIKE-V-02,DDoS,DDoS,RF-v4,0.011005184637844063,0.9889279521334415,6.686322871445769e-05
1412,F-A1-DDOSLIKE-V-02,DDoS,DDoS,RF-v4,0.13922685546983085,0.8527260931469917,0.00804705138317808
1413,F-A1-DDOSLIKE-V-02,DDoS,DDoS,RF-v4,0.009547470310718908,0.9903856664605667,6.686322871445769e-05
1414,F-A1-DDOSLIKE-V-02,DDoS,DDoS,RF-v4,0.13922685546983085,0.8527260931469917,0.00804705138317808
1415,F-A1-DDOSLIKE-V-02,DDoS,DDoS,RF-v4,0.009834374956981501,0.9901656250430187,0.0
1416,F-A1-DDOSLIKE-V-02,DDoS,DDoS,RF-v4,0.14759288416898747,0.8423842224511483,0.010022893379864228
1417,F-A1-DDOSLIKE-V-02,DDoS,DDoS,RF-v4,0.0065345769015517615,0.9934654230984485,0.0
1418,F-A1-DDOSLIKE-V-02,DDoS,DDoS,RF-v4,0.13922685546983085,0.8527260931469917,0.00804705138317808
1419,F-A1-DDOSLIKE-V-02,DDoS,DDoS,RF-v4,0.008768335924316889,0.9912316640756832,0.0
1420,F-A1-DDOSLIKE-V-02,DDoS,DDoS,RF-v4,0.14759288416898747,0.8376287542216422,0.01477836160937049
1421,F-A1-DDOSLIKE-V-02,DDoS,DDoS,RF-v4,0.010557665496870981,0.9894423345031292,0.0
1422,F-A1-DDOSLIKE-V-02,DDoS,DDoS,RF-v4,0.13922685546983085,0.8527260931469917,0.00804705138317808
1423,F-A1-DDOSLIKE-V-02,DDoS,DDoS,RF-v4,0.017732227270561573,0.9822677727294387,0.0
1424,F-A1-DDOSLIKE-V-02,DDoS,DDoS,RF-v4,0.14759288416898747,0.8440938093965843,0.008313306434428227
1425,F-A1-DDOSLIKE-V-02,DDoS,DDoS,RF-v4,0.00263365441155992,0.9973663455884402,0.0
1426,F-A1-DDOSLIKE-V-02,DDoS,DDoS,RF-v4,0.13922685546983085,0.8527260931469917,0.00804705138317808
1427,F-A1-DDOSLIKE-V-02,DDoS,DDoS,RF-v4,0.005665123583660015,0.9943348764163402,0.0
1428,F-A1-DDOSLIKE-V-02,DDoS,Normal,RF-v4,0.556535477388636,0.43366123260262535,0.009803290008738334
1429,F-A1-DDOSLIKE-V-02,DDoS,DDoS,RF-v4,0.010676741911436312,0.9893232580885638,0.0
1430,F-A1-DDOSLIKE-V-02,DDoS,DDoS,RF-v4,0.4876517229468377,0.49910666163067363,0.013241615422488511
1431,F-A1-DDOSLIKE-V-02,DDoS,DDoS,RF-v4,0.006653653316117093,0.993346346683883,0.0
1432,F-A1-DDOSLIKE-V-02,DDoS,DDoS,RF-v4,0.13922685546983085,0.8527260931469917,0.00804705138317808
1433,F-A1-DDOSLIKE-V-02,DDoS,DDoS,RF-v4,0.006982096042524842,0.9929510407287608,6.686322871445769e-05
1434,F-A1-DDOSLIKE-V-02,DDoS,DDoS,RF-v4,0.13922685546983085,0.8527260931469917,0.00804705138317808
1435,F-A1-DDOSLIKE-V-02,DDoS,DDoS,RF-v4,0.011996804061063189,0.9879363327102224,6.686322871445769e-05
1436,F-A1-DDOSLIKE-V-02,DDoS,DDoS,RF-v4,0.13922685546983085,0.8527260931469917,0.00804705138317808
1437,F-A1-DDOSLIKE-V-02,DDoS,DDoS,RF-v4,0.00420740925653486,0.9957925907434653,0.0
1438,F-A1-DDOSLIKE-V-02,DDoS,DDoS,RF-v4,0.16776916683802662,0.8241884209389069,0.00804241222306697
1439,F-A1-DDOSLIKE-V-02,DDoS,DDoS,RF-v4,0.01916452255666061,0.9807686142146251,6.686322871445769e-05
1440,F-A1-DDOSLIKE-V-02,DDoS,DDoS,RF-v4,0.27203549768007734,0.7190948489787898,0.008869653341132742
1441,F-A1-DDOSLIKE-V-02,DDoS,DDoS,RF-v4,0.005993649138326906,0.9940063508616732,0.0
1442,F-A1-DDOSLIKE-V-02,DDoS,DDoS,RF-v4,0.13922685546983085,0.8527260931469917,0.00804705138317808
1443,F-A1-DDOSLIKE-V-02,DDoS,DDoS,RF-v4,0.007451363465452061,0.9925486365345482,0.0
1444,F-A1-DDOSLIKE-V-02,DDoS,DDoS,RF-v4,0.27671371194680866,0.7143120421984399,0.008974245854751215
1445,F-A1-DDOSLIKE-V-02,DDoS,DDoS,RF-v4,0.009759955347536015,0.9884635944783136,0.0017764501741504598
1446,F-A1-DDOSLIKE-V-02,DDoS,DDoS,RF-v4,0.22264072855659905,0.7693168592203342,0.00804241222306697
1447,F-A1-DDOSLIKE-V-02,DDoS,DDoS,RF-v4,0.0016420349883407945,0.9983579650116593,0.0
1448,F-A1-DDOSLIKE-V-02,DDoS,DDoS,RF-v4,0.16776916683802662,0.8241884209389069,0.00804241222306697
1449,F-A1-DDOSLIKE-V-02,DDoS,DDoS,RF-v4,0.012791424519636108,0.9872085754803641,0.0
1450,F-A1-DDOSLIKE-V-02,DDoS,DDoS,RF-v4,0.22264072855659905,0.7693168592203342,0.00804241222306697
1451,F-A1-DDOSLIKE-V-02,DDoS,DDoS,RF-v4,0.0065345769015517615,0.9934654230984485,0.0
1452,F-A1-DDOSLIKE-V-02,DDoS,DDoS,RF-v4,0.16938522928355773,0.822572358493376,0.00804241222306697
1453,F-A1-DDOSLIKE-V-02,DDoS,DDoS,RF-v4,0.006653653316117093,0.993346346683883,0.0
1454,F-A1-DDOSLIKE-V-02,DDoS,DDoS,RF-v4,0.13922685546983085,0.8527260931469917,0.00804705138317808
1455,F-A1-DDOSLIKE-V-02,DDoS,DDoS,RF-v4,0.003977482002990491,0.9960225179970097,0.0
1456,F-A1-DDOSLIKE-V-02,DDoS,DDoS,RF-v4,0.14759288416898747,0.8440938093965843,0.008313306434428227
1457,F-A1-DDOSLIKE-V-02,DDoS,DDoS,RF-v4,0.018630018392999124,0.9813699816070011,0.0
1458,F-A1-DDOSLIKE-V-02,DDoS,DDoS,RF-v4,0.14759288416898747,0.8440938093965843,0.008313306434428227
1459,F-A1-DDOSLIKE-V-02,DDoS,DDoS,RF-v4,0.0025197676758653364,0.9974802323241347,0.0
1460,F-A1-DDOSLIKE-V-02,DDoS,DDoS,RF-v4,0.16776916683802662,0.8241884209389069,0.00804241222306697
1461,F-A1-DDOSLIKE-V-02,DDoS,DDoS,RF-v4,0.02550988595367034,0.9744901140463297,0.0
1462,F-A1-DDOSLIKE-V-02,DDoS,DDoS,RF-v4,0.16776916683802662,0.8241884209389069,0.00804241222306697
1463,F-A1-DDOSLIKE-V-02,DDoS,DDoS,RF-v4,0.06348904485485271,0.9365109551451478,0.0
1464,F-A1-DDOSLIKE-V-02,DDoS,DDoS,RF-v4,0.008984287833085313,0.9910157121669146,0.0
1465,F-A1-DDOSLIKE-V-02,DDoS,DDoS,RF-v4,0.14759288416898747,0.8440938093965843,0.008313306434428227
1466,F-A1-DDOSLIKE-V-02,DDoS,DDoS,RF-v4,0.00263365441155992,0.9973663455884402,0.0
1467,F-A1-DDOSLIKE-V-02,DDoS,DDoS,RF-v4,0.14548486710184172,0.84620182646373,0.008313306434428227
1468,F-A1-DDOSLIKE-V-02,DDoS,DDoS,RF-v4,0.010557665496870981,0.9894423345031292,0.0
1469,F-A1-DDOSLIKE-V-02,DDoS,DDoS,RF-v4,0.13922685546983085,0.8527260931469917,0.00804705138317808
1470,F-A1-DDOSLIKE-V-02,DDoS,DDoS,RF-v4,0.015174436011165549,0.9847587007601202,6.686322871445769e-05
1471,F-A1-DDOSLIKE-V-02,DDoS,Normal,RF-v4,0.6112728320955659,0.3796807000853868,0.009046467819046057
1472,F-A1-DDOSLIKE-V-02,DDoS,DDoS,RF-v4,0.015174436011165549,0.9847587007601202,6.686322871445769e-05
1473,F-A1-DDOSLIKE-V-02,DDoS,DDoS,RF-v4,0.13922685546983085,0.8527260931469917,0.00804705138317808
1474,F-A1-DDOSLIKE-V-02,DDoS,DDoS,RF-v4,0.0016420349883407945,0.9983579650116593,0.0
1475,F-A1-DDOSLIKE-V-02,DDoS,DDoS,RF-v4,0.16776916683802662,0.8241884209389069,0.00804241222306697
1476,F-A1-DDOSLIKE-V-02,DDoS,DDoS,RF-v4,0.007343835436256493,0.9926561645637436,0.0
1477,F-A1-DDOSLIKE-V-02,DDoS,DDoS,RF-v4,0.14759288416898747,0.8440938093965843,0.008313306434428227
1478,F-A1-DDOSLIKE-V-02,DDoS,DDoS,RF-v4,0.003875794011105921,0.9961242059888942,0.0
1479,F-A1-DDOSLIKE-V-02,DDoS,DDoS,RF-v4,0.25164493788513925,0.7346982478927453,0.013656814222116065
1480,F-A1-DDOSLIKE-V-02,DDoS,DDoS,RF-v4,0.008771425615078937,0.9911617111562069,6.686322871445769e-05
1481,F-A1-DDOSLIKE-V-02,DDoS,DDoS,RF-v4,0.16776916683802662,0.8241884209389069,0.00804241222306697
1482,F-A1-DDOSLIKE-V-02,DDoS,DDoS,RF-v4,0.009661357046413492,0.9902717797248722,6.686322871445769e-05
1483,F-A1-DDOSLIKE-V-02,DDoS,DDoS,RF-v4,0.20204014011484248,0.7763745710051659,0.02158528887999178
1484,F-A1-DDOSLIKE-V-02,DDoS,DDoS,RF-v4,0.010807221416799828,0.9891927785832004,0.0
1485,F-A1-DDOSLIKE-V-02,DDoS,DDoS,RF-v4,0.13922685546983085,0.8527260931469917,0.00804705138317808
1486,F-A1-DDOSLIKE-V-02,DDoS,DDoS,RF-v4,0.006275539245629235,0.9937244607543709,0.0
1487,F-A1-DDOSLIKE-V-02,DDoS,DDoS,RF-v4,0.16938522928355773,0.822572358493376,0.00804241222306697
1488,F-A1-DDOSLIKE-V-02,DDoS,DDoS,RF-v4,0.0025197676758653364,0.9974802323241347,0.0
1489,F-A1-DDOSLIKE-V-02,DDoS,DDoS,RF-v4,0.13922685546983085,0.8527260931469917,0.00804705138317808
1490,F-A1-DDOSLIKE-V-02,DDoS,DDoS,RF-v4,0.008314114073436218,0.9916858859265639,0.0
1491,F-A1-DDOSLIKE-V-02,DDoS,DDoS,RF-v4,0.13922685546983085,0.8527260931469917,0.00804705138317808
1492,F-A1-DDOSLIKE-V-02,DDoS,DDoS,RF-v4,0.02783182817625844,0.9721681718237418,0.0
1493,F-A1-DDOSLIKE-V-02,DDoS,Normal,RF-v4,0.7919497811417269,0.1986823492207861,0.00936786963748671
1494,F-A1-DDOSLIKE-V-02,DDoS,DDoS,RF-v4,0.011005184637844063,0.9889279521334415,6.686322871445769e-05
1495,F-A1-DDOSLIKE-V-02,DDoS,DDoS,RF-v4,0.16776916683802662,0.8241884209389069,0.00804241222306697
1496,F-A1-DDOSLIKE-V-02,DDoS,DDoS,RF-v4,0.02123926041763204,0.978760739582368,0.0
1497,F-A1-DDOSLIKE-V-02,DDoS,DDoS,RF-v4,0.13922685546983085,0.8527260931469917,0.00804705138317808
1498,F-A1-DDOSLIKE-V-02,DDoS,DDoS,RF-v4,0.007451363465452061,0.9925486365345482,0.0
1499,F-A1-DDOSLIKE-V-02,DDoS,DDoS,RF-v4,0.20204014011484248,0.7763745710051659,0.02158528887999178
1500,F-A1-DDOSLIKE-V-02,DDoS,DDoS,RF-v4,0.017888808261974316,0.9821111917380259,0.0
1501,F-A1-DDOSLIKE-V-02,DDoS,DDoS,RF-v4,0.13922685546983085,0.8527260931469917,0.00804705138317808
1502,F-A1-DDOSLIKE-V-02,DDoS,DDoS,RF-v4,0.020361527730107496,0.9765925909858224,0.003045881284070261
1503,F-A1-DDOSLIKE-V-02,DDoS,Normal,RF-v4,0.5910795178161734,0.39862109954336333,0.010299382640462974
1504,F-A1-DDOSLIKE-V-02,DDoS,DDoS,RF-v4,0.006653653316117093,0.993346346683883,0.0
1505,F-A1-DDOSLIKE-V-02,DDoS,Normal,RF-v4,0.951032353561605,0.04070589326341279,0.008261753174982735
1506,F-A1-DDOSLIKE-V-02,DDoS,DDoS,RF-v4,0.008442982888671187,0.991557017111329,0.0
1507,F-A1-DDOSLIKE-V-02,DDoS,DDoS,RF-v4,0.20204014011484248,0.7719431734020642,0.026016686483093646
1508,F-A1-DDOSLIKE-V-02,DDoS,DDoS,RF-v4,0.010117718835508261,0.9868363998804216,0.003045881284070261
1509,F-A1-DDOSLIKE-V-02,DDoS,DDoS,RF-v4,0.13922685546983085,0.8527260931469917,0.00804705138317808
1510,F-A1-DDOSLIKE-V-02,DDoS,DDoS,RF-v4,0.016011990467938882,0.9805019724124747,0.0034860371195864614
1511,F-A1-DDOSLIKE-V-02,DDoS,DDoS,RF-v4,0.14759288416898747,0.8440938093965843,0.008313306434428227
1512,F-A1-DDOSLIKE-V-02,DDoS,DDoS,RF-v4,0.006107535874021489,0.9938924641259788,0.0
1513,F-A1-DDOSLIKE-V-02,DDoS,DDoS,RF-v4,0.14548486710184172,0.84620182646373,0.008313306434428227
1514,F-A1-DDOSLIKE-V-02,DDoS,DDoS,RF-v4,0.013860078893685955,0.9861399211063143,0.0
1515,F-A1-DDOSLIKE-V-02,DDoS,Normal,RF-v4,0.6527172635383488,0.3387399668503291,0.008542769611322195
1516,F-A1-DDOSLIKE-V-02,DDoS,DDoS,RF-v4,0.007451363465452061,0.9925486365345482,0.0
1517,F-A1-DDOSLIKE-V-02,DDoS,DDoS,RF-v4,0.16776916683802662,0.8241884209389069,0.00804241222306697
1518,F-A1-DDOSLIKE-V-02,DDoS,DDoS,RF-v4,0.005662033892897968,0.9943379661071021,0.0
1519,F-A1-DDOSLIKE-V-02,DDoS,DDoS,RF-v4,0.14759288416898747,0.8440938093965843,0.008313306434428227
1520,F-A1-DDOSLIKE-V-02,DDoS,DDoS,RF-v4,0.01217541231467705,0.9878245876853232,0.0
1521,F-A1-DDOSLIKE-V-02,DDoS,DDoS,RF-v4,0.13922685546983085,0.8527260931469917,0.00804705138317808
1522,F-A1-DDOSLIKE-V-02,DDoS,DDoS,RF-v4,0.047806800212514204,0.9521931997874862,0.0
1523,F-A1-DDOSLIKE-V-02,DDoS,DDoS,RF-v4,0.20204014011484248,0.7763745710051659,0.02158528887999178
1524,F-A1-DDOSLIKE-V-02,DDoS,DDoS,RF-v4,0.004419894293351966,0.9955801057066482,0.0
1525,F-A1-DDOSLIKE-V-02,DDoS,DDoS,RF-v4,0.13922685546983085,0.8527260931469917,0.00804705138317808
1526,F-A1-DDOSLIKE-V-02,DDoS,DDoS,RF-v4,0.01505639037247247,0.9849436096275277,0.0
1527,F-A1-DDOSLIKE-V-02,DDoS,DDoS,RF-v4,0.16776916683802662,0.8241884209389069,0.00804241222306697
1528,F-A1-DDOSLIKE-V-02,DDoS,DDoS,RF-v4,0.01359006226067702,0.9863430745106087,6.686322871445769e-05
1529,F-A1-DDOSLIKE-V-02,DDoS,DDoS,RF-v4,0.13922685546983085,0.8527260931469917,0.00804705138317808
1530,F-A1-DDOSLIKE-V-02,DDoS,DDoS,RF-v4,0.0215183290938421,0.9784816709061579,0.0
1531,F-A1-DDOSLIKE-V-02,DDoS,DDoS,RF-v4,0.14759288416898747,0.8440938093965843,0.008313306434428227
1532,F-A1-DDOSLIKE-V-02,DDoS,DDoS,RF-v4,0.008341294896786616,0.9916587051032135,0.0
1533,F-A1-DDOSLIKE-V-02,DDoS,DDoS,RF-v4,0.13922685546983085,0.8527260931469917,0.00804705138317808
1534,F-A1-DDOSLIKE-V-02,DDoS,DDoS,RF-v4,0.004748337019759716,0.9952516629802404,0.0
1535,F-A1-DDOSLIKE-V-02,DDoS,DDoS,RF-v4,0.13922685546983085,0.8527260931469917,0.00804705138317808
1536,F-A1-DDOSLIKE-V-02,DDoS,DDoS,RF-v4,0.0065345769015517615,0.9934654230984485,0.0
1537,F-A1-DDOSLIKE-V-02,DDoS,DDoS,RF-v4,0.13922685546983085,0.8527260931469917,0.00804705138317808
1538,F-A1-DDOSLIKE-V-02,DDoS,DDoS,RF-v4,0.01505639037247247,0.9849436096275277,0.0
1539,F-A1-DDOSLIKE-V-02,DDoS,DDoS,RF-v4,0.16776916683802662,0.8241884209389069,0.00804241222306697
1540,F-A1-DDOSLIKE-V-02,DDoS,DDoS,RF-v4,0.01217541231467705,0.9878245876853232,0.0
1541,F-A1-DDOSLIKE-V-02,DDoS,DDoS,RF-v4,0.13922685546983085,0.8527260931469917,0.00804705138317808
1542,F-A1-DDOSLIKE-V-02,DDoS,DDoS,RF-v4,0.013860078893685955,0.9861399211063143,0.0
1543,F-A1-DDOSLIKE-V-02,DDoS,DDoS,RF-v4,0.16776916683802662,0.8241884209389069,0.00804241222306697
1544,F-A1-DDOSLIKE-V-02,DDoS,DDoS,RF-v4,0.012144402930605078,0.9877887338406807,6.686322871445769e-05
1545,F-A1-DDOSLIKE-V-02,DDoS,DDoS,RF-v4,0.13922685546983085,0.8527260931469917,0.00804705138317808
1546,F-A1-DDOSLIKE-V-02,DDoS,DDoS,RF-v4,0.0065345769015517615,0.9934654230984485,0.0
1547,F-A1-DDOSLIKE-V-02,DDoS,DDoS,RF-v4,0.27203549768007734,0.7190948489787898,0.008869653341132742
1548,F-A1-DDOSLIKE-V-02,DDoS,DDoS,RF-v4,0.015281714346095971,0.9846514224251898,6.686322871445769e-05
1549,F-A1-DDOSLIKE-V-02,DDoS,DDoS,RF-v4,0.27671371194680866,0.7143120421984399,0.008974245854751215
1550,F-A1-DDOSLIKE-V-02,DDoS,DDoS,RF-v4,0.015281714346095971,0.9847182856539043,0.0
1551,F-A1-DDOSLIKE-V-02,DDoS,DDoS,RF-v4,0.1492386243449036,0.8408217018103262,0.009939673844770153
1552,F-A1-DDOSLIKE-V-02,DDoS,DDoS,RF-v4,0.03105027683505157,0.9689497231649484,0.0
1553,F-A1-DDOSLIKE-V-02,DDoS,DDoS,RF-v4,0.13922685546983085,0.8527260931469917,0.00804705138317808
1554,F-A1-DDOSLIKE-V-02,DDoS,DDoS,RF-v4,0.007973715465743969,0.9868306604692337,0.005195624065022464
1555,F-A1-DDOSLIKE-V-02,DDoS,DDoS,RF-v4,0.14231220643369075,0.8495283737249362,0.008159419841373677
1556,F-A1-DDOSLIKE-V-02,DDoS,DDoS,RF-v4,0.03303352981017116,0.9669664701898291,0.0
1557,F-A1-DDOSLIKE-V-02,DDoS,DDoS,RF-v4,0.02364001301928073,0.9763599869807195,0.0
1558,F-A1-DDOSLIKE-V-02,DDoS,DDoS,RF-v4,0.011119071373538646,0.988814065397747,6.686322871445769e-05
1559,F-A1-DDOSLIKE-V-02,DDoS,Normal,RF-v4,0.5910795178161734,0.39862109954336333,0.010299382640462974
1560,F-A1-DDOSLIKE-V-02,DDoS,DDoS,RF-v4,0.003428274870132841,0.9965717251298674,0.0
1561,F-A1-DDOSLIKE-V-02,DDoS,Normal,RF-v4,0.6112728320955659,0.3796807000853868,0.009046467819046057
1562,F-A1-DDOSLIKE-V-02,DDoS,DDoS,RF-v4,0.010557665496870981,0.9894423345031292,0.0
1563,F-A1-DDOSLIKE-V-02,DDoS,DDoS,RF-v4,0.13922685546983085,0.8527260931469917,0.00804705138317808
1564,F-A1-DDOSLIKE-V-02,DDoS,DDoS,RF-v4,0.00565619385558697,0.9943438061444131,0.0
1565,F-A1-DDOSLIKE-V-02,DDoS,DDoS,RF-v4,0.25560052456076254,0.7307426612171218,0.013656814222116065
1566,F-A1-DDOSLIKE-V-02,DDoS,DDoS,RF-v4,0.016093837916451085,0.9839061620835491,0.0
1567,F-A1-DDOSLIKE-V-02,DDoS,Normal,RF-v4,0.6195410916931635,0.3718691126118094,0.00858979569502697
1568,F-A1-DDOSLIKE-V-02,DDoS,DDoS,RF-v4,0.020896845908601164,0.9790362908626846,6.686322871445769e-05
1569,F-A1-DDOSLIKE-V-02,DDoS,Normal,RF-v4,0.5701577018415459,0.4200390081497154,0.009803290008738334
1570,F-A1-DDOSLIKE-V-02,DDoS,DDoS,RF-v4,0.03275174124099057,0.9672482587590097,0.0
1571,F-A1-DDOSLIKE-V-02,DDoS,DDoS,RF-v4,0.14759288416898747,0.8440938093965843,0.008313306434428227
1572,F-A1-DDOSLIKE-V-02,DDoS,DDoS,RF-v4,0.022317728575581373,0.9741962343048322,0.0034860371195864614
1573,F-A1-DDOSLIKE-V-02,DDoS,DDoS,RF-v4,0.14759288416898747,0.8440938093965843,0.008313306434428227
1574,F-A1-DDOSLIKE-V-02,DDoS,DDoS,RF-v4,0.0065345769015517615,0.9934654230984485,0.0
1575,F-A1-DDOSLIKE-V-02,DDoS,DDoS,RF-v4,0.13922685546983085,0.8527260931469917,0.00804705138317808
1576,F-A1-DDOSLIKE-V-02,DDoS,DDoS,RF-v4,0.004748337019759716,0.9952516629802404,0.0
1577,F-A1-DDOSLIKE-V-02,DDoS,DDoS,RF-v4,0.13922685546983085,0.8527260931469917,0.00804705138317808
1578,F-A1-DDOSLIKE-V-02,DDoS,DDoS,RF-v4,0.0016420349883407945,0.9983579650116593,0.0
1579,F-A1-DDOSLIKE-V-02,DDoS,DDoS,RF-v4,0.2514494281840246,0.7400225184301678,0.00852805338580806
1580,F-A1-DDOSLIKE-V-02,DDoS,DDoS,RF-v4,0.00420740925653486,0.9957925907434653,0.0
1581,F-A1-DDOSLIKE-V-02,DDoS,Normal,RF-v4,0.6112728320955659,0.3796807000853868,0.009046467819046057
1582,F-A1-DDOSLIKE-V-02,DDoS,DDoS,RF-v4,0.00263365441155992,0.9973663455884402,0.0
1583,F-A1-DDOSLIKE-V-02,DDoS,DDoS,RF-v4,0.13922685546983085,0.8527260931469917,0.00804705138317808
1584,F-A1-DDOSLIKE-V-02,DDoS,DDoS,RF-v4,0.003977482002990491,0.9960225179970097,0.0
1585,F-A1-DDOSLIKE-V-02,DDoS,DDoS,RF-v4,0.14548486710184172,0.84620182646373,0.008313306434428227
1586,F-A1-DDOSLIKE-V-02,DDoS,DDoS,RF-v4,0.013461251999566506,0.9865387480004335,0.0
1587,F-A1-DDOSLIKE-V-02,DDoS,Normal,RF-v4,0.8940281543669789,0.09766016989386272,0.00831167573915768
1588,F-A1-DDOSLIKE-V-02,DDoS,DDoS,RF-v4,0.022349737590535303,0.9776502624094648,0.0
1589,F-A1-DDOSLIKE-V-02,DDoS,DDoS,RF-v4,0.16776916683802662,0.8241884209389069,0.00804241222306697
1590,F-A1-DDOSLIKE-V-02,DDoS,DDoS,RF-v4,0.023756847015054663,0.9762431529849455,0.0
1591,F-A1-DDOSLIKE-V-02,DDoS,Normal,RF-v4,0.9476708498265586,0.041240464005783205,0.011088686167658917
1592,F-A1-DDOSLIKE-V-02,DDoS,DDoS,RF-v4,0.026404168297145477,0.9735958317028546,0.0
1593,F-A1-DDOSLIKE-V-02,DDoS,DDoS,RF-v4,0.27203549768007734,0.7190948489787898,0.008869653341132742
1594,F-A1-DDOSLIKE-V-02,DDoS,DDoS,RF-v4,0.016767718124807852,0.9832322818751923,0.0
1595,F-A1-DDOSLIKE-V-02,DDoS,DDoS,RF-v4,0.14759288416898747,0.8440938093965843,0.008313306434428227
1596,F-A1-DDOSLIKE-V-02,DDoS,DDoS,RF-v4,0.008341294896786616,0.9916587051032135,0.0
1597,F-A1-DDOSLIKE-V-02,DDoS,DDoS,RF-v4,0.13922685546983085,0.8527260931469917,0.00804705138317808
1598,F-A1-DDOSLIKE-V-02,DDoS,DDoS,RF-v4,0.009661357046413492,0.9902717797248722,6.686322871445769e-05
1599,F-A1-DDOSLIKE-V-02,DDoS,DDoS,RF-v4,0.14759288416898747,0.8440938093965843,0.008313306434428227
1600,F-A1-DDOSLIKE-V-02,DDoS,DDoS,RF-v4,0.003428274870132841,0.9965717251298674,0.0
1601,F-A1-DDOSLIKE-V-02,DDoS,DDoS,RF-v4,0.13922685546983085,0.8527260931469917,0.00804705138317808
1602,F-A1-DDOSLIKE-V-02,DDoS,DDoS,RF-v4,0.0016420349883407945,0.9983579650116593,0.0
1603,F-A1-DDOSLIKE-V-02,DDoS,DDoS,RF-v4,0.25164493788513925,0.7346982478927453,0.013656814222116065
1604,F-A1-DDOSLIKE-V-02,DDoS,DDoS,RF-v4,0.018132723408934025,0.9818672765910662,0.0
1605,F-A1-DDOSLIKE-V-02,DDoS,DDoS,RF-v4,0.13922685546983085,0.8527260931469917,0.00804705138317808
1606,F-A1-DDOSLIKE-V-02,DDoS,DDoS,RF-v4,0.012905688436519963,0.98709431156348,0.0
1607,F-A1-DDOSLIKE-V-02,DDoS,DDoS,RF-v4,0.32244001337895234,0.6655398594822257,0.012020127138821479
1608,F-A1-DDOSLIKE-V-02,DDoS,DDoS,RF-v4,0.016011990467938882,0.9774560911284044,0.006531918403656722
1609,F-A1-DDOSLIKE-V-02,DDoS,DDoS,RF-v4,0.13922685546983085,0.8527260931469917,0.00804705138317808
1610,F-A1-DDOSLIKE-V-02,DDoS,DDoS,RF-v4,0.00420740925653486,0.9957925907434653,0.0
1611,F-A1-DDOSLIKE-V-02,DDoS,DDoS,RF-v4,0.13922685546983085,0.8527260931469917,0.00804705138317808
1612,F-A1-DDOSLIKE-V-02,DDoS,DDoS,RF-v4,0.028273222074613497,0.9717267779253868,0.0
1613,F-A1-DDOSLIKE-V-02,DDoS,Normal,RF-v4,0.6288297258872109,0.36241235789444304,0.008757916218346014
1614,F-A1-DDOSLIKE-V-02,DDoS,DDoS,RF-v4,0.003977482002990491,0.9960225179970097,0.0
1615,F-A1-DDOSLIKE-V-02,DDoS,DDoS,RF-v4,0.25164493788513925,0.7346982478927453,0.013656814222116065
1616,F-A1-DDOSLIKE-V-02,DDoS,DDoS,RF-v4,0.008771425615078937,0.9912285743849213,0.0
1617,F-A1-DDOSLIKE-V-02,DDoS,DDoS,RF-v4,0.16776916683802662,0.8241884209389069,0.00804241222306697
1618,F-A1-DDOSLIKE-V-02,DDoS,DDoS,RF-v4,0.028273222074613497,0.9717267779253868,0.0
1619,F-A1-DDOSLIKE-V-02,DDoS,DDoS,RF-v4,0.13922685546983085,0.8527260931469917,0.00804705138317808
1620,F-A1-DDOSLIKE-V-02,DDoS,DDoS,RF-v4,0.005665123583660015,0.9943348764163402,0.0
1621,F-A1-DDOSLIKE-V-02,DDoS,DDoS,RF-v4,0.14759288416898747,0.8440938093965843,0.008313306434428227
1622,F-A1-DDOSLIKE-V-02,DDoS,DDoS,RF-v4,0.0016420349883407945,0.9983579650116593,0.0
1623,F-A1-DDOSLIKE-V-02,DDoS,DDoS,RF-v4,0.16776916683802662,0.8241884209389069,0.00804241222306697
1624,F-A1-DDOSLIKE-V-02,DDoS,DDoS,RF-v4,0.0065345769015517615,0.9934654230984485,0.0
1625,F-A1-DDOSLIKE-V-02,DDoS,DDoS,RF-v4,0.16776916683802662,0.8241884209389069,0.00804241222306697
1626,F-A1-DDOSLIKE-V-02,DDoS,DDoS,RF-v4,0.00810074873772866,0.9918992512622715,0.0
1627,F-A1-DDOSLIKE-V-02,DDoS,DDoS,RF-v4,0.16776916683802662,0.8241884209389069,0.00804241222306697
1628,F-A1-DDOSLIKE-V-02,DDoS,DDoS,RF-v4,0.0025197676758653364,0.9974802323241347,0.0
1629,F-A1-DDOSLIKE-V-02,DDoS,DDoS,RF-v4,0.13922685546983085,0.8527260931469917,0.00804705138317808
1630,F-A1-DDOSLIKE-V-02,DDoS,DDoS,RF-v4,0.006107535874021489,0.9938924641259788,0.0
1631,F-A1-DDOSLIKE-V-02,DDoS,DDoS,RF-v4,0.27671371194680866,0.7143120421984399,0.008974245854751215
1632,F-A1-DDOSLIKE-V-02,DDoS,DDoS,RF-v4,0.003428274870132841,0.9965717251298674,0.0
1633,F-A1-DDOSLIKE-V-02,DDoS,DDoS,RF-v4,0.023706729308054415,0.9762932706919457,0.0
1634,F-A1-DDOSLIKE-V-02,DDoS,DDoS,RF-v4,0.16938522928355773,0.822572358493376,0.00804241222306697
1635,F-A1-DDOSLIKE-V-02,DDoS,DDoS,RF-v4,0.00263365441155992,0.9973663455884402,0.0
1636,F-A1-DDOSLIKE-V-02,DDoS,DDoS,RF-v4,0.14759288416898747,0.8440938093965843,0.008313306434428227
1637,F-A1-DDOSLIKE-V-02,DDoS,DDoS,RF-v4,0.08384483121437412,0.9155854226655805,0.0005697461200456659
1638,F-A1-DDOSLIKE-V-02,DDoS,DDoS,RF-v4,0.0065345769015517615,0.9934654230984485,0.0
1639,F-A1-DDOSLIKE-V-02,DDoS,Normal,RF-v4,0.907595922429666,0.057729638263699694,0.03467443930663457
1640,F-A1-DDOSLIKE-V-02,DDoS,DDoS,RF-v4,0.13922685546983085,0.8527260931469917,0.00804705138317808
1641,F-A1-DDOSLIKE-V-02,DDoS,DDoS,RF-v4,0.004748337019759716,0.9952516629802404,0.0
1642,F-A1-DDOSLIKE-V-02,DDoS,DDoS,RF-v4,0.16776916683802662,0.8241884209389069,0.00804241222306697
1643,F-A1-DDOSLIKE-V-02,DDoS,DDoS,RF-v4,0.012617675527641776,0.9873823244723583,0.0
1644,F-A1-DDOSLIKE-V-02,DDoS,DDoS,RF-v4,0.14759288416898747,0.8440938093965843,0.008313306434428227
1645,F-A1-DDOSLIKE-V-02,DDoS,DDoS,RF-v4,0.02082025107915312,0.9791128856921327,6.686322871445769e-05
1646,F-A1-DDOSLIKE-V-02,DDoS,DDoS,RF-v4,0.13922685546983085,0.8527260931469917,0.00804705138317808
1647,F-A1-DDOSLIKE-V-02,DDoS,DDoS,RF-v4,0.003428274870132841,0.9965717251298674,0.0
1648,F-A1-DDOSLIKE-V-02,DDoS,DDoS,RF-v4,0.16776916683802662,0.8241884209389069,0.00804241222306697
1649,F-A1-DDOSLIKE-V-02,DDoS,DDoS,RF-v4,0.015174436011165549,0.9847587007601202,6.686322871445769e-05
1650,F-A1-DDOSLIKE-V-02,DDoS,DDoS,RF-v4,0.16776916683802662,0.8241884209389069,0.00804241222306697
1651,F-A1-DDOSLIKE-V-02,DDoS,DDoS,RF-v4,0.005662033892897968,0.9943379661071021,0.0
1652,F-A1-DDOSLIKE-V-02,DDoS,DDoS,RF-v4,0.25560052456076254,0.7307426612171218,0.013656814222116065
1653,F-A1-DDOSLIKE-V-02,DDoS,DDoS,RF-v4,0.015174436011165549,0.9847587007601202,6.686322871445769e-05
1654,F-A1-DDOSLIKE-V-02,DDoS,DDoS,RF-v4,0.13922685546983085,0.8527260931469917,0.00804705138317808
1655,F-A1-DDOSLIKE-V-02,DDoS,DDoS,RF-v4,0.010557665496870981,0.9894423345031292,0.0
1656,F-A1-DDOSLIKE-V-02,DDoS,DDoS,RF-v4,0.16776916683802662,0.8241884209389069,0.00804241222306697
1657,F-A1-DDOSLIKE-V-02,DDoS,DDoS,RF-v4,0.008341294896786616,0.9916587051032135,0.0
1658,F-A1-DDOSLIKE-V-02,DDoS,DDoS,RF-v4,0.16938522928355773,0.822572358493376,0.00804241222306697
1659,F-A1-DDOSLIKE-V-02,DDoS,DDoS,RF-v4,0.01567765850543988,0.9843223414945603,0.0
1660,F-A1-DDOSLIKE-V-02,DDoS,DDoS,RF-v4,0.13922685546983085,0.8527260931469917,0.00804705138317808
1661,F-A1-DDOSLIKE-V-02,DDoS,DDoS,RF-v4,0.012043669275582862,0.9879563307244174,0.0
1662,F-A1-DDOSLIKE-V-02,DDoS,DDoS,RF-v4,0.27671371194680866,0.7143120421984399,0.008974245854751215
1663,F-A1-DDOSLIKE-V-02,DDoS,DDoS,RF-v4,0.015174436011165549,0.9847587007601202,6.686322871445769e-05
1664,F-A1-DDOSLIKE-V-02,DDoS,DDoS,RF-v4,0.16776916683802662,0.8224788339934709,0.009751999168502971
1665,F-A1-DDOSLIKE-V-02,DDoS,DDoS,RF-v4,0.008768335924316889,0.9912316640756832,0.0
1666,F-A1-DDOSLIKE-V-02,DDoS,DDoS,RF-v4,0.16776916683802662,0.8241884209389069,0.00804241222306697
1667,F-A1-DDOSLIKE-V-02,DDoS,DDoS,RF-v4,0.00263365441155992,0.9973663455884402,0.0
1668,F-A1-DDOSLIKE-V-02,DDoS,DDoS,RF-v4,0.14759288416898747,0.8440938093965843,0.008313306434428227
1669,F-A1-DDOSLIKE-V-02,DDoS,DDoS,RF-v4,0.007973715465743969,0.9919594213055417,6.686322871445769e-05
1670,F-A1-DDOSLIKE-V-02,DDoS,DDoS,RF-v4,0.13922685546983085,0.8527260931469917,0.00804705138317808
1671,F-A1-DDOSLIKE-V-02,DDoS,DDoS,RF-v4,0.008984287833085313,0.9879698308828444,0.003045881284070261
1672,F-A1-DDOSLIKE-V-02,DDoS,DDoS,RF-v4,0.14548486710184172,0.84620182646373,0.008313306434428227
1673,F-A1-DDOSLIKE-V-02,DDoS,DDoS,RF-v4,0.009038100899186156,0.9909618991008139,0.0
1674,F-A1-DDOSLIKE-V-02,DDoS,DDoS,RF-v4,0.14317382785497654,0.8561895627962633,0.0006366093487601236
1675,F-A1-DDOSLIKE-V-02,DDoS,DDoS,RF-v4,0.13922685546983085,0.8527260931469917,0.00804705138317808
1676,F-A1-DDOSLIKE-V-02,DDoS,DDoS,RF-v4,0.14759288416898747,0.8440938093965843,0.008313306434428227
1677,F-A1-DDOSLIKE-V-02,DDoS,DDoS,RF-v4,0.0065345769015517615,0.9934654230984485,0.0
1678,F-A1-DDOSLIKE-V-02,DDoS,Normal,RF-v4,0.5929293643285328,0.39726734566272853,0.009803290008738334
1679,F-A1-DDOSLIKE-V-02,DDoS,DDoS,RF-v4,0.018584127742910943,0.9814158722570894,0.0
1680,F-A1-DDOSLIKE-V-02,DDoS,DDoS,RF-v4,0.13922685546983085,0.8527260931469917,0.00804705138317808
1681,F-A1-DDOSLIKE-V-02,DDoS,DDoS,RF-v4,0.008227408161092032,0.9917725918389081,0.0
1682,F-A1-DDOSLIKE-V-02,DDoS,DDoS,RF-v4,0.16776916683802662,0.8241884209389069,0.00804241222306697
1683,F-A1-DDOSLIKE-V-02,DDoS,DDoS,RF-v4,0.02848658741032105,0.9715134125896792,0.0
1684,F-A1-DDOSLIKE-V-02,DDoS,DDoS,RF-v4,0.196727570240124,0.7904514921252936,0.01282093763458273
1685,F-A1-DDOSLIKE-V-02,DDoS,DDoS,RF-v4,0.007451363465452061,0.9925486365345482,0.0
1686,F-A1-DDOSLIKE-V-02,DDoS,DDoS,RF-v4,0.13922685546983085,0.8527260931469917,0.00804705138317808
1687,F-A1-DDOSLIKE-V-02,DDoS,DDoS,RF-v4,0.013013768764382436,0.9869862312356177,0.0
1688,F-A1-DDOSLIKE-V-02,DDoS,Normal,RF-v4,0.5474131013418243,0.44344808237930927,0.009138816278865964
1689,F-A1-DDOSLIKE-V-02,DDoS,DDoS,RF-v4,0.03461815551678946,0.9652061435486314,0.00017570093457943924
1690,F-A1-DDOSLIKE-V-02,DDoS,DDoS,RF-v4,0.03776999500762988,0.9620543040577908,0.00017570093457943924
1691,F-A1-DDOSLIKE-V-02,DDoS,DDoS,RF-v4,0.13922685546983085,0.8527260931469917,0.00804705138317808
1692,F-A1-DDOSLIKE-V-02,DDoS,DDoS,RF-v4,0.13922685546983085,0.8527260931469917,0.00804705138317808
1693,F-A1-DDOSLIKE-V-02,DDoS,DDoS,RF-v4,0.023770907874776585,0.9762290921252236,0.0
1694,F-A1-DDOSLIKE-V-02,DDoS,DDoS,RF-v4,0.005665123583660015,0.9943348764163402,0.0
1695,F-A1-DDOSLIKE-V-02,DDoS,DDoS,RF-v4,0.20204014011484248,0.7763745710051659,0.02158528887999178
1696,F-A1-DDOSLIKE-V-02,DDoS,DDoS,RF-v4,0.37465683036003355,0.5220513668705831,0.1032918027693837
1697,F-A1-DDOSLIKE-V-02,DDoS,DDoS,RF-v4,0.015174436011165549,0.9847587007601202,6.686322871445769e-05
1698,F-A1-DDOSLIKE-V-02,DDoS,DDoS,RF-v4,0.14759288416898747,0.8440938093965843,0.008313306434428227
1699,F-A1-DDOSLIKE-V-02,DDoS,DDoS,RF-v4,0.016619931005546647,0.983313205765739,6.686322871445769e-05
1700,F-A1-DDOSLIKE-V-02,DDoS,DDoS,RF-v4,0.19950312493711045,0.7876759374283072,0.01282093763458273
1701,F-A1-DDOSLIKE-V-02,DDoS,DDoS,RF-v4,0.008768335924316889,0.9912316640756832,0.0
1702,F-A1-DDOSLIKE-V-02,DDoS,Normal,RF-v4,0.6482755812576386,0.34263426565907906,0.009090153083282199
1703,F-A1-DDOSLIKE-V-02,DDoS,DDoS,RF-v4,0.01387392249143967,0.986059214279846,6.686322871445769e-05
1704,F-A1-DDOSLIKE-V-02,DDoS,DDoS,RF-v4,0.13922685546983085,0.8527260931469917,0.00804705138317808
1705,F-A1-DDOSLIKE-V-02,DDoS,DDoS,RF-v4,0.011996804061063189,0.9879363327102224,6.686322871445769e-05
1706,F-A1-DDOSLIKE-V-02,DDoS,Normal,RF-v4,0.9530169161565883,0.038827744580148524,0.008155339263261783
1707,F-A1-DDOSLIKE-V-02,DDoS,DDoS,RF-v4,0.03054461997798477,0.9674902569332978,0.0019651230887175073
1708,F-A1-DDOSLIKE-V-02,DDoS,DDoS,RF-v4,0.14759288416898747,0.8440938093965843,0.008313306434428227
1709,F-A1-DDOSLIKE-V-02,DDoS,DDoS,RF-v4,0.008984287833085313,0.9910157121669146,0.0
1710,F-A1-DDOSLIKE-V-02,DDoS,DDoS,RF-v4,0.14759288416898747,0.8440938093965843,0.008313306434428227
1711,F-A1-DDOSLIKE-V-02,DDoS,DDoS,RF-v4,0.01297371546574397,0.9835402474146697,0.0034860371195864614
1712,F-A1-DDOSLIKE-V-02,DDoS,DDoS,RF-v4,0.14759288416898747,0.8440938093965843,0.008313306434428227
1713,F-A1-DDOSLIKE-V-02,DDoS,DDoS,RF-v4,0.006653653316117093,0.9903004653998128,0.003045881284070261
1714,F-A1-DDOSLIKE-V-02,DDoS,DDoS,RF-v4,0.14759288416898747,0.8440938093965843,0.008313306434428227
1715,F-A1-DDOSLIKE-V-02,DDoS,DDoS,RF-v4,0.0065345769015517615,0.9934654230984485,0.0
1716,F-A1-DDOSLIKE-V-02,DDoS,DDoS,RF-v4,0.17227143408223608,0.8177577280787474,0.009970837839016481
1717,F-A1-DDOSLIKE-V-02,DDoS,DDoS,RF-v4,0.022205157642107256,0.9776267218345738,0.0001681205233190415
1718,F-A1-DDOSLIKE-V-02,DDoS,DDoS,RF-v4,0.14548486710184172,0.84620182646373,0.008313306434428227
1719,F-A1-DDOSLIKE-V-02,DDoS,DDoS,RF-v4,0.02005374841444896,0.9799462515855509,0.0
1720,F-A1-DDOSLIKE-V-02,DDoS,DDoS,RF-v4,0.13922685546983085,0.8527260931469917,0.00804705138317808
1721,F-A1-DDOSLIKE-V-02,DDoS,DDoS,RF-v4,0.005961748389058263,0.9940382516109417,0.0
1722,F-A1-DDOSLIKE-V-02,DDoS,DDoS,RF-v4,0.1627131210113369,0.8273160411496466,0.009970837839016481
1723,F-A1-DDOSLIKE-V-02,DDoS,DDoS,RF-v4,0.01813372586716232,0.9818662741328378,0.0
1724,F-A1-DDOSLIKE-V-02,DDoS,DDoS,RF-v4,0.16759896021464027,0.8241397888917793,0.008261250893580478
1725,F-A1-DDOSLIKE-V-02,DDoS,DDoS,RF-v4,0.030434530009468875,0.9643973494672123,0.005168120523319042
1726,F-A1-DDOSLIKE-V-02,DDoS,DDoS,RF-v4,0.14548486710184172,0.84620182646373,0.008313306434428227
1727,F-A1-DDOSLIKE-V-02,DDoS,DDoS,RF-v4,0.007306128279155739,0.9926938717208443,0.0
1728,F-A1-DDOSLIKE-V-02,DDoS,DDoS,RF-v4,0.13922685546983085,0.8527260931469917,0.00804705138317808
1729,F-A1-DDOSLIKE-V-02,DDoS,DDoS,RF-v4,0.010389172432885002,0.9896108275671152,0.0
1730,F-A1-DDOSLIKE-V-02,DDoS,DDoS,RF-v4,0.13922685546983085,0.8527260931469917,0.00804705138317808
1731,F-A1-DDOSLIKE-V-02,DDoS,DDoS,RF-v4,0.009661357046413492,0.9902717797248722,6.686322871445769e-05
1732,F-A1-DDOSLIKE-V-02,DDoS,DDoS,RF-v4,0.16490826511707657,0.8270493226598571,0.00804241222306697
1733,F-A1-DDOSLIKE-V-02,DDoS,DDoS,RF-v4,0.0016420349883407945,0.9983579650116593,0.0
1734,F-A1-DDOSLIKE-V-02,DDoS,DDoS,RF-v4,0.16776916683802662,0.8241884209389069,0.00804241222306697
1735,F-A1-DDOSLIKE-V-02,DDoS,DDoS,RF-v4,0.003767085413982867,0.9962329145860173,0.0
1736,F-A1-DDOSLIKE-V-02,DDoS,DDoS,RF-v4,0.14759288416898747,0.8440938093965843,0.008313306434428227
1737,F-A1-DDOSLIKE-V-02,DDoS,DDoS,RF-v4,0.009629645419842093,0.9903703545801581,0.0
1738,F-A1-DDOSLIKE-V-02,DDoS,Normal,RF-v4,0.9382467544303082,0.03443832638761862,0.027314919182074043
1739,F-A1-DDOSLIKE-V-02,DDoS,DDoS,RF-v4,0.008984287833085313,0.9910157121669146,0.0
1740,F-A1-DDOSLIKE-V-02,DDoS,Normal,RF-v4,0.938540440529182,0.034388469914724516,0.027071089556094517
1741,F-A1-DDOSLIKE-V-02,DDoS,DDoS,RF-v4,0.021005150102995963,0.9789279866682896,6.686322871445769e-05
1742,F-A1-DDOSLIKE-V-02,DDoS,DDoS,RF-v4,0.13922685546983085,0.8527260931469917,0.00804705138317808
1743,F-A1-DDOSLIKE-V-02,DDoS,DDoS,RF-v4,0.009759955347536015,0.9901731814237497,6.686322871445769e-05
1744,F-A1-DDOSLIKE-V-02,DDoS,DDoS,RF-v4,0.13922685546983085,0.8527260931469917,0.00804705138317808
1745,F-A1-DDOSLIKE-V-02,DDoS,DDoS,RF-v4,0.017826028889362022,0.9821739711106381,0.0
1746,F-A1-DDOSLIKE-V-02,DDoS,DDoS,RF-v4,0.13922685546983085,0.8527260931469917,0.00804705138317808
1747,F-A1-DDOSLIKE-V-02,DDoS,DDoS,RF-v4,0.009685122488217186,0.9903148775117829,0.0
1748,F-A1-DDOSLIKE-V-02,DDoS,DDoS,RF-v4,0.13922685546983085,0.8527260931469917,0.00804705138317808
1749,F-A1-DDOSLIKE-V-02,DDoS,DDoS,RF-v4,0.01479967472984403,0.9852003252701561,0.0
1750,F-A1-DDOSLIKE-V-02,DDoS,DDoS,RF-v4,0.196727570240124,0.7921610790707296,0.011111350689146733
1751,F-A1-DDOSLIKE-V-02,DDoS,DDoS,RF-v4,0.013657264818382314,0.9863427351816179,0.0
1752,F-A1-DDOSLIKE-V-02,DDoS,DDoS,RF-v4,0.16776916683802662,0.8241884209389069,0.00804241222306697
1753,F-A1-DDOSLIKE-V-02,DDoS,DDoS,RF-v4,0.00263365441155992,0.9973663455884402,0.0
1754,F-A1-DDOSLIKE-V-02,DDoS,Normal,RF-v4,0.6112728320955659,0.3796807000853868,0.009046467819046057
1755,F-A1-DDOSLIKE-V-02,DDoS,DDoS,RF-v4,0.05598317996193563,0.9440168200380644,0.0
1756,F-A1-DDOSLIKE-V-02,DDoS,DDoS,RF-v4,0.0065345769015517615,0.9934654230984485,0.0
1757,F-A1-DDOSLIKE-V-02,DDoS,Normal,RF-v4,0.8940281543669789,0.09766016989386272,0.00831167573915768
1758,F-A1-DDOSLIKE-V-02,DDoS,DDoS,RF-v4,0.13922685546983085,0.8527260931469917,0.00804705138317808
1759,F-A1-DDOSLIKE-V-02,DDoS,DDoS,RF-v4,0.02329461247906234,0.9767053875209377,0.0
1760,F-A1-DDOSLIKE-V-02,DDoS,DDoS,RF-v4,0.27203549768007734,0.7190948489787898,0.008869653341132742
1761,F-A1-DDOSLIKE-V-02,DDoS,DDoS,RF-v4,0.016166055434384673,0.983767081336901,6.686322871445769e-05
1762,F-A1-DDOSLIKE-V-02,DDoS,DDoS,RF-v4,0.16776916683802662,0.8241884209389069,0.00804241222306697
1763,F-A1-DDOSLIKE-V-02,DDoS,DDoS,RF-v4,0.01772618516498057,0.9822738148350196,0.0
1764,F-A1-DDOSLIKE-V-02,DDoS,Normal,RF-v4,0.7061726850149174,0.2852658179733238,0.008561497011759024
1765,F-A1-DDOSLIKE-V-02,DDoS,DDoS,RF-v4,0.02329461247906234,0.9767053875209377,0.0
1766,F-A1-DDOSLIKE-V-02,DDoS,DDoS,RF-v4,0.13922685546983085,0.8527260931469917,0.00804705138317808
1767,F-A1-DDOSLIKE-V-02,DDoS,DDoS,RF-v4,0.01120705076914758,0.9887929492308527,0.0
1768,F-A1-DDOSLIKE-V-02,DDoS,DDoS,RF-v4,0.13922685546983085,0.8527260931469917,0.00804705138317808
1769,F-A1-DDOSLIKE-V-02,DDoS,DDoS,RF-v4,0.0016420349883407945,0.9983579650116593,0.0
1770,F-A1-DDOSLIKE-V-02,DDoS,DDoS,RF-v4,0.25164493788513925,0.7346982478927453,0.013656814222116065
1771,F-A1-DDOSLIKE-V-02,DDoS,DDoS,RF-v4,0.0065345769015517615,0.9934654230984485,0.0
1772,F-A1-DDOSLIKE-V-02,DDoS,DDoS,RF-v4,0.13922685546983085,0.8527260931469917,0.00804705138317808
1773,F-A1-DDOSLIKE-V-02,DDoS,DDoS,RF-v4,0.013783043942855233,0.9861500928284305,6.686322871445769e-05
1774,F-A1-DDOSLIKE-V-02,DDoS,DDoS,RF-v4,0.13922685546983085,0.8527260931469917,0.00804705138317808
1775,F-A1-DDOSLIKE-V-02,DDoS,DDoS,RF-v4,0.009685122488217186,0.9903148775117829,0.0
1776,F-A1-DDOSLIKE-V-02,DDoS,DDoS,RF-v4,0.13922685546983085,0.8527260931469917,0.00804705138317808
1777,F-A1-DDOSLIKE-V-02,DDoS,DDoS,RF-v4,0.02100515010299596,0.9789279866682896,6.686322871445769e-05
1778,F-A1-DDOSLIKE-V-02,DDoS,DDoS,RF-v4,0.13922685546983085,0.8527260931469917,0.00804705138317808
1779,F-A1-DDOSLIKE-V-02,DDoS,DDoS,RF-v4,0.016166055434384673,0.983767081336901,6.686322871445769e-05
1780,F-A1-DDOSLIKE-V-02,DDoS,DDoS,RF-v4,0.13922685546983085,0.8527260931469917,0.00804705138317808
1781,F-A1-DDOSLIKE-V-02,DDoS,DDoS,RF-v4,0.01803939422506958,0.9819606057749304,0.0
1782,F-A1-DDOSLIKE-V-02,DDoS,DDoS,RF-v4,0.13922685546983085,0.8527260931469917,0.00804705138317808
1783,F-A1-DDOSLIKE-V-02,DDoS,DDoS,RF-v4,0.00263365441155992,0.9923663455884402,0.005
1784,F-A1-DDOSLIKE-V-02,DDoS,DDoS,RF-v4,0.14759288416898747,0.8440938093965843,0.008313306434428227
1785,F-A1-DDOSLIKE-V-02,DDoS,DDoS,RF-v4,0.016715596982279823,0.9832175397890058,6.686322871445769e-05
1786,F-A1-DDOSLIKE-V-02,DDoS,DDoS,RF-v4,0.16776916683802662,0.8241884209389069,0.00804241222306697
1787,F-A1-DDOSLIKE-V-02,DDoS,DDoS,RF-v4,0.014236919514017208,0.9857630804859829,0.0
1788,F-A1-DDOSLIKE-V-02,DDoS,DDoS,RF-v4,0.13922685546983085,0.8527260931469917,0.00804705138317808
1789,F-A1-DDOSLIKE-V-02,DDoS,DDoS,RF-v4,0.018127768707342375,0.9818722312926578,0.0
1790,F-A1-DDOSLIKE-V-02,DDoS,DDoS,RF-v4,0.13922685546983085,0.8527260931469917,0.00804705138317808
1791,F-A1-DDOSLIKE-V-02,DDoS,DDoS,RF-v4,0.0215183290938421,0.9784816709061579,0.0
1792,F-A1-DDOSLIKE-V-02,DDoS,DDoS,RF-v4,0.18738262250493234,0.8032156137513573,0.00940176374371073
1793,F-A1-DDOSLIKE-V-02,DDoS,DDoS,RF-v4,0.014332585490750383,0.981481438652549,0.0041859758567008055
1794,F-A1-DDOSLIKE-V-02,DDoS,DDoS,RF-v4,0.13922685546983085,0.8527260931469917,0.00804705138317808
1795,F-A1-DDOSLIKE-V-02,DDoS,DDoS,RF-v4,0.012142966839065454,0.9877901699322201,6.686322871445769e-05
1796,F-A1-DDOSLIKE-V-02,DDoS,DDoS,RF-v4,0.16776916683802662,0.8241884209389069,0.00804241222306697
1797,F-A1-DDOSLIKE-V-02,DDoS,DDoS,RF-v4,0.013860078893685955,0.9861399211063143,0.0
1798,F-A1-DDOSLIKE-V-02,DDoS,DDoS,RF-v4,0.13922685546983085,0.8527260931469917,0.00804705138317808
1799,F-A1-DDOSLIKE-V-02,DDoS,DDoS,RF-v4,0.00847726643867944,0.9915227335613207,0.0
1800,F-A1-DDOSLIKE-V-02,DDoS,DDoS,RF-v4,0.27203549768007734,0.7190948489787898,0.008869653341132742
1801,F-A1-DDOSLIKE-V-02,DDoS,DDoS,RF-v4,0.018909393381613026,0.9810237433896727,6.686322871445769e-05
1802,F-A1-DDOSLIKE-V-02,DDoS,Normal,RF-v4,0.6015630838510071,0.3895672628078589,0.008869653341132742
1803,F-A1-DDOSLIKE-V-02,DDoS,DDoS,RF-v4,0.031102878942457664,0.9688971210575426,0.0
1804,F-A1-DDOSLIKE-V-02,DDoS,DDoS,RF-v4,0.13922685546983085,0.8527260931469917,0.00804705138317808
1805,F-A1-DDOSLIKE-V-02,DDoS,DDoS,RF-v4,0.009759955347536015,0.9901731814237497,6.686322871445769e-05
1806,F-A1-DDOSLIKE-V-02,DDoS,DDoS,RF-v4,0.13922685546983085,0.8527260931469917,0.00804705138317808
1807,F-A1-DDOSLIKE-V-02,DDoS,DDoS,RF-v4,0.016011990467938882,0.9822115593579107,0.0017764501741504596
1808,F-A1-DDOSLIKE-V-02,DDoS,DDoS,RF-v4,0.14548486710184172,0.84620182646373,0.008313306434428227
1809,F-A1-DDOSLIKE-V-02,DDoS,DDoS,RF-v4,0.008984287833085313,0.9910157121669146,0.0
1810,F-A1-DDOSLIKE-V-02,DDoS,DDoS,RF-v4,0.13922685546983085,0.8527260931469917,0.00804705138317808
1811,F-A1-DDOSLIKE-V-02,DDoS,DDoS,RF-v4,0.009685122488217186,0.9903148775117829,0.0
1812,F-A1-DDOSLIKE-V-02,DDoS,DDoS,RF-v4,0.16776916683802662,0.8241884209389069,0.00804241222306697
1813,F-A1-DDOSLIKE-V-02,DDoS,DDoS,RF-v4,0.015344403281350654,0.9846555967186493,0.0
1814,F-A1-DDOSLIKE-V-02,DDoS,DDoS,RF-v4,0.14548486710184172,0.84620182646373,0.008313306434428227
1815,F-A1-DDOSLIKE-V-02,DDoS,DDoS,RF-v4,0.013783043942855233,0.9861500928284305,6.686322871445769e-05
1816,F-A1-DDOSLIKE-V-02,DDoS,DDoS,RF-v4,0.13922685546983085,0.8527260931469917,0.00804705138317808
1817,F-A1-DDOSLIKE-V-02,DDoS,DDoS,RF-v4,0.013656761700681133,0.9863432382993189,0.0
1818,F-A1-DDOSLIKE-V-02,DDoS,DDoS,RF-v4,0.13922685546983085,0.8527260931469917,0.00804705138317808
1819,F-A1-DDOSLIKE-V-02,DDoS,DDoS,RF-v4,0.04213142836696451,0.9578685716330356,0.0
1820,F-A1-DDOSLIKE-V-02,DDoS,DDoS,RF-v4,0.14548486710184172,0.84620182646373,0.008313306434428227
1821,F-A1-DDOSLIKE-V-02,DDoS,DDoS,RF-v4,0.007482589726947624,0.9925174102730524,0.0
1822,F-A1-DDOSLIKE-V-02,DDoS,DDoS,RF-v4,0.16776916683802662,0.8241884209389069,0.00804241222306697
1823,F-A1-DDOSLIKE-V-02,DDoS,DDoS,RF-v4,0.009661357046413492,0.9902717797248722,6.686322871445769e-05
1824,F-A1-DDOSLIKE-V-02,DDoS,DDoS,RF-v4,0.13922685546983085,0.8527260931469917,0.00804705138317808
1825,F-A1-DDOSLIKE-V-02,DDoS,DDoS,RF-v4,0.009759955347536015,0.9901731814237497,6.686322871445769e-05
1826,F-A1-DDOSLIKE-V-02,DDoS,DDoS,RF-v4,0.13922685546983085,0.8527260931469917,0.00804705138317808
1827,F-A1-DDOSLIKE-V-02,DDoS,DDoS,RF-v4,0.0065550550149945696,0.9934449449850056,0.0
1828,F-A1-DDOSLIKE-V-02,DDoS,DDoS,RF-v4,0.16776916683802662,0.8241884209389069,0.00804241222306697
1829,F-A1-DDOSLIKE-V-02,DDoS,DDoS,RF-v4,0.015174436011165549,0.9847587007601202,6.686322871445769e-05
1830,F-A1-DDOSLIKE-V-02,DDoS,DDoS,RF-v4,0.13922685546983085,0.8527260931469917,0.00804705138317808
1831,F-A1-DDOSLIKE-V-02,DDoS,DDoS,RF-v4,0.036941865514554584,0.9612816843112949,0.0017764501741504596
1832,F-A1-DDOSLIKE-V-02,DDoS,DDoS,RF-v4,0.27203549768007734,0.7190948489787898,0.008869653341132742
1833,F-A1-DDOSLIKE-V-02,DDoS,DDoS,RF-v4,0.03750165967009,0.9590123032103237,0.003486037119586462
1834,F-A1-DDOSLIKE-V-02,DDoS,DDoS,RF-v4,0.004321295992229443,0.9956787040077707,0.0
1835,F-A1-DDOSLIKE-V-02,DDoS,DDoS,RF-v4,0.13922685546983085,0.8527260931469917,0.00804705138317808
1836,F-A1-DDOSLIKE-V-02,DDoS,DDoS,RF-v4,0.009634176223063092,0.9903658237769369,0.0
1837,F-A1-DDOSLIKE-V-02,DDoS,DDoS,RF-v4,0.16776916683802662,0.8241884209389069,0.00804241222306697
1838,F-A1-DDOSLIKE-V-02,DDoS,DDoS,RF-v4,0.007306128279155739,0.9926938717208443,0.0
1839,F-A1-DDOSLIKE-V-02,DDoS,DDoS,RF-v4,0.13922685546983085,0.8527260931469917,0.00804705138317808
1840,F-A1-DDOSLIKE-V-02,DDoS,DDoS,RF-v4,0.008984287833085313,0.9910157121669146,0.0
1841,F-A1-DDOSLIKE-V-02,DDoS,DDoS,RF-v4,0.14759288416898747,0.8440938093965843,0.008313306434428227
1842,F-A1-DDOSLIKE-V-02,DDoS,DDoS,RF-v4,0.007306128279155739,0.9909842847754083,0.0017095869454360022
1843,F-A1-DDOSLIKE-V-02,DDoS,DDoS,RF-v4,0.14231220643369075,0.846482492440866,0.011205301125443934
1844,F-A1-DDOSLIKE-V-02,DDoS,DDoS,RF-v4,0.008768335924316889,0.9912316640756832,0.0
1845,F-A1-DDOSLIKE-V-02,DDoS,DDoS,RF-v4,0.13922685546983085,0.8527260931469917,0.00804705138317808
1846,F-A1-DDOSLIKE-V-02,DDoS,DDoS,RF-v4,0.03314180989991073,0.9668581901000894,0.0
1847,F-A1-DDOSLIKE-V-02,DDoS,DDoS,RF-v4,0.14759288416898747,0.8440938093965843,0.008313306434428227
1848,F-A1-DDOSLIKE-V-02,DDoS,DDoS,RF-v4,0.012791424519636108,0.9871417122516496,6.686322871445769e-05
1849,F-A1-DDOSLIKE-V-02,DDoS,DDoS,RF-v4,0.13922685546983085,0.8527260931469917,0.00804705138317808
1850,F-A1-DDOSLIKE-V-02,DDoS,DDoS,RF-v4,0.003767085413982867,0.9962329145860173,0.0
1851,F-A1-DDOSLIKE-V-02,DDoS,DDoS,RF-v4,0.14759288416898747,0.8440938093965843,0.008313306434428227
1852,F-A1-DDOSLIKE-V-02,DDoS,DDoS,RF-v4,0.013860078893685955,0.9861399211063143,0.0
1853,F-A1-DDOSLIKE-V-02,DDoS,DDoS,RF-v4,0.13922685546983085,0.8527260931469917,0.00804705138317808
1854,F-A1-DDOSLIKE-V-02,DDoS,DDoS,RF-v4,0.018381313667607303,0.9816186863323929,0.0
1855,F-A1-DDOSLIKE-V-02,DDoS,DDoS,RF-v4,0.25560052456076254,0.7307426612171218,0.013656814222116065
1856,F-A1-DDOSLIKE-V-02,DDoS,DDoS,RF-v4,0.01155472618573921,0.9883784105855464,6.686322871445769e-05
1857,F-A1-DDOSLIKE-V-02,DDoS,DDoS,RF-v4,0.16776916683802662,0.8241884209389069,0.00804241222306697
1858,F-A1-DDOSLIKE-V-02,DDoS,DDoS,RF-v4,0.007306128279155739,0.9926938717208443,0.0
1859,F-A1-DDOSLIKE-V-02,DDoS,DDoS,RF-v4,0.13922685546983085,0.8527260931469917,0.00804705138317808
1860,F-A1-DDOSLIKE-V-02,DDoS,DDoS,RF-v4,0.023162275228055123,0.9750612745977947,0.0017764501741504596
1861,F-A1-DDOSLIKE-V-02,DDoS,DDoS,RF-v4,0.27671371194680866,0.7143120421984399,0.008974245854751215
1862,F-A1-DDOSLIKE-V-02,DDoS,DDoS,RF-v4,0.00263365441155992,0.9973663455884402,0.0
1863,F-A1-DDOSLIKE-V-02,DDoS,DDoS,RF-v4,0.13922685546983085,0.8527260931469917,0.00804705138317808
1864,F-A1-DDOSLIKE-V-02,DDoS,DDoS,RF-v4,0.00263365441155992,0.9973663455884402,0.0
1865,F-A1-DDOSLIKE-V-02,DDoS,DDoS,RF-v4,0.14759288416898747,0.8440938093965843,0.008313306434428227
1866,F-A1-DDOSLIKE-V-02,DDoS,DDoS,RF-v4,0.010671929413754834,0.9862821893021748,0.003045881284070261
1867,F-A1-DDOSLIKE-V-02,DDoS,DDoS,RF-v4,0.14548486710184172,0.84620182646373,0.008313306434428227
1868,F-A1-DDOSLIKE-V-02,DDoS,DDoS,RF-v4,0.01766000975262798,0.9823399902473722,0.0
1869,F-A1-DDOSLIKE-V-02,DDoS,DDoS,RF-v4,0.3132947530925236,0.6746851197686544,0.012020127138821479
1870,F-A1-DDOSLIKE-V-02,DDoS,DDoS,RF-v4,0.010557665496870981,0.9894423345031292,0.0
1871,F-A1-DDOSLIKE-V-02,DDoS,DDoS,RF-v4,0.13922685546983085,0.8527260931469917,0.00804705138317808
1872,F-A1-DDOSLIKE-V-02,DDoS,DDoS,RF-v4,0.010557665496870981,0.9893754712744147,6.686322871445769e-05
1873,F-A1-DDOSLIKE-V-02,DDoS,DDoS,RF-v4,0.13922685546983085,0.8527260931469917,0.00804705138317808
1874,F-A1-DDOSLIKE-V-02,DDoS,DDoS,RF-v4,0.00263365441155992,0.9973663455884402,0.0
1875,F-A1-DDOSLIKE-V-02,DDoS,DDoS,RF-v4,0.27671371194680866,0.7143120421984399,0.008974245854751215
1876,F-A1-DDOSLIKE-V-02,DDoS,DDoS,RF-v4,0.007649389969727787,0.9923506100302723,0.0
1877,F-A1-DDOSLIKE-V-02,DDoS,DDoS,RF-v4,0.28133572481445573,0.7096900293307928,0.008974245854751215
1878,F-A1-DDOSLIKE-V-02,DDoS,DDoS,RF-v4,0.013322429738182128,0.986677570261818,0.0
1879,F-A1-DDOSLIKE-V-02,DDoS,DDoS,RF-v4,0.14759288416898747,0.8440938093965843,0.008313306434428227
1880,F-A1-DDOSLIKE-V-02,DDoS,DDoS,RF-v4,0.009809910252817737,0.9901900897471825,0.0
1881,F-A1-DDOSLIKE-V-02,DDoS,DDoS,RF-v4,0.14548486710184172,0.84620182646373,0.008313306434428227
1882,F-A1-DDOSLIKE-V-02,DDoS,DDoS,RF-v4,0.010557665496870981,0.9894423345031292,0.0
1883,F-A1-DDOSLIKE-V-02,DDoS,DDoS,RF-v4,0.13922685546983085,0.8527260931469917,0.00804705138317808
1884,F-A1-DDOSLIKE-V-02,DDoS,DDoS,RF-v4,0.014332585490750383,0.981481438652549,0.0041859758567008055
1885,F-A1-DDOSLIKE-V-02,DDoS,DDoS,RF-v4,0.2514494281840246,0.7400225184301678,0.00852805338580806
1886,F-A1-DDOSLIKE-V-02,DDoS,DDoS,RF-v4,0.009547470310718908,0.9903856664605667,6.686322871445769e-05
1887,F-A1-DDOSLIKE-V-02,DDoS,DDoS,RF-v4,0.13922685546983085,0.8527260931469917,0.00804705138317808
1888,F-A1-DDOSLIKE-V-02,DDoS,DDoS,RF-v4,0.01269614423862151,0.9873038557613786,0.0
1889,F-A1-DDOSLIKE-V-02,DDoS,DDoS,RF-v4,0.14759288416898747,0.8440938093965843,0.008313306434428227
1890,F-A1-DDOSLIKE-V-02,DDoS,DDoS,RF-v4,0.012791424519636108,0.9871417122516496,6.686322871445769e-05
1891,F-A1-DDOSLIKE-V-02,DDoS,DDoS,RF-v4,0.13922685546983085,0.8527260931469917,0.00804705138317808
1892,F-A1-DDOSLIKE-V-02,DDoS,DDoS,RF-v4,0.009661357046413492,0.9902717797248722,6.686322871445769e-05
1893,F-A1-DDOSLIKE-V-02,DDoS,DDoS,RF-v4,0.13922685546983085,0.8527260931469917,0.00804705138317808
1894,F-A1-DDOSLIKE-V-02,DDoS,DDoS,RF-v4,0.013783043942855233,0.9861500928284305,6.686322871445769e-05
1895,F-A1-DDOSLIKE-V-02,DDoS,DDoS,RF-v4,0.13922685546983085,0.8527260931469917,0.00804705138317808
1896,F-A1-DDOSLIKE-V-02,DDoS,DDoS,RF-v4,0.018127768707342375,0.9818722312926578,0.0
1897,F-A1-DDOSLIKE-V-02,DDoS,DDoS,RF-v4,0.13922685546983085,0.8527260931469917,0.00804705138317808
1898,F-A1-DDOSLIKE-V-02,DDoS,DDoS,RF-v4,0.003977482002990491,0.9960225179970097,0.0
1899,F-A1-DDOSLIKE-V-02,DDoS,DDoS,RF-v4,0.16776916683802662,0.8241884209389069,0.00804241222306697
1900,F-A1-DDOSLIKE-V-02,DDoS,DDoS,RF-v4,0.0207663117840469,0.9792336882159534,0.0
1901,F-A1-DDOSLIKE-V-02,DDoS,DDoS,RF-v4,0.13922685546983085,0.8527260931469917,0.00804705138317808
1902,F-A1-DDOSLIKE-V-02,DDoS,DDoS,RF-v4,0.008341294896786616,0.9916587051032135,0.0
1903,F-A1-DDOSLIKE-V-02,DDoS,DDoS,RF-v4,0.13922685546983085,0.8527260931469917,0.00804705138317808
1904,F-A1-DDOSLIKE-V-02,DDoS,DDoS,RF-v4,0.039303167593251497,0.9606968324067485,0.0
1905,F-A1-DDOSLIKE-V-02,DDoS,DDoS,RF-v4,0.14759288416898747,0.8440938093965843,0.008313306434428227
1906,F-A1-DDOSLIKE-V-02,DDoS,DDoS,RF-v4,0.007649389969727787,0.9923506100302723,0.0
1907,F-A1-DDOSLIKE-V-02,DDoS,DDoS,RF-v4,0.14759288416898747,0.8440938093965843,0.008313306434428227
1908,F-A1-DDOSLIKE-V-02,DDoS,DDoS,RF-v4,0.013860078893685955,0.9861399211063143,0.0
1909,F-A1-DDOSLIKE-V-02,DDoS,DDoS,RF-v4,0.13922685546983085,0.8527260931469917,0.00804705138317808
1910,F-A1-DDOSLIKE-V-02,DDoS,DDoS,RF-v4,0.016715596982279823,0.9832175397890058,6.686322871445769e-05
1911,F-A1-DDOSLIKE-V-02,DDoS,DDoS,RF-v4,0.13922685546983085,0.8527260931469917,0.00804705138317808
1912,F-A1-DDOSLIKE-V-02,DDoS,DDoS,RF-v4,0.0016420349883407945,0.9983579650116593,0.0
1913,F-A1-DDOSLIKE-V-02,DDoS,DDoS,RF-v4,0.13922685546983085,0.8527260931469917,0.00804705138317808
1914,F-A1-DDOSLIKE-V-02,DDoS,DDoS,RF-v4,0.010557665496870981,0.9894423345031292,0.0
1915,F-A1-DDOSLIKE-V-02,DDoS,DDoS,RF-v4,0.16776916683802662,0.8224788339934709,0.009751999168502971
1916,F-A1-DDOSLIKE-V-02,DDoS,DDoS,RF-v4,0.008341294896786616,0.9916587051032135,0.0
1917,F-A1-DDOSLIKE-V-02,DDoS,DDoS,RF-v4,0.14759288416898747,0.8440938093965843,0.008313306434428227
1918,F-A1-DDOSLIKE-V-02,DDoS,DDoS,RF-v4,0.005993649138326906,0.9940063508616732,0.0
1919,F-A1-DDOSLIKE-V-02,DDoS,DDoS,RF-v4,0.14759288416898747,0.8440938093965843,0.008313306434428227
1920,F-A1-DDOSLIKE-V-02,DDoS,DDoS,RF-v4,0.008984287833085313,0.9910157121669146,0.0
1921,F-A1-DDOSLIKE-V-02,DDoS,DDoS,RF-v4,0.14759288416898747,0.8440938093965843,0.008313306434428227
1922,F-A1-DDOSLIKE-V-02,DDoS,DDoS,RF-v4,0.034093414173465425,0.9659065858265348,0.0
1923,F-A1-DDOSLIKE-V-02,DDoS,DDoS,RF-v4,0.13922685546983085,0.8527260931469917,0.00804705138317808
1924,F-A1-DDOSLIKE-V-02,DDoS,DDoS,RF-v4,0.012043669275582862,0.9879563307244174,0.0
1925,F-A1-DDOSLIKE-V-02,DDoS,DDoS,RF-v4,0.14759288416898747,0.8440938093965843,0.008313306434428227
1926,F-A1-DDOSLIKE-V-02,DDoS,DDoS,RF-v4,0.02350998872580928,0.976400930362158,8.90809120327034e-05
1927,F-A1-DDOSLIKE-V-02,DDoS,DDoS,RF-v4,0.14759288416898747,0.8440938093965843,0.008313306434428227
1928,F-A1-DDOSLIKE-V-02,DDoS,DDoS,RF-v4,0.0474526429293139,0.9524505859992998,9.677107138642249e-05
1929,F-A1-DDOSLIKE-V-02,DDoS,Normal,RF-v4,0.8998829297268778,0.09177187135792582,0.008345198915195752
1930,F-A1-DDOSLIKE-V-02,DDoS,DDoS,RF-v4,0.0325778781413649,0.9674221218586352,0.0
1931,F-A1-DDOSLIKE-V-02,DDoS,Normal,RF-v4,0.9530169161565883,0.038827744580148524,0.008155339263261783
1932,F-A1-DDOSLIKE-V-02,DDoS,DDoS,RF-v4,0.008984287833085313,0.9910157121669146,0.0
1933,F-A1-DDOSLIKE-V-02,DDoS,Normal,RF-v4,0.9530169161565883,0.038827744580148524,0.008155339263261783
1934,F-A1-DDOSLIKE-V-02,DDoS,DDoS,RF-v4,0.02191480199369559,0.9779961170942718,8.90809120327034e-05
1935,F-A1-DDOSLIKE-V-02,DDoS,Normal,RF-v4,0.9590750975122606,0.032663149312755047,0.008261753174982735
1936,F-A1-DDOSLIKE-V-02,DDoS,DDoS,RF-v4,0.06889501914839531,0.930997847783861,0.00010713306774368599
1937,F-A1-DDOSLIKE-V-02,DDoS,Normal,RF-v4,0.9639701126772828,0.02766461561901913,0.008365271703698114
1938,F-A1-DDOSLIKE-V-02,DDoS,DDoS,RF-v4,0.07878688795597845,0.921016898064245,0.0001962139797763894
1939,F-A1-DDOSLIKE-V-02,DDoS,Normal,RF-v4,0.9638096533040212,0.02782507499228079,0.008365271703698114
1940,F-A1-DDOSLIKE-V-02,DDoS,DDoS,RF-v4,0.052375973743672144,0.9476136642599705,1.0361996357263502e-05
1941,F-A1-DDOSLIKE-V-02,DDoS,DDoS,RF-v4,0.16759896021464027,0.8241397888917793,0.008261250893580478
1942,F-A1-DDOSLIKE-V-02,DDoS,DDoS,RF-v4,0.05076882956858972,0.9491343993600238,9.677107138642249e-05
1943,F-A1-DDOSLIKE-V-02,DDoS,Normal,RF-v4,0.951032353561605,0.04070589326341279,0.008261753174982735
1944,F-A1-DDOSLIKE-V-02,DDoS,DDoS,RF-v4,0.023214298545765268,0.9766966205422021,8.90809120327034e-05
1945,F-A1-DDOSLIKE-V-02,DDoS,Normal,RF-v4,0.9520703698061527,0.039667877018865066,0.008261753174982735
1946,F-A1-DDOSLIKE-V-02,DDoS,DDoS,RF-v4,0.010557665496870981,0.9894423345031292,0.0
1947,F-A1-DDOSLIKE-V-02,DDoS,DDoS,RF-v4,0.16776916683802662,0.8241884209389069,0.00804241222306697
1948,F-A1-DDOSLIKE-V-02,DDoS,DDoS,RF-v4,0.004748337019759716,0.9952516629802404,0.0
1949,F-A1-DDOSLIKE-V-02,DDoS,DDoS,RF-v4,0.18738262250493234,0.8032156137513573,0.00940176374371073
1950,F-A1-DDOSLIKE-V-02,DDoS,DDoS,RF-v4,0.010961748389058263,0.9890382516109417,0.0
1951,F-A1-DDOSLIKE-V-02,DDoS,DDoS,RF-v4,0.14548486710184172,0.84620182646373,0.008313306434428227
1952,F-A1-DDOSLIKE-V-02,DDoS,DDoS,RF-v4,0.015174436011165549,0.9847587007601202,6.686322871445769e-05
1953,F-A1-DDOSLIKE-V-02,DDoS,DDoS,RF-v4,0.14231220643369075,0.8495283737249362,0.008159419841373677
1954,F-A1-DDOSLIKE-V-02,DDoS,DDoS,RF-v4,0.00565619385558697,0.9943438061444131,0.0
1955,F-A1-DDOSLIKE-V-02,DDoS,DDoS,RF-v4,0.14759288416898747,0.8440938093965843,0.008313306434428227
1956,F-A1-DDOSLIKE-V-02,DDoS,DDoS,RF-v4,0.004748337019759716,0.9952516629802404,0.0
1957,F-A1-DDOSLIKE-V-02,DDoS,Normal,RF-v4,0.9530169161565883,0.038827744580148524,0.008155339263261783
1958,F-A1-DDOSLIKE-V-02,DDoS,DDoS,RF-v4,0.07855358423316317,0.9098984162075652,0.011547999559271932
1959,F-A1-DDOSLIKE-V-02,DDoS,DDoS,RF-v4,0.13922685546983085,0.8527260931469917,0.00804705138317808
1960,F-A1-DDOSLIKE-V-02,DDoS,DDoS,RF-v4,0.15639985528814052,0.8226346581857381,0.020965486526121513
1961,F-A1-DDOSLIKE-V-02,DDoS,DDoS,RF-v4,0.13922685546983085,0.8527260931469917,0.00804705138317808
1962,F-A1-DDOSLIKE-V-02,DDoS,DDoS,RF-v4,0.010557665496870981,0.9894423345031292,0.0
1963,F-A1-DDOSLIKE-V-02,DDoS,DDoS,RF-v4,0.13922685546983085,0.8527260931469917,0.00804705138317808
1964,F-A1-DDOSLIKE-V-02,DDoS,DDoS,RF-v4,0.012791424519636108,0.9871417122516496,6.686322871445769e-05
1965,F-A1-DDOSLIKE-V-02,DDoS,DDoS,RF-v4,0.16776916683802662,0.8241884209389069,0.00804241222306697
1966,F-A1-DDOSLIKE-V-02,DDoS,DDoS,RF-v4,0.010557665496870981,0.9894423345031292,0.0
1967,F-A1-DDOSLIKE-V-02,DDoS,DDoS,RF-v4,0.13922685546983085,0.8527260931469917,0.00804705138317808
1968,F-A1-DDOSLIKE-V-02,DDoS,DDoS,RF-v4,0.007110618578041113,0.992889381421959,0.0
1969,F-A1-DDOSLIKE-V-02,DDoS,DDoS,RF-v4,0.14548486710184172,0.84620182646373,0.008313306434428227
1970,F-A1-DDOSLIKE-V-02,DDoS,DDoS,RF-v4,0.023707630328302257,0.9762923696716979,0.0
1971,F-A1-DDOSLIKE-V-02,DDoS,DDoS,RF-v4,0.010557665496870981,0.9894423345031292,0.0
1972,F-A1-DDOSLIKE-V-02,DDoS,DDoS,RF-v4,0.13922685546983085,0.8527260931469917,0.00804705138317808
1973,F-A1-DDOSLIKE-V-02,DDoS,DDoS,RF-v4,0.011420416104855138,0.9885795838951451,0.0
1974,F-A1-DDOSLIKE-V-02,DDoS,DDoS,RF-v4,0.14548486710184172,0.84620182646373,0.008313306434428227
1975,F-A1-DDOSLIKE-V-02,DDoS,DDoS,RF-v4,0.012082903391955549,0.9879170966080446,0.0
1976,F-A1-DDOSLIKE-V-02,DDoS,DDoS,RF-v4,0.14759288416898747,0.8440938093965843,0.008313306434428227
1977,F-A1-DDOSLIKE-V-02,DDoS,DDoS,RF-v4,0.16558437206545507,0.8134501414084235,0.020965486526121513
1978,F-A1-DDOSLIKE-V-02,DDoS,DDoS,RF-v4,0.14759288416898747,0.8440938093965843,0.008313306434428227
1979,F-A1-DDOSLIKE-V-02,DDoS,DDoS,RF-v4,0.037242287459828584,0.9627577125401716,0.0
1980,F-A1-DDOSLIKE-V-02,DDoS,DDoS,RF-v4,0.012358934563193282,0.9875742022080923,6.686322871445769e-05
1981,F-A1-DDOSLIKE-V-02,DDoS,DDoS,RF-v4,0.16776916683802662,0.8241884209389069,0.00804241222306697
1982,F-A1-DDOSLIKE-V-02,DDoS,DDoS,RF-v4,0.013783043942855233,0.9861500928284305,6.686322871445769e-05
1983,F-A1-DDOSLIKE-V-02,DDoS,DDoS,RF-v4,0.14548486710184172,0.84620182646373,0.008313306434428227
1984,F-A1-DDOSLIKE-V-02,DDoS,DDoS,RF-v4,0.036913671280943874,0.9613098785449057,0.0017764501741504598
1985,F-A1-DDOSLIKE-V-02,DDoS,DDoS,RF-v4,0.025548690806165498,0.9742831886705156,0.0001681205233190415
1986,F-A1-DDOSLIKE-V-02,DDoS,DDoS,RF-v4,0.14548486710184172,0.84620182646373,0.008313306434428227
1987,F-A1-DDOSLIKE-V-02,DDoS,DDoS,RF-v4,0.1514859674171255,0.8275485460567531,0.020965486526121513
1988,F-A1-DDOSLIKE-V-02,DDoS,DDoS,RF-v4,0.16776916683802662,0.8241884209389069,0.00804241222306697
1989,F-A1-DDOSLIKE-V-02,DDoS,DDoS,RF-v4,0.011119071373538646,0.988814065397747,6.686322871445769e-05
1990,F-A1-DDOSLIKE-V-02,DDoS,DDoS,RF-v4,0.13922685546983085,0.8527260931469917,0.00804705138317808
1991,F-A1-DDOSLIKE-V-02,DDoS,DDoS,RF-v4,0.012791424519636108,0.9871417122516496,6.686322871445769e-05
1992,F-A1-DDOSLIKE-V-02,DDoS,DDoS,RF-v4,0.13922685546983085,0.8527260931469917,0.00804705138317808
1993,F-A1-DDOSLIKE-V-02,DDoS,DDoS,RF-v4,0.016011990467938882,0.9822115593579107,0.0017764501741504596
1994,F-A1-DDOSLIKE-V-02,DDoS,DDoS,RF-v4,0.14548486710184172,0.84620182646373,0.008313306434428227
1995,F-A1-DDOSLIKE-V-02,DDoS,DDoS,RF-v4,0.012905311255330693,0.987027825515955,6.686322871445769e-05
1996,F-A1-DDOSLIKE-V-02,DDoS,DDoS,RF-v4,0.13922685546983085,0.8527260931469917,0.00804705138317808
1997,F-A1-DDOSLIKE-V-02,DDoS,DDoS,RF-v4,0.022711868092665396,0.9772881319073348,0.0
1998,F-A1-DDOSLIKE-V-02,DDoS,DDoS,RF-v4,0.13922685546983085,0.8527260931469917,0.00804705138317808
1999,F-A1-DDOSLIKE-V-02,DDoS,DDoS,RF-v4,0.013783043942855233,0.9861500928284305,6.686322871445769e-05
2000,F-A1-DDOSLIKE-V-02,DDoS,DDoS,RF-v4,0.13922685546983085,0.8527260931469917,0.00804705138317808
2001,F-A1-DDOSLIKE-V-02,DDoS,DDoS,RF-v4,0.011005184637844063,0.9889279521334415,6.686322871445769e-05
2002,F-A1-DDOSLIKE-V-02,DDoS,DDoS,RF-v4,0.16776916683802662,0.8241884209389069,0.00804241222306697
2003,F-A1-DDOSLIKE-V-02,DDoS,DDoS,RF-v4,0.012905311255330693,0.987027825515955,6.686322871445769e-05
2004,F-A1-DDOSLIKE-V-02,DDoS,DDoS,RF-v4,0.16776916683802662,0.8241884209389069,0.00804241222306697
2005,F-A1-DDOSLIKE-V-02,DDoS,DDoS,RF-v4,0.07363969636214814,0.9148123040785802,0.011547999559271932
2006,F-A1-DDOSLIKE-V-02,DDoS,DDoS,RF-v4,0.14759288416898747,0.8440938093965843,0.008313306434428227
2007,F-A1-DDOSLIKE-V-02,DDoS,DDoS,RF-v4,0.011805360416177784,0.9881946395838223,0.0
2008,F-A1-DDOSLIKE-V-02,DDoS,DDoS,RF-v4,0.27671371194680866,0.7143120421984399,0.008974245854751215
2009,F-A1-DDOSLIKE-V-02,DDoS,DDoS,RF-v4,0.013860078893685955,0.9861399211063143,0.0
2010,F-A1-DDOSLIKE-V-02,DDoS,DDoS,RF-v4,0.13922685546983085,0.8527260931469917,0.00804705138317808
2011,F-A1-DDOSLIKE-V-02,DDoS,DDoS,RF-v4,0.015174436011165549,0.9847587007601202,6.686322871445769e-05
2012,F-A1-DDOSLIKE-V-02,DDoS,DDoS,RF-v4,0.13922685546983085,0.8527260931469917,0.00804705138317808
2013,F-A1-DDOSLIKE-V-02,DDoS,DDoS,RF-v4,0.016166055434384673,0.983767081336901,6.686322871445769e-05
2014,F-A1-DDOSLIKE-V-02,DDoS,DDoS,RF-v4,0.13922685546983085,0.8527260931469917,0.00804705138317808
2015,F-A1-DDOSLIKE-V-02,DDoS,DDoS,RF-v4,0.010807221416799828,0.9891927785832004,0.0
2016,F-A1-DDOSLIKE-V-02,DDoS,DDoS,RF-v4,0.13922685546983085,0.8527260931469917,0.00804705138317808
2017,F-A1-DDOSLIKE-V-02,DDoS,DDoS,RF-v4,0.013044070130327004,0.9869559298696733,0.0
2018,F-A1-DDOSLIKE-V-02,DDoS,DDoS,RF-v4,0.28133572481445573,0.7096900293307928,0.008974245854751215
2019,F-A1-DDOSLIKE-V-02,DDoS,DDoS,RF-v4,0.008341294896786616,0.9916587051032135,0.0
2020,F-A1-DDOSLIKE-V-02,DDoS,DDoS,RF-v4,0.13922685546983085,0.8527260931469917,0.00804705138317808
2021,F-A1-DDOSLIKE-V-02,DDoS,DDoS,RF-v4,0.08007149533475706,0.9164263863900415,0.0035021182752016716
2022,F-A1-DDOSLIKE-V-02,DDoS,Normal,RF-v4,0.7061726850149174,0.2852658179733238,0.008561497011759024
2023,F-A1-DDOSLIKE-V-02,DDoS,DDoS,RF-v4,0.012940676988400422,0.9869924597828853,6.686322871445769e-05
2024,F-A1-DDOSLIKE-V-02,DDoS,DDoS,RF-v4,0.13922685546983085,0.8527260931469917,0.00804705138317808
2025,F-A1-DDOSLIKE-V-02,DDoS,DDoS,RF-v4,0.016619931005546647,0.983313205765739,6.686322871445769e-05
2026,F-A1-DDOSLIKE-V-02,DDoS,DDoS,RF-v4,0.25164493788513925,0.7346982478927453,0.013656814222116065
2027,F-A1-DDOSLIKE-V-02,DDoS,DDoS,RF-v4,0.003428274870132841,0.9965717251298674,0.0
2028,F-A1-DDOSLIKE-V-02,DDoS,DDoS,RF-v4,0.18738262250493234,0.8032156137513573,0.00940176374371073
2029,F-A1-DDOSLIKE-V-02,DDoS,DDoS,RF-v4,0.012940676988400422,0.9869924597828853,6.686322871445769e-05
2030,F-A1-DDOSLIKE-V-02,DDoS,DDoS,RF-v4,0.13922685546983085,0.8527260931469917,0.00804705138317808
2031,F-A1-DDOSLIKE-V-02,DDoS,DDoS,RF-v4,0.010557665496870981,0.9894423345031292,0.0
2032,F-A1-DDOSLIKE-V-02,DDoS,DDoS,RF-v4,0.13922685546983085,0.8527260931469917,0.00804705138317808
2033,F-A1-DDOSLIKE-V-02,DDoS,DDoS,RF-v4,0.07703266957413782,0.9064193308665903,0.01654799955927193
2034,F-A1-DDOSLIKE-V-02,DDoS,DDoS,RF-v4,0.16776916683802662,0.8241884209389069,0.00804241222306697
2035,F-A1-DDOSLIKE-V-02,DDoS,DDoS,RF-v4,0.0292691086366768,0.9707308913633231,0.0
2036,F-A1-DDOSLIKE-V-02,DDoS,DDoS,RF-v4,0.14548486710184172,0.84620182646373,0.008313306434428227
2037,F-A1-DDOSLIKE-V-02,DDoS,DDoS,RF-v4,0.03257311529606532,0.9674268847039348,0.0
2038,F-A1-DDOSLIKE-V-02,DDoS,Normal,RF-v4,0.8940281543669789,0.09766016989386272,0.00831167573915768
2039,F-A1-DDOSLIKE-V-02,DDoS,DDoS,RF-v4,0.00864995587058631,0.9913500441294139,0.0
2040,F-A1-DDOSLIKE-V-02,DDoS,Normal,RF-v4,0.8940281543669789,0.09766016989386272,0.00831167573915768
2041,F-A1-DDOSLIKE-V-02,DDoS,DDoS,RF-v4,0.0065345769015517615,0.9934654230984485,0.0
2042,F-A1-DDOSLIKE-V-02,DDoS,DDoS,RF-v4,0.13922685546983085,0.8527260931469917,0.00804705138317808
2043,F-A1-DDOSLIKE-V-02,DDoS,DDoS,RF-v4,0.007451363465452061,0.9925486365345482,0.0
2044,F-A1-DDOSLIKE-V-02,DDoS,DDoS,RF-v4,0.16776916683802662,0.8241884209389069,0.00804241222306697
2045,F-A1-DDOSLIKE-V-02,DDoS,DDoS,RF-v4,0.40562783149598297,0.5027177380679734,0.09165443043604514
2046,F-A1-DDOSLIKE-V-02,DDoS,DDoS,RF-v4,0.40695857137206226,0.501386998191894,0.09165443043604514
2047,F-A1-DDOSLIKE-V-02,DDoS,Normal,RF-v4,0.6377667687592607,0.3051368180838327,0.05709641315690747
2048,F-A1-DDOSLIKE-V-02,DDoS,DDoS,RF-v4,0.3957917872976225,0.5512856791034167,0.05292253359896121
2049,F-A1-DDOSLIKE-V-02,DDoS,DDoS,RF-v4,0.40562783149598297,0.5027177380679734,0.09165443043604514
2050,F-A1-DDOSLIKE-V-02,DDoS,DDoS,RF-v4,0.41030030536357875,0.49633567725494143,0.09336401738148113
2051,F-A1-DDOSLIKE-V-02,DDoS,DDoS,RF-v4,0.38369913161268593,0.5757729045592459,0.04052796382806879
2052,F-A1-DDOSLIKE-V-02,DDoS,DDoS,RF-v4,0.40562783149598297,0.5027177380679734,0.09165443043604514
2053,F-A1-DDOSLIKE-V-02,DDoS,DDoS,RF-v4,0.40562783149598297,0.5027177380679734,0.09165443043604514
2054,F-A1-DDOSLIKE-V-02,DDoS,DDoS,RF-v4,0.40562783149598297,0.5027177380679734,0.09165443043604514
2055,F-A1-DDOSLIKE-V-02,DDoS,Normal,RF-v4,0.5258321764102943,0.37232285493783124,0.10184496865187563
2056,F-A1-DDOSLIKE-V-02,DDoS,DDoS,RF-v4,0.35773611947681955,0.5807663567060942,0.06149752381708689
2057,F-A1-DDOSLIKE-V-02,DDoS,Normal,RF-v4,0.5533334900532024,0.36194222166108575,0.08472428828571367
2058,F-A1-DDOSLIKE-V-02,DDoS,DDoS,RF-v4,0.3466710087212846,0.5225320016822734,0.13079698959644193
2059,F-A1-DDOSLIKE-V-03,DDoS,DDoS,RF-v4,0.0016420349883407945,0.9983579650116593,0.0
2060,F-A1-DDOSLIKE-V-03,DDoS,Normal,RF-v4,0.8940281543669789,0.09766016989386272,0.00831167573915768
2061,F-A1-DDOSLIKE-V-03,DDoS,DDoS,RF-v4,0.007451363465452061,0.9925486365345482,0.0
2062,F-A1-DDOSLIKE-V-03,DDoS,Normal,RF-v4,0.9530169161565883,0.038827744580148524,0.008155339263261783
2063,F-A1-DDOSLIKE-V-03,DDoS,DDoS,RF-v4,0.01390682073831116,0.9860931792616889,0.0
2064,F-A1-DDOSLIKE-V-03,DDoS,DDoS,RF-v4,0.040822070376520456,0.9591779296234797,0.0
2065,F-A1-DDOSLIKE-V-03,DDoS,Normal,RF-v4,0.6527172635383488,0.3387399668503291,0.008542769611322195
2066,F-A1-DDOSLIKE-V-03,DDoS,DDoS,RF-v4,0.13922685546983085,0.8527260931469917,0.00804705138317808
2067,F-A1-DDOSLIKE-V-03,DDoS,DDoS,RF-v4,0.00565619385558697,0.9943438061444131,0.0
2068,F-A1-DDOSLIKE-V-03,DDoS,DDoS,RF-v4,0.14759288416898747,0.8440938093965843,0.008313306434428227
2069,F-A1-DDOSLIKE-V-03,DDoS,DDoS,RF-v4,0.0065345769015517615,0.9934654230984485,0.0
2070,F-A1-DDOSLIKE-V-03,DDoS,DDoS,RF-v4,0.196727570240124,0.7938706660161656,0.00940176374371073
2071,F-A1-DDOSLIKE-V-03,DDoS,DDoS,RF-v4,0.0016420349883407945,0.9983579650116593,0.0
2072,F-A1-DDOSLIKE-V-03,DDoS,DDoS,RF-v4,0.003428274870132841,0.9965717251298674,0.0
2073,F-A1-DDOSLIKE-V-03,DDoS,DDoS,RF-v4,0.2514494281840246,0.7400225184301678,0.00852805338580806
2074,F-A1-DDOSLIKE-V-03,DDoS,DDoS,RF-v4,0.16776916683802662,0.8241884209389069,0.00804241222306697
2075,F-A1-DDOSLIKE-V-03,DDoS,DDoS,RF-v4,0.008771425615078937,0.9911617111562069,6.686322871445769e-05
2076,F-A1-DDOSLIKE-V-03,DDoS,DDoS,RF-v4,0.14759288416898747,0.8423842224511483,0.010022893379864228
2077,F-A1-DDOSLIKE-V-03,DDoS,DDoS,RF-v4,0.011151347415846329,0.9887817893554393,6.686322871445769e-05
2078,F-A1-DDOSLIKE-V-03,DDoS,DDoS,RF-v4,0.16776916683802662,0.8241884209389069,0.00804241222306697
2079,F-A1-DDOSLIKE-V-03,DDoS,DDoS,RF-v4,0.05015294982026472,0.9498470501797354,0.0
2080,F-A1-DDOSLIKE-V-03,DDoS,DDoS,RF-v4,0.008771425615078937,0.9911617111562069,6.686322871445769e-05
2081,F-A1-DDOSLIKE-V-03,DDoS,DDoS,RF-v4,0.07050810213118601,0.9294918978688141,0.0
2082,F-A1-DDOSLIKE-V-03,DDoS,DDoS,RF-v4,0.27671371194680866,0.7143120421984399,0.008974245854751215
2083,F-A1-DDOSLIKE-V-03,DDoS,DDoS,RF-v4,0.14759288416898747,0.8440938093965843,0.008313306434428227
2084,F-A1-DDOSLIKE-V-03,DDoS,DDoS,RF-v4,0.020551274531833988,0.9793818622394518,6.686322871445769e-05
2085,F-A1-DDOSLIKE-V-03,DDoS,DDoS,RF-v4,0.16776916683802662,0.8241884209389069,0.00804241222306697
2086,F-A1-DDOSLIKE-V-03,DDoS,DDoS,RF-v4,0.012791424519636108,0.9871417122516496,6.686322871445769e-05
2087,F-A1-DDOSLIKE-V-03,DDoS,DDoS,RF-v4,0.13922685546983085,0.8527260931469917,0.00804705138317808
2088,F-A1-DDOSLIKE-V-03,DDoS,DDoS,RF-v4,0.012940676988400422,0.9869924597828853,6.686322871445769e-05
2089,F-A1-DDOSLIKE-V-03,DDoS,DDoS,RF-v4,0.13922685546983085,0.8527260931469917,0.00804705138317808
2090,F-A1-DDOSLIKE-V-03,DDoS,DDoS,RF-v4,0.008984287833085313,0.9910157121669146,0.0
2091,F-A1-DDOSLIKE-V-03,DDoS,DDoS,RF-v4,0.14759288416898747,0.8440938093965843,0.008313306434428227
2092,F-A1-DDOSLIKE-V-03,DDoS,DDoS,RF-v4,0.055352420134595605,0.9446475798654048,0.0
2093,F-A1-DDOSLIKE-V-03,DDoS,DDoS,RF-v4,0.13922685546983085,0.8527260931469917,0.00804705138317808
2094,F-A1-DDOSLIKE-V-03,DDoS,DDoS,RF-v4,0.013654175127620264,0.9863458248723798,0.0
2095,F-A1-DDOSLIKE-V-03,DDoS,DDoS,RF-v4,0.13922685546983085,0.8527260931469917,0.00804705138317808
2096,F-A1-DDOSLIKE-V-03,DDoS,DDoS,RF-v4,0.00263365441155992,0.9973663455884402,0.0
2097,F-A1-DDOSLIKE-V-03,DDoS,DDoS,RF-v4,0.16776916683802662,0.8241884209389069,0.00804241222306697
2098,F-A1-DDOSLIKE-V-03,DDoS,DDoS,RF-v4,0.015174436011165549,0.9847587007601202,6.686322871445769e-05
2099,F-A1-DDOSLIKE-V-03,DDoS,DDoS,RF-v4,0.13922685546983085,0.8527260931469917,0.00804705138317808
2100,F-A1-DDOSLIKE-V-03,DDoS,DDoS,RF-v4,0.0065345769015517615,0.9934654230984485,0.0
2101,F-A1-DDOSLIKE-V-03,DDoS,DDoS,RF-v4,0.16776916683802662,0.8241884209389069,0.00804241222306697
2102,F-A1-DDOSLIKE-V-03,DDoS,DDoS,RF-v4,0.01827351510535925,0.9817264848946411,0.0
2103,F-A1-DDOSLIKE-V-03,DDoS,DDoS,RF-v4,0.22264072855659905,0.7693168592203342,0.00804241222306697
2104,F-A1-DDOSLIKE-V-03,DDoS,DDoS,RF-v4,0.010676741911436312,0.9893232580885638,0.0
2105,F-A1-DDOSLIKE-V-03,DDoS,DDoS,RF-v4,0.14759288416898747,0.8440938093965843,0.008313306434428227
2106,F-A1-DDOSLIKE-V-03,DDoS,DDoS,RF-v4,0.013783043942855233,0.9861500928284305,6.686322871445769e-05
2107,F-A1-DDOSLIKE-V-03,DDoS,DDoS,RF-v4,0.13922685546983085,0.8527260931469917,0.00804705138317808
2108,F-A1-DDOSLIKE-V-03,DDoS,DDoS,RF-v4,0.015006981628089604,0.9849930183719106,0.0
2109,F-A1-DDOSLIKE-V-03,DDoS,DDoS,RF-v4,0.16776916683802662,0.8241884209389069,0.00804241222306697
2110,F-A1-DDOSLIKE-V-03,DDoS,DDoS,RF-v4,0.008771425615078937,0.9912285743849213,0.0
2111,F-A1-DDOSLIKE-V-03,DDoS,DDoS,RF-v4,0.27203549768007734,0.7190948489787898,0.008869653341132742
2112,F-A1-DDOSLIKE-V-03,DDoS,DDoS,RF-v4,0.004748337019759716,0.9952516629802404,0.0
2113,F-A1-DDOSLIKE-V-03,DDoS,DDoS,RF-v4,0.16776916683802662,0.8241884209389069,0.00804241222306697
2114,F-A1-DDOSLIKE-V-03,DDoS,DDoS,RF-v4,0.016166055434384673,0.983767081336901,6.686322871445769e-05
2115,F-A1-DDOSLIKE-V-03,DDoS,DDoS,RF-v4,0.16776916683802662,0.8241884209389069,0.00804241222306697
2116,F-A1-DDOSLIKE-V-03,DDoS,DDoS,RF-v4,0.028190408178937525,0.9718095918210626,0.0
2117,F-A1-DDOSLIKE-V-03,DDoS,DDoS,RF-v4,0.13922685546983085,0.8527260931469917,0.00804705138317808
2118,F-A1-DDOSLIKE-V-03,DDoS,DDoS,RF-v4,0.016166055434384673,0.983767081336901,6.686322871445769e-05
2119,F-A1-DDOSLIKE-V-03,DDoS,DDoS,RF-v4,0.13922685546983085,0.8527260931469917,0.00804705138317808
2120,F-A1-DDOSLIKE-V-03,DDoS,DDoS,RF-v4,0.028721183163990832,0.9712788168360096,0.0
2121,F-A1-DDOSLIKE-V-03,DDoS,DDoS,RF-v4,0.13922685546983085,0.8527260931469917,0.00804705138317808
2122,F-A1-DDOSLIKE-V-03,DDoS,DDoS,RF-v4,0.012905311255330693,0.987027825515955,6.686322871445769e-05
2123,F-A1-DDOSLIKE-V-03,DDoS,DDoS,RF-v4,0.13922685546983085,0.8527260931469917,0.00804705138317808
2124,F-A1-DDOSLIKE-V-03,DDoS,DDoS,RF-v4,0.01711787670035687,0.9828152600709288,6.686322871445769e-05
2125,F-A1-DDOSLIKE-V-03,DDoS,DDoS,RF-v4,0.13922685546983085,0.8527260931469917,0.00804705138317808
2126,F-A1-DDOSLIKE-V-03,DDoS,DDoS,RF-v4,0.011107207044766127,0.9888927929552341,0.0
2127,F-A1-DDOSLIKE-V-03,DDoS,Normal,RF-v4,0.9623075391528266,0.026486146858306362,0.011206313988867938
2128,F-A1-DDOSLIKE-V-03,DDoS,DDoS,RF-v4,0.008984287833085313,0.9910157121669146,0.0
2129,F-A1-DDOSLIKE-V-03,DDoS,DDoS,RF-v4,0.14548486710184172,0.84620182646373,0.008313306434428227
2130,F-A1-DDOSLIKE-V-03,DDoS,DDoS,RF-v4,0.016011990467938882,0.9822115593579107,0.0017764501741504596
2131,F-A1-DDOSLIKE-V-03,DDoS,DDoS,RF-v4,0.27671371194680866,0.7143120421984399,0.008974245854751215
2132,F-A1-DDOSLIKE-V-03,DDoS,DDoS,RF-v4,0.012043669275582862,0.9879563307244174,0.0
2133,F-A1-DDOSLIKE-V-03,DDoS,Normal,RF-v4,0.9590750975122606,0.032663149312755047,0.008261753174982735
2134,F-A1-DDOSLIKE-V-03,DDoS,DDoS,RF-v4,0.0065345769015517615,0.9934654230984485,0.0
2135,F-A1-DDOSLIKE-V-03,DDoS,DDoS,RF-v4,0.16776916683802662,0.8241884209389069,0.00804241222306697
2136,F-A1-DDOSLIKE-V-03,DDoS,DDoS,RF-v4,0.011783092445636934,0.9865073206089272,0.0017095869454360022
2137,F-A1-DDOSLIKE-V-03,DDoS,DDoS,RF-v4,0.14759288416898747,0.8440938093965843,0.008313306434428227
2138,F-A1-DDOSLIKE-V-03,DDoS,DDoS,RF-v4,0.02942094030586961,0.9705121964654161,6.686322871445769e-05
2139,F-A1-DDOSLIKE-V-03,DDoS,DDoS,RF-v4,0.2520359572873685,0.7363901080427537,0.01157393466987832
2140,F-A1-DDOSLIKE-V-03,DDoS,DDoS,RF-v4,0.010671929413754834,0.9893280705862452,0.0
2141,F-A1-DDOSLIKE-V-03,DDoS,DDoS,RF-v4,0.13922685546983085,0.8527260931469917,0.00804705138317808
2142,F-A1-DDOSLIKE-V-03,DDoS,DDoS,RF-v4,0.009759955347536015,0.9884635944783136,0.0017764501741504598
2143,F-A1-DDOSLIKE-V-03,DDoS,DDoS,RF-v4,0.14759288416898747,0.8440938093965843,0.008313306434428227
2144,F-A1-DDOSLIKE-V-03,DDoS,DDoS,RF-v4,0.01984690987876137,0.9800862268925243,6.686322871445769e-05
2145,F-A1-DDOSLIKE-V-03,DDoS,DDoS,RF-v4,0.16776916683802662,0.8241884209389069,0.00804241222306697
2146,F-A1-DDOSLIKE-V-03,DDoS,DDoS,RF-v4,0.008984287833085313,0.9910157121669146,0.0
2147,F-A1-DDOSLIKE-V-03,DDoS,DDoS,RF-v4,0.14759288416898747,0.8440938093965843,0.008313306434428227
2148,F-A1-DDOSLIKE-V-03,DDoS,DDoS,RF-v4,0.026240825605497075,0.9737591743945031,0.0
2149,F-A1-DDOSLIKE-V-03,DDoS,DDoS,RF-v4,0.14548486710184172,0.84620182646373,0.008313306434428227
2150,F-A1-DDOSLIKE-V-03,DDoS,DDoS,RF-v4,0.011805360416177784,0.9881946395838223,0.0
2151,F-A1-DDOSLIKE-V-03,DDoS,DDoS,RF-v4,0.13922685546983085,0.8527260931469917,0.00804705138317808
2152,F-A1-DDOSLIKE-V-03,DDoS,DDoS,RF-v4,0.006107535874021489,0.9938924641259788,0.0
2153,F-A1-DDOSLIKE-V-03,DDoS,DDoS,RF-v4,0.16776916683802662,0.8241884209389069,0.00804241222306697
2154,F-A1-DDOSLIKE-V-03,DDoS,DDoS,RF-v4,0.02117902754864277,0.9788209724513574,0.0
2155,F-A1-DDOSLIKE-V-03,DDoS,DDoS,RF-v4,0.14548486710184172,0.84620182646373,0.008313306434428227
2156,F-A1-DDOSLIKE-V-03,DDoS,DDoS,RF-v4,0.009661357046413492,0.9902717797248722,6.686322871445769e-05
2157,F-A1-DDOSLIKE-V-03,DDoS,DDoS,RF-v4,0.16776916683802662,0.8241884209389069,0.00804241222306697
2158,F-A1-DDOSLIKE-V-03,DDoS,DDoS,RF-v4,0.0292691086366768,0.9707308913633231,0.0
2159,F-A1-DDOSLIKE-V-03,DDoS,DDoS,RF-v4,0.14759288416898747,0.8440938093965843,0.008313306434428227
2160,F-A1-DDOSLIKE-V-03,DDoS,DDoS,RF-v4,0.019218424694053757,0.9766624626779601,0.004119112627986348
2161,F-A1-DDOSLIKE-V-03,DDoS,Normal,RF-v4,0.6015630838510071,0.3895672628078589,0.008869653341132742
2162,F-A1-DDOSLIKE-V-03,DDoS,DDoS,RF-v4,0.004321295992229443,0.9956787040077707,0.0
2163,F-A1-DDOSLIKE-V-03,DDoS,DDoS,RF-v4,0.20204014011484248,0.7763745710051659,0.02158528887999178
2164,F-A1-DDOSLIKE-V-03,DDoS,DDoS,RF-v4,0.003977482002990491,0.9960225179970097,0.0
2165,F-A1-DDOSLIKE-V-03,DDoS,DDoS,RF-v4,0.14759288416898747,0.8440938093965843,0.008313306434428227
2166,F-A1-DDOSLIKE-V-03,DDoS,DDoS,RF-v4,0.0065345769015517615,0.9934654230984485,0.0
2167,F-A1-DDOSLIKE-V-03,DDoS,DDoS,RF-v4,0.16490826511707657,0.8270493226598571,0.00804241222306697
2168,F-A1-DDOSLIKE-V-03,DDoS,DDoS,RF-v4,0.015230139364466799,0.9847698606355334,0.0
2169,F-A1-DDOSLIKE-V-03,DDoS,DDoS,RF-v4,0.16776916683802662,0.8241884209389069,0.00804241222306697
2170,F-A1-DDOSLIKE-V-03,DDoS,DDoS,RF-v4,0.00263365441155992,0.9973663455884402,0.0
2171,F-A1-DDOSLIKE-V-03,DDoS,DDoS,RF-v4,0.16776916683802662,0.8241884209389069,0.00804241222306697
2172,F-A1-DDOSLIKE-V-03,DDoS,DDoS,RF-v4,0.005665123583660015,0.9943348764163402,0.0
2173,F-A1-DDOSLIKE-V-03,DDoS,Normal,RF-v4,0.5649294455836706,0.42702814219326224,0.00804241222306697
2174,F-A1-DDOSLIKE-V-03,DDoS,DDoS,RF-v4,0.00263365441155992,0.9973663455884402,0.0
2175,F-A1-DDOSLIKE-V-03,DDoS,DDoS,RF-v4,0.14759288416898747,0.8440938093965843,0.008313306434428227
2176,F-A1-DDOSLIKE-V-03,DDoS,DDoS,RF-v4,0.007451363465452061,0.9925486365345482,0.0
2177,F-A1-DDOSLIKE-V-03,DDoS,DDoS,RF-v4,0.13922685546983085,0.8527260931469917,0.00804705138317808
2178,F-A1-DDOSLIKE-V-03,DDoS,DDoS,RF-v4,0.0065550550149945696,0.9934449449850056,0.0
2179,F-A1-DDOSLIKE-V-03,DDoS,DDoS,RF-v4,0.16776916683802662,0.8241884209389069,0.00804241222306697
2180,F-A1-DDOSLIKE-V-03,DDoS,DDoS,RF-v4,0.006314508855936613,0.9936854911440635,0.0
2181,F-A1-DDOSLIKE-V-03,DDoS,DDoS,RF-v4,0.14759288416898747,0.8440938093965843,0.008313306434428227
2182,F-A1-DDOSLIKE-V-03,DDoS,DDoS,RF-v4,0.008984287833085313,0.9910157121669146,0.0
2183,F-A1-DDOSLIKE-V-03,DDoS,DDoS,RF-v4,0.14548486710184172,0.84620182646373,0.008313306434428227
2184,F-A1-DDOSLIKE-V-03,DDoS,DDoS,RF-v4,0.013656761700681133,0.9863432382993189,0.0
2185,F-A1-DDOSLIKE-V-03,DDoS,DDoS,RF-v4,0.14759288416898747,0.8440938093965843,0.008313306434428227
2186,F-A1-DDOSLIKE-V-03,DDoS,DDoS,RF-v4,0.03054461997798477,0.9674902569332978,0.0019651230887175073
2187,F-A1-DDOSLIKE-V-03,DDoS,DDoS,RF-v4,0.13922685546983085,0.8527260931469917,0.00804705138317808
2188,F-A1-DDOSLIKE-V-03,DDoS,DDoS,RF-v4,0.013783043942855233,0.9861500928284305,6.686322871445769e-05
2189,F-A1-DDOSLIKE-V-03,DDoS,DDoS,RF-v4,0.13922685546983085,0.8527260931469917,0.00804705138317808
2190,F-A1-DDOSLIKE-V-03,DDoS,DDoS,RF-v4,0.013461251999566506,0.9865387480004335,0.0
2191,F-A1-DDOSLIKE-V-03,DDoS,DDoS,RF-v4,0.14759288416898747,0.8440938093965843,0.008313306434428227
2192,F-A1-DDOSLIKE-V-03,DDoS,DDoS,RF-v4,0.020838529301980494,0.9790946074693052,6.686322871445769e-05
2193,F-A1-DDOSLIKE-V-03,DDoS,DDoS,RF-v4,0.16776916683802662,0.8241884209389069,0.00804241222306697
2194,F-A1-DDOSLIKE-V-03,DDoS,DDoS,RF-v4,0.015660162373231715,0.9842729743980538,6.686322871445769e-05
2195,F-A1-DDOSLIKE-V-03,DDoS,DDoS,RF-v4,0.13922685546983085,0.8527260931469917,0.00804705138317808
2196,F-A1-DDOSLIKE-V-03,DDoS,DDoS,RF-v4,0.00263365441155992,0.9973663455884402,0.0
2197,F-A1-DDOSLIKE-V-03,DDoS,DDoS,RF-v4,0.16776916683802662,0.8241884209389069,0.00804241222306697
2198,F-A1-DDOSLIKE-V-03,DDoS,DDoS,RF-v4,0.01232532961573008,0.9858982202101196,0.0017764501741504598
2199,F-A1-DDOSLIKE-V-03,DDoS,DDoS,RF-v4,0.14759288416898747,0.8440938093965843,0.008313306434428227
2200,F-A1-DDOSLIKE-V-03,DDoS,DDoS,RF-v4,0.00263365441155992,0.9973663455884402,0.0
2201,F-A1-DDOSLIKE-V-03,DDoS,DDoS,RF-v4,0.14759288416898747,0.8440938093965843,0.008313306434428227
2202,F-A1-DDOSLIKE-V-03,DDoS,DDoS,RF-v4,0.012586758588684285,0.9874132414113158,0.0
2203,F-A1-DDOSLIKE-V-03,DDoS,DDoS,RF-v4,0.13922685546983085,0.8527260931469917,0.00804705138317808
2204,F-A1-DDOSLIKE-V-03,DDoS,DDoS,RF-v4,0.013656761700681133,0.9863432382993189,0.0
2205,F-A1-DDOSLIKE-V-03,DDoS,DDoS,RF-v4,0.13922685546983085,0.8527260931469917,0.00804705138317808
2206,F-A1-DDOSLIKE-V-03,DDoS,DDoS,RF-v4,0.008984287833085313,0.9910157121669146,0.0
2207,F-A1-DDOSLIKE-V-03,DDoS,DDoS,RF-v4,0.13922685546983085,0.8527260931469917,0.00804705138317808
2208,F-A1-DDOSLIKE-V-03,DDoS,DDoS,RF-v4,0.014113345852425754,0.9858866541475745,0.0
2209,F-A1-DDOSLIKE-V-03,DDoS,DDoS,RF-v4,0.13922685546983085,0.8527260931469917,0.00804705138317808
2210,F-A1-DDOSLIKE-V-03,DDoS,DDoS,RF-v4,0.013656761700681133,0.9863432382993189,0.0
2211,F-A1-DDOSLIKE-V-03,DDoS,Normal,RF-v4,0.9530169161565883,0.038827744580148524,0.008155339263261783
2212,F-A1-DDOSLIKE-V-03,DDoS,DDoS,RF-v4,0.010133158022068163,0.989866841977932,0.0
2213,F-A1-DDOSLIKE-V-03,DDoS,DDoS,RF-v4,0.13922685546983085,0.8527260931469917,0.00804705138317808
2214,F-A1-DDOSLIKE-V-03,DDoS,DDoS,RF-v4,0.00263365441155992,0.9973663455884402,0.0
2215,F-A1-DDOSLIKE-V-03,DDoS,DDoS,RF-v4,0.01431395446484793,0.9856860455351524,0.0
2216,F-A1-DDOSLIKE-V-03,DDoS,DDoS,RF-v4,0.14759288416898747,0.8423842224511483,0.010022893379864228
2217,F-A1-DDOSLIKE-V-03,DDoS,Normal,RF-v4,0.5533977838252558,0.43630283353428095,0.010299382640462974
2218,F-A1-DDOSLIKE-V-03,DDoS,DDoS,RF-v4,0.01634264658682992,0.9836573534131701,0.0
2219,F-A1-DDOSLIKE-V-03,DDoS,DDoS,RF-v4,0.13922685546983085,0.8527260931469917,0.00804705138317808
2220,F-A1-DDOSLIKE-V-03,DDoS,DDoS,RF-v4,0.003977482002990491,0.9960225179970097,0.0
2221,F-A1-DDOSLIKE-V-03,DDoS,DDoS,RF-v4,0.14750324604332143,0.8425669587902794,0.009929795166399087
2222,F-A1-DDOSLIKE-V-03,DDoS,DDoS,RF-v4,0.008993769859825262,0.9910062301401749,0.0
2223,F-A1-DDOSLIKE-V-03,DDoS,DDoS,RF-v4,0.13922685546983085,0.8527260931469917,0.00804705138317808
2224,F-A1-DDOSLIKE-V-03,DDoS,DDoS,RF-v4,0.011916290392686144,0.988083709607314,0.0
2225,F-A1-DDOSLIKE-V-03,DDoS,DDoS,RF-v4,0.2520359572873685,0.7363901080427537,0.01157393466987832
2226,F-A1-DDOSLIKE-V-03,DDoS,DDoS,RF-v4,0.00263365441155992,0.9973663455884402,0.0
2227,F-A1-DDOSLIKE-V-03,DDoS,DDoS,RF-v4,0.13922685546983085,0.8527260931469917,0.00804705138317808
2228,F-A1-DDOSLIKE-V-03,DDoS,DDoS,RF-v4,0.003977482002990491,0.9960225179970097,0.0
2229,F-A1-DDOSLIKE-V-03,DDoS,DDoS,RF-v4,0.13922685546983085,0.8527260931469917,0.00804705138317808
2230,F-A1-DDOSLIKE-V-03,DDoS,DDoS,RF-v4,0.005662033892897968,0.9943379661071021,0.0
2231,F-A1-DDOSLIKE-V-03,DDoS,DDoS,RF-v4,0.16776916683802662,0.8241884209389069,0.00804241222306697
2232,F-A1-DDOSLIKE-V-03,DDoS,DDoS,RF-v4,0.017664725837625413,0.9822684109336604,6.686322871445769e-05
2233,F-A1-DDOSLIKE-V-03,DDoS,DDoS,RF-v4,0.20204014011484248,0.7763745710051659,0.02158528887999178
2234,F-A1-DDOSLIKE-V-03,DDoS,DDoS,RF-v4,0.008984287833085313,0.9910157121669146,0.0
2235,F-A1-DDOSLIKE-V-03,DDoS,DDoS,RF-v4,0.14548486710184172,0.84620182646373,0.008313306434428227
2236,F-A1-DDOSLIKE-V-03,DDoS,DDoS,RF-v4,0.019362536752027967,0.9805706000192578,6.686322871445769e-05
2237,F-A1-DDOSLIKE-V-03,DDoS,DDoS,RF-v4,0.13922685546983085,0.8527260931469917,0.00804705138317808
2238,F-A1-DDOSLIKE-V-03,DDoS,DDoS,RF-v4,0.0057637218847825375,0.9942362781152176,0.0
2239,F-A1-DDOSLIKE-V-03,DDoS,DDoS,RF-v4,0.14548486710184172,0.84620182646373,0.008313306434428227
2240,F-A1-DDOSLIKE-V-03,DDoS,DDoS,RF-v4,0.008984287833085313,0.9910157121669146,0.0
2241,F-A1-DDOSLIKE-V-03,DDoS,Normal,RF-v4,0.6219176543703581,0.3686583548213963,0.0094239908082445
2242,F-A1-DDOSLIKE-V-03,DDoS,DDoS,RF-v4,0.01079244003170956,0.9892075599682905,0.0
2243,F-A1-DDOSLIKE-V-03,DDoS,DDoS,RF-v4,0.16776916683802662,0.8241884209389069,0.00804241222306697
2244,F-A1-DDOSLIKE-V-03,DDoS,DDoS,RF-v4,0.003977482002990491,0.9960225179970097,0.0
2245,F-A1-DDOSLIKE-V-03,DDoS,DDoS,RF-v4,0.14759288416898747,0.8440938093965843,0.008313306434428227
2246,F-A1-DDOSLIKE-V-03,DDoS,DDoS,RF-v4,0.016166055434384673,0.983767081336901,6.686322871445769e-05
2247,F-A1-DDOSLIKE-V-03,DDoS,DDoS,RF-v4,0.28133572481445573,0.7096900293307928,0.008974245854751215
2248,F-A1-DDOSLIKE-V-03,DDoS,DDoS,RF-v4,0.016746982035337442,0.9832530179646628,0.0
2249,F-A1-DDOSLIKE-V-03,DDoS,DDoS,RF-v4,0.14759288416898747,0.8440938093965843,0.008313306434428227
2250,F-A1-DDOSLIKE-V-03,DDoS,DDoS,RF-v4,0.0016420349883407945,0.9983579650116593,0.0
2251,F-A1-DDOSLIKE-V-03,DDoS,DDoS,RF-v4,0.13922685546983085,0.8527260931469917,0.00804705138317808
2252,F-A1-DDOSLIKE-V-03,DDoS,DDoS,RF-v4,0.008984287833085313,0.9910157121669146,0.0
2253,F-A1-DDOSLIKE-V-03,DDoS,DDoS,RF-v4,0.27203549768007734,0.7190948489787898,0.008869653341132742
2254,F-A1-DDOSLIKE-V-03,DDoS,DDoS,RF-v4,0.010961748389058263,0.9890382516109417,0.0
2255,F-A1-DDOSLIKE-V-03,DDoS,DDoS,RF-v4,0.14759288416898747,0.8440938093965843,0.008313306434428227
2256,F-A1-DDOSLIKE-V-03,DDoS,DDoS,RF-v4,0.01711787670035687,0.9828152600709288,6.686322871445769e-05
2257,F-A1-DDOSLIKE-V-03,DDoS,DDoS,RF-v4,0.1927475986215368,0.7992099891553966,0.00804241222306697
2258,F-A1-DDOSLIKE-V-03,DDoS,DDoS,RF-v4,0.020078279717552522,0.9799217202824476,0.0
2259,F-A1-DDOSLIKE-V-03,DDoS,DDoS,RF-v4,0.13922685546983085,0.8527260931469917,0.00804705138317808
2260,F-A1-DDOSLIKE-V-03,DDoS,DDoS,RF-v4,0.008984287833085313,0.9910157121669146,0.0
2261,F-A1-DDOSLIKE-V-03,DDoS,DDoS,RF-v4,0.14759288416898747,0.8440938093965843,0.008313306434428227
2262,F-A1-DDOSLIKE-V-03,DDoS,DDoS,RF-v4,0.008984287833085313,0.9910157121669146,0.0
2263,F-A1-DDOSLIKE-V-03,DDoS,DDoS,RF-v4,0.14759288416898747,0.8440938093965843,0.008313306434428227
2264,F-A1-DDOSLIKE-V-03,DDoS,DDoS,RF-v4,0.0035113870990844615,0.9964886129009156,0.0
2265,F-A1-DDOSLIKE-V-03,DDoS,DDoS,RF-v4,0.14759288416898747,0.8440938093965843,0.008313306434428227
2266,F-A1-DDOSLIKE-V-03,DDoS,DDoS,RF-v4,0.01232532961573008,0.9876078071555557,6.686322871445769e-05
2267,F-A1-DDOSLIKE-V-03,DDoS,DDoS,RF-v4,0.13922685546983085,0.8527260931469917,0.00804705138317808
2268,F-A1-DDOSLIKE-V-03,DDoS,DDoS,RF-v4,0.00263365441155992,0.9973663455884402,0.0
2269,F-A1-DDOSLIKE-V-03,DDoS,Normal,RF-v4,0.5910795178161734,0.39862109954336333,0.010299382640462974
2270,F-A1-DDOSLIKE-V-03,DDoS,DDoS,RF-v4,0.008984287833085313,0.9910157121669146,0.0
2271,F-A1-DDOSLIKE-V-03,DDoS,DDoS,RF-v4,0.14759288416898747,0.8406746355057123,0.01173248032530023
2272,F-A1-DDOSLIKE-V-03,DDoS,DDoS,RF-v4,0.003977482002990491,0.9960225179970097,0.0
2273,F-A1-DDOSLIKE-V-03,DDoS,DDoS,RF-v4,0.2520359572873685,0.7363901080427537,0.01157393466987832
2274,F-A1-DDOSLIKE-V-03,DDoS,DDoS,RF-v4,0.008984287833085313,0.9910157121669146,0.0
2275,F-A1-DDOSLIKE-V-03,DDoS,Normal,RF-v4,0.9590750975122606,0.032663149312755047,0.008261753174982735
2276,F-A1-DDOSLIKE-V-03,DDoS,DDoS,RF-v4,0.015174436011165549,0.9847587007601202,6.686322871445769e-05
2277,F-A1-DDOSLIKE-V-03,DDoS,DDoS,RF-v4,0.17227143408223608,0.8177577280787474,0.009970837839016481
2278,F-A1-DDOSLIKE-V-03,DDoS,DDoS,RF-v4,0.010557665496870981,0.9894423345031292,0.0
2279,F-A1-DDOSLIKE-V-03,DDoS,Normal,RF-v4,0.5701577018415459,0.4200390081497154,0.009803290008738334
2280,F-A1-DDOSLIKE-V-03,DDoS,DDoS,RF-v4,0.003977482002990491,0.9960225179970097,0.0
2281,F-A1-DDOSLIKE-V-03,DDoS,DDoS,RF-v4,0.06348904485485271,0.9365109551451478,0.0
2282,F-A1-DDOSLIKE-V-03,DDoS,DDoS,RF-v4,0.20204014011484248,0.7763745710051659,0.02158528887999178
2283,F-A1-DDOSLIKE-V-03,DDoS,DDoS,RF-v4,0.008984287833085313,0.9910157121669146,0.0
2284,F-A1-DDOSLIKE-V-03,DDoS,DDoS,RF-v4,0.14750324604332143,0.8425669587902794,0.009929795166399087
2285,F-A1-DDOSLIKE-V-03,DDoS,DDoS,RF-v4,0.017677263722939488,0.9823227362770608,0.0
2286,F-A1-DDOSLIKE-V-03,DDoS,DDoS,RF-v4,0.16776916683802662,0.8241884209389069,0.00804241222306697
2287,F-A1-DDOSLIKE-V-03,DDoS,DDoS,RF-v4,0.006653653316117093,0.993346346683883,0.0
2288,F-A1-DDOSLIKE-V-03,DDoS,DDoS,RF-v4,0.14759288416898747,0.8440938093965843,0.008313306434428227
2289,F-A1-DDOSLIKE-V-03,DDoS,DDoS,RF-v4,0.008984287833085313,0.9910157121669146,0.0
2290,F-A1-DDOSLIKE-V-03,DDoS,DDoS,RF-v4,0.14759288416898747,0.8440938093965843,0.008313306434428227
2291,F-A1-DDOSLIKE-V-03,DDoS,DDoS,RF-v4,0.012940676988400422,0.9869924597828853,6.686322871445769e-05
2292,F-A1-DDOSLIKE-V-03,DDoS,DDoS,RF-v4,0.13922685546983085,0.8527260931469917,0.00804705138317808
2293,F-A1-DDOSLIKE-V-03,DDoS,DDoS,RF-v4,0.012791424519636108,0.9871417122516496,6.686322871445769e-05
2294,F-A1-DDOSLIKE-V-03,DDoS,DDoS,RF-v4,0.16776916683802662,0.8241884209389069,0.00804241222306697
2295,F-A1-DDOSLIKE-V-03,DDoS,DDoS,RF-v4,0.00802367037102569,0.9919763296289744,0.0
2296,F-A1-DDOSLIKE-V-03,DDoS,DDoS,RF-v4,0.13922685546983085,0.8527260931469917,0.00804705138317808
2297,F-A1-DDOSLIKE-V-03,DDoS,DDoS,RF-v4,0.008227408161092032,0.9917725918389081,0.0
2298,F-A1-DDOSLIKE-V-03,DDoS,DDoS,RF-v4,0.13922685546983085,0.8527260931469917,0.00804705138317808
2299,F-A1-DDOSLIKE-V-03,DDoS,DDoS,RF-v4,0.006653653316117093,0.993346346683883,0.0
2300,F-A1-DDOSLIKE-V-03,DDoS,DDoS,RF-v4,0.14759288416898747,0.8406746355057123,0.01173248032530023
2301,F-A1-DDOSLIKE-V-03,DDoS,DDoS,RF-v4,0.014533959102042724,0.9854660408979575,0.0
2302,F-A1-DDOSLIKE-V-03,DDoS,DDoS,RF-v4,0.13922685546983085,0.8527260931469917,0.00804705138317808
2303,F-A1-DDOSLIKE-V-03,DDoS,DDoS,RF-v4,0.010547873096201341,0.9894521269037988,0.0
2304,F-A1-DDOSLIKE-V-03,DDoS,DDoS,RF-v4,0.13922685546983085,0.8527260931469917,0.00804705138317808
2305,F-A1-DDOSLIKE-V-03,DDoS,DDoS,RF-v4,0.013657264818382314,0.9863427351816179,0.0
2306,F-A1-DDOSLIKE-V-03,DDoS,DDoS,RF-v4,0.13922685546983085,0.8527260931469917,0.00804705138317808
2307,F-A1-DDOSLIKE-V-03,DDoS,DDoS,RF-v4,0.015174436011165549,0.9847587007601202,6.686322871445769e-05
2308,F-A1-DDOSLIKE-V-03,DDoS,DDoS,RF-v4,0.14759288416898747,0.8440938093965843,0.008313306434428227
2309,F-A1-DDOSLIKE-V-03,DDoS,DDoS,RF-v4,0.015562581114739689,0.9844374188852604,0.0
2310,F-A1-DDOSLIKE-V-03,DDoS,DDoS,RF-v4,0.14759288416898747,0.8440938093965843,0.008313306434428227
2311,F-A1-DDOSLIKE-V-03,DDoS,DDoS,RF-v4,0.0065345769015517615,0.9934654230984485,0.0
2312,F-A1-DDOSLIKE-V-03,DDoS,DDoS,RF-v4,0.011420416104855138,0.9885795838951451,0.0
2313,F-A1-DDOSLIKE-V-03,DDoS,DDoS,RF-v4,0.13922685546983085,0.8527260931469917,0.00804705138317808
2314,F-A1-DDOSLIKE-V-03,DDoS,DDoS,RF-v4,0.16938522928355773,0.822572358493376,0.00804241222306697
2315,F-A1-DDOSLIKE-V-03,DDoS,DDoS,RF-v4,0.0230195650704657,0.9769804349295343,0.0
2316,F-A1-DDOSLIKE-V-03,DDoS,DDoS,RF-v4,0.14548486710184172,0.84620182646373,0.008313306434428227
2317,F-A1-DDOSLIKE-V-03,DDoS,DDoS,RF-v4,0.011151347415846329,0.9887817893554393,6.686322871445769e-05
2318,F-A1-DDOSLIKE-V-03,DDoS,DDoS,RF-v4,0.13922685546983085,0.8527260931469917,0.00804705138317808
2319,F-A1-DDOSLIKE-V-03,DDoS,DDoS,RF-v4,0.056800500400132715,0.9431994995998676,0.0
2320,F-A1-DDOSLIKE-V-03,DDoS,DDoS,RF-v4,0.0065345769015517615,0.9934654230984485,0.0
2321,F-A1-DDOSLIKE-V-03,DDoS,DDoS,RF-v4,0.13922685546983085,0.8527260931469917,0.00804705138317808
2322,F-A1-DDOSLIKE-V-03,DDoS,DDoS,RF-v4,0.015174436011165549,0.9847587007601202,6.686322871445769e-05
2323,F-A1-DDOSLIKE-V-03,DDoS,DDoS,RF-v4,0.13922685546983085,0.8527260931469917,0.00804705138317808
2324,F-A1-DDOSLIKE-V-03,DDoS,DDoS,RF-v4,0.009759955347536015,0.9902400446524641,0.0
2325,F-A1-DDOSLIKE-V-03,DDoS,DDoS,RF-v4,0.16938522928355773,0.822572358493376,0.00804241222306697
2326,F-A1-DDOSLIKE-V-03,DDoS,DDoS,RF-v4,0.0065345769015517615,0.9934654230984485,0.0
2327,F-A1-DDOSLIKE-V-03,DDoS,DDoS,RF-v4,0.13922685546983085,0.8527260931469917,0.00804705138317808
2328,F-A1-DDOSLIKE-V-03,DDoS,DDoS,RF-v4,0.007451363465452061,0.9925486365345482,0.0
2329,F-A1-DDOSLIKE-V-03,DDoS,DDoS,RF-v4,0.13922685546983085,0.8527260931469917,0.00804705138317808
2330,F-A1-DDOSLIKE-V-03,DDoS,DDoS,RF-v4,0.00420740925653486,0.9957925907434653,0.0
2331,F-A1-DDOSLIKE-V-03,DDoS,DDoS,RF-v4,0.13922685546983085,0.8527260931469917,0.00804705138317808
2332,F-A1-DDOSLIKE-V-03,DDoS,DDoS,RF-v4,0.015660162373231715,0.9842729743980538,6.686322871445769e-05
2333,F-A1-DDOSLIKE-V-03,DDoS,DDoS,RF-v4,0.27203549768007734,0.7190948489787898,0.008869653341132742
2334,F-A1-DDOSLIKE-V-03,DDoS,DDoS,RF-v4,0.009685122488217186,0.9903148775117829,0.0
2335,F-A1-DDOSLIKE-V-03,DDoS,DDoS,RF-v4,0.18738262250493234,0.8032156137513573,0.00940176374371073
2336,F-A1-DDOSLIKE-V-03,DDoS,DDoS,RF-v4,0.011447596928205538,0.9884855398430801,6.686322871445769e-05
2337,F-A1-DDOSLIKE-V-03,DDoS,DDoS,RF-v4,0.13922685546983085,0.8527260931469917,0.00804705138317808
2338,F-A1-DDOSLIKE-V-03,DDoS,DDoS,RF-v4,0.013783043942855233,0.9861500928284305,6.686322871445769e-05
2339,F-A1-DDOSLIKE-V-03,DDoS,DDoS,RF-v4,0.14759288416898747,0.8440938093965843,0.008313306434428227
2340,F-A1-DDOSLIKE-V-03,DDoS,DDoS,RF-v4,0.0065345769015517615,0.9934654230984485,0.0
2341,F-A1-DDOSLIKE-V-03,DDoS,DDoS,RF-v4,0.16776916683802662,0.8241884209389069,0.00804241222306697
2342,F-A1-DDOSLIKE-V-03,DDoS,DDoS,RF-v4,0.010671929413754834,0.9893280705862452,0.0
2343,F-A1-DDOSLIKE-V-03,DDoS,DDoS,RF-v4,0.13922685546983085,0.8527260931469917,0.00804705138317808
2344,F-A1-DDOSLIKE-V-03,DDoS,DDoS,RF-v4,0.01232532961573008,0.9876078071555557,6.686322871445769e-05
2345,F-A1-DDOSLIKE-V-03,DDoS,DDoS,RF-v4,0.13922685546983085,0.8527260931469917,0.00804705138317808
2346,F-A1-DDOSLIKE-V-03,DDoS,DDoS,RF-v4,0.016166055434384673,0.983767081336901,6.686322871445769e-05
2347,F-A1-DDOSLIKE-V-03,DDoS,DDoS,RF-v4,0.13922685546983085,0.8527260931469917,0.00804705138317808
2348,F-A1-DDOSLIKE-V-03,DDoS,DDoS,RF-v4,0.023298755291480077,0.9767012447085202,0.0
2349,F-A1-DDOSLIKE-V-03,DDoS,DDoS,RF-v4,0.08977810328609419,0.9101344810939436,8.741561996246345e-05
2350,F-A1-DDOSLIKE-V-03,DDoS,Normal,RF-v4,0.9579398682322465,0.03297611286301229,0.009084018904741576
2351,F-A1-DDOSLIKE-V-03,DDoS,DDoS,RF-v4,0.010557665496870981,0.9894423345031292,0.0
2352,F-A1-DDOSLIKE-V-03,DDoS,DDoS,RF-v4,0.13922685546983085,0.8527260931469917,0.00804705138317808
2353,F-A1-DDOSLIKE-V-03,DDoS,DDoS,RF-v4,0.02030399434981621,0.9795203047156046,0.00017570093457943924
2354,F-A1-DDOSLIKE-V-03,DDoS,Normal,RF-v4,0.9530169161565883,0.038827744580148524,0.008155339263261783
2355,F-A1-DDOSLIKE-V-03,DDoS,DDoS,RF-v4,0.008984287833085313,0.9910157121669146,0.0
2356,F-A1-DDOSLIKE-V-03,DDoS,DDoS,RF-v4,0.27671371194680866,0.7143120421984399,0.008974245854751215
2357,F-A1-DDOSLIKE-V-03,DDoS,DDoS,RF-v4,0.023966417575891213,0.9760335824241089,0.0
2358,F-A1-DDOSLIKE-V-03,DDoS,DDoS,RF-v4,0.13922685546983085,0.8527260931469917,0.00804705138317808
2359,F-A1-DDOSLIKE-V-03,DDoS,DDoS,RF-v4,0.014236919514017208,0.9857630804859829,0.0
2360,F-A1-DDOSLIKE-V-03,DDoS,DDoS,RF-v4,0.16776916683802662,0.8241884209389069,0.00804241222306697
2361,F-A1-DDOSLIKE-V-03,DDoS,DDoS,RF-v4,0.007973715465743969,0.9919594213055417,6.686322871445769e-05
2362,F-A1-DDOSLIKE-V-03,DDoS,DDoS,RF-v4,0.2514494281840246,0.7400225184301678,0.00852805338580806
2363,F-A1-DDOSLIKE-V-03,DDoS,DDoS,RF-v4,0.01403911943894291,0.9859608805610571,0.0
2364,F-A1-DDOSLIKE-V-03,DDoS,DDoS,RF-v4,0.27203549768007734,0.7190948489787898,0.008869653341132742
2365,F-A1-DDOSLIKE-V-03,DDoS,DDoS,RF-v4,0.006653653316117093,0.9903004653998128,0.003045881284070261
2366,F-A1-DDOSLIKE-V-03,DDoS,DDoS,RF-v4,0.18738262250493234,0.8032156137513573,0.00940176374371073
2367,F-A1-DDOSLIKE-V-03,DDoS,DDoS,RF-v4,0.04255185782704478,0.9574481421729556,0.0
2368,F-A1-DDOSLIKE-V-03,DDoS,DDoS,RF-v4,0.01212383733304788,0.9878761626669523,0.0
2369,F-A1-DDOSLIKE-V-03,DDoS,Normal,RF-v4,0.9639701126772828,0.02766461561901913,0.008365271703698114
2370,F-A1-DDOSLIKE-V-03,DDoS,DDoS,RF-v4,0.00263365441155992,0.9973663455884402,0.0
2371,F-A1-DDOSLIKE-V-03,DDoS,Normal,RF-v4,0.9639701126772828,0.02766461561901913,0.008365271703698114
2372,F-A1-DDOSLIKE-V-03,DDoS,DDoS,RF-v4,0.013783043942855233,0.9862169560571449,0.0
2373,F-A1-DDOSLIKE-V-03,DDoS,DDoS,RF-v4,0.16776916683802662,0.8224788339934709,0.009751999168502971
2374,F-A1-DDOSLIKE-V-03,DDoS,DDoS,RF-v4,0.01746389838723193,0.9825361016127683,0.0
2375,F-A1-DDOSLIKE-V-03,DDoS,DDoS,RF-v4,0.16776916683802662,0.8241884209389069,0.00804241222306697
2376,F-A1-DDOSLIKE-V-03,DDoS,DDoS,RF-v4,0.010671929413754834,0.9862821893021748,0.003045881284070261
2377,F-A1-DDOSLIKE-V-03,DDoS,DDoS,RF-v4,0.14759288416898747,0.8440938093965843,0.008313306434428227
2378,F-A1-DDOSLIKE-V-03,DDoS,DDoS,RF-v4,0.008227408161092032,0.9917725918389081,0.0
2379,F-A1-DDOSLIKE-V-03,DDoS,DDoS,RF-v4,0.32244001337895234,0.6655398594822257,0.012020127138821479
2380,F-A1-DDOSLIKE-V-03,DDoS,DDoS,RF-v4,0.004867413434325046,0.995132586565675,0.0
2381,F-A1-DDOSLIKE-V-03,DDoS,DDoS,RF-v4,0.14759288416898747,0.8440938093965843,0.008313306434428227
2382,F-A1-DDOSLIKE-V-03,DDoS,DDoS,RF-v4,0.013443899482674755,0.9864892372886109,6.686322871445769e-05
2383,F-A1-DDOSLIKE-V-03,DDoS,DDoS,RF-v4,0.2520359572873685,0.7363901080427537,0.01157393466987832
2384,F-A1-DDOSLIKE-V-03,DDoS,DDoS,RF-v4,0.008984287833085313,0.9910157121669146,0.0
2385,F-A1-DDOSLIKE-V-03,DDoS,DDoS,RF-v4,0.14548486710184172,0.84620182646373,0.008313306434428227
2386,F-A1-DDOSLIKE-V-03,DDoS,DDoS,RF-v4,0.02029299503610984,0.9796401417351759,6.686322871445769e-05
2387,F-A1-DDOSLIKE-V-03,DDoS,DDoS,RF-v4,0.13922685546983085,0.8527260931469917,0.00804705138317808
2388,F-A1-DDOSLIKE-V-03,DDoS,DDoS,RF-v4,0.015174436011165549,0.9847587007601202,6.686322871445769e-05
2389,F-A1-DDOSLIKE-V-03,DDoS,DDoS,RF-v4,0.14759288416898747,0.8440938093965843,0.008313306434428227
2390,F-A1-DDOSLIKE-V-03,DDoS,DDoS,RF-v4,0.00565619385558697,0.9943438061444131,0.0
2391,F-A1-DDOSLIKE-V-03,DDoS,Normal,RF-v4,0.6112728320955659,0.3796807000853868,0.009046467819046057
2392,F-A1-DDOSLIKE-V-03,DDoS,DDoS,RF-v4,0.008771425615078937,0.9912285743849213,0.0
2393,F-A1-DDOSLIKE-V-03,DDoS,DDoS,RF-v4,0.16938522928355773,0.822572358493376,0.00804241222306697
2394,F-A1-DDOSLIKE-V-03,DDoS,DDoS,RF-v4,0.02057696978085426,0.9794230302191458,0.0
2395,F-A1-DDOSLIKE-V-03,DDoS,DDoS,RF-v4,0.13922685546983085,0.8527260931469917,0.00804705138317808
2396,F-A1-DDOSLIKE-V-03,DDoS,DDoS,RF-v4,0.022805197276529843,0.9771948027234704,0.0
2397,F-A1-DDOSLIKE-V-03,DDoS,DDoS,RF-v4,0.13922685546983085,0.8527260931469917,0.00804705138317808
2398,F-A1-DDOSLIKE-V-03,DDoS,DDoS,RF-v4,0.0065345769015517615,0.9934654230984485,0.0
2399,F-A1-DDOSLIKE-V-03,DDoS,DDoS,RF-v4,0.19950312493711045,0.7876759374283072,0.01282093763458273
2400,F-A1-DDOSLIKE-V-03,DDoS,DDoS,RF-v4,0.015174436011165549,0.9847587007601202,6.686322871445769e-05
2401,F-A1-DDOSLIKE-V-03,DDoS,Normal,RF-v4,0.9530169161565883,0.038827744580148524,0.008155339263261783
2402,F-A1-DDOSLIKE-V-03,DDoS,DDoS,RF-v4,0.01322713410008999,0.9867728658999101,0.0
2403,F-A1-DDOSLIKE-V-03,DDoS,DDoS,RF-v4,0.13922685546983085,0.8527260931469917,0.00804705138317808
2404,F-A1-DDOSLIKE-V-03,DDoS,DDoS,RF-v4,0.005662033892897968,0.9943379661071021,0.0
2405,F-A1-DDOSLIKE-V-03,DDoS,DDoS,RF-v4,0.4157022134548329,0.4353422140132527,0.14895557253191496
2406,F-A1-DDOSLIKE-V-03,DDoS,DDoS,RF-v4,0.0065345769015517615,0.9934654230984485,0.0
2407,F-A1-DDOSLIKE-V-03,DDoS,DDoS,RF-v4,0.13922685546983085,0.8527260931469917,0.00804705138317808
2408,F-A1-DDOSLIKE-V-03,DDoS,DDoS,RF-v4,0.013783043942855233,0.9861500928284305,6.686322871445769e-05
2409,F-A1-DDOSLIKE-V-03,DDoS,DDoS,RF-v4,0.13922685546983085,0.8527260931469917,0.00804705138317808
2410,F-A1-DDOSLIKE-V-03,DDoS,DDoS,RF-v4,0.013860078893685955,0.9861399211063143,0.0
2411,F-A1-DDOSLIKE-V-03,DDoS,DDoS,RF-v4,0.13922685546983085,0.8527260931469917,0.00804705138317808
2412,F-A1-DDOSLIKE-V-03,DDoS,DDoS,RF-v4,0.032111011946640705,0.9613570696497026,0.006531918403656722
2413,F-A1-DDOSLIKE-V-03,DDoS,DDoS,RF-v4,0.13922685546983085,0.8527260931469917,0.00804705138317808
2414,F-A1-DDOSLIKE-V-03,DDoS,DDoS,RF-v4,0.010557665496870981,0.9894423345031292,0.0
2415,F-A1-DDOSLIKE-V-03,DDoS,DDoS,RF-v4,0.16776916683802662,0.8241884209389069,0.00804241222306697
2416,F-A1-DDOSLIKE-V-03,DDoS,DDoS,RF-v4,0.010557665496870981,0.9894423345031292,0.0
2417,F-A1-DDOSLIKE-V-03,DDoS,DDoS,RF-v4,0.16776916683802662,0.8241884209389069,0.00804241222306697
2418,F-A1-DDOSLIKE-V-03,DDoS,DDoS,RF-v4,0.02057696978085426,0.9794230302191458,0.0
2419,F-A1-DDOSLIKE-V-03,DDoS,DDoS,RF-v4,0.16776916683802662,0.8224788339934709,0.009751999168502971
2420,F-A1-DDOSLIKE-V-03,DDoS,DDoS,RF-v4,0.004321295992229443,0.9956787040077707,0.0
2421,F-A1-DDOSLIKE-V-03,DDoS,DDoS,RF-v4,0.27671371194680866,0.7143120421984399,0.008974245854751215
2422,F-A1-DDOSLIKE-V-03,DDoS,DDoS,RF-v4,0.05374094566039554,0.9462590543396048,0.0
2423,F-A1-DDOSLIKE-V-03,DDoS,DDoS,RF-v4,0.14759288416898747,0.8440938093965843,0.008313306434428227
2424,F-A1-DDOSLIKE-V-03,DDoS,DDoS,RF-v4,0.01984690987876137,0.9800862268925243,6.686322871445769e-05
2425,F-A1-DDOSLIKE-V-03,DDoS,DDoS,RF-v4,0.13922685546983085,0.8527260931469917,0.00804705138317808
2426,F-A1-DDOSLIKE-V-03,DDoS,DDoS,RF-v4,0.013112033149174506,0.9868879668508257,0.0
2427,F-A1-DDOSLIKE-V-03,DDoS,DDoS,RF-v4,0.14759288416898747,0.8440938093965843,0.008313306434428227
2428,F-A1-DDOSLIKE-V-03,DDoS,DDoS,RF-v4,0.011151347415846329,0.9888486525841538,0.0
2429,F-A1-DDOSLIKE-V-03,DDoS,DDoS,RF-v4,0.196727570240124,0.7921610790707296,0.011111350689146733
2430,F-A1-DDOSLIKE-V-03,DDoS,DDoS,RF-v4,0.010807221416799828,0.9891927785832004,0.0
2431,F-A1-DDOSLIKE-V-03,DDoS,DDoS,RF-v4,0.13922685546983085,0.8527260931469917,0.00804705138317808
2432,F-A1-DDOSLIKE-V-03,DDoS,DDoS,RF-v4,0.006653653316117093,0.993346346683883,0.0
2433,F-A1-DDOSLIKE-V-03,DDoS,DDoS,RF-v4,0.14759288416898747,0.8440938093965843,0.008313306434428227
2434,F-A1-DDOSLIKE-V-03,DDoS,DDoS,RF-v4,0.006653653316117093,0.993346346683883,0.0
2435,F-A1-DDOSLIKE-V-03,DDoS,DDoS,RF-v4,0.13922685546983085,0.8527260931469917,0.00804705138317808
2436,F-A1-DDOSLIKE-V-03,DDoS,DDoS,RF-v4,0.010257429393790816,0.9897425706062093,0.0
2437,F-A1-DDOSLIKE-V-03,DDoS,DDoS,RF-v4,0.13922685546983085,0.8527260931469917,0.00804705138317808
2438,F-A1-DDOSLIKE-V-03,DDoS,DDoS,RF-v4,0.00263365441155992,0.9973663455884402,0.0
2439,F-A1-DDOSLIKE-V-03,DDoS,DDoS,RF-v4,0.14759288416898747,0.8440938093965843,0.008313306434428227
2440,F-A1-DDOSLIKE-V-03,DDoS,DDoS,RF-v4,0.016166055434384673,0.983767081336901,6.686322871445769e-05
2441,F-A1-DDOSLIKE-V-03,DDoS,DDoS,RF-v4,0.16490826511707657,0.8270493226598571,0.00804241222306697
2442,F-A1-DDOSLIKE-V-03,DDoS,DDoS,RF-v4,0.012940676988400422,0.9869924597828853,6.686322871445769e-05
2443,F-A1-DDOSLIKE-V-03,DDoS,DDoS,RF-v4,0.13922685546983085,0.8527260931469917,0.00804705138317808
2444,F-A1-DDOSLIKE-V-03,DDoS,DDoS,RF-v4,0.012791424519636108,0.9871417122516496,6.686322871445769e-05
2445,F-A1-DDOSLIKE-V-03,DDoS,DDoS,RF-v4,0.13922685546983085,0.8527260931469917,0.00804705138317808
2446,F-A1-DDOSLIKE-V-03,DDoS,DDoS,RF-v4,0.015693060620103207,0.984306939379897,0.0
2447,F-A1-DDOSLIKE-V-03,DDoS,DDoS,RF-v4,0.06348904485485271,0.9365109551451478,0.0
2448,F-A1-DDOSLIKE-V-03,DDoS,DDoS,RF-v4,0.16776916683802662,0.8241884209389069,0.00804241222306697
2449,F-A1-DDOSLIKE-V-03,DDoS,DDoS,RF-v4,0.009759955347536015,0.9901731814237497,6.686322871445769e-05
2450,F-A1-DDOSLIKE-V-03,DDoS,DDoS,RF-v4,0.16938522928355773,0.822572358493376,0.00804241222306697
2451,F-A1-DDOSLIKE-V-03,DDoS,DDoS,RF-v4,0.005662033892897968,0.9943379661071021,0.0
2452,F-A1-DDOSLIKE-V-03,DDoS,DDoS,RF-v4,0.13922685546983085,0.8527260931469917,0.00804705138317808
2453,F-A1-DDOSLIKE-V-03,DDoS,DDoS,RF-v4,0.003767085413982867,0.9962329145860173,0.0
2454,F-A1-DDOSLIKE-V-03,DDoS,DDoS,RF-v4,0.14759288416898747,0.8440938093965843,0.008313306434428227
2455,F-A1-DDOSLIKE-V-03,DDoS,DDoS,RF-v4,0.009219027584311158,0.990780972415689,0.0
2456,F-A1-DDOSLIKE-V-03,DDoS,DDoS,RF-v4,0.13922685546983085,0.8527260931469917,0.00804705138317808
2457,F-A1-DDOSLIKE-V-03,DDoS,DDoS,RF-v4,0.008341294896786616,0.9916587051032135,0.0
2458,F-A1-DDOSLIKE-V-03,DDoS,Normal,RF-v4,0.7919497811417269,0.1986823492207861,0.00936786963748671
2459,F-A1-DDOSLIKE-V-03,DDoS,DDoS,RF-v4,0.007306128279155739,0.9926938717208443,0.0
2460,F-A1-DDOSLIKE-V-03,DDoS,DDoS,RF-v4,0.13922685546983085,0.8527260931469917,0.00804705138317808
2461,F-A1-DDOSLIKE-V-03,DDoS,DDoS,RF-v4,0.008341294896786616,0.9916587051032135,0.0
2462,F-A1-DDOSLIKE-V-03,DDoS,DDoS,RF-v4,0.14759288416898747,0.8440938093965843,0.008313306434428227
2463,F-A1-DDOSLIKE-V-03,DDoS,DDoS,RF-v4,0.012617675527641776,0.9873823244723583,0.0
2464,F-A1-DDOSLIKE-V-03,DDoS,DDoS,RF-v4,0.16776916683802662,0.8241884209389069,0.00804241222306697
2465,F-A1-DDOSLIKE-V-03,DDoS,DDoS,RF-v4,0.00789888260642514,0.992101117393575,0.0
2466,F-A1-DDOSLIKE-V-03,DDoS,DDoS,RF-v4,0.16776916683802662,0.8224788339934709,0.009751999168502971
2467,F-A1-DDOSLIKE-V-03,DDoS,DDoS,RF-v4,0.012043669275582862,0.9879563307244174,0.0
2468,F-A1-DDOSLIKE-V-03,DDoS,Normal,RF-v4,0.6288297258872109,0.36241235789444304,0.008757916218346014
2469,F-A1-DDOSLIKE-V-03,DDoS,DDoS,RF-v4,0.02329461247906234,0.9767053875209377,0.0
2470,F-A1-DDOSLIKE-V-03,DDoS,DDoS,RF-v4,0.13922685546983085,0.8527260931469917,0.00804705138317808
2471,F-A1-DDOSLIKE-V-03,DDoS,DDoS,RF-v4,0.015369781376589332,0.9845633553946963,6.686322871445769e-05
2472,F-A1-DDOSLIKE-V-03,DDoS,DDoS,RF-v4,0.14759288416898747,0.8423842224511483,0.010022893379864228
2473,F-A1-DDOSLIKE-V-03,DDoS,DDoS,RF-v4,0.00263365441155992,0.9973663455884402,0.0
2474,F-A1-DDOSLIKE-V-03,DDoS,DDoS,RF-v4,0.16776916683802662,0.8241884209389069,0.00804241222306697
2475,F-A1-DDOSLIKE-V-03,DDoS,DDoS,RF-v4,0.008771425615078937,0.9912285743849213,0.0
2476,F-A1-DDOSLIKE-V-03,DDoS,DDoS,RF-v4,0.20204014011484248,0.7719431734020642,0.026016686483093646
2477,F-A1-DDOSLIKE-V-03,DDoS,DDoS,RF-v4,0.01268389649044054,0.9838300663899732,0.0034860371195864614
2478,F-A1-DDOSLIKE-V-03,DDoS,DDoS,RF-v4,0.25560052456076254,0.7307426612171218,0.013656814222116065
2479,F-A1-DDOSLIKE-V-03,DDoS,DDoS,RF-v4,0.008771425615078937,0.9912285743849213,0.0
2480,F-A1-DDOSLIKE-V-03,DDoS,DDoS,RF-v4,0.13922685546983085,0.8527260931469917,0.00804705138317808
2481,F-A1-DDOSLIKE-V-03,DDoS,DDoS,RF-v4,0.010671929413754834,0.9893280705862452,0.0
2482,F-A1-DDOSLIKE-V-03,DDoS,DDoS,RF-v4,0.13922685546983085,0.8527260931469917,0.00804705138317808
2483,F-A1-DDOSLIKE-V-03,DDoS,DDoS,RF-v4,0.008768335924316889,0.9871125514476968,0.004119112627986348
2484,F-A1-DDOSLIKE-V-03,DDoS,DDoS,RF-v4,0.196727570240124,0.7921610790707296,0.011111350689146733
2485,F-A1-DDOSLIKE-V-03,DDoS,DDoS,RF-v4,0.014748337019759717,0.9852516629802404,0.0
2486,F-A1-DDOSLIKE-V-03,DDoS,DDoS,RF-v4,0.14759288416898747,0.8440938093965843,0.008313306434428227
2487,F-A1-DDOSLIKE-V-03,DDoS,DDoS,RF-v4,0.012043669275582862,0.9879563307244174,0.0
2488,F-A1-DDOSLIKE-V-03,DDoS,DDoS,RF-v4,0.16776916683802662,0.8241884209389069,0.00804241222306697
2489,F-A1-DDOSLIKE-V-03,DDoS,DDoS,RF-v4,0.005665123583660015,0.9943348764163402,0.0
2490,F-A1-DDOSLIKE-V-03,DDoS,DDoS,RF-v4,0.16776916683802662,0.8241884209389069,0.00804241222306697
2491,F-A1-DDOSLIKE-V-03,DDoS,DDoS,RF-v4,0.034035109121977866,0.9659648908780221,0.0
2492,F-A1-DDOSLIKE-V-03,DDoS,DDoS,RF-v4,0.16938522928355773,0.822572358493376,0.00804241222306697
2493,F-A1-DDOSLIKE-V-03,DDoS,DDoS,RF-v4,0.02045443361823969,0.9795455663817605,0.0
2494,F-A1-DDOSLIKE-V-03,DDoS,DDoS,RF-v4,0.13922685546983085,0.8527260931469917,0.00804705138317808
2495,F-A1-DDOSLIKE-V-03,DDoS,DDoS,RF-v4,0.013783043942855233,0.9861500928284305,6.686322871445769e-05
2496,F-A1-DDOSLIKE-V-03,DDoS,DDoS,RF-v4,0.13922685546983085,0.8527260931469917,0.00804705138317808
2497,F-A1-DDOSLIKE-V-03,DDoS,DDoS,RF-v4,0.010257429393790816,0.9897425706062093,0.0
2498,F-A1-DDOSLIKE-V-03,DDoS,DDoS,RF-v4,0.14759288416898747,0.8440938093965843,0.008313306434428227
2499,F-A1-DDOSLIKE-V-03,DDoS,DDoS,RF-v4,0.02914926991867449,0.9708507300813255,0.0
2500,F-A1-DDOSLIKE-V-03,DDoS,DDoS,RF-v4,0.27671371194680866,0.7143120421984399,0.008974245854751215
2501,F-A1-DDOSLIKE-V-03,DDoS,DDoS,RF-v4,0.014971101708544272,0.9819830170073857,0.003045881284070261
2502,F-A1-DDOSLIKE-V-03,DDoS,DDoS,RF-v4,0.13922685546983085,0.8527260931469917,0.00804705138317808
2503,F-A1-DDOSLIKE-V-03,DDoS,DDoS,RF-v4,0.008984287833085313,0.9910157121669146,0.0
2504,F-A1-DDOSLIKE-V-03,DDoS,DDoS,RF-v4,0.13922685546983085,0.8527260931469917,0.00804705138317808
2505,F-A1-DDOSLIKE-V-03,DDoS,DDoS,RF-v4,0.013783043942855233,0.9861500928284305,6.686322871445769e-05
2506,F-A1-DDOSLIKE-V-03,DDoS,DDoS,RF-v4,0.13922685546983085,0.8527260931469917,0.00804705138317808
2507,F-A1-DDOSLIKE-V-03,DDoS,DDoS,RF-v4,0.01212383733304788,0.9878761626669522,0.0
2508,F-A1-DDOSLIKE-V-03,DDoS,DDoS,RF-v4,0.13922685546983085,0.8527260931469917,0.00804705138317808
2509,F-A1-DDOSLIKE-V-03,DDoS,DDoS,RF-v4,0.00565619385558697,0.9943438061444131,0.0
2510,F-A1-DDOSLIKE-V-03,DDoS,DDoS,RF-v4,0.14759288416898747,0.8440938093965843,0.008313306434428227
2511,F-A1-DDOSLIKE-V-03,DDoS,DDoS,RF-v4,0.03137282139612482,0.9686271786038754,0.0
2512,F-A1-DDOSLIKE-V-03,DDoS,DDoS,RF-v4,0.03137282139612483,0.9686271786038754,0.0
2513,F-A1-DDOSLIKE-V-03,DDoS,DDoS,RF-v4,0.367888039915821,0.5323625126828135,0.09974944740136645
2514,F-A1-DDOSLIKE-V-03,DDoS,Normal,RF-v4,0.9530169161565883,0.038827744580148524,0.008155339263261783
2515,F-A1-DDOSLIKE-V-03,DDoS,DDoS,RF-v4,0.025605004347309765,0.9743949956526903,0.0
2516,F-A1-DDOSLIKE-V-03,DDoS,DDoS,RF-v4,0.14548486710184172,0.84620182646373,0.008313306434428227
2517,F-A1-DDOSLIKE-V-03,DDoS,DDoS,RF-v4,0.07426118706325448,0.9239220929235656,0.0018167200131796882
2518,F-A1-DDOSLIKE-V-03,DDoS,Normal,RF-v4,0.9530169161565883,0.038827744580148524,0.008155339263261783
2519,F-A1-DDOSLIKE-V-03,DDoS,DDoS,RF-v4,0.06190848080261067,0.9380041035774269,8.741561996246342e-05
2520,F-A1-DDOSLIKE-V-03,DDoS,Normal,RF-v4,0.9530169161565883,0.038827744580148524,0.008155339263261783
2521,F-A1-DDOSLIKE-V-03,DDoS,DDoS,RF-v4,0.007451363465452061,0.9925486365345482,0.0
2522,F-A1-DDOSLIKE-V-03,DDoS,DDoS,RF-v4,0.20204014011484248,0.7763745710051659,0.02158528887999178
2523,F-A1-DDOSLIKE-V-03,DDoS,DDoS,RF-v4,0.023133725867162325,0.9768662741328378,0.0
2524,F-A1-DDOSLIKE-V-03,DDoS,DDoS,RF-v4,0.14548486710184172,0.84620182646373,0.008313306434428227
2525,F-A1-DDOSLIKE-V-03,DDoS,DDoS,RF-v4,0.02663885084292058,0.9732720682450469,8.90809120327034e-05
2526,F-A1-DDOSLIKE-V-03,DDoS,DDoS,RF-v4,0.14759288416898747,0.8440938093965843,0.008313306434428227
2527,F-A1-DDOSLIKE-V-03,DDoS,DDoS,RF-v4,0.02186845177983007,0.9780646849914557,6.686322871445769e-05
2528,F-A1-DDOSLIKE-V-03,DDoS,DDoS,RF-v4,0.14759288416898747,0.8423842224511483,0.010022893379864228
2529,F-A1-DDOSLIKE-V-03,DDoS,DDoS,RF-v4,0.0789336609308503,0.91924961905597,0.0018167200131796882
2530,F-A1-DDOSLIKE-V-03,DDoS,Normal,RF-v4,0.9530169161565883,0.038827744580148524,0.008155339263261783
2531,F-A1-DDOSLIKE-V-03,DDoS,DDoS,RF-v4,0.0888950191483953,0.909288260838425,0.0018167200131796882
2532,F-A1-DDOSLIKE-V-03,DDoS,Normal,RF-v4,0.9639701126772828,0.02766461561901913,0.008365271703698114
2533,F-A1-DDOSLIKE-V-03,DDoS,DDoS,RF-v4,0.009661357046413492,0.9902717797248722,6.686322871445769e-05
2534,F-A1-DDOSLIKE-V-03,DDoS,DDoS,RF-v4,0.13922685546983085,0.8527260931469917,0.00804705138317808
2535,F-A1-DDOSLIKE-V-03,DDoS,DDoS,RF-v4,0.008917588393081202,0.9910155483782046,6.686322871445769e-05
2536,F-A1-DDOSLIKE-V-03,DDoS,DDoS,RF-v4,0.13922685546983085,0.8527260931469917,0.00804705138317808
2537,F-A1-DDOSLIKE-V-03,DDoS,DDoS,RF-v4,0.008341294896786616,0.9916587051032135,0.0
2538,F-A1-DDOSLIKE-V-03,DDoS,DDoS,RF-v4,0.27671371194680866,0.7143120421984399,0.008974245854751215
2539,F-A1-DDOSLIKE-V-03,DDoS,DDoS,RF-v4,0.009836990298366736,0.9901630097016336,0.0
2540,F-A1-DDOSLIKE-V-03,DDoS,DDoS,RF-v4,0.13922685546983085,0.8527260931469917,0.00804705138317808
2541,F-A1-DDOSLIKE-V-03,DDoS,DDoS,RF-v4,0.01761315085599624,0.9823199859152895,6.686322871445769e-05
2542,F-A1-DDOSLIKE-V-03,DDoS,DDoS,RF-v4,0.13922685546983085,0.8527260931469917,0.00804705138317808
2543,F-A1-DDOSLIKE-V-03,DDoS,DDoS,RF-v4,0.012747719220250676,0.9872522807797495,0.0
2544,F-A1-DDOSLIKE-V-03,DDoS,DDoS,RF-v4,0.13922685546983085,0.8527260931469917,0.00804705138317808
2545,F-A1-DDOSLIKE-V-03,DDoS,DDoS,RF-v4,0.008984287833085313,0.9910157121669146,0.0
2546,F-A1-DDOSLIKE-V-03,DDoS,DDoS,RF-v4,0.14759288416898747,0.8440938093965843,0.008313306434428227
2547,F-A1-DDOSLIKE-V-03,DDoS,DDoS,RF-v4,0.018127768707342375,0.9818722312926578,0.0
2548,F-A1-DDOSLIKE-V-03,DDoS,DDoS,RF-v4,0.14548486710184172,0.84620182646373,0.008313306434428227
2549,F-A1-DDOSLIKE-V-03,DDoS,DDoS,RF-v4,0.0016420349883407945,0.9983579650116593,0.0
2550,F-A1-DDOSLIKE-V-03,DDoS,DDoS,RF-v4,0.14759288416898747,0.8440938093965843,0.008313306434428227
2551,F-A1-DDOSLIKE-V-03,DDoS,DDoS,RF-v4,0.0025197676758653364,0.9974802323241347,0.0
2552,F-A1-DDOSLIKE-V-03,DDoS,DDoS,RF-v4,0.14759288416898747,0.8440938093965843,0.008313306434428227
2553,F-A1-DDOSLIKE-V-03,DDoS,DDoS,RF-v4,0.07366774502985979,0.9147842554108685,0.011547999559271932
2554,F-A1-DDOSLIKE-V-03,DDoS,DDoS,RF-v4,0.16776916683802662,0.8241884209389069,0.00804241222306697
2555,F-A1-DDOSLIKE-V-03,DDoS,DDoS,RF-v4,0.16572441114973052,0.813310102324148,0.020965486526121513
2556,F-A1-DDOSLIKE-V-03,DDoS,DDoS,RF-v4,0.2520359572873685,0.7363901080427537,0.01157393466987832
2557,F-A1-DDOSLIKE-V-03,DDoS,DDoS,RF-v4,0.0065345769015517615,0.9934654230984485,0.0
2558,F-A1-DDOSLIKE-V-03,DDoS,DDoS,RF-v4,0.16776916683802662,0.8224788339934709,0.009751999168502971
2559,F-A1-DDOSLIKE-V-03,DDoS,DDoS,RF-v4,0.010557665496870981,0.9894423345031292,0.0
2560,F-A1-DDOSLIKE-V-03,DDoS,DDoS,RF-v4,0.13922685546983085,0.8527260931469917,0.00804705138317808
2561,F-A1-DDOSLIKE-V-03,DDoS,DDoS,RF-v4,0.0065345769015517615,0.9934654230984485,0.0
2562,F-A1-DDOSLIKE-V-03,DDoS,DDoS,RF-v4,0.13922685546983085,0.8527260931469917,0.00804705138317808
2563,F-A1-DDOSLIKE-V-03,DDoS,DDoS,RF-v4,0.0065345769015517615,0.9934654230984485,0.0
2564,F-A1-DDOSLIKE-V-03,DDoS,DDoS,RF-v4,0.13922685546983085,0.8527260931469917,0.00804705138317808
2565,F-A1-DDOSLIKE-V-03,DDoS,DDoS,RF-v4,0.08203266957413784,0.9014193308665903,0.01654799955927193
2566,F-A1-DDOSLIKE-V-03,DDoS,DDoS,RF-v4,0.13922685546983085,0.8527260931469917,0.00804705138317808
2567,F-A1-DDOSLIKE-V-03,DDoS,DDoS,RF-v4,0.015174436011165549,0.9847587007601202,6.686322871445769e-05
2568,F-A1-DDOSLIKE-V-03,DDoS,DDoS,RF-v4,0.13922685546983085,0.8527260931469917,0.00804705138317808
2569,F-A1-DDOSLIKE-V-03,DDoS,DDoS,RF-v4,0.15591189819785925,0.8231226152760194,0.020965486526121513
2570,F-A1-DDOSLIKE-V-03,DDoS,DDoS,RF-v4,0.25164493788513925,0.7346982478927453,0.013656814222116065
2571,F-A1-DDOSLIKE-V-03,DDoS,DDoS,RF-v4,0.0065345769015517615,0.9934654230984485,0.0
2572,F-A1-DDOSLIKE-V-03,DDoS,DDoS,RF-v4,0.14759288416898747,0.8440938093965843,0.008313306434428227
2573,F-A1-DDOSLIKE-V-03,DDoS,DDoS,RF-v4,0.006982096042524842,0.9929510407287608,6.686322871445769e-05
2574,F-A1-DDOSLIKE-V-03,DDoS,DDoS,RF-v4,0.16776916683802662,0.8241884209389069,0.00804241222306697
2575,F-A1-DDOSLIKE-V-03,DDoS,DDoS,RF-v4,0.07236019570654202,0.9110918047341862,0.01654799955927193
2576,F-A1-DDOSLIKE-V-03,DDoS,DDoS,RF-v4,0.13922685546983085,0.8527260931469917,0.00804705138317808
2577,F-A1-DDOSLIKE-V-03,DDoS,DDoS,RF-v4,0.008984287833085313,0.9910157121669146,0.0
2578,F-A1-DDOSLIKE-V-03,DDoS,DDoS,RF-v4,0.14548486710184172,0.84620182646373,0.008313306434428227
2579,F-A1-DDOSLIKE-V-03,DDoS,DDoS,RF-v4,0.013783043942855233,0.9861500928284305,6.686322871445769e-05
2580,F-A1-DDOSLIKE-V-03,DDoS,DDoS,RF-v4,0.196727570240124,0.7904514921252936,0.01282093763458273
2581,F-A1-DDOSLIKE-V-03,DDoS,DDoS,RF-v4,0.010557665496870981,0.9894423345031292,0.0
2582,F-A1-DDOSLIKE-V-03,DDoS,DDoS,RF-v4,0.22264072855659905,0.7693168592203342,0.00804241222306697
2583,F-A1-DDOSLIKE-V-03,DDoS,DDoS,RF-v4,0.14655265786729213,0.8324818556065864,0.020965486526121513
2584,F-A1-DDOSLIKE-V-03,DDoS,DDoS,RF-v4,0.16776916683802662,0.8241884209389069,0.00804241222306697
2585,F-A1-DDOSLIKE-V-03,DDoS,DDoS,RF-v4,0.018220674595474565,0.9817793254045256,0.0
2586,F-A1-DDOSLIKE-V-03,DDoS,DDoS,RF-v4,0.13922685546983085,0.8527260931469917,0.00804705138317808
2587,F-A1-DDOSLIKE-V-03,DDoS,DDoS,RF-v4,0.010557665496870981,0.9894423345031292,0.0
2588,F-A1-DDOSLIKE-V-03,DDoS,DDoS,RF-v4,0.27671371194680866,0.7143120421984399,0.008974245854751215
2589,F-A1-DDOSLIKE-V-03,DDoS,DDoS,RF-v4,0.004867413434325046,0.995132586565675,0.0
2590,F-A1-DDOSLIKE-V-03,DDoS,Normal,RF-v4,0.5474131013418243,0.44344808237930927,0.009138816278865964
2591,F-A1-DDOSLIKE-V-03,DDoS,DDoS,RF-v4,0.0065345769015517615,0.9934654230984485,0.0
2592,F-A1-DDOSLIKE-V-03,DDoS,DDoS,RF-v4,0.27671371194680866,0.7143120421984399,0.008974245854751215
2593,F-A1-DDOSLIKE-V-03,DDoS,DDoS,RF-v4,0.010557665496870981,0.9894423345031292,0.0
2594,F-A1-DDOSLIKE-V-03,DDoS,DDoS,RF-v4,0.13922685546983085,0.8527260931469917,0.00804705138317808
2595,F-A1-DDOSLIKE-V-03,DDoS,DDoS,RF-v4,0.012940676988400422,0.9869924597828853,6.686322871445769e-05
2596,F-A1-DDOSLIKE-V-03,DDoS,DDoS,RF-v4,0.16776916683802662,0.8241884209389069,0.00804241222306697
2597,F-A1-DDOSLIKE-V-03,DDoS,DDoS,RF-v4,0.02100515010299596,0.9789279866682896,6.686322871445769e-05
2598,F-A1-DDOSLIKE-V-03,DDoS,DDoS,RF-v4,0.13922685546983085,0.8527260931469917,0.00804705138317808
2599,F-A1-DDOSLIKE-V-03,DDoS,DDoS,RF-v4,0.017296702382453764,0.9827032976175464,0.0
2600,F-A1-DDOSLIKE-V-03,DDoS,DDoS,RF-v4,0.15684819377851306,0.834931598000524,0.008220208220963084
2601,F-A1-DDOSLIKE-V-03,DDoS,DDoS,RF-v4,0.006653653316117093,0.993346346683883,0.0
2602,F-A1-DDOSLIKE-V-03,DDoS,DDoS,RF-v4,0.14759288416898747,0.8440938093965843,0.008313306434428227
2603,F-A1-DDOSLIKE-V-03,DDoS,DDoS,RF-v4,0.01898623960017684,0.9810137603998231,0.0
2604,F-A1-DDOSLIKE-V-03,DDoS,Normal,RF-v4,0.6527172635383488,0.3387399668503291,0.008542769611322195
2605,F-A1-DDOSLIKE-V-03,DDoS,DDoS,RF-v4,0.009759955347536015,0.9901731814237497,6.686322871445769e-05
2606,F-A1-DDOSLIKE-V-03,DDoS,DDoS,RF-v4,0.13922685546983085,0.8527260931469917,0.00804705138317808
2607,F-A1-DDOSLIKE-V-03,DDoS,DDoS,RF-v4,0.014830310012119048,0.9851696899878811,0.0
2608,F-A1-DDOSLIKE-V-03,DDoS,DDoS,RF-v4,0.13922685546983085,0.8527260931469917,0.00804705138317808
2609,F-A1-DDOSLIKE-V-03,DDoS,DDoS,RF-v4,0.010807221416799828,0.9891927785832004,0.0
2610,F-A1-DDOSLIKE-V-03,DDoS,DDoS,RF-v4,0.13922685546983085,0.8527260931469917,0.00804705138317808
2611,F-A1-DDOSLIKE-V-03,DDoS,DDoS,RF-v4,0.06348904485485271,0.9365109551451478,0.0
2612,F-A1-DDOSLIKE-V-03,DDoS,DDoS,RF-v4,0.0065345769015517615,0.9934654230984485,0.0
2613,F-A1-DDOSLIKE-V-03,DDoS,DDoS,RF-v4,0.13922685546983085,0.8527260931469917,0.00804705138317808
2614,F-A1-DDOSLIKE-V-03,DDoS,DDoS,RF-v4,0.010557665496870981,0.9894423345031292,0.0
2615,F-A1-DDOSLIKE-V-03,DDoS,DDoS,RF-v4,0.13922685546983085,0.8527260931469917,0.00804705138317808
2616,F-A1-DDOSLIKE-V-03,DDoS,DDoS,RF-v4,0.05983836861873035,0.9401616313812698,0.0
2617,F-A1-DDOSLIKE-V-03,DDoS,DDoS,RF-v4,0.014509464165962556,0.9854905358340378,0.0
2618,F-A1-DDOSLIKE-V-03,DDoS,DDoS,RF-v4,0.16759896021464027,0.8241397888917793,0.008261250893580478
2619,F-A1-DDOSLIKE-V-03,DDoS,DDoS,RF-v4,0.13922685546983085,0.8527260931469917,0.00804705138317808
2620,F-A1-DDOSLIKE-V-03,DDoS,DDoS,RF-v4,0.015174436011165549,0.9847587007601202,6.686322871445769e-05
2621,F-A1-DDOSLIKE-V-03,DDoS,DDoS,RF-v4,0.13922685546983085,0.8527260931469917,0.00804705138317808
2622,F-A1-DDOSLIKE-V-03,DDoS,DDoS,RF-v4,0.020772479481968885,0.9792275205180313,0.0
2623,F-A1-DDOSLIKE-V-03,DDoS,DDoS,RF-v4,0.16776916683802662,0.8241884209389069,0.00804241222306697
2624,F-A1-DDOSLIKE-V-03,DDoS,DDoS,RF-v4,0.010337597451255834,0.9896624025487444,0.0
2625,F-A1-DDOSLIKE-V-03,DDoS,DDoS,RF-v4,0.15217571991091725,0.8396040718681196,0.008220208220963084
2626,F-A1-DDOSLIKE-V-03,DDoS,DDoS,RF-v4,0.004748337019759716,0.9952516629802404,0.0
2627,F-A1-DDOSLIKE-V-03,DDoS,DDoS,RF-v4,0.13922685546983085,0.8527260931469917,0.00804705138317808
2628,F-A1-DDOSLIKE-V-03,DDoS,DDoS,RF-v4,0.023294612479062334,0.9766385242922233,6.686322871445769e-05
2629,F-A1-DDOSLIKE-V-03,DDoS,DDoS,RF-v4,0.27671371194680866,0.7143120421984399,0.008974245854751215
2630,F-A1-DDOSLIKE-V-03,DDoS,DDoS,RF-v4,0.009661357046413492,0.9902717797248722,6.686322871445769e-05
2631,F-A1-DDOSLIKE-V-03,DDoS,DDoS,RF-v4,0.2514494281840246,0.7400225184301678,0.00852805338580806
2632,F-A1-DDOSLIKE-V-03,DDoS,DDoS,RF-v4,0.012144402930605078,0.9877887338406807,6.686322871445769e-05
2633,F-A1-DDOSLIKE-V-03,DDoS,DDoS,RF-v4,0.14759288416898747,0.8423842224511483,0.010022893379864228
2634,F-A1-DDOSLIKE-V-03,DDoS,DDoS,RF-v4,0.0065345769015517615,0.9934654230984485,0.0
2635,F-A1-DDOSLIKE-V-03,DDoS,DDoS,RF-v4,0.13922685546983085,0.8527260931469917,0.00804705138317808
2636,F-A1-DDOSLIKE-V-03,DDoS,DDoS,RF-v4,0.01984690987876137,0.9800862268925243,6.686322871445769e-05
2637,F-A1-DDOSLIKE-V-03,DDoS,DDoS,RF-v4,0.13922685546983085,0.8527260931469917,0.00804705138317808
2638,F-A1-DDOSLIKE-V-03,DDoS,DDoS,RF-v4,0.06348904485485271,0.9365109551451478,0.0
2639,F-A1-DDOSLIKE-V-03,DDoS,DDoS,RF-v4,0.0065345769015517615,0.9934654230984485,0.0
2640,F-A1-DDOSLIKE-V-03,DDoS,DDoS,RF-v4,0.16938522928355773,0.822572358493376,0.00804241222306697
2641,F-A1-DDOSLIKE-V-03,DDoS,DDoS,RF-v4,0.010557665496870981,0.9894423345031292,0.0
2642,F-A1-DDOSLIKE-V-03,DDoS,DDoS,RF-v4,0.13922685546983085,0.8527260931469917,0.00804705138317808
2643,F-A1-DDOSLIKE-V-03,DDoS,DDoS,RF-v4,0.007451363465452061,0.9925486365345482,0.0
2644,F-A1-DDOSLIKE-V-03,DDoS,DDoS,RF-v4,0.0065345769015517615,0.9934654230984485,0.0
2645,F-A1-DDOSLIKE-V-03,DDoS,DDoS,RF-v4,0.16776916683802662,0.8241884209389069,0.00804241222306697
2646,F-A1-DDOSLIKE-V-03,DDoS,DDoS,RF-v4,0.14759288416898747,0.8440938093965843,0.008313306434428227
2647,F-A1-DDOSLIKE-V-03,DDoS,DDoS,RF-v4,0.010133158022068163,0.989866841977932,0.0
2648,F-A1-DDOSLIKE-V-03,DDoS,DDoS,RF-v4,0.14759288416898747,0.8440938093965843,0.008313306434428227
2649,F-A1-DDOSLIKE-V-03,DDoS,DDoS,RF-v4,0.015174436011165549,0.9847587007601202,6.686322871445769e-05
2650,F-A1-DDOSLIKE-V-03,DDoS,DDoS,RF-v4,0.13922685546983085,0.8527260931469917,0.00804705138317808
2651,F-A1-DDOSLIKE-V-03,DDoS,DDoS,RF-v4,0.012791424519636108,0.9871417122516496,6.686322871445769e-05
2652,F-A1-DDOSLIKE-V-03,DDoS,DDoS,RF-v4,0.22264072855659905,0.7693168592203342,0.00804241222306697
2653,F-A1-DDOSLIKE-V-03,DDoS,DDoS,RF-v4,0.0065345769015517615,0.9934654230984485,0.0
2654,F-A1-DDOSLIKE-V-03,DDoS,DDoS,RF-v4,0.13922685546983085,0.8527260931469917,0.00804705138317808
2655,F-A1-DDOSLIKE-V-03,DDoS,DDoS,RF-v4,0.01364163724230619,0.9862914995289797,6.686322871445769e-05
2656,F-A1-DDOSLIKE-V-03,DDoS,DDoS,RF-v4,0.13922685546983085,0.8527260931469917,0.00804705138317808
2657,F-A1-DDOSLIKE-V-03,DDoS,DDoS,RF-v4,0.005662033892897968,0.9943379661071021,0.0
2658,F-A1-DDOSLIKE-V-03,DDoS,DDoS,RF-v4,0.13922685546983085,0.8527260931469917,0.00804705138317808
2659,F-A1-DDOSLIKE-V-03,DDoS,DDoS,RF-v4,0.012142966839065454,0.9877901699322201,6.686322871445769e-05
2660,F-A1-DDOSLIKE-V-03,DDoS,DDoS,RF-v4,0.27671371194680866,0.7143120421984399,0.008974245854751215
2661,F-A1-DDOSLIKE-V-03,DDoS,DDoS,RF-v4,0.008771425615078937,0.9912285743849213,0.0
2662,F-A1-DDOSLIKE-V-03,DDoS,DDoS,RF-v4,0.13922685546983085,0.8527260931469917,0.00804705138317808
2663,F-A1-DDOSLIKE-V-03,DDoS,DDoS,RF-v4,0.016166055434384673,0.983767081336901,6.686322871445769e-05
2664,F-A1-DDOSLIKE-V-03,DDoS,DDoS,RF-v4,0.13922685546983085,0.8527260931469917,0.00804705138317808
2665,F-A1-DDOSLIKE-V-03,DDoS,DDoS,RF-v4,0.010557665496870981,0.9894423345031292,0.0
2666,F-A1-DDOSLIKE-V-03,DDoS,DDoS,RF-v4,0.13922685546983085,0.8527260931469917,0.00804705138317808
2667,F-A1-DDOSLIKE-V-03,DDoS,DDoS,RF-v4,0.0016420349883407945,0.9983579650116593,0.0
2668,F-A1-DDOSLIKE-V-03,DDoS,DDoS,RF-v4,0.14759288416898747,0.8440938093965843,0.008313306434428227
2669,F-A1-DDOSLIKE-V-03,DDoS,DDoS,RF-v4,0.00789888260642514,0.992101117393575,0.0
2670,F-A1-DDOSLIKE-V-03,DDoS,DDoS,RF-v4,0.13922685546983085,0.8527260931469917,0.00804705138317808
2671,F-A1-DDOSLIKE-V-03,DDoS,DDoS,RF-v4,0.009219027584311158,0.990780972415689,0.0
2672,F-A1-DDOSLIKE-V-03,DDoS,DDoS,RF-v4,0.13922685546983085,0.8527260931469917,0.00804705138317808
2673,F-A1-DDOSLIKE-V-03,DDoS,DDoS,RF-v4,0.012940676988400422,0.9870593230115997,0.0
2674,F-A1-DDOSLIKE-V-03,DDoS,DDoS,RF-v4,0.16776916683802662,0.8241884209389069,0.00804241222306697
2675,F-A1-DDOSLIKE-V-03,DDoS,DDoS,RF-v4,0.005665123583660015,0.9943348764163402,0.0
2676,F-A1-DDOSLIKE-V-03,DDoS,DDoS,RF-v4,0.13922685546983085,0.8527260931469917,0.00804705138317808
2677,F-A1-DDOSLIKE-V-03,DDoS,DDoS,RF-v4,0.0065345769015517615,0.9934654230984485,0.0
2678,F-A1-DDOSLIKE-V-03,DDoS,DDoS,RF-v4,0.13922685546983085,0.8527260931469917,0.00804705138317808
2679,F-A1-DDOSLIKE-V-03,DDoS,DDoS,RF-v4,0.009661357046413492,0.9902717797248722,6.686322871445769e-05
2680,F-A1-DDOSLIKE-V-03,DDoS,DDoS,RF-v4,0.16776916683802662,0.8241884209389069,0.00804241222306697
2681,F-A1-DDOSLIKE-V-03,DDoS,DDoS,RF-v4,0.0065345769015517615,0.9934654230984485,0.0
2682,F-A1-DDOSLIKE-V-03,DDoS,DDoS,RF-v4,0.13922685546983085,0.8527260931469917,0.00804705138317808
2683,F-A1-DDOSLIKE-V-03,DDoS,DDoS,RF-v4,0.009685122488217186,0.9903148775117829,0.0
2684,F-A1-DDOSLIKE-V-03,DDoS,DDoS,RF-v4,0.13922685546983085,0.8527260931469917,0.00804705138317808
2685,F-A1-DDOSLIKE-V-03,DDoS,DDoS,RF-v4,0.023796638926529695,0.976136497844756,6.686322871445769e-05
2686,F-A1-DDOSLIKE-V-03,DDoS,DDoS,RF-v4,0.16776916683802662,0.8241884209389069,0.00804241222306697
2687,F-A1-DDOSLIKE-V-03,DDoS,DDoS,RF-v4,0.010557665496870981,0.9894423345031292,0.0
2688,F-A1-DDOSLIKE-V-03,DDoS,DDoS,RF-v4,0.16776916683802662,0.8241884209389069,0.00804241222306697
2689,F-A1-DDOSLIKE-V-03,DDoS,DDoS,RF-v4,0.013783043942855233,0.9861500928284305,6.686322871445769e-05
2690,F-A1-DDOSLIKE-V-03,DDoS,DDoS,RF-v4,0.16776916683802662,0.8241884209389069,0.00804241222306697
2691,F-A1-DDOSLIKE-V-03,DDoS,DDoS,RF-v4,0.007451363465452061,0.9925486365345482,0.0
2692,F-A1-DDOSLIKE-V-03,DDoS,DDoS,RF-v4,0.13922685546983085,0.8527260931469917,0.00804705138317808
2693,F-A1-DDOSLIKE-V-03,DDoS,DDoS,RF-v4,0.008984287833085313,0.9910157121669146,0.0
2694,F-A1-DDOSLIKE-V-03,DDoS,DDoS,RF-v4,0.14759288416898747,0.8440938093965843,0.008313306434428227
2695,F-A1-DDOSLIKE-V-03,DDoS,DDoS,RF-v4,0.00263365441155992,0.9973663455884402,0.0
2696,F-A1-DDOSLIKE-V-03,DDoS,DDoS,RF-v4,0.13922685546983085,0.8527260931469917,0.00804705138317808
2697,F-A1-DDOSLIKE-V-03,DDoS,DDoS,RF-v4,0.005662033892897968,0.9943379661071021,0.0
2698,F-A1-DDOSLIKE-V-03,DDoS,DDoS,RF-v4,0.16776916683802662,0.8241884209389069,0.00804241222306697
2699,F-A1-DDOSLIKE-V-03,DDoS,DDoS,RF-v4,0.03365235893485802,0.9663476410651419,0.0
2700,F-A1-DDOSLIKE-V-03,DDoS,Normal,RF-v4,0.6195410916931635,0.3718691126118094,0.00858979569502697
2701,F-A1-DDOSLIKE-V-03,DDoS,DDoS,RF-v4,0.015174436011165549,0.9847587007601202,6.686322871445769e-05
2702,F-A1-DDOSLIKE-V-03,DDoS,Normal,RF-v4,0.6288297258872109,0.36241235789444304,0.008757916218346014
2703,F-A1-DDOSLIKE-V-03,DDoS,DDoS,RF-v4,0.010557665496870981,0.9894423345031292,0.0
2704,F-A1-DDOSLIKE-V-03,DDoS,DDoS,RF-v4,0.13922685546983085,0.8527260931469917,0.00804705138317808
2705,F-A1-DDOSLIKE-V-03,DDoS,DDoS,RF-v4,0.01522034696379716,0.984779653036203,0.0
2706,F-A1-DDOSLIKE-V-03,DDoS,DDoS,RF-v4,0.16776916683802662,0.8241884209389069,0.00804241222306697
2707,F-A1-DDOSLIKE-V-03,DDoS,DDoS,RF-v4,0.05901257129261573,0.9409874287073847,0.0
2708,F-A1-DDOSLIKE-V-03,DDoS,DDoS,RF-v4,0.009038100899186156,0.9909618991008139,0.0
2709,F-A1-DDOSLIKE-V-03,DDoS,DDoS,RF-v4,0.14759288416898747,0.8440938093965843,0.008313306434428227
2710,F-A1-DDOSLIKE-V-03,DDoS,DDoS,RF-v4,0.020932530479713947,0.9790674695202862,0.0
2711,F-A1-DDOSLIKE-V-03,DDoS,DDoS,RF-v4,0.14548486710184172,0.84620182646373,0.008313306434428227
2712,F-A1-DDOSLIKE-V-03,DDoS,DDoS,RF-v4,0.007451363465452061,0.9925486365345482,0.0
2713,F-A1-DDOSLIKE-V-03,DDoS,Normal,RF-v4,0.6015630838510071,0.3895672628078589,0.008869653341132742
2714,F-A1-DDOSLIKE-V-03,DDoS,DDoS,RF-v4,0.010557665496870981,0.9894423345031292,0.0
2715,F-A1-DDOSLIKE-V-03,DDoS,DDoS,RF-v4,0.16776916683802662,0.8241884209389069,0.00804241222306697
2716,F-A1-DDOSLIKE-V-03,DDoS,DDoS,RF-v4,0.008768335924316889,0.9912316640756832,0.0
2717,F-A1-DDOSLIKE-V-03,DDoS,DDoS,RF-v4,0.16776916683802662,0.8241884209389069,0.00804241222306697
2718,F-A1-DDOSLIKE-V-03,DDoS,DDoS,RF-v4,0.015693060620103207,0.984306939379897,0.0
2719,F-A1-DDOSLIKE-V-03,DDoS,DDoS,RF-v4,0.13922685546983085,0.8527260931469917,0.00804705138317808
2720,F-A1-DDOSLIKE-V-03,DDoS,DDoS,RF-v4,0.015174436011165549,0.9847587007601202,6.686322871445769e-05
2721,F-A1-DDOSLIKE-V-03,DDoS,DDoS,RF-v4,0.13922685546983085,0.8527260931469917,0.00804705138317808
2722,F-A1-DDOSLIKE-V-03,DDoS,DDoS,RF-v4,0.017114513230528646,0.981109036595321,0.0017764501741504596
2723,F-A1-DDOSLIKE-V-03,DDoS,DDoS,RF-v4,0.28133572481445573,0.7096900293307928,0.008974245854751215
2724,F-A1-DDOSLIKE-V-03,DDoS,DDoS,RF-v4,0.01268389649044054,0.9872492402808452,6.686322871445769e-05
2725,F-A1-DDOSLIKE-V-03,DDoS,DDoS,RF-v4,0.16776916683802662,0.8241884209389069,0.00804241222306697
2726,F-A1-DDOSLIKE-V-03,DDoS,DDoS,RF-v4,0.00263365441155992,0.9973663455884402,0.0
2727,F-A1-DDOSLIKE-V-03,DDoS,DDoS,RF-v4,0.14750324604332143,0.8425669587902794,0.009929795166399087
2728,F-A1-DDOSLIKE-V-03,DDoS,DDoS,RF-v4,0.015149971307001783,0.984783165464284,6.686322871445769e-05
2729,F-A1-DDOSLIKE-V-03,DDoS,DDoS,RF-v4,0.2514494281840246,0.7400225184301678,0.00852805338580806
2730,F-A1-DDOSLIKE-V-03,DDoS,DDoS,RF-v4,0.010117718835508261,0.9898822811644918,0.0
2731,F-A1-DDOSLIKE-V-03,DDoS,Normal,RF-v4,0.5864070439485776,0.4032935734109592,0.010299382640462974
2732,F-A1-DDOSLIKE-V-03,DDoS,DDoS,RF-v4,0.010557665496870981,0.9894423345031292,0.0
2733,F-A1-DDOSLIKE-V-03,DDoS,DDoS,RF-v4,0.27203549768007734,0.7190948489787898,0.008869653341132742
2734,F-A1-DDOSLIKE-V-03,DDoS,DDoS,RF-v4,0.015174436011165549,0.9847587007601202,6.686322871445769e-05
2735,F-A1-DDOSLIKE-V-03,DDoS,DDoS,RF-v4,0.16776916683802662,0.8241884209389069,0.00804241222306697
2736,F-A1-DDOSLIKE-V-03,DDoS,DDoS,RF-v4,0.012791424519636108,0.9872085754803641,0.0
2737,F-A1-DDOSLIKE-V-03,DDoS,DDoS,RF-v4,0.13922685546983085,0.8527260931469917,0.00804705138317808
2738,F-A1-DDOSLIKE-V-03,DDoS,DDoS,RF-v4,0.008768335924316889,0.9912316640756832,0.0
2739,F-A1-DDOSLIKE-V-03,DDoS,DDoS,RF-v4,0.13922685546983085,0.8527260931469917,0.00804705138317808
2740,F-A1-DDOSLIKE-V-03,DDoS,DDoS,RF-v4,0.005961748389058263,0.9940382516109417,0.0
2741,F-A1-DDOSLIKE-V-03,DDoS,Normal,RF-v4,0.6219176543703581,0.3686583548213963,0.0094239908082445
2742,F-A1-DDOSLIKE-V-03,DDoS,DDoS,RF-v4,0.008984287833085313,0.9910157121669146,0.0
2743,F-A1-DDOSLIKE-V-03,DDoS,DDoS,RF-v4,0.14759288416898747,0.8440938093965843,0.008313306434428227
2744,F-A1-DDOSLIKE-V-03,DDoS,DDoS,RF-v4,0.00263365441155992,0.9973663455884402,0.0
2745,F-A1-DDOSLIKE-V-03,DDoS,DDoS,RF-v4,0.14759288416898747,0.8440938093965843,0.008313306434428227
2746,F-A1-DDOSLIKE-V-03,DDoS,DDoS,RF-v4,0.00263365441155992,0.9973663455884402,0.0
2747,F-A1-DDOSLIKE-V-03,DDoS,Normal,RF-v4,0.9476708498265586,0.041240464005783205,0.011088686167658917
2748,F-A1-DDOSLIKE-V-03,DDoS,DDoS,RF-v4,0.007973715465743969,0.9919594213055417,6.686322871445769e-05
2749,F-A1-DDOSLIKE-V-03,DDoS,DDoS,RF-v4,0.13922685546983085,0.8527260931469917,0.00804705138317808
2750,F-A1-DDOSLIKE-V-03,DDoS,DDoS,RF-v4,0.016166055434384673,0.983767081336901,6.686322871445769e-05
2751,F-A1-DDOSLIKE-V-03,DDoS,DDoS,RF-v4,0.18537292839969421,0.8040320437778351,0.01059502782247126
2752,F-A1-DDOSLIKE-V-03,DDoS,DDoS,RF-v4,0.013860078893685955,0.9861399211063143,0.0
2753,F-A1-DDOSLIKE-V-03,DDoS,DDoS,RF-v4,0.16776916683802662,0.8241884209389069,0.00804241222306697
2754,F-A1-DDOSLIKE-V-03,DDoS,DDoS,RF-v4,0.005993649138326906,0.9940063508616732,0.0
2755,F-A1-DDOSLIKE-V-03,DDoS,DDoS,RF-v4,0.13922685546983085,0.8527260931469917,0.00804705138317808
2756,F-A1-DDOSLIKE-V-03,DDoS,DDoS,RF-v4,0.011539492519420467,0.9884605074805797,0.0
2757,F-A1-DDOSLIKE-V-03,DDoS,DDoS,RF-v4,0.13922685546983085,0.8527260931469917,0.00804705138317808
2758,F-A1-DDOSLIKE-V-03,DDoS,DDoS,RF-v4,0.004748337019759716,0.9952516629802404,0.0
2759,F-A1-DDOSLIKE-V-03,DDoS,DDoS,RF-v4,0.13922685546983085,0.8527260931469917,0.00804705138317808
2760,F-A1-DDOSLIKE-V-03,DDoS,DDoS,RF-v4,0.00420740925653486,0.9957925907434653,0.0
2761,F-A1-DDOSLIKE-V-03,DDoS,Normal,RF-v4,0.6015630838510071,0.3895672628078589,0.008869653341132742
2762,F-A1-DDOSLIKE-V-03,DDoS,DDoS,RF-v4,0.01711787670035687,0.9828152600709288,6.686322871445769e-05
2763,F-A1-DDOSLIKE-V-03,DDoS,DDoS,RF-v4,0.13922685546983085,0.8527260931469917,0.00804705138317808
2764,F-A1-DDOSLIKE-V-03,DDoS,DDoS,RF-v4,0.015192440514249141,0.984807559485751,0.0
2765,F-A1-DDOSLIKE-V-03,DDoS,DDoS,RF-v4,0.13922685546983085,0.8527260931469917,0.00804705138317808
2766,F-A1-DDOSLIKE-V-03,DDoS,DDoS,RF-v4,0.0065345769015517615,0.9934654230984485,0.0
2767,F-A1-DDOSLIKE-V-03,DDoS,DDoS,RF-v4,0.32244001337895234,0.6655398594822257,0.012020127138821479
2768,F-A1-DDOSLIKE-V-03,DDoS,DDoS,RF-v4,0.010676741911436312,0.9893232580885638,0.0
2769,F-A1-DDOSLIKE-V-03,DDoS,DDoS,RF-v4,0.14548486710184172,0.84620182646373,0.008313306434428227
2770,F-A1-DDOSLIKE-V-03,DDoS,DDoS,RF-v4,0.009225301186240908,0.9907746988137592,0.0
2771,F-A1-DDOSLIKE-V-03,DDoS,DDoS,RF-v4,0.14548486710184172,0.84620182646373,0.008313306434428227
2772,F-A1-DDOSLIKE-V-03,DDoS,DDoS,RF-v4,0.01711787670035687,0.9828152600709288,6.686322871445769e-05
2773,F-A1-DDOSLIKE-V-03,DDoS,DDoS,RF-v4,0.13922685546983085,0.8527260931469917,0.00804705138317808
2774,F-A1-DDOSLIKE-V-03,DDoS,DDoS,RF-v4,0.007451363465452061,0.9925486365345482,0.0
2775,F-A1-DDOSLIKE-V-03,DDoS,DDoS,RF-v4,0.14759288416898747,0.8440938093965843,0.008313306434428227
2776,F-A1-DDOSLIKE-V-03,DDoS,DDoS,RF-v4,0.009759955347536015,0.9901731814237497,6.686322871445769e-05
2777,F-A1-DDOSLIKE-V-03,DDoS,DDoS,RF-v4,0.13922685546983085,0.8527260931469917,0.00804705138317808
2778,F-A1-DDOSLIKE-V-03,DDoS,DDoS,RF-v4,0.01746389838723193,0.9824692383840538,6.686322871445769e-05
2779,F-A1-DDOSLIKE-V-03,DDoS,DDoS,RF-v4,0.13922685546983085,0.8527260931469917,0.00804705138317808
2780,F-A1-DDOSLIKE-V-03,DDoS,DDoS,RF-v4,0.008984287833085313,0.9910157121669146,0.0
2781,F-A1-DDOSLIKE-V-03,DDoS,DDoS,RF-v4,0.14231220643369075,0.846482492440866,0.011205301125443934
2782,F-A1-DDOSLIKE-V-03,DDoS,DDoS,RF-v4,0.028265597155390614,0.9717344028446095,0.0
2783,F-A1-DDOSLIKE-V-03,DDoS,DDoS,RF-v4,0.015174436011165549,0.9847587007601202,6.686322871445769e-05
2784,F-A1-DDOSLIKE-V-03,DDoS,DDoS,RF-v4,0.16776916683802662,0.8241884209389069,0.00804241222306697
2785,F-A1-DDOSLIKE-V-03,DDoS,DDoS,RF-v4,0.012905311255330693,0.987027825515955,6.686322871445769e-05
2786,F-A1-DDOSLIKE-V-03,DDoS,DDoS,RF-v4,0.13922685546983085,0.8527260931469917,0.00804705138317808
2787,F-A1-DDOSLIKE-V-03,DDoS,DDoS,RF-v4,0.010671929413754834,0.9893280705862452,0.0
2788,F-A1-DDOSLIKE-V-03,DDoS,DDoS,RF-v4,0.14759288416898747,0.8440938093965843,0.008313306434428227
2789,F-A1-DDOSLIKE-V-03,DDoS,DDoS,RF-v4,0.008768335924316889,0.9912316640756832,0.0
2790,F-A1-DDOSLIKE-V-03,DDoS,DDoS,RF-v4,0.13922685546983085,0.8527260931469917,0.00804705138317808
2791,F-A1-DDOSLIKE-V-03,DDoS,DDoS,RF-v4,0.010557665496870981,0.9894423345031292,0.0
2792,F-A1-DDOSLIKE-V-03,DDoS,DDoS,RF-v4,0.16776916683802662,0.8241884209389069,0.00804241222306697
2793,F-A1-DDOSLIKE-V-03,DDoS,DDoS,RF-v4,0.010948013113225054,0.9860061056027049,0.003045881284070261
2794,F-A1-DDOSLIKE-V-03,DDoS,DDoS,RF-v4,0.15684819377851306,0.834931598000524,0.008220208220963084
2795,F-A1-DDOSLIKE-V-03,DDoS,DDoS,RF-v4,0.01120705076914758,0.9887929492308527,0.0
2796,F-A1-DDOSLIKE-V-03,DDoS,DDoS,RF-v4,0.18738262250493234,0.8032156137513573,0.00940176374371073
2797,F-A1-DDOSLIKE-V-03,DDoS,DDoS,RF-v4,0.005961748389058263,0.9940382516109417,0.0
2798,F-A1-DDOSLIKE-V-03,DDoS,DDoS,RF-v4,0.14759288416898747,0.8440938093965843,0.008313306434428227
2799,F-A1-DDOSLIKE-V-03,DDoS,DDoS,RF-v4,0.01772819347562606,0.977103686001055,0.005168120523319042
2800,F-A1-DDOSLIKE-V-03,DDoS,DDoS,RF-v4,0.1492386243449036,0.8408217018103262,0.009939673844770153
2801,F-A1-DDOSLIKE-V-03,DDoS,DDoS,RF-v4,0.008341294896786616,0.9916587051032135,0.0
2802,F-A1-DDOSLIKE-V-03,DDoS,DDoS,RF-v4,0.2520359572873685,0.7363901080427537,0.01157393466987832
2803,F-A1-DDOSLIKE-V-03,DDoS,DDoS,RF-v4,0.008984287833085313,0.9910157121669146,0.0
2804,F-A1-DDOSLIKE-V-03,DDoS,DDoS,RF-v4,0.13922685546983085,0.8527260931469917,0.00804705138317808
2805,F-A1-DDOSLIKE-V-03,DDoS,DDoS,RF-v4,0.016166055434384673,0.983767081336901,6.686322871445769e-05
2806,F-A1-DDOSLIKE-V-03,DDoS,DDoS,RF-v4,0.13922685546983085,0.8527260931469917,0.00804705138317808
2807,F-A1-DDOSLIKE-V-03,DDoS,DDoS,RF-v4,0.008771425615078937,0.9912285743849213,0.0
2808,F-A1-DDOSLIKE-V-03,DDoS,DDoS,RF-v4,0.16776916683802662,0.8241884209389069,0.00804241222306697
2809,F-A1-DDOSLIKE-V-03,DDoS,DDoS,RF-v4,0.02329461247906234,0.9767053875209377,0.0
2810,F-A1-DDOSLIKE-V-03,DDoS,DDoS,RF-v4,0.16938522928355773,0.822572358493376,0.00804241222306697
2811,F-A1-DDOSLIKE-V-03,DDoS,DDoS,RF-v4,0.016715596982279823,0.9832175397890058,6.686322871445769e-05
2812,F-A1-DDOSLIKE-V-03,DDoS,DDoS,RF-v4,0.13922685546983085,0.8527260931469917,0.00804705138317808
2813,F-A1-DDOSLIKE-V-03,DDoS,DDoS,RF-v4,0.010257429393790816,0.9897425706062093,0.0
2814,F-A1-DDOSLIKE-V-03,DDoS,DDoS,RF-v4,0.14759288416898747,0.8440938093965843,0.008313306434428227
2815,F-A1-DDOSLIKE-V-03,DDoS,DDoS,RF-v4,0.020784596530230653,0.9792154034697694,0.0
2816,F-A1-DDOSLIKE-V-03,DDoS,Normal,RF-v4,0.9530169161565883,0.038827744580148524,0.008155339263261783
2817,F-A1-DDOSLIKE-V-03,DDoS,DDoS,RF-v4,0.023679162805744704,0.9763208371942553,0.0
2818,F-A1-DDOSLIKE-V-03,DDoS,DDoS,RF-v4,0.13922685546983085,0.8527260931469917,0.00804705138317808
2819,F-A1-DDOSLIKE-V-03,DDoS,DDoS,RF-v4,0.004867413434325046,0.995132586565675,0.0
2820,F-A1-DDOSLIKE-V-03,DDoS,DDoS,RF-v4,0.14759288416898747,0.8440938093965843,0.008313306434428227
2821,F-A1-DDOSLIKE-V-03,DDoS,DDoS,RF-v4,0.01257135647402096,0.9874286435259791,0.0
2822,F-A1-DDOSLIKE-V-03,DDoS,DDoS,RF-v4,0.13922685546983085,0.8527260931469917,0.00804705138317808
2823,F-A1-DDOSLIKE-V-03,DDoS,DDoS,RF-v4,0.009834374956981501,0.9901656250430187,0.0
2824,F-A1-DDOSLIKE-V-03,DDoS,DDoS,RF-v4,0.14548486710184172,0.84620182646373,0.008313306434428227
2825,F-A1-DDOSLIKE-V-03,DDoS,DDoS,RF-v4,0.012791424519636108,0.9871417122516496,6.686322871445769e-05
2826,F-A1-DDOSLIKE-V-03,DDoS,DDoS,RF-v4,0.196727570240124,0.7904514921252936,0.01282093763458273
2827,F-A1-DDOSLIKE-V-03,DDoS,DDoS,RF-v4,0.011005184637844063,0.988994815362156,0.0
2828,F-A1-DDOSLIKE-V-03,DDoS,DDoS,RF-v4,0.16776916683802662,0.8241884209389069,0.00804241222306697
2829,F-A1-DDOSLIKE-V-03,DDoS,DDoS,RF-v4,0.02543878565164272,0.9745612143483575,0.0
2830,F-A1-DDOSLIKE-V-03,DDoS,DDoS,RF-v4,0.13922685546983085,0.8527260931469917,0.00804705138317808
2831,F-A1-DDOSLIKE-V-03,DDoS,DDoS,RF-v4,0.019362536752027967,0.9805706000192578,6.686322871445769e-05
2832,F-A1-DDOSLIKE-V-03,DDoS,DDoS,RF-v4,0.14548486710184172,0.84620182646373,0.008313306434428227
2833,F-A1-DDOSLIKE-V-03,DDoS,DDoS,RF-v4,0.011420416104855138,0.9885795838951451,0.0
2834,F-A1-DDOSLIKE-V-03,DDoS,DDoS,RF-v4,0.13922685546983085,0.8527260931469917,0.00804705138317808
2835,F-A1-DDOSLIKE-V-03,DDoS,DDoS,RF-v4,0.010557665496870981,0.9894423345031292,0.0
2836,F-A1-DDOSLIKE-V-03,DDoS,DDoS,RF-v4,0.16776916683802662,0.8241884209389069,0.00804241222306697
2837,F-A1-DDOSLIKE-V-03,DDoS,DDoS,RF-v4,0.020108411931364634,0.9757056122119347,0.0041859758567008055
2838,F-A1-DDOSLIKE-V-03,DDoS,DDoS,RF-v4,0.27203549768007734,0.7190948489787898,0.008869653341132742
2839,F-A1-DDOSLIKE-V-03,DDoS,DDoS,RF-v4,0.015174436011165549,0.9847587007601202,6.686322871445769e-05
2840,F-A1-DDOSLIKE-V-03,DDoS,DDoS,RF-v4,0.16776916683802662,0.8241884209389069,0.00804241222306697
2841,F-A1-DDOSLIKE-V-03,DDoS,DDoS,RF-v4,0.008768335924316889,0.9912316640756832,0.0
2842,F-A1-DDOSLIKE-V-03,DDoS,DDoS,RF-v4,0.16938522928355773,0.822572358493376,0.00804241222306697
2843,F-A1-DDOSLIKE-V-03,DDoS,DDoS,RF-v4,0.015174436011165549,0.9847587007601202,6.686322871445769e-05
2844,F-A1-DDOSLIKE-V-03,DDoS,DDoS,RF-v4,0.16776916683802662,0.8241884209389069,0.00804241222306697
2845,F-A1-DDOSLIKE-V-03,DDoS,DDoS,RF-v4,0.012791424519636108,0.9871417122516496,6.686322871445769e-05
2846,F-A1-DDOSLIKE-V-03,DDoS,DDoS,RF-v4,0.16776916683802662,0.8241884209389069,0.00804241222306697
2847,F-A1-DDOSLIKE-V-03,DDoS,DDoS,RF-v4,0.012791424519636108,0.9871417122516496,6.686322871445769e-05
2848,F-A1-DDOSLIKE-V-03,DDoS,DDoS,RF-v4,0.13922685546983085,0.8527260931469917,0.00804705138317808
2849,F-A1-DDOSLIKE-V-03,DDoS,DDoS,RF-v4,0.008768335924316889,0.9912316640756832,0.0
2850,F-A1-DDOSLIKE-V-03,DDoS,DDoS,RF-v4,0.13922685546983085,0.8527260931469917,0.00804705138317808
2851,F-A1-DDOSLIKE-V-03,DDoS,DDoS,RF-v4,0.015174436011165549,0.9847587007601202,6.686322871445769e-05
2852,F-A1-DDOSLIKE-V-03,DDoS,DDoS,RF-v4,0.16776916683802662,0.8241884209389069,0.00804241222306697
2853,F-A1-DDOSLIKE-V-03,DDoS,DDoS,RF-v4,0.013783043942855233,0.9861500928284305,6.686322871445769e-05
2854,F-A1-DDOSLIKE-V-03,DDoS,Normal,RF-v4,0.5649294455836706,0.42702814219326224,0.00804241222306697
2855,F-A1-DDOSLIKE-V-03,DDoS,DDoS,RF-v4,0.007451363465452061,0.9925486365345482,0.0
2856,F-A1-DDOSLIKE-V-03,DDoS,DDoS,RF-v4,0.13922685546983085,0.8527260931469917,0.00804705138317808
2857,F-A1-DDOSLIKE-V-03,DDoS,DDoS,RF-v4,0.00420740925653486,0.9957925907434653,0.0
2858,F-A1-DDOSLIKE-V-03,DDoS,DDoS,RF-v4,0.13922685546983085,0.8527260931469917,0.00804705138317808
2859,F-A1-DDOSLIKE-V-03,DDoS,DDoS,RF-v4,0.037351351550332146,0.9626486484496681,0.0
2860,F-A1-DDOSLIKE-V-03,DDoS,DDoS,RF-v4,0.028379203175650236,0.9716207968243501,0.0
2861,F-A1-DDOSLIKE-V-03,DDoS,DDoS,RF-v4,0.008768335924316889,0.9912316640756832,0.0
2862,F-A1-DDOSLIKE-V-03,DDoS,DDoS,RF-v4,0.13922685546983085,0.8527260931469917,0.00804705138317808
2863,F-A1-DDOSLIKE-V-03,DDoS,DDoS,RF-v4,0.012791424519636108,0.9871417122516496,6.686322871445769e-05
2864,F-A1-DDOSLIKE-V-03,DDoS,DDoS,RF-v4,0.25164493788513925,0.7346982478927453,0.013656814222116065
2865,F-A1-DDOSLIKE-V-03,DDoS,DDoS,RF-v4,0.008341294896786616,0.9916587051032135,0.0
2866,F-A1-DDOSLIKE-V-03,DDoS,DDoS,RF-v4,0.14759288416898747,0.8440938093965843,0.008313306434428227
2867,F-A1-DDOSLIKE-V-03,DDoS,DDoS,RF-v4,0.004321295992229443,0.9956787040077707,0.0
2868,F-A1-DDOSLIKE-V-03,DDoS,DDoS,RF-v4,0.2520359572873685,0.7363901080427537,0.01157393466987832
2869,F-A1-DDOSLIKE-V-03,DDoS,DDoS,RF-v4,0.008984287833085313,0.9910157121669146,0.0
2870,F-A1-DDOSLIKE-V-03,DDoS,Normal,RF-v4,0.6112728320955659,0.3796807000853868,0.009046467819046057
2871,F-A1-DDOSLIKE-V-03,DDoS,DDoS,RF-v4,0.0065345769015517615,0.9934654230984485,0.0
2872,F-A1-DDOSLIKE-V-03,DDoS,DDoS,RF-v4,0.16776916683802662,0.8241884209389069,0.00804241222306697
2873,F-A1-DDOSLIKE-V-03,DDoS,DDoS,RF-v4,0.01693156470640765,0.9788824594368917,0.0041859758567008055
2874,F-A1-DDOSLIKE-V-03,DDoS,DDoS,RF-v4,0.16776916683802662,0.8241884209389069,0.00804241222306697
2875,F-A1-DDOSLIKE-V-03,DDoS,DDoS,RF-v4,0.012940676988400422,0.9869924597828853,6.686322871445769e-05
2876,F-A1-DDOSLIKE-V-03,DDoS,DDoS,RF-v4,0.13922685546983085,0.8527260931469917,0.00804705138317808
2877,F-A1-DDOSLIKE-V-03,DDoS,DDoS,RF-v4,0.013858805443529349,0.9861411945564709,0.0
2878,F-A1-DDOSLIKE-V-03,DDoS,DDoS,RF-v4,0.16776916683802662,0.8241884209389069,0.00804241222306697
2879,F-A1-DDOSLIKE-V-03,DDoS,DDoS,RF-v4,0.033159061277916874,0.9668409387220833,0.0
2880,F-A1-DDOSLIKE-V-03,DDoS,DDoS,RF-v4,0.27671371194680866,0.7143120421984399,0.008974245854751215
2881,F-A1-DDOSLIKE-V-03,DDoS,DDoS,RF-v4,0.03880333438946617,0.9611966656105341,0.0
2882,F-A1-DDOSLIKE-V-03,DDoS,DDoS,RF-v4,0.14548486710184172,0.84620182646373,0.008313306434428227
2883,F-A1-DDOSLIKE-V-03,DDoS,DDoS,RF-v4,0.009759955347536015,0.9901731814237497,6.686322871445769e-05
2884,F-A1-DDOSLIKE-V-03,DDoS,Normal,RF-v4,0.6015630838510071,0.3895672628078589,0.008869653341132742
2885,F-A1-DDOSLIKE-V-03,DDoS,DDoS,RF-v4,0.011005184637844063,0.9889279521334415,6.686322871445769e-05
2886,F-A1-DDOSLIKE-V-03,DDoS,DDoS,RF-v4,0.13922685546983085,0.8527260931469917,0.00804705138317808
2887,F-A1-DDOSLIKE-V-03,DDoS,DDoS,RF-v4,0.013363731425209737,0.9865694053460758,6.686322871445769e-05
2888,F-A1-DDOSLIKE-V-03,DDoS,DDoS,RF-v4,0.14231220643369075,0.846482492440866,0.011205301125443934
2889,F-A1-DDOSLIKE-V-03,DDoS,DDoS,RF-v4,0.013461251999566506,0.9865387480004335,0.0
2890,F-A1-DDOSLIKE-V-03,DDoS,DDoS,RF-v4,0.13922685546983085,0.8527260931469917,0.00804705138317808
2891,F-A1-DDOSLIKE-V-03,DDoS,DDoS,RF-v4,0.009759955347536015,0.9901731814237497,6.686322871445769e-05
2892,F-A1-DDOSLIKE-V-03,DDoS,DDoS,RF-v4,0.13922685546983085,0.8527260931469917,0.00804705138317808
2893,F-A1-DDOSLIKE-V-03,DDoS,DDoS,RF-v4,0.012791424519636108,0.9871417122516496,6.686322871445769e-05
2894,F-A1-DDOSLIKE-V-03,DDoS,DDoS,RF-v4,0.16776916683802662,0.8241884209389069,0.00804241222306697
2895,F-A1-DDOSLIKE-V-03,DDoS,DDoS,RF-v4,0.012940676988400422,0.9869924597828853,6.686322871445769e-05
2896,F-A1-DDOSLIKE-V-03,DDoS,DDoS,RF-v4,0.16776916683802662,0.8224788339934709,0.009751999168502971
2897,F-A1-DDOSLIKE-V-03,DDoS,DDoS,RF-v4,0.00263365441155992,0.9973663455884402,0.0
2898,F-A1-DDOSLIKE-V-03,DDoS,DDoS,RF-v4,0.14231220643369075,0.8495283737249362,0.008159419841373677
2899,F-A1-DDOSLIKE-V-03,DDoS,DDoS,RF-v4,0.012791424519636108,0.9871417122516496,6.686322871445769e-05
2900,F-A1-DDOSLIKE-V-03,DDoS,DDoS,RF-v4,0.13922685546983085,0.8527260931469917,0.00804705138317808
2901,F-A1-DDOSLIKE-V-03,DDoS,DDoS,RF-v4,0.009661357046413492,0.9902717797248722,6.686322871445769e-05
2902,F-A1-DDOSLIKE-V-03,DDoS,DDoS,RF-v4,0.27671371194680866,0.7143120421984399,0.008974245854751215
2903,F-A1-DDOSLIKE-V-03,DDoS,DDoS,RF-v4,0.008771425615078937,0.9912285743849213,0.0
2904,F-A1-DDOSLIKE-V-03,DDoS,DDoS,RF-v4,0.13922685546983085,0.8527260931469917,0.00804705138317808
2905,F-A1-DDOSLIKE-V-03,DDoS,DDoS,RF-v4,0.004419894293351966,0.9955801057066482,0.0
2906,F-A1-DDOSLIKE-V-03,DDoS,DDoS,RF-v4,0.14759288416898747,0.8440938093965843,0.008313306434428227
2907,F-A1-DDOSLIKE-V-03,DDoS,DDoS,RF-v4,0.015174436011165549,0.9847587007601202,6.686322871445769e-05
2908,F-A1-DDOSLIKE-V-03,DDoS,DDoS,RF-v4,0.16776916683802662,0.8241884209389069,0.00804241222306697
2909,F-A1-DDOSLIKE-V-03,DDoS,DDoS,RF-v4,0.008984287833085313,0.9910157121669146,0.0
2910,F-A1-DDOSLIKE-V-03,DDoS,DDoS,RF-v4,0.14759288416898747,0.8440938093965843,0.008313306434428227
2911,F-A1-DDOSLIKE-V-03,DDoS,DDoS,RF-v4,0.018790729899062216,0.9812092701009378,0.0
2912,F-A1-DDOSLIKE-V-03,DDoS,DDoS,RF-v4,0.4876517229468377,0.49910666163067363,0.013241615422488511
2913,F-A1-DDOSLIKE-V-03,DDoS,DDoS,RF-v4,0.015174436011165549,0.9847587007601202,6.686322871445769e-05
2914,F-A1-DDOSLIKE-V-03,DDoS,DDoS,RF-v4,0.13922685546983085,0.8527260931469917,0.00804705138317808
2915,F-A1-DDOSLIKE-V-03,DDoS,DDoS,RF-v4,0.008341294896786616,0.9916587051032135,0.0
2916,F-A1-DDOSLIKE-V-03,DDoS,Normal,RF-v4,0.6015630838510071,0.3895672628078589,0.008869653341132742
2917,F-A1-DDOSLIKE-V-03,DDoS,DDoS,RF-v4,0.015174436011165549,0.9847587007601202,6.686322871445769e-05
2918,F-A1-DDOSLIKE-V-03,DDoS,DDoS,RF-v4,0.16776916683802662,0.8241884209389069,0.00804241222306697
2919,F-A1-DDOSLIKE-V-03,DDoS,DDoS,RF-v4,0.015426250729862851,0.9845737492701374,0.0
2920,F-A1-DDOSLIKE-V-03,DDoS,DDoS,RF-v4,0.13922685546983085,0.8527260931469917,0.00804705138317808
2921,F-A1-DDOSLIKE-V-03,DDoS,DDoS,RF-v4,0.013783043942855233,0.9861500928284305,6.686322871445769e-05
2922,F-A1-DDOSLIKE-V-03,DDoS,DDoS,RF-v4,0.13922685546983085,0.8527260931469917,0.00804705138317808
2923,F-A1-DDOSLIKE-V-03,DDoS,DDoS,RF-v4,0.02097967711975446,0.9790203228802459,0.0
2924,F-A1-DDOSLIKE-V-03,DDoS,DDoS,RF-v4,0.13922685546983085,0.8527260931469917,0.00804705138317808
2925,F-A1-DDOSLIKE-V-03,DDoS,DDoS,RF-v4,0.012791424519636108,0.9871417122516496,6.686322871445769e-05
2926,F-A1-DDOSLIKE-V-03,DDoS,DDoS,RF-v4,0.13922685546983085,0.8527260931469917,0.00804705138317808
2927,F-A1-DDOSLIKE-V-03,DDoS,DDoS,RF-v4,0.020766311784046906,0.9792336882159534,0.0
2928,F-A1-DDOSLIKE-V-03,DDoS,DDoS,RF-v4,0.13922685546983085,0.8527260931469917,0.00804705138317808
2929,F-A1-DDOSLIKE-V-03,DDoS,DDoS,RF-v4,0.011420416104855138,0.9885795838951451,0.0
2930,F-A1-DDOSLIKE-V-03,DDoS,DDoS,RF-v4,0.16776916683802662,0.8241884209389069,0.00804241222306697
2931,F-A1-DDOSLIKE-V-03,DDoS,DDoS,RF-v4,0.022349737590535303,0.9776502624094648,0.0
2932,F-A1-DDOSLIKE-V-03,DDoS,DDoS,RF-v4,0.13922685546983085,0.8527260931469917,0.00804705138317808
2933,F-A1-DDOSLIKE-V-03,DDoS,DDoS,RF-v4,0.01711787670035687,0.9828152600709288,6.686322871445769e-05
2934,F-A1-DDOSLIKE-V-03,DDoS,DDoS,RF-v4,0.13922685546983085,0.8527260931469917,0.00804705138317808
2935,F-A1-DDOSLIKE-V-03,DDoS,DDoS,RF-v4,0.009661357046413492,0.9902717797248722,6.686322871445769e-05
2936,F-A1-DDOSLIKE-V-03,DDoS,DDoS,RF-v4,0.14759288416898747,0.8440938093965843,0.008313306434428227
2937,F-A1-DDOSLIKE-V-03,DDoS,DDoS,RF-v4,0.014830310012119048,0.9851696899878811,0.0
2938,F-A1-DDOSLIKE-V-03,DDoS,DDoS,RF-v4,0.13922685546983085,0.8527260931469917,0.00804705138317808
2939,F-A1-DDOSLIKE-V-03,DDoS,DDoS,RF-v4,0.003875794011105921,0.9961242059888942,0.0
2940,F-A1-DDOSLIKE-V-03,DDoS,DDoS,RF-v4,0.16938522928355773,0.822572358493376,0.00804241222306697
2941,F-A1-DDOSLIKE-V-03,DDoS,DDoS,RF-v4,0.010337597451255834,0.9896624025487444,0.0
2942,F-A1-DDOSLIKE-V-03,DDoS,DDoS,RF-v4,0.13922685546983085,0.8527260931469917,0.00804705138317808
2943,F-A1-DDOSLIKE-V-03,DDoS,DDoS,RF-v4,0.008314114073436218,0.9916858859265639,0.0
2944,F-A1-DDOSLIKE-V-03,DDoS,DDoS,RF-v4,0.16776916683802662,0.8241884209389069,0.00804241222306697
2945,F-A1-DDOSLIKE-V-03,DDoS,DDoS,RF-v4,0.006982096042524842,0.9930179039574754,0.0
2946,F-A1-DDOSLIKE-V-03,DDoS,DDoS,RF-v4,0.13922685546983085,0.8527260931469917,0.00804705138317808
2947,F-A1-DDOSLIKE-V-03,DDoS,DDoS,RF-v4,0.03296613245288284,0.9670338675471174,0.0
2948,F-A1-DDOSLIKE-V-03,DDoS,DDoS,RF-v4,0.004748337019759716,0.9952516629802404,0.0
2949,F-A1-DDOSLIKE-V-03,DDoS,DDoS,RF-v4,0.16776916683802662,0.8241884209389069,0.00804241222306697
2950,F-A1-DDOSLIKE-V-03,DDoS,DDoS,RF-v4,0.00263365441155992,0.9973663455884402,0.0
2951,F-A1-DDOSLIKE-V-03,DDoS,DDoS,RF-v4,0.14231220643369075,0.846482492440866,0.011205301125443934
2952,F-A1-DDOSLIKE-V-03,DDoS,DDoS,RF-v4,0.019362536752027967,0.9805706000192578,6.686322871445769e-05
2953,F-A1-DDOSLIKE-V-03,DDoS,DDoS,RF-v4,0.28133572481445573,0.7096900293307928,0.008974245854751215
2954,F-A1-DDOSLIKE-V-03,DDoS,DDoS,RF-v4,0.00263365441155992,0.9973663455884402,0.0
2955,F-A1-DDOSLIKE-V-03,DDoS,DDoS,RF-v4,0.13922685546983085,0.8527260931469917,0.00804705138317808
2956,F-A1-DDOSLIKE-V-03,DDoS,DDoS,RF-v4,0.013783043942855233,0.9861500928284305,6.686322871445769e-05
2957,F-A1-DDOSLIKE-V-03,DDoS,DDoS,RF-v4,0.13922685546983085,0.8527260931469917,0.00804705138317808
2958,F-A1-DDOSLIKE-V-03,DDoS,DDoS,RF-v4,0.008771425615078937,0.9911617111562069,6.686322871445769e-05
2959,F-A1-DDOSLIKE-V-03,DDoS,DDoS,RF-v4,0.16776916683802662,0.8241884209389069,0.00804241222306697
2960,F-A1-DDOSLIKE-V-03,DDoS,DDoS,RF-v4,0.016166055434384673,0.983767081336901,6.686322871445769e-05
2961,F-A1-DDOSLIKE-V-03,DDoS,DDoS,RF-v4,0.13922685546983085,0.8527260931469917,0.00804705138317808
2962,F-A1-DDOSLIKE-V-03,DDoS,DDoS,RF-v4,0.014236919514017208,0.9857630804859829,0.0
2963,F-A1-DDOSLIKE-V-03,DDoS,DDoS,RF-v4,0.16776916683802662,0.8241884209389069,0.00804241222306697
2964,F-A1-DDOSLIKE-V-03,DDoS,DDoS,RF-v4,0.007973715465743969,0.9919594213055417,6.686322871445769e-05
2965,F-A1-DDOSLIKE-V-03,DDoS,DDoS,RF-v4,0.13922685546983085,0.8527260931469917,0.00804705138317808
2966,F-A1-DDOSLIKE-V-03,DDoS,DDoS,RF-v4,0.02115030815136942,0.9788496918486307,0.0
2967,F-A1-DDOSLIKE-V-03,DDoS,DDoS,RF-v4,0.16776916683802662,0.8241884209389069,0.00804241222306697
2968,F-A1-DDOSLIKE-V-03,DDoS,DDoS,RF-v4,0.009219027584311158,0.990780972415689,0.0
2969,F-A1-DDOSLIKE-V-03,DDoS,DDoS,RF-v4,0.13922685546983085,0.8527260931469917,0.00804705138317808
2970,F-A1-DDOSLIKE-V-03,DDoS,DDoS,RF-v4,0.0065345769015517615,0.9934654230984485,0.0
2971,F-A1-DDOSLIKE-V-03,DDoS,DDoS,RF-v4,0.08891049067712312,0.9105197632028315,0.0005697461200456659
2972,F-A1-DDOSLIKE-V-03,DDoS,DDoS,RF-v4,0.14759288416898747,0.8440938093965843,0.008313306434428227
2973,F-A1-DDOSLIKE-V-03,DDoS,DDoS,RF-v4,0.14759288416898747,0.8440938093965843,0.008313306434428227
2974,F-A1-DDOSLIKE-V-03,DDoS,DDoS,RF-v4,0.019293943708295392,0.9807060562917047,0.0
2975,F-A1-DDOSLIKE-V-03,DDoS,DDoS,RF-v4,0.13922685546983085,0.8527260931469917,0.00804705138317808
2976,F-A1-DDOSLIKE-V-03,DDoS,DDoS,RF-v4,0.016166055434384673,0.983767081336901,6.686322871445769e-05
2977,F-A1-DDOSLIKE-V-03,DDoS,DDoS,RF-v4,0.13922685546983085,0.8527260931469917,0.00804705138317808
2978,F-A1-DDOSLIKE-V-03,DDoS,DDoS,RF-v4,0.010557665496870981,0.9894423345031292,0.0
2979,F-A1-DDOSLIKE-V-03,DDoS,DDoS,RF-v4,0.16776916683802662,0.8241884209389069,0.00804241222306697
2980,F-A1-DDOSLIKE-V-03,DDoS,DDoS,RF-v4,0.013783043942855233,0.9861500928284305,6.686322871445769e-05
2981,F-A1-DDOSLIKE-V-03,DDoS,Normal,RF-v4,0.6434836016473472,0.3483058656062669,0.00821053274638601
2982,F-A1-DDOSLIKE-V-03,DDoS,DDoS,RF-v4,0.40562783149598297,0.5027177380679734,0.09165443043604514
2983,F-A1-DDOSLIKE-V-03,DDoS,DDoS,RF-v4,0.41030030536357875,0.49633567725494143,0.09336401738148113
2984,F-A1-DDOSLIKE-V-03,DDoS,Normal,RF-v4,0.49600671029246257,0.3905464349512969,0.11344685475624144
2985,F-A1-DDOSLIKE-V-03,DDoS,DDoS,RF-v4,0.41030030536357875,0.49633567725494143,0.09336401738148113
2986,F-A1-DDOSLIKE-V-03,DDoS,Normal,RF-v4,0.6187762099216438,0.320640811936426,0.06058297814193106
2987,F-A1-DDOSLIKE-V-03,DDoS,Normal,RF-v4,0.5304483367367459,0.3692481610334966,0.10030350222975867
2988,F-A1-DDOSLIKE-V-03,DDoS,DDoS,RF-v4,0.40638243225196663,0.5019631373119897,0.09165443043604514
2989,F-A1-DDOSLIKE-V-03,DDoS,Normal,RF-v4,0.4803874133775159,0.4245389822955682,0.09507360432691714
2990,F-A1-DDOSLIKE-V-03,DDoS,Normal,RF-v4,0.5578308384020323,0.3619504720648201,0.08021868953314958
2991,F-A1-DDOSLIKE-V-03,DDoS,DDoS,RF-v4,0.4308557096278922,0.49389384056456365,0.0752504498075446
2992,F-A1-DDOSLIKE-V-03,DDoS,DDoS,RF-v4,0.4196452530987705,0.48528114257431393,0.09507360432691714
2993,F-A1-DDOSLIKE-V-03,DDoS,DDoS,RF-v4,0.33190800239686125,0.6106826208243216,0.05740937677881765
2994,F-A1-DDOSLIKE-V-03,DDoS,DDoS,RF-v4,0.40562783149598297,0.5027177380679734,0.09165443043604514
2995,F-A1-DDOSLIKE-V-03,DDoS,DDoS,RF-v4,0.40562783149598297,0.5027177380679734,0.09165443043604514
2996,F-A1-DDOSLIKE-V-03,DDoS,Normal,RF-v4,0.5037847272195164,0.4466069756982221,0.04960829708226165
2997,F-A1-DDOSLIKE-V-03,DDoS,DDoS,RF-v4,0.40562783149598297,0.5027177380679734,0.09165443043604514
2998,F-A1-DDOSLIKE-V-03,DDoS,Normal,RF-v4,0.4729126802927181,0.37753979432477913,0.1495475253825036
2999,F-A1-PORTSCAN-V-01,PortScan,PortScan,RF-v4,0.011362597026078827,0.010728326337278654,0.9779090766366417
3000,F-A1-PORTSCAN-V-01,PortScan,PortScan,RF-v4,0.011362597026078827,0.010728326337278654,0.9779090766366417
3001,F-A1-PORTSCAN-V-01,PortScan,PortScan,RF-v4,0.022462684358732367,0.02456998804013236,0.9529673276011341
3002,F-A1-PORTSCAN-V-01,PortScan,PortScan,RF-v4,0.011362597026078827,0.010728326337278654,0.9779090766366417
3003,F-A1-PORTSCAN-V-01,PortScan,PortScan,RF-v4,0.011362597026078827,0.010728326337278654,0.9779090766366417
3004,F-A1-PORTSCAN-V-01,PortScan,PortScan,RF-v4,0.022462684358732367,0.02456998804013236,0.9529673276011341
3005,F-A1-PORTSCAN-V-01,PortScan,PortScan,RF-v4,0.011362597026078827,0.01157796121187751,0.9770594417620428
3006,F-A1-PORTSCAN-V-01,PortScan,PortScan,RF-v4,0.011362597026078827,0.010728326337278654,0.9779090766366417
3007,F-A1-PORTSCAN-V-01,PortScan,PortScan,RF-v4,0.011362597026078827,0.010728326337278654,0.9779090766366417
3008,F-A1-PORTSCAN-V-01,PortScan,PortScan,RF-v4,0.02455063355411335,0.02445691884871638,0.950992447597169
3009,F-A1-PORTSCAN-V-01,PortScan,PortScan,RF-v4,0.011362597026078827,0.010728326337278654,0.9779090766366417
3010,F-A1-PORTSCAN-V-01,PortScan,PortScan,RF-v4,0.011362597026078827,0.010728326337278654,0.9779090766366417
3011,F-A1-PORTSCAN-V-01,PortScan,PortScan,RF-v4,0.011362597026078827,0.010697073839863857,0.9779403291340566
3012,F-A1-PORTSCAN-V-01,PortScan,PortScan,RF-v4,0.022462684358732367,0.02456998804013236,0.9529673276011341
3013,F-A1-PORTSCAN-V-01,PortScan,PortScan,RF-v4,0.011362597026078827,0.01157796121187751,0.9770594417620428
3014,F-A1-PORTSCAN-V-01,PortScan,PortScan,RF-v4,0.011362597026078827,0.010728326337278654,0.9779090766366417
3015,F-A1-PORTSCAN-V-01,PortScan,PortScan,RF-v4,0.011362597026078827,0.01157796121187751,0.9770594417620428
3016,F-A1-PORTSCAN-V-01,PortScan,PortScan,RF-v4,0.011362597026078827,0.010728326337278654,0.9779090766366417
3017,F-A1-PORTSCAN-V-01,PortScan,PortScan,RF-v4,0.022462684358732367,0.02456998804013236,0.9529673276011341
3018,F-A1-PORTSCAN-V-01,PortScan,PortScan,RF-v4,0.022462684358732367,0.02456998804013236,0.9529673276011341
3019,F-A1-PORTSCAN-V-01,PortScan,PortScan,RF-v4,0.011362597026078827,0.010728326337278654,0.9779090766366417
3020,F-A1-PORTSCAN-V-01,PortScan,PortScan,RF-v4,0.011362597026078827,0.010728326337278654,0.9779090766366417
3021,F-A1-PORTSCAN-V-01,PortScan,PortScan,RF-v4,0.011362597026078827,0.010728326337278654,0.9779090766366417
3022,F-A1-PORTSCAN-V-01,PortScan,PortScan,RF-v4,0.011362597026078827,0.010697073839863857,0.9779403291340566
3023,F-A1-PORTSCAN-V-01,PortScan,PortScan,RF-v4,0.02455063355411335,0.02445691884871638,0.950992447597169
3024,F-A1-PORTSCAN-V-01,PortScan,PortScan,RF-v4,0.02455063355411335,0.02533780622073003,0.9501115602251555
3025,F-A1-PORTSCAN-V-01,PortScan,PortScan,RF-v4,0.024867423014224795,0.02445691884871638,0.9506756581370577
3026,F-A1-PORTSCAN-V-01,PortScan,PortScan,RF-v4,0.022462684358732367,0.02456998804013236,0.9529673276011341
3027,F-A1-PORTSCAN-V-01,PortScan,PortScan,RF-v4,0.011362597026078827,0.010728326337278654,0.9779090766366417
3028,F-A1-PORTSCAN-V-01,PortScan,PortScan,RF-v4,0.011362597026078827,0.010728326337278654,0.9779090766366417
3029,F-A1-PORTSCAN-V-01,PortScan,PortScan,RF-v4,0.011362597026078827,0.010697073839863857,0.9779403291340566
3030,F-A1-PORTSCAN-V-01,PortScan,PortScan,RF-v4,0.011362597026078827,0.010728326337278654,0.9779090766366417
3031,F-A1-PORTSCAN-V-01,PortScan,PortScan,RF-v4,0.011362597026078827,0.010697073839863857,0.9779403291340566
3032,F-A1-PORTSCAN-V-01,PortScan,PortScan,RF-v4,0.011362597026078827,0.010728326337278654,0.9779090766366417
3033,F-A1-PORTSCAN-V-01,PortScan,PortScan,RF-v4,0.011362597026078827,0.010728326337278654,0.9779090766366417
3034,F-A1-PORTSCAN-V-01,PortScan,PortScan,RF-v4,0.011362597026078827,0.010697073839863857,0.9779403291340566
3035,F-A1-PORTSCAN-V-01,PortScan,PortScan,RF-v4,0.02455063355411335,0.02445691884871638,0.950992447597169
3036,F-A1-PORTSCAN-V-01,PortScan,PortScan,RF-v4,0.011362597026078827,0.010728326337278654,0.9779090766366417
3037,F-A1-PORTSCAN-V-01,PortScan,PortScan,RF-v4,0.011362597026078827,0.010728326337278654,0.9779090766366417
3038,F-A1-PORTSCAN-V-01,PortScan,PortScan,RF-v4,0.02455063355411335,0.02445691884871638,0.950992447597169
3039,F-A1-PORTSCAN-V-01,PortScan,PortScan,RF-v4,0.024867423014224795,0.02445691884871638,0.9506756581370577
3040,F-A1-PORTSCAN-V-01,PortScan,PortScan,RF-v4,0.011362597026078827,0.010728326337278654,0.9779090766366417
3041,F-A1-PORTSCAN-V-01,PortScan,PortScan,RF-v4,0.011362597026078827,0.010728326337278654,0.9779090766366417
3042,F-A1-PORTSCAN-V-01,PortScan,PortScan,RF-v4,0.022462684358732367,0.02456998804013236,0.9529673276011341
3043,F-A1-PORTSCAN-V-01,PortScan,PortScan,RF-v4,0.022462684358732367,0.02456998804013236,0.9529673276011341
3044,F-A1-PORTSCAN-V-01,PortScan,PortScan,RF-v4,0.011362597026078827,0.010728326337278654,0.9779090766366417
3045,F-A1-PORTSCAN-V-01,PortScan,PortScan,RF-v4,0.011362597026078827,0.010728326337278654,0.9779090766366417
3046,F-A1-PORTSCAN-V-01,PortScan,PortScan,RF-v4,0.011362597026078827,0.010728326337278654,0.9779090766366417
3047,F-A1-PORTSCAN-V-01,PortScan,PortScan,RF-v4,0.011362597026078827,0.010728326337278654,0.9779090766366417
3048,F-A1-PORTSCAN-V-01,PortScan,PortScan,RF-v4,0.022462684358732367,0.02456998804013236,0.9529673276011341
3049,F-A1-PORTSCAN-V-01,PortScan,PortScan,RF-v4,0.011362597026078827,0.010728326337278654,0.9779090766366417
3050,F-A1-PORTSCAN-V-01,PortScan,PortScan,RF-v4,0.011362597026078827,0.010697073839863857,0.9779403291340566
3051,F-A1-PORTSCAN-V-01,PortScan,PortScan,RF-v4,0.010077466767963996,0.010650464612028019,0.979272068620007
3052,F-A1-PORTSCAN-V-01,PortScan,PortScan,RF-v4,0.022462684358732367,0.02456998804013236,0.9529673276011341
3053,F-A1-PORTSCAN-V-01,PortScan,PortScan,RF-v4,0.011362597026078827,0.010728326337278654,0.9779090766366417
3054,F-A1-PORTSCAN-V-01,PortScan,PortScan,RF-v4,0.011362597026078827,0.010728326337278654,0.9779090766366417
3055,F-A1-PORTSCAN-V-01,PortScan,PortScan,RF-v4,0.011362597026078827,0.010728326337278654,0.9779090766366417
3056,F-A1-PORTSCAN-V-01,PortScan,PortScan,RF-v4,0.011362597026078827,0.010728326337278654,0.9779090766366417
3057,F-A1-PORTSCAN-V-01,PortScan,PortScan,RF-v4,0.024867423014224795,0.02445691884871638,0.9506756581370577
3058,F-A1-PORTSCAN-V-01,PortScan,PortScan,RF-v4,0.024867423014224795,0.02445691884871638,0.9506756581370577
3059,F-A1-PORTSCAN-V-01,PortScan,PortScan,RF-v4,0.022462684358732367,0.02456998804013236,0.9529673276011341
3060,F-A1-PORTSCAN-V-01,PortScan,PortScan,RF-v4,0.011362597026078827,0.010728326337278654,0.9779090766366417
3061,F-A1-PORTSCAN-V-01,PortScan,PortScan,RF-v4,0.011362597026078827,0.010728326337278654,0.9779090766366417
3062,F-A1-PORTSCAN-V-01,PortScan,PortScan,RF-v4,0.022462684358732367,0.02456998804013236,0.9529673276011341
3063,F-A1-PORTSCAN-V-01,PortScan,PortScan,RF-v4,0.011362597026078827,0.010728326337278654,0.9779090766366417
3064,F-A1-PORTSCAN-V-01,PortScan,PortScan,RF-v4,0.022462684358732367,0.02456998804013236,0.9529673276011341
3065,F-A1-PORTSCAN-V-01,PortScan,PortScan,RF-v4,0.011362597026078827,0.010728326337278654,0.9779090766366417
3066,F-A1-PORTSCAN-V-01,PortScan,PortScan,RF-v4,0.011362597026078827,0.010728326337278654,0.9779090766366417
3067,F-A1-PORTSCAN-V-01,PortScan,PortScan,RF-v4,0.011362597026078827,0.010728326337278654,0.9779090766366417
3068,F-A1-PORTSCAN-V-01,PortScan,PortScan,RF-v4,0.011362597026078827,0.010728326337278654,0.9779090766366417
3069,F-A1-PORTSCAN-V-01,PortScan,PortScan,RF-v4,0.024867423014224795,0.02445691884871638,0.9506756581370577
3070,F-A1-PORTSCAN-V-01,PortScan,PortScan,RF-v4,0.024867423014224795,0.02445691884871638,0.9506756581370577
3071,F-A1-PORTSCAN-V-01,PortScan,PortScan,RF-v4,0.022462684358732367,0.02456998804013236,0.9529673276011341
3072,F-A1-PORTSCAN-V-01,PortScan,PortScan,RF-v4,0.011362597026078827,0.010728326337278654,0.9779090766366417
3073,F-A1-PORTSCAN-V-01,PortScan,PortScan,RF-v4,0.011362597026078827,0.010728326337278654,0.9779090766366417
3074,F-A1-PORTSCAN-V-01,PortScan,PortScan,RF-v4,0.011362597026078827,0.010728326337278654,0.9779090766366417
3075,F-A1-PORTSCAN-V-01,PortScan,PortScan,RF-v4,0.022462684358732367,0.02456998804013236,0.9529673276011341
3076,F-A1-PORTSCAN-V-01,PortScan,PortScan,RF-v4,0.022462684358732367,0.02456998804013236,0.9529673276011341
3077,F-A1-PORTSCAN-V-01,PortScan,PortScan,RF-v4,0.011362597026078827,0.01157796121187751,0.9770594417620428
3078,F-A1-PORTSCAN-V-01,PortScan,PortScan,RF-v4,0.011362597026078827,0.010728326337278654,0.9779090766366417
3079,F-A1-PORTSCAN-V-01,PortScan,PortScan,RF-v4,0.011362597026078827,0.010728326337278654,0.9779090766366417
3080,F-A1-PORTSCAN-V-01,PortScan,PortScan,RF-v4,0.011362597026078827,0.010728326337278654,0.9779090766366417
3081,F-A1-PORTSCAN-V-01,PortScan,PortScan,RF-v4,0.022462684358732367,0.025450875412146013,0.9520864402291206
3082,F-A1-PORTSCAN-V-01,PortScan,PortScan,RF-v4,0.011362597026078827,0.010728326337278654,0.9779090766366417
3083,F-A1-PORTSCAN-V-01,PortScan,PortScan,RF-v4,0.011362597026078827,0.010728326337278654,0.9779090766366417
3084,F-A1-PORTSCAN-V-01,PortScan,PortScan,RF-v4,0.011362597026078827,0.010728326337278654,0.9779090766366417
3085,F-A1-PORTSCAN-V-01,PortScan,PortScan,RF-v4,0.011362597026078827,0.010728326337278654,0.9779090766366417
3086,F-A1-PORTSCAN-V-01,PortScan,PortScan,RF-v4,0.011362597026078827,0.010728326337278654,0.9779090766366417
3087,F-A1-PORTSCAN-V-01,PortScan,PortScan,RF-v4,0.011362597026078827,0.010728326337278654,0.9779090766366417
3088,F-A1-PORTSCAN-V-01,PortScan,PortScan,RF-v4,0.011362597026078827,0.010728326337278654,0.9779090766366417
3089,F-A1-PORTSCAN-V-01,PortScan,PortScan,RF-v4,0.022462684358732367,0.02456998804013236,0.9529673276011341
3090,F-A1-PORTSCAN-V-01,PortScan,PortScan,RF-v4,0.011362597026078827,0.010728326337278654,0.9779090766366417
3091,F-A1-PORTSCAN-V-01,PortScan,PortScan,RF-v4,0.022462684358732367,0.02456998804013236,0.9529673276011341
3092,F-A1-PORTSCAN-V-01,PortScan,PortScan,RF-v4,0.02455063355411335,0.02445691884871638,0.950992447597169
3093,F-A1-PORTSCAN-V-01,PortScan,PortScan,RF-v4,0.011362597026078827,0.010697073839863857,0.9779403291340566
3094,F-A1-PORTSCAN-V-01,PortScan,PortScan,RF-v4,0.011362597026078827,0.010728326337278654,0.9779090766366417
3095,F-A1-PORTSCAN-V-01,PortScan,PortScan,RF-v4,0.011362597026078827,0.010728326337278654,0.9779090766366417
3096,F-A1-PORTSCAN-V-01,PortScan,PortScan,RF-v4,0.011362597026078827,0.010728326337278654,0.9779090766366417
3097,F-A1-PORTSCAN-V-01,PortScan,PortScan,RF-v4,0.022462684358732367,0.025450875412146013,0.9520864402291206
3098,F-A1-PORTSCAN-V-01,PortScan,PortScan,RF-v4,0.02455063355411335,0.02445691884871638,0.950992447597169
3099,F-A1-PORTSCAN-V-01,PortScan,PortScan,RF-v4,0.011362597026078827,0.010728326337278654,0.9779090766366417
3100,F-A1-PORTSCAN-V-01,PortScan,PortScan,RF-v4,0.011362597026078827,0.010728326337278654,0.9779090766366417
3101,F-A1-PORTSCAN-V-01,PortScan,PortScan,RF-v4,0.011362597026078827,0.010728326337278654,0.9779090766366417
3102,F-A1-PORTSCAN-V-01,PortScan,PortScan,RF-v4,0.011362597026078827,0.010728326337278654,0.9779090766366417
3103,F-A1-PORTSCAN-V-01,PortScan,PortScan,RF-v4,0.011362597026078827,0.010728326337278654,0.9779090766366417
3104,F-A1-PORTSCAN-V-01,PortScan,PortScan,RF-v4,0.011362597026078827,0.010697073839863857,0.9779403291340566
3105,F-A1-PORTSCAN-V-01,PortScan,PortScan,RF-v4,0.02455063355411335,0.02445691884871638,0.950992447597169
3106,F-A1-PORTSCAN-V-01,PortScan,PortScan,RF-v4,0.011362597026078827,0.010728326337278654,0.9779090766366417
3107,F-A1-PORTSCAN-V-01,PortScan,PortScan,RF-v4,0.011362597026078827,0.010728326337278654,0.9779090766366417
3108,F-A1-PORTSCAN-V-01,PortScan,PortScan,RF-v4,0.02455063355411335,0.02445691884871638,0.950992447597169
3109,F-A1-PORTSCAN-V-01,PortScan,PortScan,RF-v4,0.011362597026078827,0.010697073839863857,0.9779403291340566
3110,F-A1-PORTSCAN-V-01,PortScan,PortScan,RF-v4,0.011362597026078827,0.010728326337278654,0.9779090766366417
3111,F-A1-PORTSCAN-V-01,PortScan,PortScan,RF-v4,0.022462684358732367,0.02456998804013236,0.9529673276011341
3112,F-A1-PORTSCAN-V-01,PortScan,PortScan,RF-v4,0.011362597026078827,0.010728326337278654,0.9779090766366417
3113,F-A1-PORTSCAN-V-01,PortScan,PortScan,RF-v4,0.011362597026078827,0.010728326337278654,0.9779090766366417
3114,F-A1-PORTSCAN-V-01,PortScan,PortScan,RF-v4,0.022462684358732367,0.025450875412146013,0.9520864402291206
3115,F-A1-PORTSCAN-V-01,PortScan,PortScan,RF-v4,0.024867423014224795,0.02445691884871638,0.9506756581370577
3116,F-A1-PORTSCAN-V-01,PortScan,PortScan,RF-v4,0.011362597026078827,0.010728326337278654,0.9779090766366417
3117,F-A1-PORTSCAN-V-01,PortScan,PortScan,RF-v4,0.011362597026078827,0.010728326337278654,0.9779090766366417
3118,F-A1-PORTSCAN-V-01,PortScan,PortScan,RF-v4,0.011362597026078827,0.010728326337278654,0.9779090766366417
3119,F-A1-PORTSCAN-V-01,PortScan,PortScan,RF-v4,0.011362597026078827,0.010728326337278654,0.9779090766366417
3120,F-A1-PORTSCAN-V-01,PortScan,PortScan,RF-v4,0.011362597026078827,0.010728326337278654,0.9779090766366417
3121,F-A1-PORTSCAN-V-01,PortScan,PortScan,RF-v4,0.011362597026078827,0.010728326337278654,0.9779090766366417
3122,F-A1-PORTSCAN-V-01,PortScan,PortScan,RF-v4,0.011362597026078827,0.010728326337278654,0.9779090766366417
3123,F-A1-PORTSCAN-V-01,PortScan,PortScan,RF-v4,0.011362597026078827,0.010728326337278654,0.9779090766366417
3124,F-A1-PORTSCAN-V-01,PortScan,PortScan,RF-v4,0.022462684358732367,0.02456998804013236,0.9529673276011341
3125,F-A1-PORTSCAN-V-01,PortScan,PortScan,RF-v4,0.011362597026078827,0.010728326337278654,0.9779090766366417
3126,F-A1-PORTSCAN-V-01,PortScan,PortScan,RF-v4,0.01094605750389357,0.011211036996934954,0.9778429054991707
3127,F-A1-PORTSCAN-V-01,PortScan,PortScan,RF-v4,0.011362597026078827,0.010728326337278654,0.9779090766366417
3128,F-A1-PORTSCAN-V-01,PortScan,PortScan,RF-v4,0.022462684358732367,0.025450875412146013,0.9520864402291206
3129,F-A1-PORTSCAN-V-01,PortScan,PortScan,RF-v4,0.011362597026078827,0.010728326337278654,0.9779090766366417
3130,F-A1-PORTSCAN-V-01,PortScan,PortScan,RF-v4,0.011362597026078827,0.010728326337278654,0.9779090766366417
3131,F-A1-PORTSCAN-V-01,PortScan,PortScan,RF-v4,0.011362597026078827,0.010728326337278654,0.9779090766366417
3132,F-A1-PORTSCAN-V-01,PortScan,PortScan,RF-v4,0.011362597026078827,0.010728326337278654,0.9779090766366417
3133,F-A1-PORTSCAN-V-01,PortScan,PortScan,RF-v4,0.011362597026078827,0.010728326337278654,0.9779090766366417
3134,F-A1-PORTSCAN-V-01,PortScan,PortScan,RF-v4,0.022462684358732367,0.02456998804013236,0.9529673276011341
3135,F-A1-PORTSCAN-V-01,PortScan,PortScan,RF-v4,0.022462684358732367,0.02456998804013236,0.9529673276011341
3136,F-A1-PORTSCAN-V-01,PortScan,PortScan,RF-v4,0.02455063355411335,0.02445691884871638,0.950992447597169
3137,F-A1-PORTSCAN-V-01,PortScan,PortScan,RF-v4,0.011362597026078827,0.010728326337278654,0.9779090766366417
3138,F-A1-PORTSCAN-V-01,PortScan,PortScan,RF-v4,0.02455063355411335,0.02445691884871638,0.950992447597169
3139,F-A1-PORTSCAN-V-01,PortScan,PortScan,RF-v4,0.011362597026078827,0.010728326337278654,0.9779090766366417
3140,F-A1-PORTSCAN-V-01,PortScan,PortScan,RF-v4,0.011362597026078827,0.010728326337278654,0.9779090766366417
3141,F-A1-PORTSCAN-V-01,PortScan,PortScan,RF-v4,0.011362597026078827,0.010728326337278654,0.9779090766366417
3142,F-A1-PORTSCAN-V-01,PortScan,PortScan,RF-v4,0.011362597026078827,0.010728326337278654,0.9779090766366417
3143,F-A1-PORTSCAN-V-01,PortScan,PortScan,RF-v4,0.011362597026078827,0.010728326337278654,0.9779090766366417
3144,F-A1-PORTSCAN-V-01,PortScan,PortScan,RF-v4,0.011362597026078827,0.010728326337278654,0.9779090766366417
3145,F-A1-PORTSCAN-V-01,PortScan,PortScan,RF-v4,0.011362597026078827,0.010728326337278654,0.9779090766366417
3146,F-A1-PORTSCAN-V-01,PortScan,PortScan,RF-v4,0.01551094102145191,0.010737787045729152,0.9737512719328181
3147,F-A1-PORTSCAN-V-01,PortScan,PortScan,RF-v4,0.011362597026078827,0.010728326337278654,0.9779090766366417
3148,F-A1-PORTSCAN-V-01,PortScan,PortScan,RF-v4,0.011362597026078827,0.010697073839863857,0.9779403291340566
3149,F-A1-PORTSCAN-V-01,PortScan,PortScan,RF-v4,0.011362597026078827,0.010728326337278654,0.9779090766366417
3150,F-A1-PORTSCAN-V-01,PortScan,PortScan,RF-v4,0.022462684358732367,0.02456998804013236,0.9529673276011341
3151,F-A1-PORTSCAN-V-01,PortScan,PortScan,RF-v4,0.011362597026078827,0.010728326337278654,0.9779090766366417
3152,F-A1-PORTSCAN-V-01,PortScan,PortScan,RF-v4,0.011362597026078827,0.010728326337278654,0.9779090766366417
3153,F-A1-PORTSCAN-V-01,PortScan,PortScan,RF-v4,0.011362597026078827,0.010728326337278654,0.9779090766366417
3154,F-A1-PORTSCAN-V-01,PortScan,PortScan,RF-v4,0.022462684358732367,0.02456998804013236,0.9529673276011341
3155,F-A1-PORTSCAN-V-01,PortScan,PortScan,RF-v4,0.011362597026078827,0.010728326337278654,0.9779090766366417
3156,F-A1-PORTSCAN-V-01,PortScan,PortScan,RF-v4,0.022462684358732367,0.02456998804013236,0.9529673276011341
3157,F-A1-PORTSCAN-V-01,PortScan,PortScan,RF-v4,0.022462684358732367,0.02456998804013236,0.9529673276011341
3158,F-A1-PORTSCAN-V-01,PortScan,PortScan,RF-v4,0.01551094102145191,0.010737787045729152,0.9737512719328181
3159,F-A1-PORTSCAN-V-01,PortScan,PortScan,RF-v4,0.011362597026078827,0.010728326337278654,0.9779090766366417
3160,F-A1-PORTSCAN-V-01,PortScan,PortScan,RF-v4,0.022462684358732367,0.02456998804013236,0.9529673276011341
3161,F-A1-PORTSCAN-V-01,PortScan,PortScan,RF-v4,0.011362597026078827,0.010728326337278654,0.9779090766366417
3162,F-A1-PORTSCAN-V-01,PortScan,PortScan,RF-v4,0.011362597026078827,0.010728326337278654,0.9779090766366417
3163,F-A1-PORTSCAN-V-01,PortScan,PortScan,RF-v4,0.011362597026078827,0.010728326337278654,0.9779090766366417
3164,F-A1-PORTSCAN-V-01,PortScan,PortScan,RF-v4,0.011362597026078827,0.010728326337278654,0.9779090766366417
3165,F-A1-PORTSCAN-V-01,PortScan,PortScan,RF-v4,0.011362597026078827,0.010728326337278654,0.9779090766366417
3166,F-A1-PORTSCAN-V-01,PortScan,PortScan,RF-v4,0.011362597026078827,0.010728326337278654,0.9779090766366417
3167,F-A1-PORTSCAN-V-01,PortScan,PortScan,RF-v4,0.022462684358732367,0.025450875412146013,0.9520864402291206
3168,F-A1-PORTSCAN-V-01,PortScan,PortScan,RF-v4,0.022462684358732367,0.02456998804013236,0.9529673276011341
3169,F-A1-PORTSCAN-V-01,PortScan,PortScan,RF-v4,0.011362597026078827,0.010728326337278654,0.9779090766366417
3170,F-A1-PORTSCAN-V-01,PortScan,PortScan,RF-v4,0.011362597026078827,0.010728326337278654,0.9779090766366417
3171,F-A1-PORTSCAN-V-01,PortScan,PortScan,RF-v4,0.02455063355411335,0.02445691884871638,0.950992447597169
3172,F-A1-PORTSCAN-V-01,PortScan,PortScan,RF-v4,0.011362597026078827,0.010728326337278654,0.9779090766366417
3173,F-A1-PORTSCAN-V-01,PortScan,PortScan,RF-v4,0.02455063355411335,0.02445691884871638,0.950992447597169
3174,F-A1-PORTSCAN-V-01,PortScan,PortScan,RF-v4,0.022462684358732367,0.025450875412146013,0.9520864402291206
3175,F-A1-PORTSCAN-V-01,PortScan,PortScan,RF-v4,0.011362597026078827,0.010728326337278654,0.9779090766366417
3176,F-A1-PORTSCAN-V-01,PortScan,PortScan,RF-v4,0.011362597026078827,0.010728326337278654,0.9779090766366417
3177,F-A1-PORTSCAN-V-01,PortScan,PortScan,RF-v4,0.011362597026078827,0.010728326337278654,0.9779090766366417
3178,F-A1-PORTSCAN-V-01,PortScan,PortScan,RF-v4,0.011362597026078827,0.010728326337278654,0.9779090766366417
3179,F-A1-PORTSCAN-V-01,PortScan,PortScan,RF-v4,0.011362597026078827,0.010728326337278654,0.9779090766366417
3180,F-A1-PORTSCAN-V-01,PortScan,PortScan,RF-v4,0.011362597026078827,0.010728326337278654,0.9779090766366417
3181,F-A1-PORTSCAN-V-01,PortScan,PortScan,RF-v4,0.022462684358732367,0.02456998804013236,0.9529673276011341
3182,F-A1-PORTSCAN-V-01,PortScan,PortScan,RF-v4,0.011362597026078827,0.010728326337278654,0.9779090766366417
3183,F-A1-PORTSCAN-V-01,PortScan,PortScan,RF-v4,0.024867423014224795,0.02445691884871638,0.9506756581370577
3184,F-A1-PORTSCAN-V-01,PortScan,PortScan,RF-v4,0.011362597026078827,0.01157796121187751,0.9770594417620428
3185,F-A1-PORTSCAN-V-01,PortScan,PortScan,RF-v4,0.011362597026078827,0.010728326337278654,0.9779090766366417
3186,F-A1-PORTSCAN-V-01,PortScan,PortScan,RF-v4,0.02455063355411335,0.02445691884871638,0.950992447597169
3187,F-A1-PORTSCAN-V-01,PortScan,PortScan,RF-v4,0.011362597026078827,0.010697073839863857,0.9779403291340566
3188,F-A1-PORTSCAN-V-01,PortScan,PortScan,RF-v4,0.011362597026078827,0.010728326337278654,0.9779090766366417
3189,F-A1-PORTSCAN-V-01,PortScan,PortScan,RF-v4,0.011362597026078827,0.010728326337278654,0.9779090766366417
3190,F-A1-PORTSCAN-V-01,PortScan,PortScan,RF-v4,0.022462684358732367,0.02456998804013236,0.9529673276011341
3191,F-A1-PORTSCAN-V-01,PortScan,PortScan,RF-v4,0.011362597026078827,0.01157796121187751,0.9770594417620428
3192,F-A1-PORTSCAN-V-01,PortScan,PortScan,RF-v4,0.022462684358732367,0.02456998804013236,0.9529673276011341
3193,F-A1-PORTSCAN-V-01,PortScan,PortScan,RF-v4,0.011362597026078827,0.010728326337278654,0.9779090766366417
3194,F-A1-PORTSCAN-V-01,PortScan,PortScan,RF-v4,0.011362597026078827,0.010728326337278654,0.9779090766366417
3195,F-A1-PORTSCAN-V-01,PortScan,PortScan,RF-v4,0.011362597026078827,0.010728326337278654,0.9779090766366417
3196,F-A1-PORTSCAN-V-01,PortScan,PortScan,RF-v4,0.011362597026078827,0.010728326337278654,0.9779090766366417
3197,F-A1-PORTSCAN-V-01,PortScan,PortScan,RF-v4,0.011362597026078827,0.010728326337278654,0.9779090766366417
3198,F-A1-PORTSCAN-V-01,PortScan,PortScan,RF-v4,0.011362597026078827,0.010728326337278654,0.9779090766366417
3199,F-A1-PORTSCAN-V-01,PortScan,PortScan,RF-v4,0.011362597026078827,0.010728326337278654,0.9779090766366417
3200,F-A1-PORTSCAN-V-01,PortScan,PortScan,RF-v4,0.011362597026078827,0.010728326337278654,0.9779090766366417
3201,F-A1-PORTSCAN-V-01,PortScan,PortScan,RF-v4,0.011362597026078827,0.010728326337278654,0.9779090766366417
3202,F-A1-PORTSCAN-V-01,PortScan,PortScan,RF-v4,0.011362597026078827,0.010728326337278654,0.9779090766366417
3203,F-A1-PORTSCAN-V-01,PortScan,PortScan,RF-v4,0.011362597026078827,0.010728326337278654,0.9779090766366417
3204,F-A1-PORTSCAN-V-01,PortScan,PortScan,RF-v4,0.02455063355411335,0.02445691884871638,0.950992447597169
3205,F-A1-PORTSCAN-V-01,PortScan,PortScan,RF-v4,0.02455063355411335,0.02533780622073003,0.9501115602251555
3206,F-A1-PORTSCAN-V-01,PortScan,PortScan,RF-v4,0.011362597026078827,0.010728326337278654,0.9779090766366417
3207,F-A1-PORTSCAN-V-01,PortScan,PortScan,RF-v4,0.011362597026078827,0.010728326337278654,0.9779090766366417
3208,F-A1-PORTSCAN-V-01,PortScan,PortScan,RF-v4,0.022462684358732367,0.02456998804013236,0.9529673276011341
3209,F-A1-PORTSCAN-V-01,PortScan,PortScan,RF-v4,0.022462684358732367,0.02456998804013236,0.9529673276011341
3210,F-A1-PORTSCAN-V-01,PortScan,PortScan,RF-v4,0.011362597026078827,0.010728326337278654,0.9779090766366417
3211,F-A1-PORTSCAN-V-01,PortScan,PortScan,RF-v4,0.011362597026078827,0.010728326337278654,0.9779090766366417
3212,F-A1-PORTSCAN-V-01,PortScan,PortScan,RF-v4,0.022462684358732367,0.02456998804013236,0.9529673276011341
3213,F-A1-PORTSCAN-V-01,PortScan,PortScan,RF-v4,0.011362597026078827,0.010728326337278654,0.9779090766366417
3214,F-A1-PORTSCAN-V-01,PortScan,PortScan,RF-v4,0.011362597026078827,0.010728326337278654,0.9779090766366417
3215,F-A1-PORTSCAN-V-01,PortScan,PortScan,RF-v4,0.022462684358732367,0.02456998804013236,0.9529673276011341
3216,F-A1-PORTSCAN-V-01,PortScan,PortScan,RF-v4,0.011362597026078827,0.010697073839863857,0.9779403291340566
3217,F-A1-PORTSCAN-V-01,PortScan,PortScan,RF-v4,0.01551094102145191,0.010737787045729152,0.9737512719328181
3218,F-A1-PORTSCAN-V-01,PortScan,PortScan,RF-v4,0.024867423014224795,0.02445691884871638,0.9506756581370577
3219,F-A1-PORTSCAN-V-01,PortScan,PortScan,RF-v4,0.024867423014224795,0.02445691884871638,0.9506756581370577
3220,F-A1-PORTSCAN-V-01,PortScan,PortScan,RF-v4,0.011362597026078827,0.010728326337278654,0.9779090766366417
3221,F-A1-PORTSCAN-V-01,PortScan,PortScan,RF-v4,0.022462684358732367,0.025450875412146013,0.9520864402291206
3222,F-A1-PORTSCAN-V-01,PortScan,PortScan,RF-v4,0.011362597026078827,0.010728326337278654,0.9779090766366417
3223,F-A1-PORTSCAN-V-01,PortScan,PortScan,RF-v4,0.010077466767963996,0.010650464612028019,0.979272068620007
3224,F-A1-PORTSCAN-V-01,PortScan,PortScan,RF-v4,0.011362597026078827,0.010728326337278654,0.9779090766366417
3225,F-A1-PORTSCAN-V-01,PortScan,PortScan,RF-v4,0.022462684358732367,0.02456998804013236,0.9529673276011341
3226,F-A1-PORTSCAN-V-01,PortScan,PortScan,RF-v4,0.011362597026078827,0.010728326337278654,0.9779090766366417
3227,F-A1-PORTSCAN-V-01,PortScan,PortScan,RF-v4,0.011362597026078827,0.010728326337278654,0.9779090766366417
3228,F-A1-PORTSCAN-V-01,PortScan,PortScan,RF-v4,0.011362597026078827,0.010728326337278654,0.9779090766366417
3229,F-A1-PORTSCAN-V-01,PortScan,PortScan,RF-v4,0.011362597026078827,0.010728326337278654,0.9779090766366417
3230,F-A1-PORTSCAN-V-01,PortScan,PortScan,RF-v4,0.011362597026078827,0.010728326337278654,0.9779090766366417
3231,F-A1-PORTSCAN-V-01,PortScan,PortScan,RF-v4,0.011362597026078827,0.010728326337278654,0.9779090766366417
3232,F-A1-PORTSCAN-V-01,PortScan,PortScan,RF-v4,0.011362597026078827,0.010697073839863857,0.9779403291340566
3233,F-A1-PORTSCAN-V-01,PortScan,PortScan,RF-v4,0.022462684358732367,0.02456998804013236,0.9529673276011341
3234,F-A1-PORTSCAN-V-01,PortScan,PortScan,RF-v4,0.011362597026078827,0.010728326337278654,0.9779090766366417
3235,F-A1-PORTSCAN-V-01,PortScan,PortScan,RF-v4,0.011362597026078827,0.010728326337278654,0.9779090766366417
3236,F-A1-PORTSCAN-V-01,PortScan,PortScan,RF-v4,0.022462684358732367,0.02456998804013236,0.9529673276011341
3237,F-A1-PORTSCAN-V-01,PortScan,PortScan,RF-v4,0.022462684358732367,0.02456998804013236,0.9529673276011341
3238,F-A1-PORTSCAN-V-01,PortScan,PortScan,RF-v4,0.011362597026078827,0.010728326337278654,0.9779090766366417
3239,F-A1-PORTSCAN-V-01,PortScan,PortScan,RF-v4,0.011362597026078827,0.010728326337278654,0.9779090766366417
3240,F-A1-PORTSCAN-V-01,PortScan,PortScan,RF-v4,0.011362597026078827,0.010728326337278654,0.9779090766366417
3241,F-A1-PORTSCAN-V-01,PortScan,PortScan,RF-v4,0.01551094102145191,0.010737787045729152,0.9737512719328181
3242,F-A1-PORTSCAN-V-01,PortScan,PortScan,RF-v4,0.011362597026078827,0.010728326337278654,0.9779090766366417
3243,F-A1-PORTSCAN-V-01,PortScan,PortScan,RF-v4,0.011362597026078827,0.010728326337278654,0.9779090766366417
3244,F-A1-PORTSCAN-V-01,PortScan,PortScan,RF-v4,0.011362597026078827,0.010728326337278654,0.9779090766366417
3245,F-A1-PORTSCAN-V-01,PortScan,PortScan,RF-v4,0.011362597026078827,0.010728326337278654,0.9779090766366417
3246,F-A1-PORTSCAN-V-01,PortScan,PortScan,RF-v4,0.011362597026078827,0.010728326337278654,0.9779090766366417
3247,F-A1-PORTSCAN-V-01,PortScan,PortScan,RF-v4,0.024867423014224795,0.02445691884871638,0.9506756581370577
3248,F-A1-PORTSCAN-V-01,PortScan,PortScan,RF-v4,0.011362597026078827,0.010728326337278654,0.9779090766366417
3249,F-A1-PORTSCAN-V-01,PortScan,PortScan,RF-v4,0.022462684358732367,0.025450875412146013,0.9520864402291206
3250,F-A1-PORTSCAN-V-01,PortScan,PortScan,RF-v4,0.011362597026078827,0.010728326337278654,0.9779090766366417
3251,F-A1-PORTSCAN-V-01,PortScan,PortScan,RF-v4,0.022462684358732367,0.02456998804013236,0.9529673276011341
3252,F-A1-PORTSCAN-V-01,PortScan,PortScan,RF-v4,0.011362597026078827,0.010697073839863857,0.9779403291340566
3253,F-A1-PORTSCAN-V-01,PortScan,PortScan,RF-v4,0.011362597026078827,0.010728326337278654,0.9779090766366417
3254,F-A1-PORTSCAN-V-01,PortScan,PortScan,RF-v4,0.011362597026078827,0.010697073839863857,0.9779403291340566
3255,F-A1-PORTSCAN-V-01,PortScan,PortScan,RF-v4,0.02455063355411335,0.02445691884871638,0.950992447597169
3256,F-A1-PORTSCAN-V-01,PortScan,PortScan,RF-v4,0.011362597026078827,0.01157796121187751,0.9770594417620428
3257,F-A1-PORTSCAN-V-01,PortScan,PortScan,RF-v4,0.011362597026078827,0.01157796121187751,0.9770594417620428
3258,F-A1-PORTSCAN-V-01,PortScan,PortScan,RF-v4,0.011362597026078827,0.010697073839863857,0.9779403291340566
3259,F-A1-PORTSCAN-V-01,PortScan,PortScan,RF-v4,0.011362597026078827,0.010728326337278654,0.9779090766366417
3260,F-A1-PORTSCAN-V-01,PortScan,PortScan,RF-v4,0.024867423014224795,0.02445691884871638,0.9506756581370577
3261,F-A1-PORTSCAN-V-01,PortScan,PortScan,RF-v4,0.011362597026078827,0.010728326337278654,0.9779090766366417
3262,F-A1-PORTSCAN-V-01,PortScan,PortScan,RF-v4,0.022462684358732367,0.02456998804013236,0.9529673276011341
3263,F-A1-PORTSCAN-V-01,PortScan,PortScan,RF-v4,0.022462684358732367,0.02456998804013236,0.9529673276011341
3264,F-A1-PORTSCAN-V-01,PortScan,PortScan,RF-v4,0.022462684358732367,0.025450875412146013,0.9520864402291206
3265,F-A1-PORTSCAN-V-01,PortScan,PortScan,RF-v4,0.011362597026078827,0.010728326337278654,0.9779090766366417
3266,F-A1-PORTSCAN-V-01,PortScan,PortScan,RF-v4,0.011362597026078827,0.010728326337278654,0.9779090766366417
3267,F-A1-PORTSCAN-V-01,PortScan,PortScan,RF-v4,0.02455063355411335,0.02445691884871638,0.950992447597169
3268,F-A1-PORTSCAN-V-01,PortScan,PortScan,RF-v4,0.011362597026078827,0.010697073839863857,0.9779403291340566
3269,F-A1-PORTSCAN-V-01,PortScan,PortScan,RF-v4,0.011362597026078827,0.010728326337278654,0.9779090766366417
3270,F-A1-PORTSCAN-V-01,PortScan,PortScan,RF-v4,0.011362597026078827,0.010728326337278654,0.9779090766366417
3271,F-A1-PORTSCAN-V-01,PortScan,PortScan,RF-v4,0.011362597026078827,0.010728326337278654,0.9779090766366417
3272,F-A1-PORTSCAN-V-01,PortScan,PortScan,RF-v4,0.022462684358732367,0.025450875412146013,0.9520864402291206
3273,F-A1-PORTSCAN-V-01,PortScan,PortScan,RF-v4,0.022462684358732367,0.02456998804013236,0.9529673276011341
3274,F-A1-PORTSCAN-V-01,PortScan,PortScan,RF-v4,0.011362597026078827,0.010728326337278654,0.9779090766366417
3275,F-A1-PORTSCAN-V-01,PortScan,PortScan,RF-v4,0.011362597026078827,0.01157796121187751,0.9770594417620428
3276,F-A1-PORTSCAN-V-01,PortScan,PortScan,RF-v4,0.024867423014224795,0.02445691884871638,0.9506756581370577
3277,F-A1-PORTSCAN-V-01,PortScan,PortScan,RF-v4,0.022462684358732367,0.02456998804013236,0.9529673276011341
3278,F-A1-PORTSCAN-V-01,PortScan,PortScan,RF-v4,0.011362597026078827,0.010728326337278654,0.9779090766366417
3279,F-A1-PORTSCAN-V-01,PortScan,PortScan,RF-v4,0.011362597026078827,0.010728326337278654,0.9779090766366417
3280,F-A1-PORTSCAN-V-01,PortScan,PortScan,RF-v4,0.011362597026078827,0.010728326337278654,0.9779090766366417
3281,F-A1-PORTSCAN-V-01,PortScan,PortScan,RF-v4,0.011362597026078827,0.010728326337278654,0.9779090766366417
3282,F-A1-PORTSCAN-V-01,PortScan,PortScan,RF-v4,0.011362597026078827,0.010728326337278654,0.9779090766366417
3283,F-A1-PORTSCAN-V-01,PortScan,PortScan,RF-v4,0.011362597026078827,0.010697073839863857,0.9779403291340566
3284,F-A1-PORTSCAN-V-01,PortScan,PortScan,RF-v4,0.022462684358732367,0.02456998804013236,0.9529673276011341
3285,F-A1-PORTSCAN-V-01,PortScan,PortScan,RF-v4,0.022462684358732367,0.02456998804013236,0.9529673276011341
3286,F-A1-PORTSCAN-V-01,PortScan,PortScan,RF-v4,0.024867423014224795,0.02445691884871638,0.9506756581370577
3287,F-A1-PORTSCAN-V-01,PortScan,PortScan,RF-v4,0.011362597026078827,0.010728326337278654,0.9779090766366417
3288,F-A1-PORTSCAN-V-01,PortScan,PortScan,RF-v4,0.011362597026078827,0.010728326337278654,0.9779090766366417
3289,F-A1-PORTSCAN-V-01,PortScan,PortScan,RF-v4,0.022462684358732367,0.02456998804013236,0.9529673276011341
3290,F-A1-PORTSCAN-V-01,PortScan,PortScan,RF-v4,0.011362597026078827,0.010728326337278654,0.9779090766366417
3291,F-A1-PORTSCAN-V-01,PortScan,PortScan,RF-v4,0.011362597026078827,0.010728326337278654,0.9779090766366417
3292,F-A1-PORTSCAN-V-01,PortScan,PortScan,RF-v4,0.011362597026078827,0.010728326337278654,0.9779090766366417
3293,F-A1-PORTSCAN-V-01,PortScan,PortScan,RF-v4,0.02455063355411335,0.02445691884871638,0.950992447597169
3294,F-A1-PORTSCAN-V-01,PortScan,PortScan,RF-v4,0.011362597026078827,0.010728326337278654,0.9779090766366417
3295,F-A1-PORTSCAN-V-01,PortScan,PortScan,RF-v4,0.011362597026078827,0.010728326337278654,0.9779090766366417
3296,F-A1-PORTSCAN-V-01,PortScan,PortScan,RF-v4,0.022462684358732367,0.02456998804013236,0.9529673276011341
3297,F-A1-PORTSCAN-V-01,PortScan,PortScan,RF-v4,0.024867423014224795,0.02445691884871638,0.9506756581370577
3298,F-A1-PORTSCAN-V-01,PortScan,PortScan,RF-v4,0.011362597026078827,0.010728326337278654,0.9779090766366417
3299,F-A1-PORTSCAN-V-01,PortScan,PortScan,RF-v4,0.022462684358732367,0.02456998804013236,0.9529673276011341
3300,F-A1-PORTSCAN-V-01,PortScan,PortScan,RF-v4,0.011362597026078827,0.010728326337278654,0.9779090766366417
3301,F-A1-PORTSCAN-V-01,PortScan,PortScan,RF-v4,0.024867423014224795,0.02445691884871638,0.9506756581370577
3302,F-A1-PORTSCAN-V-01,PortScan,PortScan,RF-v4,0.011362597026078827,0.010728326337278654,0.9779090766366417
3303,F-A1-PORTSCAN-V-01,PortScan,PortScan,RF-v4,0.011362597026078827,0.010728326337278654,0.9779090766366417
3304,F-A1-PORTSCAN-V-01,PortScan,PortScan,RF-v4,0.022462684358732367,0.025450875412146013,0.9520864402291206
3305,F-A1-PORTSCAN-V-01,PortScan,PortScan,RF-v4,0.011362597026078827,0.010728326337278654,0.9779090766366417
3306,F-A1-PORTSCAN-V-01,PortScan,PortScan,RF-v4,0.02455063355411335,0.02445691884871638,0.950992447597169
3307,F-A1-PORTSCAN-V-01,PortScan,PortScan,RF-v4,0.011362597026078827,0.010728326337278654,0.9779090766366417
3308,F-A1-PORTSCAN-V-01,PortScan,PortScan,RF-v4,0.011362597026078827,0.010728326337278654,0.9779090766366417
3309,F-A1-PORTSCAN-V-01,PortScan,PortScan,RF-v4,0.011362597026078827,0.010697073839863857,0.9779403291340566
3310,F-A1-PORTSCAN-V-01,PortScan,PortScan,RF-v4,0.011362597026078827,0.010728326337278654,0.9779090766366417
3311,F-A1-PORTSCAN-V-01,PortScan,PortScan,RF-v4,0.011362597026078827,0.010728326337278654,0.9779090766366417
3312,F-A1-PORTSCAN-V-01,PortScan,PortScan,RF-v4,0.022462684358732367,0.02456998804013236,0.9529673276011341
3313,F-A1-PORTSCAN-V-01,PortScan,PortScan,RF-v4,0.011362597026078827,0.010728326337278654,0.9779090766366417
3314,F-A1-PORTSCAN-V-01,PortScan,PortScan,RF-v4,0.011362597026078827,0.010728326337278654,0.9779090766366417
3315,F-A1-PORTSCAN-V-01,PortScan,PortScan,RF-v4,0.011362597026078827,0.010728326337278654,0.9779090766366417
3316,F-A1-PORTSCAN-V-01,PortScan,PortScan,RF-v4,0.011362597026078827,0.010728326337278654,0.9779090766366417
3317,F-A1-PORTSCAN-V-01,PortScan,PortScan,RF-v4,0.011362597026078827,0.010728326337278654,0.9779090766366417
3318,F-A1-PORTSCAN-V-01,PortScan,PortScan,RF-v4,0.011362597026078827,0.010728326337278654,0.9779090766366417
3319,F-A1-PORTSCAN-V-01,PortScan,PortScan,RF-v4,0.011362597026078827,0.010728326337278654,0.9779090766366417
3320,F-A1-PORTSCAN-V-01,PortScan,PortScan,RF-v4,0.011362597026078827,0.010728326337278654,0.9779090766366417
3321,F-A1-PORTSCAN-V-01,PortScan,PortScan,RF-v4,0.022462684358732367,0.02456998804013236,0.9529673276011341
3322,F-A1-PORTSCAN-V-01,PortScan,PortScan,RF-v4,0.022462684358732367,0.02456998804013236,0.9529673276011341
3323,F-A1-PORTSCAN-V-01,PortScan,PortScan,RF-v4,0.011362597026078827,0.010728326337278654,0.9779090766366417
3324,F-A1-PORTSCAN-V-01,PortScan,PortScan,RF-v4,0.011362597026078827,0.010728326337278654,0.9779090766366417
3325,F-A1-PORTSCAN-V-01,PortScan,PortScan,RF-v4,0.022462684358732367,0.02456998804013236,0.9529673276011341
3326,F-A1-PORTSCAN-V-01,PortScan,PortScan,RF-v4,0.011362597026078827,0.010728326337278654,0.9779090766366417
3327,F-A1-PORTSCAN-V-01,PortScan,PortScan,RF-v4,0.011362597026078827,0.010728326337278654,0.9779090766366417
3328,F-A1-PORTSCAN-V-01,PortScan,PortScan,RF-v4,0.022462684358732367,0.02456998804013236,0.9529673276011341
3329,F-A1-PORTSCAN-V-01,PortScan,PortScan,RF-v4,0.022462684358732367,0.02456998804013236,0.9529673276011341
3330,F-A1-PORTSCAN-V-01,PortScan,PortScan,RF-v4,0.011362597026078827,0.010728326337278654,0.9779090766366417
3331,F-A1-PORTSCAN-V-01,PortScan,PortScan,RF-v4,0.011362597026078827,0.010728326337278654,0.9779090766366417
3332,F-A1-PORTSCAN-V-01,PortScan,PortScan,RF-v4,0.011362597026078827,0.010728326337278654,0.9779090766366417
3333,F-A1-PORTSCAN-V-01,PortScan,PortScan,RF-v4,0.011362597026078827,0.010728326337278654,0.9779090766366417
3334,F-A1-PORTSCAN-V-01,PortScan,PortScan,RF-v4,0.011362597026078827,0.010728326337278654,0.9779090766366417
3335,F-A1-PORTSCAN-V-01,PortScan,PortScan,RF-v4,0.011362597026078827,0.010728326337278654,0.9779090766366417
3336,F-A1-PORTSCAN-V-01,PortScan,PortScan,RF-v4,0.011362597026078827,0.010697073839863857,0.9779403291340566
3337,F-A1-PORTSCAN-V-01,PortScan,PortScan,RF-v4,0.011362597026078827,0.010697073839863857,0.9779403291340566
3338,F-A1-PORTSCAN-V-01,PortScan,PortScan,RF-v4,0.02455063355411335,0.02445691884871638,0.950992447597169
3339,F-A1-PORTSCAN-V-01,PortScan,PortScan,RF-v4,0.011362597026078827,0.01157796121187751,0.9770594417620428
3340,F-A1-PORTSCAN-V-01,PortScan,PortScan,RF-v4,0.011362597026078827,0.010728326337278654,0.9779090766366417
3341,F-A1-PORTSCAN-V-01,PortScan,PortScan,RF-v4,0.011362597026078827,0.010728326337278654,0.9779090766366417
3342,F-A1-PORTSCAN-V-01,PortScan,PortScan,RF-v4,0.022462684358732367,0.02456998804013236,0.9529673276011341
3343,F-A1-PORTSCAN-V-01,PortScan,PortScan,RF-v4,0.011362597026078827,0.010697073839863857,0.9779403291340566
3344,F-A1-PORTSCAN-V-01,PortScan,PortScan,RF-v4,0.011362597026078827,0.010697073839863857,0.9779403291340566
3345,F-A1-PORTSCAN-V-01,PortScan,PortScan,RF-v4,0.02455063355411335,0.02445691884871638,0.950992447597169
3346,F-A1-PORTSCAN-V-01,PortScan,PortScan,RF-v4,0.022462684358732367,0.02456998804013236,0.9529673276011341
3347,F-A1-PORTSCAN-V-01,PortScan,PortScan,RF-v4,0.011362597026078827,0.010728326337278654,0.9779090766366417
3348,F-A1-PORTSCAN-V-01,PortScan,PortScan,RF-v4,0.011362597026078827,0.010728326337278654,0.9779090766366417
3349,F-A1-PORTSCAN-V-01,PortScan,PortScan,RF-v4,0.011362597026078827,0.010728326337278654,0.9779090766366417
3350,F-A1-PORTSCAN-V-01,PortScan,PortScan,RF-v4,0.011362597026078827,0.010728326337278654,0.9779090766366417
3351,F-A1-PORTSCAN-V-01,PortScan,PortScan,RF-v4,0.011362597026078827,0.010728326337278654,0.9779090766366417
3352,F-A1-PORTSCAN-V-01,PortScan,PortScan,RF-v4,0.011362597026078827,0.010728326337278654,0.9779090766366417
3353,F-A1-PORTSCAN-V-01,PortScan,PortScan,RF-v4,0.011362597026078827,0.010728326337278654,0.9779090766366417
3354,F-A1-PORTSCAN-V-01,PortScan,PortScan,RF-v4,0.011362597026078827,0.010728326337278654,0.9779090766366417
3355,F-A1-PORTSCAN-V-01,PortScan,PortScan,RF-v4,0.022462684358732367,0.025450875412146013,0.9520864402291206
3356,F-A1-PORTSCAN-V-01,PortScan,PortScan,RF-v4,0.024867423014224795,0.02445691884871638,0.9506756581370577
3357,F-A1-PORTSCAN-V-01,PortScan,PortScan,RF-v4,0.024867423014224795,0.02445691884871638,0.9506756581370577
3358,F-A1-PORTSCAN-V-01,PortScan,PortScan,RF-v4,0.011362597026078827,0.010728326337278654,0.9779090766366417
3359,F-A1-PORTSCAN-V-01,PortScan,PortScan,RF-v4,0.02455063355411335,0.02445691884871638,0.950992447597169
3360,F-A1-PORTSCAN-V-01,PortScan,PortScan,RF-v4,0.011362597026078827,0.010728326337278654,0.9779090766366417
3361,F-A1-PORTSCAN-V-01,PortScan,PortScan,RF-v4,0.024867423014224795,0.02445691884871638,0.9506756581370577
3362,F-A1-PORTSCAN-V-01,PortScan,PortScan,RF-v4,0.011362597026078827,0.010728326337278654,0.9779090766366417
3363,F-A1-PORTSCAN-V-01,PortScan,PortScan,RF-v4,0.022462684358732367,0.02456998804013236,0.9529673276011341
3364,F-A1-PORTSCAN-V-01,PortScan,PortScan,RF-v4,0.01551094102145191,0.010737787045729152,0.9737512719328181
3365,F-A1-PORTSCAN-V-01,PortScan,PortScan,RF-v4,0.022462684358732367,0.02456998804013236,0.9529673276011341
3366,F-A1-PORTSCAN-V-01,PortScan,PortScan,RF-v4,0.022462684358732367,0.02456998804013236,0.9529673276011341
3367,F-A1-PORTSCAN-V-01,PortScan,PortScan,RF-v4,0.011362597026078827,0.010697073839863857,0.9779403291340566
3368,F-A1-PORTSCAN-V-01,PortScan,PortScan,RF-v4,0.02455063355411335,0.02533780622073003,0.9501115602251555
3369,F-A1-PORTSCAN-V-01,PortScan,PortScan,RF-v4,0.011362597026078827,0.010728326337278654,0.9779090766366417
3370,F-A1-PORTSCAN-V-01,PortScan,PortScan,RF-v4,0.011362597026078827,0.010728326337278654,0.9779090766366417
3371,F-A1-PORTSCAN-V-01,PortScan,PortScan,RF-v4,0.011362597026078827,0.010728326337278654,0.9779090766366417
3372,F-A1-PORTSCAN-V-01,PortScan,PortScan,RF-v4,0.011362597026078827,0.010728326337278654,0.9779090766366417
3373,F-A1-PORTSCAN-V-01,PortScan,PortScan,RF-v4,0.011362597026078827,0.010728326337278654,0.9779090766366417
3374,F-A1-PORTSCAN-V-01,PortScan,PortScan,RF-v4,0.022462684358732367,0.02456998804013236,0.9529673276011341
3375,F-A1-PORTSCAN-V-01,PortScan,PortScan,RF-v4,0.011362597026078827,0.010728326337278654,0.9779090766366417
3376,F-A1-PORTSCAN-V-01,PortScan,PortScan,RF-v4,0.011362597026078827,0.010728326337278654,0.9779090766366417
3377,F-A1-PORTSCAN-V-01,PortScan,PortScan,RF-v4,0.022462684358732367,0.02456998804013236,0.9529673276011341
3378,F-A1-PORTSCAN-V-01,PortScan,PortScan,RF-v4,0.022462684358732367,0.02456998804013236,0.9529673276011341
3379,F-A1-PORTSCAN-V-01,PortScan,PortScan,RF-v4,0.011362597026078827,0.010728326337278654,0.9779090766366417
3380,F-A1-PORTSCAN-V-01,PortScan,PortScan,RF-v4,0.011362597026078827,0.010728326337278654,0.9779090766366417
3381,F-A1-PORTSCAN-V-01,PortScan,PortScan,RF-v4,0.022462684358732367,0.02456998804013236,0.9529673276011341
3382,F-A1-PORTSCAN-V-01,PortScan,PortScan,RF-v4,0.022462684358732367,0.02456998804013236,0.9529673276011341
3383,F-A1-PORTSCAN-V-01,PortScan,PortScan,RF-v4,0.011362597026078827,0.010697073839863857,0.9779403291340566
3384,F-A1-PORTSCAN-V-01,PortScan,PortScan,RF-v4,0.011362597026078827,0.010728326337278654,0.9779090766366417
3385,F-A1-PORTSCAN-V-01,PortScan,PortScan,RF-v4,0.011362597026078827,0.010728326337278654,0.9779090766366417
3386,F-A1-PORTSCAN-V-01,PortScan,PortScan,RF-v4,0.022462684358732367,0.02456998804013236,0.9529673276011341
3387,F-A1-PORTSCAN-V-01,PortScan,PortScan,RF-v4,0.022462684358732367,0.02456998804013236,0.9529673276011341
3388,F-A1-PORTSCAN-V-01,PortScan,PortScan,RF-v4,0.011362597026078827,0.01157796121187751,0.9770594417620428
3389,F-A1-PORTSCAN-V-01,PortScan,PortScan,RF-v4,0.011362597026078827,0.010728326337278654,0.9779090766366417
3390,F-A1-PORTSCAN-V-01,PortScan,PortScan,RF-v4,0.022462684358732367,0.02456998804013236,0.9529673276011341
3391,F-A1-PORTSCAN-V-01,PortScan,PortScan,RF-v4,0.022462684358732367,0.02456998804013236,0.9529673276011341
3392,F-A1-PORTSCAN-V-01,PortScan,PortScan,RF-v4,0.022462684358732367,0.02456998804013236,0.9529673276011341
3393,F-A1-PORTSCAN-V-01,PortScan,PortScan,RF-v4,0.011362597026078827,0.010728326337278654,0.9779090766366417
3394,F-A1-PORTSCAN-V-01,PortScan,PortScan,RF-v4,0.011362597026078827,0.010728326337278654,0.9779090766366417
3395,F-A1-PORTSCAN-V-01,PortScan,PortScan,RF-v4,0.011362597026078827,0.010697073839863857,0.9779403291340566
3396,F-A1-PORTSCAN-V-01,PortScan,PortScan,RF-v4,0.011362597026078827,0.01157796121187751,0.9770594417620428
3397,F-A1-PORTSCAN-V-01,PortScan,PortScan,RF-v4,0.011362597026078827,0.010728326337278654,0.9779090766366417
3398,F-A1-PORTSCAN-V-01,PortScan,PortScan,RF-v4,0.011362597026078827,0.010697073839863857,0.9779403291340566
3399,F-A1-PORTSCAN-V-01,PortScan,PortScan,RF-v4,0.011362597026078827,0.010728326337278654,0.9779090766366417
3400,F-A1-PORTSCAN-V-01,PortScan,PortScan,RF-v4,0.011362597026078827,0.010728326337278654,0.9779090766366417
3401,F-A1-PORTSCAN-V-01,PortScan,PortScan,RF-v4,0.011362597026078827,0.010728326337278654,0.9779090766366417
3402,F-A1-PORTSCAN-V-01,PortScan,PortScan,RF-v4,0.011362597026078827,0.010728326337278654,0.9779090766366417
3403,F-A1-PORTSCAN-V-01,PortScan,PortScan,RF-v4,0.011362597026078827,0.010728326337278654,0.9779090766366417
3404,F-A1-PORTSCAN-V-01,PortScan,PortScan,RF-v4,0.011362597026078827,0.010728326337278654,0.9779090766366417
3405,F-A1-PORTSCAN-V-01,PortScan,PortScan,RF-v4,0.011362597026078827,0.010728326337278654,0.9779090766366417
3406,F-A1-PORTSCAN-V-01,PortScan,PortScan,RF-v4,0.011362597026078827,0.010697073839863857,0.9779403291340566
3407,F-A1-PORTSCAN-V-01,PortScan,PortScan,RF-v4,0.011362597026078827,0.010728326337278654,0.9779090766366417
3408,F-A1-PORTSCAN-V-01,PortScan,PortScan,RF-v4,0.011362597026078827,0.010728326337278654,0.9779090766366417
3409,F-A1-PORTSCAN-V-01,PortScan,PortScan,RF-v4,0.011362597026078827,0.010728326337278654,0.9779090766366417
3410,F-A1-PORTSCAN-V-01,PortScan,PortScan,RF-v4,0.011362597026078827,0.010728326337278654,0.9779090766366417
3411,F-A1-PORTSCAN-V-01,PortScan,PortScan,RF-v4,0.011362597026078827,0.010728326337278654,0.9779090766366417
3412,F-A1-PORTSCAN-V-01,PortScan,PortScan,RF-v4,0.011362597026078827,0.010728326337278654,0.9779090766366417
3413,F-A1-PORTSCAN-V-01,PortScan,PortScan,RF-v4,0.011362597026078827,0.010728326337278654,0.9779090766366417
3414,F-A1-PORTSCAN-V-01,PortScan,PortScan,RF-v4,0.011362597026078827,0.010728326337278654,0.9779090766366417
3415,F-A1-PORTSCAN-V-01,PortScan,PortScan,RF-v4,0.011362597026078827,0.010728326337278654,0.9779090766366417
3416,F-A1-PORTSCAN-V-01,PortScan,PortScan,RF-v4,0.011362597026078827,0.010728326337278654,0.9779090766366417
3417,F-A1-PORTSCAN-V-01,PortScan,PortScan,RF-v4,0.022462684358732367,0.02456998804013236,0.9529673276011341
3418,F-A1-PORTSCAN-V-01,PortScan,PortScan,RF-v4,0.02455063355411335,0.02445691884871638,0.950992447597169
3419,F-A1-PORTSCAN-V-01,PortScan,PortScan,RF-v4,0.011362597026078827,0.010728326337278654,0.9779090766366417
3420,F-A1-PORTSCAN-V-01,PortScan,PortScan,RF-v4,0.01551094102145191,0.010737787045729152,0.9737512719328181
3421,F-A1-PORTSCAN-V-01,PortScan,PortScan,RF-v4,0.022462684358732367,0.02456998804013236,0.9529673276011341
3422,F-A1-PORTSCAN-V-01,PortScan,PortScan,RF-v4,0.011362597026078827,0.010728326337278654,0.9779090766366417
3423,F-A1-PORTSCAN-V-01,PortScan,PortScan,RF-v4,0.011362597026078827,0.010728326337278654,0.9779090766366417
3424,F-A1-PORTSCAN-V-01,PortScan,PortScan,RF-v4,0.011362597026078827,0.010728326337278654,0.9779090766366417
3425,F-A1-PORTSCAN-V-01,PortScan,PortScan,RF-v4,0.011362597026078827,0.010728326337278654,0.9779090766366417
3426,F-A1-PORTSCAN-V-01,PortScan,PortScan,RF-v4,0.022462684358732367,0.02456998804013236,0.9529673276011341
3427,F-A1-PORTSCAN-V-01,PortScan,PortScan,RF-v4,0.011362597026078827,0.01157796121187751,0.9770594417620428
3428,F-A1-PORTSCAN-V-01,PortScan,PortScan,RF-v4,0.011362597026078827,0.010728326337278654,0.9779090766366417
3429,F-A1-PORTSCAN-V-01,PortScan,PortScan,RF-v4,0.022462684358732367,0.02456998804013236,0.9529673276011341
3430,F-A1-PORTSCAN-V-01,PortScan,PortScan,RF-v4,0.011362597026078827,0.010728326337278654,0.9779090766366417
3431,F-A1-PORTSCAN-V-01,PortScan,PortScan,RF-v4,0.02455063355411335,0.02445691884871638,0.950992447597169
3432,F-A1-PORTSCAN-V-01,PortScan,PortScan,RF-v4,0.022462684358732367,0.02456998804013236,0.9529673276011341
3433,F-A1-PORTSCAN-V-01,PortScan,PortScan,RF-v4,0.022462684358732367,0.02456998804013236,0.9529673276011341
3434,F-A1-PORTSCAN-V-01,PortScan,PortScan,RF-v4,0.022462684358732367,0.02456998804013236,0.9529673276011341
3435,F-A1-PORTSCAN-V-01,PortScan,PortScan,RF-v4,0.011362597026078827,0.010728326337278654,0.9779090766366417
3436,F-A1-PORTSCAN-V-01,PortScan,PortScan,RF-v4,0.011362597026078827,0.010728326337278654,0.9779090766366417
3437,F-A1-PORTSCAN-V-01,PortScan,PortScan,RF-v4,0.02455063355411335,0.02445691884871638,0.950992447597169
3438,F-A1-PORTSCAN-V-01,PortScan,PortScan,RF-v4,0.022462684358732367,0.02456998804013236,0.9529673276011341
3439,F-A1-PORTSCAN-V-01,PortScan,PortScan,RF-v4,0.011362597026078827,0.010728326337278654,0.9779090766366417
3440,F-A1-PORTSCAN-V-01,PortScan,PortScan,RF-v4,0.011362597026078827,0.010728326337278654,0.9779090766366417
3441,F-A1-PORTSCAN-V-01,PortScan,PortScan,RF-v4,0.02455063355411335,0.02445691884871638,0.950992447597169
3442,F-A1-PORTSCAN-V-01,PortScan,PortScan,RF-v4,0.011362597026078827,0.010728326337278654,0.9779090766366417
3443,F-A1-PORTSCAN-V-01,PortScan,PortScan,RF-v4,0.011362597026078827,0.01157796121187751,0.9770594417620428
3444,F-A1-PORTSCAN-V-01,PortScan,PortScan,RF-v4,0.02455063355411335,0.02445691884871638,0.950992447597169
3445,F-A1-PORTSCAN-V-01,PortScan,PortScan,RF-v4,0.022462684358732367,0.025450875412146013,0.9520864402291206
3446,F-A1-PORTSCAN-V-01,PortScan,PortScan,RF-v4,0.022462684358732367,0.02456998804013236,0.9529673276011341
3447,F-A1-PORTSCAN-V-01,PortScan,PortScan,RF-v4,0.022462684358732367,0.02456998804013236,0.9529673276011341
3448,F-A1-PORTSCAN-V-01,PortScan,PortScan,RF-v4,0.011362597026078827,0.010728326337278654,0.9779090766366417
3449,F-A1-PORTSCAN-V-01,PortScan,PortScan,RF-v4,0.022462684358732367,0.02456998804013236,0.9529673276011341
3450,F-A1-PORTSCAN-V-01,PortScan,PortScan,RF-v4,0.011362597026078827,0.010728326337278654,0.9779090766366417
3451,F-A1-PORTSCAN-V-01,PortScan,PortScan,RF-v4,0.022462684358732367,0.025450875412146013,0.9520864402291206
3452,F-A1-PORTSCAN-V-01,PortScan,PortScan,RF-v4,0.011362597026078827,0.010728326337278654,0.9779090766366417
3453,F-A1-PORTSCAN-V-01,PortScan,PortScan,RF-v4,0.011362597026078827,0.010728326337278654,0.9779090766366417
3454,F-A1-PORTSCAN-V-01,PortScan,PortScan,RF-v4,0.024867423014224795,0.02445691884871638,0.9506756581370577
3455,F-A1-PORTSCAN-V-01,PortScan,PortScan,RF-v4,0.011362597026078827,0.010728326337278654,0.9779090766366417
3456,F-A1-PORTSCAN-V-01,PortScan,PortScan,RF-v4,0.02455063355411335,0.02445691884871638,0.950992447597169
3457,F-A1-PORTSCAN-V-01,PortScan,PortScan,RF-v4,0.024867423014224795,0.02445691884871638,0.9506756581370577
3458,F-A1-PORTSCAN-V-01,PortScan,PortScan,RF-v4,0.011362597026078827,0.010728326337278654,0.9779090766366417
3459,F-A1-PORTSCAN-V-01,PortScan,PortScan,RF-v4,0.011362597026078827,0.010728326337278654,0.9779090766366417
3460,F-A1-PORTSCAN-V-01,PortScan,PortScan,RF-v4,0.011362597026078827,0.01157796121187751,0.9770594417620428
3461,F-A1-PORTSCAN-V-01,PortScan,PortScan,RF-v4,0.011362597026078827,0.010728326337278654,0.9779090766366417
3462,F-A1-PORTSCAN-V-01,PortScan,PortScan,RF-v4,0.022462684358732367,0.02456998804013236,0.9529673276011341
3463,F-A1-PORTSCAN-V-01,PortScan,PortScan,RF-v4,0.022462684358732367,0.02456998804013236,0.9529673276011341
3464,F-A1-PORTSCAN-V-01,PortScan,PortScan,RF-v4,0.011362597026078827,0.010728326337278654,0.9779090766366417
3465,F-A1-PORTSCAN-V-01,PortScan,PortScan,RF-v4,0.011362597026078827,0.010728326337278654,0.9779090766366417
3466,F-A1-PORTSCAN-V-01,PortScan,PortScan,RF-v4,0.011362597026078827,0.010728326337278654,0.9779090766366417
3467,F-A1-PORTSCAN-V-01,PortScan,PortScan,RF-v4,0.011362597026078827,0.01157796121187751,0.9770594417620428
3468,F-A1-PORTSCAN-V-01,PortScan,PortScan,RF-v4,0.024867423014224795,0.02445691884871638,0.9506756581370577
3469,F-A1-PORTSCAN-V-01,PortScan,PortScan,RF-v4,0.011362597026078827,0.010728326337278654,0.9779090766366417
3470,F-A1-PORTSCAN-V-01,PortScan,PortScan,RF-v4,0.011362597026078827,0.010697073839863857,0.9779403291340566
3471,F-A1-PORTSCAN-V-01,PortScan,PortScan,RF-v4,0.011362597026078827,0.010728326337278654,0.9779090766366417
3472,F-A1-PORTSCAN-V-01,PortScan,PortScan,RF-v4,0.011362597026078827,0.010728326337278654,0.9779090766366417
3473,F-A1-PORTSCAN-V-01,PortScan,PortScan,RF-v4,0.022462684358732367,0.02456998804013236,0.9529673276011341
3474,F-A1-PORTSCAN-V-01,PortScan,PortScan,RF-v4,0.022462684358732367,0.02456998804013236,0.9529673276011341
3475,F-A1-PORTSCAN-V-01,PortScan,PortScan,RF-v4,0.011362597026078827,0.010728326337278654,0.9779090766366417
3476,F-A1-PORTSCAN-V-01,PortScan,PortScan,RF-v4,0.024867423014224795,0.02445691884871638,0.9506756581370577
3477,F-A1-PORTSCAN-V-01,PortScan,PortScan,RF-v4,0.011362597026078827,0.010728326337278654,0.9779090766366417
3478,F-A1-PORTSCAN-V-01,PortScan,PortScan,RF-v4,0.011362597026078827,0.010728326337278654,0.9779090766366417
3479,F-A1-PORTSCAN-V-01,PortScan,PortScan,RF-v4,0.011362597026078827,0.010728326337278654,0.9779090766366417
3480,F-A1-PORTSCAN-V-01,PortScan,PortScan,RF-v4,0.011362597026078827,0.010728326337278654,0.9779090766366417
3481,F-A1-PORTSCAN-V-01,PortScan,PortScan,RF-v4,0.011362597026078827,0.010728326337278654,0.9779090766366417
3482,F-A1-PORTSCAN-V-01,PortScan,PortScan,RF-v4,0.011362597026078827,0.010728326337278654,0.9779090766366417
3483,F-A1-PORTSCAN-V-01,PortScan,PortScan,RF-v4,0.024867423014224795,0.02445691884871638,0.9506756581370577
3484,F-A1-PORTSCAN-V-01,PortScan,PortScan,RF-v4,0.011362597026078827,0.010728326337278654,0.9779090766366417
3485,F-A1-PORTSCAN-V-01,PortScan,PortScan,RF-v4,0.011362597026078827,0.010728326337278654,0.9779090766366417
3486,F-A1-PORTSCAN-V-01,PortScan,PortScan,RF-v4,0.022462684358732367,0.02456998804013236,0.9529673276011341
3487,F-A1-PORTSCAN-V-01,PortScan,PortScan,RF-v4,0.011362597026078827,0.010728326337278654,0.9779090766366417
3488,F-A1-PORTSCAN-V-01,PortScan,PortScan,RF-v4,0.011362597026078827,0.01157796121187751,0.9770594417620428
3489,F-A1-PORTSCAN-V-01,PortScan,PortScan,RF-v4,0.022462684358732367,0.02456998804013236,0.9529673276011341
3490,F-A1-PORTSCAN-V-01,PortScan,PortScan,RF-v4,0.011362597026078827,0.010728326337278654,0.9779090766366417
3491,F-A1-PORTSCAN-V-01,PortScan,PortScan,RF-v4,0.011362597026078827,0.010728326337278654,0.9779090766366417
3492,F-A1-PORTSCAN-V-01,PortScan,PortScan,RF-v4,0.011362597026078827,0.010728326337278654,0.9779090766366417
3493,F-A1-PORTSCAN-V-01,PortScan,PortScan,RF-v4,0.022462684358732367,0.02456998804013236,0.9529673276011341
3494,F-A1-PORTSCAN-V-01,PortScan,PortScan,RF-v4,0.011362597026078827,0.010728326337278654,0.9779090766366417
3495,F-A1-PORTSCAN-V-01,PortScan,PortScan,RF-v4,0.011362597026078827,0.010728326337278654,0.9779090766366417
3496,F-A1-PORTSCAN-V-01,PortScan,PortScan,RF-v4,0.011362597026078827,0.010728326337278654,0.9779090766366417
3497,F-A1-PORTSCAN-V-01,PortScan,PortScan,RF-v4,0.011362597026078827,0.010728326337278654,0.9779090766366417
3498,F-A1-PORTSCAN-V-01,PortScan,PortScan,RF-v4,0.024867423014224795,0.02445691884871638,0.9506756581370577
3499,F-A1-PORTSCAN-V-01,PortScan,PortScan,RF-v4,0.011362597026078827,0.010728326337278654,0.9779090766366417
3500,F-A1-PORTSCAN-V-01,PortScan,PortScan,RF-v4,0.011362597026078827,0.010728326337278654,0.9779090766366417
3501,F-A1-PORTSCAN-V-01,PortScan,PortScan,RF-v4,0.011362597026078827,0.010728326337278654,0.9779090766366417
3502,F-A1-PORTSCAN-V-01,PortScan,PortScan,RF-v4,0.022462684358732367,0.02456998804013236,0.9529673276011341
3503,F-A1-PORTSCAN-V-01,PortScan,PortScan,RF-v4,0.011362597026078827,0.010728326337278654,0.9779090766366417
3504,F-A1-PORTSCAN-V-01,PortScan,PortScan,RF-v4,0.011362597026078827,0.010697073839863857,0.9779403291340566
3505,F-A1-PORTSCAN-V-01,PortScan,PortScan,RF-v4,0.011362597026078827,0.010728326337278654,0.9779090766366417
3506,F-A1-PORTSCAN-V-01,PortScan,PortScan,RF-v4,0.022462684358732367,0.02456998804013236,0.9529673276011341
3507,F-A1-PORTSCAN-V-01,PortScan,PortScan,RF-v4,0.011362597026078827,0.010728326337278654,0.9779090766366417
3508,F-A1-PORTSCAN-V-01,PortScan,PortScan,RF-v4,0.022462684358732367,0.02456998804013236,0.9529673276011341
3509,F-A1-PORTSCAN-V-01,PortScan,PortScan,RF-v4,0.011362597026078827,0.010728326337278654,0.9779090766366417
3510,F-A1-PORTSCAN-V-01,PortScan,PortScan,RF-v4,0.011362597026078827,0.010728326337278654,0.9779090766366417
3511,F-A1-PORTSCAN-V-01,PortScan,PortScan,RF-v4,0.022462684358732367,0.02456998804013236,0.9529673276011341
3512,F-A1-PORTSCAN-V-01,PortScan,PortScan,RF-v4,0.011362597026078827,0.010728326337278654,0.9779090766366417
3513,F-A1-PORTSCAN-V-01,PortScan,PortScan,RF-v4,0.011362597026078827,0.010728326337278654,0.9779090766366417
3514,F-A1-PORTSCAN-V-01,PortScan,PortScan,RF-v4,0.011362597026078827,0.010728326337278654,0.9779090766366417
3515,F-A1-PORTSCAN-V-01,PortScan,PortScan,RF-v4,0.011362597026078827,0.010728326337278654,0.9779090766366417
3516,F-A1-PORTSCAN-V-01,PortScan,PortScan,RF-v4,0.022462684358732367,0.02456998804013236,0.9529673276011341
3517,F-A1-PORTSCAN-V-01,PortScan,PortScan,RF-v4,0.011362597026078827,0.010728326337278654,0.9779090766366417
3518,F-A1-PORTSCAN-V-01,PortScan,PortScan,RF-v4,0.022462684358732367,0.025450875412146013,0.9520864402291206
3519,F-A1-PORTSCAN-V-01,PortScan,PortScan,RF-v4,0.022462684358732367,0.02456998804013236,0.9529673276011341
3520,F-A1-PORTSCAN-V-01,PortScan,PortScan,RF-v4,0.011362597026078827,0.010728326337278654,0.9779090766366417
3521,F-A1-PORTSCAN-V-01,PortScan,PortScan,RF-v4,0.011362597026078827,0.010728326337278654,0.9779090766366417
3522,F-A1-PORTSCAN-V-01,PortScan,PortScan,RF-v4,0.011362597026078827,0.010728326337278654,0.9779090766366417
3523,F-A1-PORTSCAN-V-01,PortScan,PortScan,RF-v4,0.022462684358732367,0.02456998804013236,0.9529673276011341
3524,F-A1-PORTSCAN-V-01,PortScan,PortScan,RF-v4,0.011362597026078827,0.010728326337278654,0.9779090766366417
3525,F-A1-PORTSCAN-V-01,PortScan,PortScan,RF-v4,0.02455063355411335,0.02445691884871638,0.950992447597169
3526,F-A1-PORTSCAN-V-01,PortScan,PortScan,RF-v4,0.024867423014224795,0.02445691884871638,0.9506756581370577
3527,F-A1-PORTSCAN-V-01,PortScan,PortScan,RF-v4,0.022462684358732367,0.02456998804013236,0.9529673276011341
3528,F-A1-PORTSCAN-V-01,PortScan,PortScan,RF-v4,0.011362597026078827,0.010728326337278654,0.9779090766366417
3529,F-A1-PORTSCAN-V-01,PortScan,PortScan,RF-v4,0.011362597026078827,0.010728326337278654,0.9779090766366417
3530,F-A1-PORTSCAN-V-01,PortScan,PortScan,RF-v4,0.011362597026078827,0.010728326337278654,0.9779090766366417
3531,F-A1-PORTSCAN-V-01,PortScan,PortScan,RF-v4,0.02455063355411335,0.02445691884871638,0.950992447597169
3532,F-A1-PORTSCAN-V-01,PortScan,PortScan,RF-v4,0.011362597026078827,0.01157796121187751,0.9770594417620428
3533,F-A1-PORTSCAN-V-01,PortScan,PortScan,RF-v4,0.011362597026078827,0.010728326337278654,0.9779090766366417
3534,F-A1-PORTSCAN-V-01,PortScan,PortScan,RF-v4,0.011362597026078827,0.010728326337278654,0.9779090766366417
3535,F-A1-PORTSCAN-V-01,PortScan,PortScan,RF-v4,0.011362597026078827,0.010697073839863857,0.9779403291340566
3536,F-A1-PORTSCAN-V-01,PortScan,PortScan,RF-v4,0.011362597026078827,0.010728326337278654,0.9779090766366417
3537,F-A1-PORTSCAN-V-01,PortScan,PortScan,RF-v4,0.02455063355411335,0.02445691884871638,0.950992447597169
3538,F-A1-PORTSCAN-V-01,PortScan,PortScan,RF-v4,0.011362597026078827,0.010728326337278654,0.9779090766366417
3539,F-A1-PORTSCAN-V-01,PortScan,PortScan,RF-v4,0.011362597026078827,0.010728326337278654,0.9779090766366417
3540,F-A1-PORTSCAN-V-01,PortScan,PortScan,RF-v4,0.011362597026078827,0.010728326337278654,0.9779090766366417
3541,F-A1-PORTSCAN-V-01,PortScan,PortScan,RF-v4,0.011362597026078827,0.010728326337278654,0.9779090766366417
3542,F-A1-PORTSCAN-V-01,PortScan,PortScan,RF-v4,0.011362597026078827,0.010728326337278654,0.9779090766366417
3543,F-A1-PORTSCAN-V-01,PortScan,PortScan,RF-v4,0.011362597026078827,0.010728326337278654,0.9779090766366417
3544,F-A1-PORTSCAN-V-01,PortScan,PortScan,RF-v4,0.011362597026078827,0.010728326337278654,0.9779090766366417
3545,F-A1-PORTSCAN-V-01,PortScan,PortScan,RF-v4,0.011362597026078827,0.010728326337278654,0.9779090766366417
3546,F-A1-PORTSCAN-V-01,PortScan,PortScan,RF-v4,0.011362597026078827,0.010728326337278654,0.9779090766366417
3547,F-A1-PORTSCAN-V-01,PortScan,PortScan,RF-v4,0.011362597026078827,0.010728326337278654,0.9779090766366417
3548,F-A1-PORTSCAN-V-01,PortScan,PortScan,RF-v4,0.011362597026078827,0.010697073839863857,0.9779403291340566
3549,F-A1-PORTSCAN-V-01,PortScan,PortScan,RF-v4,0.022462684358732367,0.025450875412146013,0.9520864402291206
3550,F-A1-PORTSCAN-V-01,PortScan,PortScan,RF-v4,0.01551094102145191,0.010737787045729152,0.9737512719328181
3551,F-A1-PORTSCAN-V-01,PortScan,PortScan,RF-v4,0.011362597026078827,0.010697073839863857,0.9779403291340566
3552,F-A1-PORTSCAN-V-01,PortScan,PortScan,RF-v4,0.022462684358732367,0.02456998804013236,0.9529673276011341
3553,F-A1-PORTSCAN-V-01,PortScan,PortScan,RF-v4,0.011362597026078827,0.010697073839863857,0.9779403291340566
3554,F-A1-PORTSCAN-V-01,PortScan,PortScan,RF-v4,0.011362597026078827,0.010728326337278654,0.9779090766366417
3555,F-A1-PORTSCAN-V-01,PortScan,PortScan,RF-v4,0.011362597026078827,0.010728326337278654,0.9779090766366417
3556,F-A1-PORTSCAN-V-01,PortScan,PortScan,RF-v4,0.011362597026078827,0.010728326337278654,0.9779090766366417
3557,F-A1-PORTSCAN-V-01,PortScan,PortScan,RF-v4,0.011362597026078827,0.010728326337278654,0.9779090766366417
3558,F-A1-PORTSCAN-V-01,PortScan,PortScan,RF-v4,0.011362597026078827,0.010728326337278654,0.9779090766366417
3559,F-A1-PORTSCAN-V-01,PortScan,PortScan,RF-v4,0.022462684358732367,0.02456998804013236,0.9529673276011341
3560,F-A1-PORTSCAN-V-01,PortScan,PortScan,RF-v4,0.011362597026078827,0.010728326337278654,0.9779090766366417
3561,F-A1-PORTSCAN-V-01,PortScan,PortScan,RF-v4,0.011362597026078827,0.010728326337278654,0.9779090766366417
3562,F-A1-PORTSCAN-V-01,PortScan,PortScan,RF-v4,0.02455063355411335,0.02445691884871638,0.950992447597169
3563,F-A1-PORTSCAN-V-01,PortScan,PortScan,RF-v4,0.024867423014224795,0.02445691884871638,0.9506756581370577
3564,F-A1-PORTSCAN-V-01,PortScan,PortScan,RF-v4,0.01094605750389357,0.010642434600036823,0.9784115078960687
3565,F-A1-PORTSCAN-V-01,PortScan,PortScan,RF-v4,0.011362597026078827,0.010728326337278654,0.9779090766366417
3566,F-A1-PORTSCAN-V-01,PortScan,PortScan,RF-v4,0.011362597026078827,0.010728326337278654,0.9779090766366417
3567,F-A1-PORTSCAN-V-01,PortScan,PortScan,RF-v4,0.011362597026078827,0.010728326337278654,0.9779090766366417
3568,F-A1-PORTSCAN-V-01,PortScan,PortScan,RF-v4,0.011362597026078827,0.01157796121187751,0.9770594417620428
3569,F-A1-PORTSCAN-V-01,PortScan,PortScan,RF-v4,0.011362597026078827,0.010728326337278654,0.9779090766366417
3570,F-A1-PORTSCAN-V-01,PortScan,PortScan,RF-v4,0.022462684358732367,0.02456998804013236,0.9529673276011341
3571,F-A1-PORTSCAN-V-01,PortScan,PortScan,RF-v4,0.011362597026078827,0.010697073839863857,0.9779403291340566
3572,F-A1-PORTSCAN-V-01,PortScan,PortScan,RF-v4,0.011362597026078827,0.010728326337278654,0.9779090766366417
3573,F-A1-PORTSCAN-V-01,PortScan,PortScan,RF-v4,0.011362597026078827,0.01157796121187751,0.9770594417620428
3574,F-A1-PORTSCAN-V-01,PortScan,PortScan,RF-v4,0.011362597026078827,0.010728326337278654,0.9779090766366417
3575,F-A1-PORTSCAN-V-01,PortScan,PortScan,RF-v4,0.024867423014224795,0.02445691884871638,0.9506756581370577
3576,F-A1-PORTSCAN-V-01,PortScan,PortScan,RF-v4,0.011362597026078827,0.010728326337278654,0.9779090766366417
3577,F-A1-PORTSCAN-V-01,PortScan,PortScan,RF-v4,0.02455063355411335,0.02445691884871638,0.950992447597169
3578,F-A1-PORTSCAN-V-01,PortScan,PortScan,RF-v4,0.011362597026078827,0.010697073839863857,0.9779403291340566
3579,F-A1-PORTSCAN-V-01,PortScan,PortScan,RF-v4,0.011362597026078827,0.010697073839863857,0.9779403291340566
3580,F-A1-PORTSCAN-V-01,PortScan,PortScan,RF-v4,0.022462684358732367,0.02456998804013236,0.9529673276011341
3581,F-A1-PORTSCAN-V-01,PortScan,PortScan,RF-v4,0.011362597026078827,0.010728326337278654,0.9779090766366417
3582,F-A1-PORTSCAN-V-01,PortScan,PortScan,RF-v4,0.011362597026078827,0.010728326337278654,0.9779090766366417
3583,F-A1-PORTSCAN-V-01,PortScan,PortScan,RF-v4,0.011362597026078827,0.01157796121187751,0.9770594417620428
3584,F-A1-PORTSCAN-V-01,PortScan,PortScan,RF-v4,0.022462684358732367,0.025450875412146013,0.9520864402291206
3585,F-A1-PORTSCAN-V-01,PortScan,PortScan,RF-v4,0.022462684358732367,0.02456998804013236,0.9529673276011341
3586,F-A1-PORTSCAN-V-01,PortScan,PortScan,RF-v4,0.011362597026078827,0.010728326337278654,0.9779090766366417
3587,F-A1-PORTSCAN-V-01,PortScan,PortScan,RF-v4,0.022462684358732367,0.025450875412146013,0.9520864402291206
3588,F-A1-PORTSCAN-V-01,PortScan,PortScan,RF-v4,0.011362597026078827,0.010697073839863857,0.9779403291340566
3589,F-A1-PORTSCAN-V-01,PortScan,PortScan,RF-v4,0.022462684358732367,0.02456998804013236,0.9529673276011341
3590,F-A1-PORTSCAN-V-01,PortScan,PortScan,RF-v4,0.011362597026078827,0.010728326337278654,0.9779090766366417
3591,F-A1-PORTSCAN-V-01,PortScan,PortScan,RF-v4,0.011362597026078827,0.010728326337278654,0.9779090766366417
3592,F-A1-PORTSCAN-V-01,PortScan,PortScan,RF-v4,0.024867423014224795,0.02445691884871638,0.9506756581370577
3593,F-A1-PORTSCAN-V-01,PortScan,PortScan,RF-v4,0.011362597026078827,0.010728326337278654,0.9779090766366417
3594,F-A1-PORTSCAN-V-01,PortScan,PortScan,RF-v4,0.024867423014224795,0.02445691884871638,0.9506756581370577
3595,F-A1-PORTSCAN-V-01,PortScan,PortScan,RF-v4,0.011362597026078827,0.010728326337278654,0.9779090766366417
3596,F-A1-PORTSCAN-V-01,PortScan,PortScan,RF-v4,0.011362597026078827,0.010728326337278654,0.9779090766366417
3597,F-A1-PORTSCAN-V-01,PortScan,PortScan,RF-v4,0.011362597026078827,0.010728326337278654,0.9779090766366417
3598,F-A1-PORTSCAN-V-01,PortScan,PortScan,RF-v4,0.011362597026078827,0.010728326337278654,0.9779090766366417
3599,F-A1-PORTSCAN-V-01,PortScan,PortScan,RF-v4,0.022462684358732367,0.025450875412146013,0.9520864402291206
3600,F-A1-PORTSCAN-V-01,PortScan,PortScan,RF-v4,0.011362597026078827,0.010697073839863857,0.9779403291340566
3601,F-A1-PORTSCAN-V-01,PortScan,PortScan,RF-v4,0.011362597026078827,0.010728326337278654,0.9779090766366417
3602,F-A1-PORTSCAN-V-01,PortScan,PortScan,RF-v4,0.022462684358732367,0.02456998804013236,0.9529673276011341
3603,F-A1-PORTSCAN-V-01,PortScan,PortScan,RF-v4,0.011362597026078827,0.010697073839863857,0.9779403291340566
3604,F-A1-PORTSCAN-V-01,PortScan,PortScan,RF-v4,0.011362597026078827,0.010728326337278654,0.9779090766366417
3605,F-A1-PORTSCAN-V-01,PortScan,PortScan,RF-v4,0.022462684358732367,0.02456998804013236,0.9529673276011341
3606,F-A1-PORTSCAN-V-01,PortScan,PortScan,RF-v4,0.022462684358732367,0.025450875412146013,0.9520864402291206
3607,F-A1-PORTSCAN-V-01,PortScan,PortScan,RF-v4,0.011362597026078827,0.010728326337278654,0.9779090766366417
3608,F-A1-PORTSCAN-V-01,PortScan,PortScan,RF-v4,0.011362597026078827,0.010728326337278654,0.9779090766366417
3609,F-A1-PORTSCAN-V-01,PortScan,PortScan,RF-v4,0.011362597026078827,0.010697073839863857,0.9779403291340566
3610,F-A1-PORTSCAN-V-01,PortScan,PortScan,RF-v4,0.011362597026078827,0.01157796121187751,0.9770594417620428
3611,F-A1-PORTSCAN-V-01,PortScan,PortScan,RF-v4,0.011362597026078827,0.010728326337278654,0.9779090766366417
3612,F-A1-PORTSCAN-V-01,PortScan,PortScan,RF-v4,0.011362597026078827,0.010728326337278654,0.9779090766366417
3613,F-A1-PORTSCAN-V-01,PortScan,PortScan,RF-v4,0.01551094102145191,0.010737787045729152,0.9737512719328181
3614,F-A1-PORTSCAN-V-01,PortScan,PortScan,RF-v4,0.011362597026078827,0.010728326337278654,0.9779090766366417
3615,F-A1-PORTSCAN-V-01,PortScan,PortScan,RF-v4,0.02455063355411335,0.02445691884871638,0.950992447597169
3616,F-A1-PORTSCAN-V-01,PortScan,PortScan,RF-v4,0.011362597026078827,0.010728326337278654,0.9779090766366417
3617,F-A1-PORTSCAN-V-01,PortScan,PortScan,RF-v4,0.011362597026078827,0.010728326337278654,0.9779090766366417
3618,F-A1-PORTSCAN-V-01,PortScan,PortScan,RF-v4,0.013600494794876974,0.015344857322839694,0.9710546478822825
3619,F-A1-PORTSCAN-V-01,PortScan,PortScan,RF-v4,0.011362597026078827,0.010728326337278654,0.9779090766366417
3620,F-A1-PORTSCAN-V-01,PortScan,PortScan,RF-v4,0.022462684358732367,0.02456998804013236,0.9529673276011341
3621,F-A1-PORTSCAN-V-01,PortScan,PortScan,RF-v4,0.011362597026078827,0.01157796121187751,0.9770594417620428
3622,F-A1-PORTSCAN-V-01,PortScan,PortScan,RF-v4,0.011362597026078827,0.010728326337278654,0.9779090766366417
3623,F-A1-PORTSCAN-V-01,PortScan,PortScan,RF-v4,0.011362597026078827,0.01157796121187751,0.9770594417620428
3624,F-A1-PORTSCAN-V-01,PortScan,PortScan,RF-v4,0.011362597026078827,0.010697073839863857,0.9779403291340566
3625,F-A1-PORTSCAN-V-01,PortScan,PortScan,RF-v4,0.011362597026078827,0.01157796121187751,0.9770594417620428
3626,F-A1-PORTSCAN-V-01,PortScan,PortScan,RF-v4,0.024867423014224795,0.02445691884871638,0.9506756581370577
3627,F-A1-PORTSCAN-V-01,PortScan,PortScan,RF-v4,0.011362597026078827,0.010697073839863857,0.9779403291340566
3628,F-A1-PORTSCAN-V-01,PortScan,PortScan,RF-v4,0.011362597026078827,0.010728326337278654,0.9779090766366417
3629,F-A1-PORTSCAN-V-01,PortScan,PortScan,RF-v4,0.022462684358732367,0.025450875412146013,0.9520864402291206
3630,F-A1-PORTSCAN-V-01,PortScan,PortScan,RF-v4,0.011362597026078827,0.010728326337278654,0.9779090766366417
3631,F-A1-PORTSCAN-V-01,PortScan,PortScan,RF-v4,0.01551094102145191,0.010737787045729152,0.9737512719328181
3632,F-A1-PORTSCAN-V-01,PortScan,PortScan,RF-v4,0.02455063355411335,0.02445691884871638,0.950992447597169
3633,F-A1-PORTSCAN-V-01,PortScan,PortScan,RF-v4,0.011362597026078827,0.010728326337278654,0.9779090766366417
3634,F-A1-PORTSCAN-V-01,PortScan,PortScan,RF-v4,0.024867423014224795,0.02445691884871638,0.9506756581370577
3635,F-A1-PORTSCAN-V-01,PortScan,PortScan,RF-v4,0.02455063355411335,0.02445691884871638,0.950992447597169
3636,F-A1-PORTSCAN-V-01,PortScan,PortScan,RF-v4,0.02455063355411335,0.02445691884871638,0.950992447597169
3637,F-A1-PORTSCAN-V-01,PortScan,PortScan,RF-v4,0.011362597026078827,0.010728326337278654,0.9779090766366417
3638,F-A1-PORTSCAN-V-01,PortScan,PortScan,RF-v4,0.013600494794876974,0.015344857322839694,0.9710546478822825
3639,F-A1-PORTSCAN-V-01,PortScan,PortScan,RF-v4,0.02455063355411335,0.02445691884871638,0.950992447597169
3640,F-A1-PORTSCAN-V-01,PortScan,PortScan,RF-v4,0.011362597026078827,0.010728326337278654,0.9779090766366417
3641,F-A1-PORTSCAN-V-01,PortScan,PortScan,RF-v4,0.022462684358732367,0.02456998804013236,0.9529673276011341
3642,F-A1-PORTSCAN-V-01,PortScan,PortScan,RF-v4,0.011362597026078827,0.010728326337278654,0.9779090766366417
3643,F-A1-PORTSCAN-V-01,PortScan,PortScan,RF-v4,0.011362597026078827,0.010728326337278654,0.9779090766366417
3644,F-A1-PORTSCAN-V-01,PortScan,PortScan,RF-v4,0.011362597026078827,0.010728326337278654,0.9779090766366417
3645,F-A1-PORTSCAN-V-01,PortScan,PortScan,RF-v4,0.011362597026078827,0.01157796121187751,0.9770594417620428
3646,F-A1-PORTSCAN-V-01,PortScan,PortScan,RF-v4,0.011362597026078827,0.010728326337278654,0.9779090766366417
3647,F-A1-PORTSCAN-V-01,PortScan,PortScan,RF-v4,0.011362597026078827,0.010728326337278654,0.9779090766366417
3648,F-A1-PORTSCAN-V-01,PortScan,PortScan,RF-v4,0.02455063355411335,0.02445691884871638,0.950992447597169
3649,F-A1-PORTSCAN-V-01,PortScan,PortScan,RF-v4,0.011362597026078827,0.010728326337278654,0.9779090766366417
3650,F-A1-PORTSCAN-V-01,PortScan,PortScan,RF-v4,0.011362597026078827,0.010728326337278654,0.9779090766366417
3651,F-A1-PORTSCAN-V-01,PortScan,PortScan,RF-v4,0.022462684358732367,0.02456998804013236,0.9529673276011341
3652,F-A1-PORTSCAN-V-01,PortScan,PortScan,RF-v4,0.011362597026078827,0.010728326337278654,0.9779090766366417
3653,F-A1-PORTSCAN-V-01,PortScan,PortScan,RF-v4,0.02455063355411335,0.02533780622073003,0.9501115602251555
3654,F-A1-PORTSCAN-V-01,PortScan,PortScan,RF-v4,0.011362597026078827,0.010728326337278654,0.9779090766366417
3655,F-A1-PORTSCAN-V-01,PortScan,PortScan,RF-v4,0.022462684358732367,0.02456998804013236,0.9529673276011341
3656,F-A1-PORTSCAN-V-01,PortScan,PortScan,RF-v4,0.011362597026078827,0.010728326337278654,0.9779090766366417
3657,F-A1-PORTSCAN-V-01,PortScan,PortScan,RF-v4,0.011362597026078827,0.010728326337278654,0.9779090766366417
3658,F-A1-PORTSCAN-V-01,PortScan,PortScan,RF-v4,0.011362597026078827,0.010728326337278654,0.9779090766366417
3659,F-A1-PORTSCAN-V-01,PortScan,PortScan,RF-v4,0.011362597026078827,0.010728326337278654,0.9779090766366417
3660,F-A1-PORTSCAN-V-01,PortScan,PortScan,RF-v4,0.011362597026078827,0.010697073839863857,0.9779403291340566
3661,F-A1-PORTSCAN-V-01,PortScan,PortScan,RF-v4,0.011362597026078827,0.010697073839863857,0.9779403291340566
3662,F-A1-PORTSCAN-V-01,PortScan,PortScan,RF-v4,0.011362597026078827,0.010728326337278654,0.9779090766366417
3663,F-A1-PORTSCAN-V-01,PortScan,PortScan,RF-v4,0.011362597026078827,0.010728326337278654,0.9779090766366417
3664,F-A1-PORTSCAN-V-01,PortScan,PortScan,RF-v4,0.011362597026078827,0.01157796121187751,0.9770594417620428
3665,F-A1-PORTSCAN-V-01,PortScan,PortScan,RF-v4,0.022462684358732367,0.02456998804013236,0.9529673276011341
3666,F-A1-PORTSCAN-V-01,PortScan,PortScan,RF-v4,0.011362597026078827,0.01157796121187751,0.9770594417620428
3667,F-A1-PORTSCAN-V-01,PortScan,PortScan,RF-v4,0.011362597026078827,0.010697073839863857,0.9779403291340566
3668,F-A1-PORTSCAN-V-01,PortScan,PortScan,RF-v4,0.011362597026078827,0.010697073839863857,0.9779403291340566
3669,F-A1-PORTSCAN-V-01,PortScan,PortScan,RF-v4,0.011362597026078827,0.010697073839863857,0.9779403291340566
3670,F-A1-PORTSCAN-V-01,PortScan,PortScan,RF-v4,0.011362597026078827,0.010728326337278654,0.9779090766366417
3671,F-A1-PORTSCAN-V-01,PortScan,PortScan,RF-v4,0.011362597026078827,0.01157796121187751,0.9770594417620428
3672,F-A1-PORTSCAN-V-01,PortScan,PortScan,RF-v4,0.02455063355411335,0.02445691884871638,0.950992447597169
3673,F-A1-PORTSCAN-V-01,PortScan,PortScan,RF-v4,0.022462684358732367,0.02456998804013236,0.9529673276011341
3674,F-A1-PORTSCAN-V-01,PortScan,PortScan,RF-v4,0.011362597026078827,0.010728326337278654,0.9779090766366417
3675,F-A1-PORTSCAN-V-01,PortScan,PortScan,RF-v4,0.011362597026078827,0.010728326337278654,0.9779090766366417
3676,F-A1-PORTSCAN-V-01,PortScan,PortScan,RF-v4,0.011362597026078827,0.010728326337278654,0.9779090766366417
3677,F-A1-PORTSCAN-V-01,PortScan,PortScan,RF-v4,0.011362597026078827,0.010728326337278654,0.9779090766366417
3678,F-A1-PORTSCAN-V-01,PortScan,PortScan,RF-v4,0.011362597026078827,0.01157796121187751,0.9770594417620428
3679,F-A1-PORTSCAN-V-01,PortScan,PortScan,RF-v4,0.011362597026078827,0.010728326337278654,0.9779090766366417
3680,F-A1-PORTSCAN-V-01,PortScan,PortScan,RF-v4,0.011362597026078827,0.010728326337278654,0.9779090766366417
3681,F-A1-PORTSCAN-V-01,PortScan,PortScan,RF-v4,0.011362597026078827,0.010728326337278654,0.9779090766366417
3682,F-A1-PORTSCAN-V-01,PortScan,PortScan,RF-v4,0.011362597026078827,0.01157796121187751,0.9770594417620428
3683,F-A1-PORTSCAN-V-01,PortScan,PortScan,RF-v4,0.024867423014224795,0.02445691884871638,0.9506756581370577
3684,F-A1-PORTSCAN-V-01,PortScan,PortScan,RF-v4,0.013600494794876974,0.015344857322839694,0.9710546478822825
3685,F-A1-PORTSCAN-V-01,PortScan,PortScan,RF-v4,0.011362597026078827,0.010728326337278654,0.9779090766366417
3686,F-A1-PORTSCAN-V-01,PortScan,PortScan,RF-v4,0.011362597026078827,0.010728326337278654,0.9779090766366417
3687,F-A1-PORTSCAN-V-01,PortScan,PortScan,RF-v4,0.022462684358732367,0.02456998804013236,0.9529673276011341
3688,F-A1-PORTSCAN-V-01,PortScan,PortScan,RF-v4,0.022462684358732367,0.02456998804013236,0.9529673276011341
3689,F-A1-PORTSCAN-V-01,PortScan,PortScan,RF-v4,0.011362597026078827,0.01157796121187751,0.9770594417620428
3690,F-A1-PORTSCAN-V-01,PortScan,PortScan,RF-v4,0.030033115115735337,0.010728326337278654,0.9592385585469851
3691,F-A1-PORTSCAN-V-01,PortScan,PortScan,RF-v4,0.011362597026078827,0.010728326337278654,0.9779090766366417
3692,F-A1-PORTSCAN-V-01,PortScan,PortScan,RF-v4,0.011362597026078827,0.010728326337278654,0.9779090766366417
3693,F-A1-PORTSCAN-V-01,PortScan,PortScan,RF-v4,0.011362597026078827,0.010728326337278654,0.9779090766366417
3694,F-A1-PORTSCAN-V-01,PortScan,PortScan,RF-v4,0.011362597026078827,0.010728326337278654,0.9779090766366417
3695,F-A1-PORTSCAN-V-01,PortScan,PortScan,RF-v4,0.022462684358732367,0.02456998804013236,0.9529673276011341
3696,F-A1-PORTSCAN-V-01,PortScan,PortScan,RF-v4,0.022462684358732367,0.02456998804013236,0.9529673276011341
3697,F-A1-PORTSCAN-V-01,PortScan,PortScan,RF-v4,0.011362597026078827,0.010728326337278654,0.9779090766366417
3698,F-A1-PORTSCAN-V-01,PortScan,PortScan,RF-v4,0.024867423014224795,0.02445691884871638,0.9506756581370577
3699,F-A1-PORTSCAN-V-01,PortScan,PortScan,RF-v4,0.011362597026078827,0.010697073839863857,0.9779403291340566
3700,F-A1-PORTSCAN-V-01,PortScan,PortScan,RF-v4,0.022462684358732367,0.02456998804013236,0.9529673276011341
3701,F-A1-PORTSCAN-V-01,PortScan,PortScan,RF-v4,0.011362597026078827,0.010728326337278654,0.9779090766366417
3702,F-A1-PORTSCAN-V-01,PortScan,PortScan,RF-v4,0.011362597026078827,0.010728326337278654,0.9779090766366417
3703,F-A1-PORTSCAN-V-01,PortScan,PortScan,RF-v4,0.011362597026078827,0.010728326337278654,0.9779090766366417
3704,F-A1-PORTSCAN-V-01,PortScan,PortScan,RF-v4,0.022462684358732367,0.02456998804013236,0.9529673276011341
3705,F-A1-PORTSCAN-V-01,PortScan,PortScan,RF-v4,0.011362597026078827,0.010728326337278654,0.9779090766366417
3706,F-A1-PORTSCAN-V-01,PortScan,PortScan,RF-v4,0.011362597026078827,0.010728326337278654,0.9779090766366417
3707,F-A1-PORTSCAN-V-01,PortScan,PortScan,RF-v4,0.024867423014224795,0.02445691884871638,0.9506756581370577
3708,F-A1-PORTSCAN-V-01,PortScan,PortScan,RF-v4,0.024867423014224795,0.02445691884871638,0.9506756581370577
3709,F-A1-PORTSCAN-V-01,PortScan,PortScan,RF-v4,0.011362597026078827,0.010697073839863857,0.9779403291340566
3710,F-A1-PORTSCAN-V-01,PortScan,PortScan,RF-v4,0.011362597026078827,0.010728326337278654,0.9779090766366417
3711,F-A1-PORTSCAN-V-01,PortScan,PortScan,RF-v4,0.011362597026078827,0.010728326337278654,0.9779090766366417
3712,F-A1-PORTSCAN-V-01,PortScan,PortScan,RF-v4,0.011362597026078827,0.01157796121187751,0.9770594417620428
3713,F-A1-PORTSCAN-V-01,PortScan,PortScan,RF-v4,0.022462684358732367,0.025450875412146013,0.9520864402291206
3714,F-A1-PORTSCAN-V-01,PortScan,PortScan,RF-v4,0.02455063355411335,0.02445691884871638,0.950992447597169
3715,F-A1-PORTSCAN-V-01,PortScan,PortScan,RF-v4,0.022462684358732367,0.025450875412146013,0.9520864402291206
3716,F-A1-PORTSCAN-V-01,PortScan,PortScan,RF-v4,0.011362597026078827,0.010728326337278654,0.9779090766366417
3717,F-A1-PORTSCAN-V-01,PortScan,PortScan,RF-v4,0.011362597026078827,0.010728326337278654,0.9779090766366417
3718,F-A1-PORTSCAN-V-01,PortScan,PortScan,RF-v4,0.011362597026078827,0.01157796121187751,0.9770594417620428
3719,F-A1-PORTSCAN-V-01,PortScan,PortScan,RF-v4,0.02455063355411335,0.02445691884871638,0.950992447597169
3720,F-A1-PORTSCAN-V-01,PortScan,PortScan,RF-v4,0.011362597026078827,0.01157796121187751,0.9770594417620428
3721,F-A1-PORTSCAN-V-01,PortScan,PortScan,RF-v4,0.022462684358732367,0.02456998804013236,0.9529673276011341
3722,F-A1-PORTSCAN-V-01,PortScan,PortScan,RF-v4,0.011362597026078827,0.010728326337278654,0.9779090766366417
3723,F-A1-PORTSCAN-V-01,PortScan,PortScan,RF-v4,0.024867423014224795,0.02445691884871638,0.9506756581370577
3724,F-A1-PORTSCAN-V-01,PortScan,PortScan,RF-v4,0.011362597026078827,0.010728326337278654,0.9779090766366417
3725,F-A1-PORTSCAN-V-01,PortScan,PortScan,RF-v4,0.02455063355411335,0.02445691884871638,0.950992447597169
3726,F-A1-PORTSCAN-V-01,PortScan,PortScan,RF-v4,0.024867423014224795,0.02445691884871638,0.9506756581370577
3727,F-A1-PORTSCAN-V-01,PortScan,PortScan,RF-v4,0.01094605750389357,0.010642434600036823,0.9784115078960687
3728,F-A1-PORTSCAN-V-01,PortScan,PortScan,RF-v4,0.022462684358732367,0.02456998804013236,0.9529673276011341
3729,F-A1-PORTSCAN-V-01,PortScan,PortScan,RF-v4,0.022462684358732367,0.02456998804013236,0.9529673276011341
3730,F-A1-PORTSCAN-V-01,PortScan,PortScan,RF-v4,0.022462684358732367,0.025450875412146013,0.9520864402291206
3731,F-A1-PORTSCAN-V-01,PortScan,PortScan,RF-v4,0.011362597026078827,0.010728326337278654,0.9779090766366417
3732,F-A1-PORTSCAN-V-01,PortScan,PortScan,RF-v4,0.022462684358732367,0.02456998804013236,0.9529673276011341
3733,F-A1-PORTSCAN-V-01,PortScan,PortScan,RF-v4,0.022462684358732367,0.02456998804013236,0.9529673276011341
3734,F-A1-PORTSCAN-V-01,PortScan,PortScan,RF-v4,0.011362597026078827,0.010728326337278654,0.9779090766366417
3735,F-A1-PORTSCAN-V-01,PortScan,PortScan,RF-v4,0.022462684358732367,0.02456998804013236,0.9529673276011341
3736,F-A1-PORTSCAN-V-01,PortScan,PortScan,RF-v4,0.011362597026078827,0.010728326337278654,0.9779090766366417
3737,F-A1-PORTSCAN-V-01,PortScan,PortScan,RF-v4,0.022462684358732367,0.02456998804013236,0.9529673276011341
3738,F-A1-PORTSCAN-V-01,PortScan,PortScan,RF-v4,0.011362597026078827,0.010728326337278654,0.9779090766366417
3739,F-A1-PORTSCAN-V-01,PortScan,PortScan,RF-v4,0.02455063355411335,0.02445691884871638,0.950992447597169
3740,F-A1-PORTSCAN-V-01,PortScan,PortScan,RF-v4,0.022462684358732367,0.02456998804013236,0.9529673276011341
3741,F-A1-PORTSCAN-V-01,PortScan,PortScan,RF-v4,0.011362597026078827,0.010728326337278654,0.9779090766366417
3742,F-A1-PORTSCAN-V-01,PortScan,PortScan,RF-v4,0.024867423014224795,0.02445691884871638,0.9506756581370577
3743,F-A1-PORTSCAN-V-01,PortScan,PortScan,RF-v4,0.011362597026078827,0.010728326337278654,0.9779090766366417
3744,F-A1-PORTSCAN-V-01,PortScan,PortScan,RF-v4,0.024867423014224795,0.02445691884871638,0.9506756581370577
3745,F-A1-PORTSCAN-V-01,PortScan,PortScan,RF-v4,0.022462684358732367,0.025450875412146013,0.9520864402291206
3746,F-A1-PORTSCAN-V-01,PortScan,PortScan,RF-v4,0.011362597026078827,0.010728326337278654,0.9779090766366417
3747,F-A1-PORTSCAN-V-01,PortScan,PortScan,RF-v4,0.011362597026078827,0.010728326337278654,0.9779090766366417
3748,F-A1-PORTSCAN-V-01,PortScan,PortScan,RF-v4,0.011362597026078827,0.010728326337278654,0.9779090766366417
3749,F-A1-PORTSCAN-V-01,PortScan,PortScan,RF-v4,0.022462684358732367,0.025450875412146013,0.9520864402291206
3750,F-A1-PORTSCAN-V-01,PortScan,PortScan,RF-v4,0.022462684358732367,0.02456998804013236,0.9529673276011341
3751,F-A1-PORTSCAN-V-01,PortScan,PortScan,RF-v4,0.011362597026078827,0.010728326337278654,0.9779090766366417
3752,F-A1-PORTSCAN-V-01,PortScan,PortScan,RF-v4,0.011362597026078827,0.010728326337278654,0.9779090766366417
3753,F-A1-PORTSCAN-V-01,PortScan,PortScan,RF-v4,0.011362597026078827,0.010728326337278654,0.9779090766366417
3754,F-A1-PORTSCAN-V-01,PortScan,PortScan,RF-v4,0.022462684358732367,0.02456998804013236,0.9529673276011341
3755,F-A1-PORTSCAN-V-01,PortScan,PortScan,RF-v4,0.011362597026078827,0.010728326337278654,0.9779090766366417
3756,F-A1-PORTSCAN-V-01,PortScan,PortScan,RF-v4,0.011362597026078827,0.010728326337278654,0.9779090766366417
3757,F-A1-PORTSCAN-V-01,PortScan,PortScan,RF-v4,0.011362597026078827,0.010728326337278654,0.9779090766366417
3758,F-A1-PORTSCAN-V-01,PortScan,PortScan,RF-v4,0.011362597026078827,0.010728326337278654,0.9779090766366417
3759,F-A1-PORTSCAN-V-01,PortScan,PortScan,RF-v4,0.022462684358732367,0.02456998804013236,0.9529673276011341
3760,F-A1-PORTSCAN-V-01,PortScan,PortScan,RF-v4,0.011362597026078827,0.01157796121187751,0.9770594417620428
3761,F-A1-PORTSCAN-V-01,PortScan,PortScan,RF-v4,0.022462684358732367,0.02456998804013236,0.9529673276011341
3762,F-A1-PORTSCAN-V-01,PortScan,PortScan,RF-v4,0.011362597026078827,0.010728326337278654,0.9779090766366417
3763,F-A1-PORTSCAN-V-01,PortScan,PortScan,RF-v4,0.011362597026078827,0.01157796121187751,0.9770594417620428
3764,F-A1-PORTSCAN-V-01,PortScan,PortScan,RF-v4,0.011362597026078827,0.010697073839863857,0.9779403291340566
3765,F-A1-PORTSCAN-V-01,PortScan,PortScan,RF-v4,0.011362597026078827,0.010728326337278654,0.9779090766366417
3766,F-A1-PORTSCAN-V-01,PortScan,PortScan,RF-v4,0.022462684358732367,0.02456998804013236,0.9529673276011341
3767,F-A1-PORTSCAN-V-01,PortScan,PortScan,RF-v4,0.02455063355411335,0.02445691884871638,0.950992447597169
3768,F-A1-PORTSCAN-V-01,PortScan,PortScan,RF-v4,0.011362597026078827,0.010697073839863857,0.9779403291340566
3769,F-A1-PORTSCAN-V-01,PortScan,PortScan,RF-v4,0.022462684358732367,0.02456998804013236,0.9529673276011341
3770,F-A1-PORTSCAN-V-01,PortScan,PortScan,RF-v4,0.011362597026078827,0.010728326337278654,0.9779090766366417
3771,F-A1-PORTSCAN-V-01,PortScan,PortScan,RF-v4,0.011362597026078827,0.010728326337278654,0.9779090766366417
3772,F-A1-PORTSCAN-V-01,PortScan,PortScan,RF-v4,0.3598899366639304,0.2545847456851972,0.3855253176508726
3773,F-A1-PORTSCAN-V-01,PortScan,PortScan,RF-v4,0.011362597026078827,0.010728326337278654,0.9779090766366417
3774,F-A1-PORTSCAN-V-01,PortScan,PortScan,RF-v4,0.011362597026078827,0.010728326337278654,0.9779090766366417
3775,F-A1-PORTSCAN-V-01,PortScan,PortScan,RF-v4,0.024867423014224795,0.02445691884871638,0.9506756581370577
3776,F-A1-PORTSCAN-V-01,PortScan,PortScan,RF-v4,0.02455063355411335,0.02445691884871638,0.950992447597169
3777,F-A1-PORTSCAN-V-01,PortScan,PortScan,RF-v4,0.011362597026078827,0.010728326337278654,0.9779090766366417
3778,F-A1-PORTSCAN-V-01,PortScan,PortScan,RF-v4,0.011362597026078827,0.010728326337278654,0.9779090766366417
3779,F-A1-PORTSCAN-V-01,PortScan,PortScan,RF-v4,0.022462684358732367,0.02456998804013236,0.9529673276011341
3780,F-A1-PORTSCAN-V-01,PortScan,PortScan,RF-v4,0.022462684358732367,0.02456998804013236,0.9529673276011341
3781,F-A1-PORTSCAN-V-01,PortScan,PortScan,RF-v4,0.011362597026078827,0.010728326337278654,0.9779090766366417
3782,F-A1-PORTSCAN-V-01,PortScan,PortScan,RF-v4,0.011362597026078827,0.010728326337278654,0.9779090766366417
3783,F-A1-PORTSCAN-V-01,PortScan,PortScan,RF-v4,0.011362597026078827,0.010728326337278654,0.9779090766366417
3784,F-A1-PORTSCAN-V-01,PortScan,PortScan,RF-v4,0.011362597026078827,0.010728326337278654,0.9779090766366417
3785,F-A1-PORTSCAN-V-01,PortScan,PortScan,RF-v4,0.022462684358732367,0.02456998804013236,0.9529673276011341
3786,F-A1-PORTSCAN-V-01,PortScan,PortScan,RF-v4,0.022462684358732367,0.02456998804013236,0.9529673276011341
3787,F-A1-PORTSCAN-V-01,PortScan,PortScan,RF-v4,0.011362597026078827,0.010728326337278654,0.9779090766366417
3788,F-A1-PORTSCAN-V-01,PortScan,PortScan,RF-v4,0.011362597026078827,0.010728326337278654,0.9779090766366417
3789,F-A1-PORTSCAN-V-01,PortScan,PortScan,RF-v4,0.011362597026078827,0.010728326337278654,0.9779090766366417
3790,F-A1-PORTSCAN-V-01,PortScan,PortScan,RF-v4,0.011362597026078827,0.01157796121187751,0.9770594417620428
3791,F-A1-PORTSCAN-V-01,PortScan,PortScan,RF-v4,0.011362597026078827,0.010728326337278654,0.9779090766366417
3792,F-A1-PORTSCAN-V-01,PortScan,PortScan,RF-v4,0.011362597026078827,0.01157796121187751,0.9770594417620428
3793,F-A1-PORTSCAN-V-01,PortScan,PortScan,RF-v4,0.011362597026078827,0.010728326337278654,0.9779090766366417
3794,F-A1-PORTSCAN-V-01,PortScan,PortScan,RF-v4,0.024867423014224795,0.02445691884871638,0.9506756581370577
3795,F-A1-PORTSCAN-V-01,PortScan,PortScan,RF-v4,0.02455063355411335,0.02445691884871638,0.950992447597169
3796,F-A1-PORTSCAN-V-01,PortScan,PortScan,RF-v4,0.02455063355411335,0.02445691884871638,0.950992447597169
3797,F-A1-PORTSCAN-V-01,PortScan,PortScan,RF-v4,0.022462684358732367,0.02456998804013236,0.9529673276011341
3798,F-A1-PORTSCAN-V-01,PortScan,PortScan,RF-v4,0.011362597026078827,0.01157796121187751,0.9770594417620428
3799,F-A1-PORTSCAN-V-01,PortScan,PortScan,RF-v4,0.011362597026078827,0.010728326337278654,0.9779090766366417
3800,F-A1-PORTSCAN-V-01,PortScan,PortScan,RF-v4,0.011362597026078827,0.010728326337278654,0.9779090766366417
3801,F-A1-PORTSCAN-V-01,PortScan,PortScan,RF-v4,0.011362597026078827,0.010728326337278654,0.9779090766366417
3802,F-A1-PORTSCAN-V-01,PortScan,PortScan,RF-v4,0.011362597026078827,0.010728326337278654,0.9779090766366417
3803,F-A1-PORTSCAN-V-01,PortScan,PortScan,RF-v4,0.011362597026078827,0.010728326337278654,0.9779090766366417
3804,F-A1-PORTSCAN-V-01,PortScan,PortScan,RF-v4,0.022462684358732367,0.025450875412146013,0.9520864402291206
3805,F-A1-PORTSCAN-V-01,PortScan,PortScan,RF-v4,0.011362597026078827,0.010728326337278654,0.9779090766366417
3806,F-A1-PORTSCAN-V-01,PortScan,PortScan,RF-v4,0.011362597026078827,0.010728326337278654,0.9779090766366417
3807,F-A1-PORTSCAN-V-01,PortScan,PortScan,RF-v4,0.011362597026078827,0.010728326337278654,0.9779090766366417
3808,F-A1-PORTSCAN-V-01,PortScan,PortScan,RF-v4,0.022462684358732367,0.02456998804013236,0.9529673276011341
3809,F-A1-PORTSCAN-V-01,PortScan,PortScan,RF-v4,0.011362597026078827,0.01157796121187751,0.9770594417620428
3810,F-A1-PORTSCAN-V-01,PortScan,PortScan,RF-v4,0.011362597026078827,0.010728326337278654,0.9779090766366417
3811,F-A1-PORTSCAN-V-01,PortScan,PortScan,RF-v4,0.02455063355411335,0.02445691884871638,0.950992447597169
3812,F-A1-PORTSCAN-V-01,PortScan,PortScan,RF-v4,0.011362597026078827,0.010728326337278654,0.9779090766366417
3813,F-A1-PORTSCAN-V-01,PortScan,PortScan,RF-v4,0.011362597026078827,0.010728326337278654,0.9779090766366417
3814,F-A1-PORTSCAN-V-01,PortScan,PortScan,RF-v4,0.011362597026078827,0.010728326337278654,0.9779090766366417
3815,F-A1-PORTSCAN-V-01,PortScan,PortScan,RF-v4,0.011362597026078827,0.010728326337278654,0.9779090766366417
3816,F-A1-PORTSCAN-V-01,PortScan,PortScan,RF-v4,0.011362597026078827,0.010728326337278654,0.9779090766366417
3817,F-A1-PORTSCAN-V-01,PortScan,PortScan,RF-v4,0.011362597026078827,0.010728326337278654,0.9779090766366417
3818,F-A1-PORTSCAN-V-01,PortScan,PortScan,RF-v4,0.011362597026078827,0.010728326337278654,0.9779090766366417
3819,F-A1-PORTSCAN-V-01,PortScan,PortScan,RF-v4,0.011362597026078827,0.010728326337278654,0.9779090766366417
3820,F-A1-PORTSCAN-V-01,PortScan,PortScan,RF-v4,0.024867423014224795,0.02445691884871638,0.9506756581370577
3821,F-A1-PORTSCAN-V-01,PortScan,PortScan,RF-v4,0.02455063355411335,0.02445691884871638,0.950992447597169
3822,F-A1-PORTSCAN-V-01,PortScan,PortScan,RF-v4,0.011362597026078827,0.010728326337278654,0.9779090766366417
3823,F-A1-PORTSCAN-V-01,PortScan,PortScan,RF-v4,0.022462684358732367,0.02456998804013236,0.9529673276011341
3824,F-A1-PORTSCAN-V-01,PortScan,PortScan,RF-v4,0.011362597026078827,0.010728326337278654,0.9779090766366417
3825,F-A1-PORTSCAN-V-01,PortScan,PortScan,RF-v4,0.02455063355411335,0.02445691884871638,0.950992447597169
3826,F-A1-PORTSCAN-V-01,PortScan,PortScan,RF-v4,0.011362597026078827,0.010728326337278654,0.9779090766366417
3827,F-A1-PORTSCAN-V-01,PortScan,PortScan,RF-v4,0.011362597026078827,0.010728326337278654,0.9779090766366417
3828,F-A1-PORTSCAN-V-01,PortScan,PortScan,RF-v4,0.022462684358732367,0.02456998804013236,0.9529673276011341
3829,F-A1-PORTSCAN-V-01,PortScan,PortScan,RF-v4,0.024867423014224795,0.02445691884871638,0.9506756581370577
3830,F-A1-PORTSCAN-V-01,PortScan,PortScan,RF-v4,0.011362597026078827,0.010728326337278654,0.9779090766366417
3831,F-A1-PORTSCAN-V-01,PortScan,PortScan,RF-v4,0.011362597026078827,0.010728326337278654,0.9779090766366417
3832,F-A1-PORTSCAN-V-01,PortScan,PortScan,RF-v4,0.010077466767963996,0.010650464612028019,0.979272068620007
3833,F-A1-PORTSCAN-V-01,PortScan,PortScan,RF-v4,0.011362597026078827,0.010728326337278654,0.9779090766366417
3834,F-A1-PORTSCAN-V-01,PortScan,PortScan,RF-v4,0.011362597026078827,0.010728326337278654,0.9779090766366417
3835,F-A1-PORTSCAN-V-01,PortScan,PortScan,RF-v4,0.01551094102145191,0.010737787045729152,0.9737512719328181
3836,F-A1-PORTSCAN-V-01,PortScan,PortScan,RF-v4,0.024867423014224795,0.02445691884871638,0.9506756581370577
3837,F-A1-PORTSCAN-V-01,PortScan,PortScan,RF-v4,0.011362597026078827,0.010728326337278654,0.9779090766366417
3838,F-A1-PORTSCAN-V-01,PortScan,PortScan,RF-v4,0.011362597026078827,0.010728326337278654,0.9779090766366417
3839,F-A1-PORTSCAN-V-01,PortScan,PortScan,RF-v4,0.024867423014224795,0.02445691884871638,0.9506756581370577
3840,F-A1-PORTSCAN-V-01,PortScan,PortScan,RF-v4,0.011362597026078827,0.010728326337278654,0.9779090766366417
3841,F-A1-PORTSCAN-V-01,PortScan,PortScan,RF-v4,0.022462684358732367,0.025450875412146013,0.9520864402291206
3842,F-A1-PORTSCAN-V-01,PortScan,PortScan,RF-v4,0.011362597026078827,0.01157796121187751,0.9770594417620428
3843,F-A1-PORTSCAN-V-01,PortScan,PortScan,RF-v4,0.011362597026078827,0.010728326337278654,0.9779090766366417
3844,F-A1-PORTSCAN-V-01,PortScan,PortScan,RF-v4,0.011362597026078827,0.010728326337278654,0.9779090766366417
3845,F-A1-PORTSCAN-V-01,PortScan,PortScan,RF-v4,0.02455063355411335,0.02445691884871638,0.950992447597169
3846,F-A1-PORTSCAN-V-01,PortScan,PortScan,RF-v4,0.011362597026078827,0.010728326337278654,0.9779090766366417
3847,F-A1-PORTSCAN-V-01,PortScan,PortScan,RF-v4,0.011362597026078827,0.010728326337278654,0.9779090766366417
3848,F-A1-PORTSCAN-V-01,PortScan,PortScan,RF-v4,0.011362597026078827,0.010728326337278654,0.9779090766366417
3849,F-A1-PORTSCAN-V-01,PortScan,PortScan,RF-v4,0.011362597026078827,0.010697073839863857,0.9779403291340566
3850,F-A1-PORTSCAN-V-01,PortScan,PortScan,RF-v4,0.011362597026078827,0.010728326337278654,0.9779090766366417
3851,F-A1-PORTSCAN-V-01,PortScan,PortScan,RF-v4,0.011362597026078827,0.010728326337278654,0.9779090766366417
3852,F-A1-PORTSCAN-V-01,PortScan,PortScan,RF-v4,0.011362597026078827,0.010728326337278654,0.9779090766366417
3853,F-A1-PORTSCAN-V-01,PortScan,PortScan,RF-v4,0.011362597026078827,0.010728326337278654,0.9779090766366417
3854,F-A1-PORTSCAN-V-01,PortScan,PortScan,RF-v4,0.011362597026078827,0.010728326337278654,0.9779090766366417
3855,F-A1-PORTSCAN-V-01,PortScan,PortScan,RF-v4,0.011362597026078827,0.010728326337278654,0.9779090766366417
3856,F-A1-PORTSCAN-V-01,PortScan,PortScan,RF-v4,0.011362597026078827,0.010728326337278654,0.9779090766366417
3857,F-A1-PORTSCAN-V-01,PortScan,PortScan,RF-v4,0.011362597026078827,0.010728326337278654,0.9779090766366417
3858,F-A1-PORTSCAN-V-01,PortScan,PortScan,RF-v4,0.011362597026078827,0.010697073839863857,0.9779403291340566
3859,F-A1-PORTSCAN-V-01,PortScan,PortScan,RF-v4,0.011362597026078827,0.010728326337278654,0.9779090766366417
3860,F-A1-PORTSCAN-V-01,PortScan,PortScan,RF-v4,0.011362597026078827,0.010728326337278654,0.9779090766366417
3861,F-A1-PORTSCAN-V-01,PortScan,PortScan,RF-v4,0.011362597026078827,0.010728326337278654,0.9779090766366417
3862,F-A1-PORTSCAN-V-01,PortScan,PortScan,RF-v4,0.024867423014224795,0.02445691884871638,0.9506756581370577
3863,F-A1-PORTSCAN-V-01,PortScan,PortScan,RF-v4,0.011362597026078827,0.010728326337278654,0.9779090766366417
3864,F-A1-PORTSCAN-V-01,PortScan,PortScan,RF-v4,0.02455063355411335,0.02533780622073003,0.9501115602251555
3865,F-A1-PORTSCAN-V-01,PortScan,PortScan,RF-v4,0.011362597026078827,0.010728326337278654,0.9779090766366417
3866,F-A1-PORTSCAN-V-01,PortScan,PortScan,RF-v4,0.011362597026078827,0.010728326337278654,0.9779090766366417
3867,F-A1-PORTSCAN-V-01,PortScan,PortScan,RF-v4,0.011362597026078827,0.010697073839863857,0.9779403291340566
3868,F-A1-PORTSCAN-V-01,PortScan,PortScan,RF-v4,0.024867423014224795,0.02445691884871638,0.9506756581370577
3869,F-A1-PORTSCAN-V-01,PortScan,PortScan,RF-v4,0.011362597026078827,0.010728326337278654,0.9779090766366417
3870,F-A1-PORTSCAN-V-01,PortScan,PortScan,RF-v4,0.011362597026078827,0.01157796121187751,0.9770594417620428
3871,F-A1-PORTSCAN-V-01,PortScan,PortScan,RF-v4,0.011362597026078827,0.010728326337278654,0.9779090766366417
3872,F-A1-PORTSCAN-V-01,PortScan,PortScan,RF-v4,0.011362597026078827,0.010728326337278654,0.9779090766366417
3873,F-A1-PORTSCAN-V-01,PortScan,PortScan,RF-v4,0.011362597026078827,0.010728326337278654,0.9779090766366417
3874,F-A1-PORTSCAN-V-01,PortScan,PortScan,RF-v4,0.011362597026078827,0.010697073839863857,0.9779403291340566
3875,F-A1-PORTSCAN-V-01,PortScan,PortScan,RF-v4,0.011362597026078827,0.010728326337278654,0.9779090766366417
3876,F-A1-PORTSCAN-V-01,PortScan,PortScan,RF-v4,0.011362597026078827,0.010697073839863857,0.9779403291340566
3877,F-A1-PORTSCAN-V-01,PortScan,PortScan,RF-v4,0.022462684358732367,0.02456998804013236,0.9529673276011341
3878,F-A1-PORTSCAN-V-01,PortScan,PortScan,RF-v4,0.011362597026078827,0.010728326337278654,0.9779090766366417
3879,F-A1-PORTSCAN-V-01,PortScan,PortScan,RF-v4,0.011362597026078827,0.01157796121187751,0.9770594417620428
3880,F-A1-PORTSCAN-V-01,PortScan,PortScan,RF-v4,0.011362597026078827,0.010728326337278654,0.9779090766366417
3881,F-A1-PORTSCAN-V-01,PortScan,PortScan,RF-v4,0.024867423014224795,0.02445691884871638,0.9506756581370577
3882,F-A1-PORTSCAN-V-01,PortScan,PortScan,RF-v4,0.011362597026078827,0.010728326337278654,0.9779090766366417
3883,F-A1-PORTSCAN-V-01,PortScan,PortScan,RF-v4,0.011362597026078827,0.010728326337278654,0.9779090766366417
3884,F-A1-PORTSCAN-V-01,PortScan,PortScan,RF-v4,0.022462684358732367,0.02456998804013236,0.9529673276011341
3885,F-A1-PORTSCAN-V-01,PortScan,PortScan,RF-v4,0.011362597026078827,0.010728326337278654,0.9779090766366417
3886,F-A1-PORTSCAN-V-01,PortScan,PortScan,RF-v4,0.011362597026078827,0.010728326337278654,0.9779090766366417
3887,F-A1-PORTSCAN-V-01,PortScan,PortScan,RF-v4,0.011362597026078827,0.010697073839863857,0.9779403291340566
3888,F-A1-PORTSCAN-V-01,PortScan,PortScan,RF-v4,0.011362597026078827,0.010728326337278654,0.9779090766366417
3889,F-A1-PORTSCAN-V-01,PortScan,PortScan,RF-v4,0.011362597026078827,0.010728326337278654,0.9779090766366417
3890,F-A1-PORTSCAN-V-01,PortScan,PortScan,RF-v4,0.011362597026078827,0.01157796121187751,0.9770594417620428
3891,F-A1-PORTSCAN-V-01,PortScan,PortScan,RF-v4,0.011362597026078827,0.01157796121187751,0.9770594417620428
3892,F-A1-PORTSCAN-V-01,PortScan,PortScan,RF-v4,0.011362597026078827,0.010728326337278654,0.9779090766366417
3893,F-A1-PORTSCAN-V-01,PortScan,PortScan,RF-v4,0.011362597026078827,0.010728326337278654,0.9779090766366417
3894,F-A1-PORTSCAN-V-01,PortScan,PortScan,RF-v4,0.011362597026078827,0.010728326337278654,0.9779090766366417
3895,F-A1-PORTSCAN-V-01,PortScan,PortScan,RF-v4,0.011362597026078827,0.010728326337278654,0.9779090766366417
3896,F-A1-PORTSCAN-V-01,PortScan,PortScan,RF-v4,0.011362597026078827,0.010697073839863857,0.9779403291340566
3897,F-A1-PORTSCAN-V-01,PortScan,PortScan,RF-v4,0.011362597026078827,0.010728326337278654,0.9779090766366417
3898,F-A1-PORTSCAN-V-01,PortScan,PortScan,RF-v4,0.022462684358732367,0.025450875412146013,0.9520864402291206
3899,F-A1-PORTSCAN-V-01,PortScan,PortScan,RF-v4,0.024867423014224795,0.02445691884871638,0.9506756581370577
3900,F-A1-PORTSCAN-V-01,PortScan,PortScan,RF-v4,0.011362597026078827,0.010728326337278654,0.9779090766366417
3901,F-A1-PORTSCAN-V-01,PortScan,PortScan,RF-v4,0.022462684358732367,0.02456998804013236,0.9529673276011341
3902,F-A1-PORTSCAN-V-01,PortScan,PortScan,RF-v4,0.011362597026078827,0.010728326337278654,0.9779090766366417
3903,F-A1-PORTSCAN-V-01,PortScan,PortScan,RF-v4,0.024867423014224795,0.02445691884871638,0.9506756581370577
3904,F-A1-PORTSCAN-V-01,PortScan,PortScan,RF-v4,0.011362597026078827,0.010728326337278654,0.9779090766366417
3905,F-A1-PORTSCAN-V-01,PortScan,PortScan,RF-v4,0.011362597026078827,0.010728326337278654,0.9779090766366417
3906,F-A1-PORTSCAN-V-01,PortScan,PortScan,RF-v4,0.011362597026078827,0.010728326337278654,0.9779090766366417
3907,F-A1-PORTSCAN-V-01,PortScan,PortScan,RF-v4,0.022462684358732367,0.02456998804013236,0.9529673276011341
3908,F-A1-PORTSCAN-V-01,PortScan,PortScan,RF-v4,0.011362597026078827,0.010697073839863857,0.9779403291340566
3909,F-A1-PORTSCAN-V-01,PortScan,PortScan,RF-v4,0.011362597026078827,0.010728326337278654,0.9779090766366417
3910,F-A1-PORTSCAN-V-01,PortScan,PortScan,RF-v4,0.011362597026078827,0.010728326337278654,0.9779090766366417
3911,F-A1-PORTSCAN-V-01,PortScan,PortScan,RF-v4,0.011362597026078827,0.010697073839863857,0.9779403291340566
3912,F-A1-PORTSCAN-V-01,PortScan,PortScan,RF-v4,0.011362597026078827,0.010728326337278654,0.9779090766366417
3913,F-A1-PORTSCAN-V-01,PortScan,PortScan,RF-v4,0.011362597026078827,0.010728326337278654,0.9779090766366417
3914,F-A1-PORTSCAN-V-01,PortScan,PortScan,RF-v4,0.011362597026078827,0.010728326337278654,0.9779090766366417
3915,F-A1-PORTSCAN-V-01,PortScan,PortScan,RF-v4,0.024867423014224795,0.02445691884871638,0.9506756581370577
3916,F-A1-PORTSCAN-V-01,PortScan,PortScan,RF-v4,0.022462684358732367,0.025450875412146013,0.9520864402291206
3917,F-A1-PORTSCAN-V-01,PortScan,PortScan,RF-v4,0.022462684358732367,0.02456998804013236,0.9529673276011341
3918,F-A1-PORTSCAN-V-01,PortScan,PortScan,RF-v4,0.011362597026078827,0.010728326337278654,0.9779090766366417
3919,F-A1-PORTSCAN-V-01,PortScan,PortScan,RF-v4,0.011362597026078827,0.010728326337278654,0.9779090766366417
3920,F-A1-PORTSCAN-V-01,PortScan,PortScan,RF-v4,0.011362597026078827,0.010728326337278654,0.9779090766366417
3921,F-A1-PORTSCAN-V-01,PortScan,PortScan,RF-v4,0.011362597026078827,0.010728326337278654,0.9779090766366417
3922,F-A1-PORTSCAN-V-01,PortScan,PortScan,RF-v4,0.02455063355411335,0.02445691884871638,0.950992447597169
3923,F-A1-PORTSCAN-V-01,PortScan,PortScan,RF-v4,0.011362597026078827,0.010728326337278654,0.9779090766366417
3924,F-A1-PORTSCAN-V-01,PortScan,PortScan,RF-v4,0.011362597026078827,0.010728326337278654,0.9779090766366417
3925,F-A1-PORTSCAN-V-01,PortScan,PortScan,RF-v4,0.011362597026078827,0.010728326337278654,0.9779090766366417
3926,F-A1-PORTSCAN-V-01,PortScan,PortScan,RF-v4,0.02455063355411335,0.02445691884871638,0.950992447597169
3927,F-A1-PORTSCAN-V-01,PortScan,PortScan,RF-v4,0.011362597026078827,0.010728326337278654,0.9779090766366417
3928,F-A1-PORTSCAN-V-01,PortScan,PortScan,RF-v4,0.011362597026078827,0.010697073839863857,0.9779403291340566
3929,F-A1-PORTSCAN-V-01,PortScan,PortScan,RF-v4,0.011362597026078827,0.010728326337278654,0.9779090766366417
3930,F-A1-PORTSCAN-V-01,PortScan,PortScan,RF-v4,0.011362597026078827,0.010728326337278654,0.9779090766366417
3931,F-A1-PORTSCAN-V-01,PortScan,PortScan,RF-v4,0.011362597026078827,0.01157796121187751,0.9770594417620428
3932,F-A1-PORTSCAN-V-01,PortScan,PortScan,RF-v4,0.01094605750389357,0.010642434600036823,0.9784115078960687
3933,F-A1-PORTSCAN-V-01,PortScan,PortScan,RF-v4,0.011362597026078827,0.010728326337278654,0.9779090766366417
3934,F-A1-PORTSCAN-V-01,PortScan,PortScan,RF-v4,0.011362597026078827,0.010728326337278654,0.9779090766366417
3935,F-A1-PORTSCAN-V-01,PortScan,PortScan,RF-v4,0.022462684358732367,0.02456998804013236,0.9529673276011341
3936,F-A1-PORTSCAN-V-01,PortScan,PortScan,RF-v4,0.024867423014224795,0.02445691884871638,0.9506756581370577
3937,F-A1-PORTSCAN-V-01,PortScan,PortScan,RF-v4,0.011362597026078827,0.010697073839863857,0.9779403291340566
3938,F-A1-PORTSCAN-V-01,PortScan,PortScan,RF-v4,0.022462684358732367,0.025450875412146013,0.9520864402291206
3939,F-A1-PORTSCAN-V-01,PortScan,PortScan,RF-v4,0.011362597026078827,0.010728326337278654,0.9779090766366417
3940,F-A1-PORTSCAN-V-01,PortScan,PortScan,RF-v4,0.011362597026078827,0.010728326337278654,0.9779090766366417
3941,F-A1-PORTSCAN-V-01,PortScan,PortScan,RF-v4,0.011362597026078827,0.010728326337278654,0.9779090766366417
3942,F-A1-PORTSCAN-V-01,PortScan,PortScan,RF-v4,0.011362597026078827,0.010728326337278654,0.9779090766366417
3943,F-A1-PORTSCAN-V-01,PortScan,PortScan,RF-v4,0.011362597026078827,0.010728326337278654,0.9779090766366417
3944,F-A1-PORTSCAN-V-01,PortScan,PortScan,RF-v4,0.022462684358732367,0.02456998804013236,0.9529673276011341
3945,F-A1-PORTSCAN-V-01,PortScan,PortScan,RF-v4,0.011362597026078827,0.010728326337278654,0.9779090766366417
3946,F-A1-PORTSCAN-V-01,PortScan,PortScan,RF-v4,0.024867423014224795,0.02445691884871638,0.9506756581370577
3947,F-A1-PORTSCAN-V-01,PortScan,PortScan,RF-v4,0.011362597026078827,0.010728326337278654,0.9779090766366417
3948,F-A1-PORTSCAN-V-01,PortScan,PortScan,RF-v4,0.024867423014224795,0.02445691884871638,0.9506756581370577
3949,F-A1-PORTSCAN-V-01,PortScan,PortScan,RF-v4,0.011362597026078827,0.010728326337278654,0.9779090766366417
3950,F-A1-PORTSCAN-V-01,PortScan,PortScan,RF-v4,0.011362597026078827,0.010728326337278654,0.9779090766366417
3951,F-A1-PORTSCAN-V-01,PortScan,PortScan,RF-v4,0.011362597026078827,0.010728326337278654,0.9779090766366417
3952,F-A1-PORTSCAN-V-01,PortScan,PortScan,RF-v4,0.011362597026078827,0.010728326337278654,0.9779090766366417
3953,F-A1-PORTSCAN-V-01,PortScan,PortScan,RF-v4,0.022462684358732367,0.02456998804013236,0.9529673276011341
3954,F-A1-PORTSCAN-V-01,PortScan,PortScan,RF-v4,0.011362597026078827,0.010728326337278654,0.9779090766366417
3955,F-A1-PORTSCAN-V-01,PortScan,PortScan,RF-v4,0.022462684358732367,0.02456998804013236,0.9529673276011341
3956,F-A1-PORTSCAN-V-01,PortScan,PortScan,RF-v4,0.022462684358732367,0.02456998804013236,0.9529673276011341
3957,F-A1-PORTSCAN-V-01,PortScan,PortScan,RF-v4,0.024867423014224795,0.02445691884871638,0.9506756581370577
3958,F-A1-PORTSCAN-V-01,PortScan,PortScan,RF-v4,0.011362597026078827,0.010728326337278654,0.9779090766366417
3959,F-A1-PORTSCAN-V-01,PortScan,PortScan,RF-v4,0.011362597026078827,0.010697073839863857,0.9779403291340566
3960,F-A1-PORTSCAN-V-01,PortScan,PortScan,RF-v4,0.011362597026078827,0.010728326337278654,0.9779090766366417
3961,F-A1-PORTSCAN-V-01,PortScan,PortScan,RF-v4,0.011362597026078827,0.010728326337278654,0.9779090766366417
3962,F-A1-PORTSCAN-V-01,PortScan,PortScan,RF-v4,0.011362597026078827,0.010728326337278654,0.9779090766366417
3963,F-A1-PORTSCAN-V-01,PortScan,PortScan,RF-v4,0.011362597026078827,0.010728326337278654,0.9779090766366417
3964,F-A1-PORTSCAN-V-01,PortScan,PortScan,RF-v4,0.011362597026078827,0.01157796121187751,0.9770594417620428
3965,F-A1-PORTSCAN-V-01,PortScan,PortScan,RF-v4,0.011362597026078827,0.010728326337278654,0.9779090766366417
3966,F-A1-PORTSCAN-V-01,PortScan,PortScan,RF-v4,0.024867423014224795,0.02445691884871638,0.9506756581370577
3967,F-A1-PORTSCAN-V-01,PortScan,PortScan,RF-v4,0.011362597026078827,0.010728326337278654,0.9779090766366417
3968,F-A1-PORTSCAN-V-01,PortScan,PortScan,RF-v4,0.011362597026078827,0.010728326337278654,0.9779090766366417
3969,F-A1-PORTSCAN-V-01,PortScan,PortScan,RF-v4,0.011362597026078827,0.010728326337278654,0.9779090766366417
3970,F-A1-PORTSCAN-V-01,PortScan,PortScan,RF-v4,0.011362597026078827,0.010728326337278654,0.9779090766366417
3971,F-A1-PORTSCAN-V-01,PortScan,PortScan,RF-v4,0.011362597026078827,0.010728326337278654,0.9779090766366417
3972,F-A1-PORTSCAN-V-01,PortScan,PortScan,RF-v4,0.011362597026078827,0.010728326337278654,0.9779090766366417
3973,F-A1-PORTSCAN-V-01,PortScan,PortScan,RF-v4,0.011362597026078827,0.010728326337278654,0.9779090766366417
3974,F-A1-PORTSCAN-V-01,PortScan,PortScan,RF-v4,0.011362597026078827,0.010728326337278654,0.9779090766366417
3975,F-A1-PORTSCAN-V-01,PortScan,PortScan,RF-v4,0.011362597026078827,0.010728326337278654,0.9779090766366417
3976,F-A1-PORTSCAN-V-01,PortScan,PortScan,RF-v4,0.02455063355411335,0.02445691884871638,0.950992447597169
3977,F-A1-PORTSCAN-V-01,PortScan,PortScan,RF-v4,0.022462684358732367,0.02456998804013236,0.9529673276011341
3978,F-A1-PORTSCAN-V-01,PortScan,PortScan,RF-v4,0.011362597026078827,0.010728326337278654,0.9779090766366417
3979,F-A1-PORTSCAN-V-01,PortScan,PortScan,RF-v4,0.011362597026078827,0.010728326337278654,0.9779090766366417
3980,F-A1-PORTSCAN-V-01,PortScan,PortScan,RF-v4,0.011362597026078827,0.010697073839863857,0.9779403291340566
3981,F-A1-PORTSCAN-V-01,PortScan,PortScan,RF-v4,0.011362597026078827,0.010728326337278654,0.9779090766366417
3982,F-A1-PORTSCAN-V-01,PortScan,PortScan,RF-v4,0.022462684358732367,0.02456998804013236,0.9529673276011341
3983,F-A1-PORTSCAN-V-01,PortScan,PortScan,RF-v4,0.011362597026078827,0.010728326337278654,0.9779090766366417
3984,F-A1-PORTSCAN-V-01,PortScan,PortScan,RF-v4,0.011362597026078827,0.010728326337278654,0.9779090766366417
3985,F-A1-PORTSCAN-V-01,PortScan,PortScan,RF-v4,0.011362597026078827,0.010728326337278654,0.9779090766366417
3986,F-A1-PORTSCAN-V-01,PortScan,PortScan,RF-v4,0.011362597026078827,0.010728326337278654,0.9779090766366417
3987,F-A1-PORTSCAN-V-01,PortScan,PortScan,RF-v4,0.022462684358732367,0.02456998804013236,0.9529673276011341
3988,F-A1-PORTSCAN-V-01,PortScan,PortScan,RF-v4,0.011362597026078827,0.010728326337278654,0.9779090766366417
3989,F-A1-PORTSCAN-V-01,PortScan,PortScan,RF-v4,0.011362597026078827,0.010728326337278654,0.9779090766366417
3990,F-A1-PORTSCAN-V-01,PortScan,PortScan,RF-v4,0.011362597026078827,0.010728326337278654,0.9779090766366417
3991,F-A1-PORTSCAN-V-01,PortScan,PortScan,RF-v4,0.011362597026078827,0.010728326337278654,0.9779090766366417
3992,F-A1-PORTSCAN-V-01,PortScan,PortScan,RF-v4,0.022462684358732367,0.02456998804013236,0.9529673276011341
3993,F-A1-PORTSCAN-V-01,PortScan,PortScan,RF-v4,0.011362597026078827,0.01157796121187751,0.9770594417620428
3994,F-A1-PORTSCAN-V-01,PortScan,PortScan,RF-v4,0.022462684358732367,0.02456998804013236,0.9529673276011341
3995,F-A1-PORTSCAN-V-01,PortScan,PortScan,RF-v4,0.011362597026078827,0.010728326337278654,0.9779090766366417
3996,F-A1-PORTSCAN-V-01,PortScan,PortScan,RF-v4,0.022462684358732367,0.02456998804013236,0.9529673276011341
3997,F-A1-PORTSCAN-V-01,PortScan,PortScan,RF-v4,0.02455063355411335,0.02445691884871638,0.950992447597169
3998,F-A1-PORTSCAN-V-01,PortScan,PortScan,RF-v4,0.011362597026078827,0.010728326337278654,0.9779090766366417
3999,F-A1-PORTSCAN-V-02,PortScan,PortScan,RF-v4,0.022462684358732367,0.02456998804013236,0.9529673276011341
4000,F-A1-PORTSCAN-V-02,PortScan,PortScan,RF-v4,0.024867423014224795,0.02445691884871638,0.9506756581370577
4001,F-A1-PORTSCAN-V-02,PortScan,PortScan,RF-v4,0.022462684358732367,0.02456998804013236,0.9529673276011341
4002,F-A1-PORTSCAN-V-02,PortScan,PortScan,RF-v4,0.011362597026078827,0.010728326337278654,0.9779090766366417
4003,F-A1-PORTSCAN-V-02,PortScan,PortScan,RF-v4,0.022462684358732367,0.02456998804013236,0.9529673276011341
4004,F-A1-PORTSCAN-V-02,PortScan,PortScan,RF-v4,0.011362597026078827,0.010728326337278654,0.9779090766366417
4005,F-A1-PORTSCAN-V-02,PortScan,PortScan,RF-v4,0.022462684358732367,0.025450875412146013,0.9520864402291206
4006,F-A1-PORTSCAN-V-02,PortScan,PortScan,RF-v4,0.022462684358732367,0.02456998804013236,0.9529673276011341
4007,F-A1-PORTSCAN-V-02,PortScan,PortScan,RF-v4,0.011362597026078827,0.010728326337278654,0.9779090766366417
4008,F-A1-PORTSCAN-V-02,PortScan,PortScan,RF-v4,0.011362597026078827,0.010728326337278654,0.9779090766366417
4009,F-A1-PORTSCAN-V-02,PortScan,PortScan,RF-v4,0.022462684358732367,0.02456998804013236,0.9529673276011341
4010,F-A1-PORTSCAN-V-02,PortScan,PortScan,RF-v4,0.024867423014224795,0.02445691884871638,0.9506756581370577
4011,F-A1-PORTSCAN-V-02,PortScan,PortScan,RF-v4,0.011362597026078827,0.010728326337278654,0.9779090766366417
4012,F-A1-PORTSCAN-V-02,PortScan,PortScan,RF-v4,0.011362597026078827,0.010728326337278654,0.9779090766366417
4013,F-A1-PORTSCAN-V-02,PortScan,PortScan,RF-v4,0.02455063355411335,0.02445691884871638,0.950992447597169
4014,F-A1-PORTSCAN-V-02,PortScan,PortScan,RF-v4,0.011362597026078827,0.010728326337278654,0.9779090766366417
4015,F-A1-PORTSCAN-V-02,PortScan,PortScan,RF-v4,0.022462684358732367,0.02456998804013236,0.9529673276011341
4016,F-A1-PORTSCAN-V-02,PortScan,PortScan,RF-v4,0.022462684358732367,0.025450875412146013,0.9520864402291206
4017,F-A1-PORTSCAN-V-02,PortScan,PortScan,RF-v4,0.022462684358732367,0.025450875412146013,0.9520864402291206
4018,F-A1-PORTSCAN-V-02,PortScan,PortScan,RF-v4,0.01094605750389357,0.010642434600036823,0.9784115078960687
4019,F-A1-PORTSCAN-V-02,PortScan,PortScan,RF-v4,0.022462684358732367,0.02456998804013236,0.9529673276011341
4020,F-A1-PORTSCAN-V-02,PortScan,PortScan,RF-v4,0.011362597026078827,0.010728326337278654,0.9779090766366417
4021,F-A1-PORTSCAN-V-02,PortScan,PortScan,RF-v4,0.011362597026078827,0.010728326337278654,0.9779090766366417
4022,F-A1-PORTSCAN-V-02,PortScan,PortScan,RF-v4,0.011362597026078827,0.010728326337278654,0.9779090766366417
4023,F-A1-PORTSCAN-V-02,PortScan,PortScan,RF-v4,0.011362597026078827,0.010728326337278654,0.9779090766366417
4024,F-A1-PORTSCAN-V-02,PortScan,PortScan,RF-v4,0.024867423014224795,0.02445691884871638,0.9506756581370577
4025,F-A1-PORTSCAN-V-02,PortScan,PortScan,RF-v4,0.02455063355411335,0.02445691884871638,0.950992447597169
4026,F-A1-PORTSCAN-V-02,PortScan,PortScan,RF-v4,0.011362597026078827,0.010728326337278654,0.9779090766366417
4027,F-A1-PORTSCAN-V-02,PortScan,PortScan,RF-v4,0.011362597026078827,0.010728326337278654,0.9779090766366417
4028,F-A1-PORTSCAN-V-02,PortScan,PortScan,RF-v4,0.024867423014224795,0.02445691884871638,0.9506756581370577
4029,F-A1-PORTSCAN-V-02,PortScan,PortScan,RF-v4,0.011362597026078827,0.010728326337278654,0.9779090766366417
4030,F-A1-PORTSCAN-V-02,PortScan,PortScan,RF-v4,0.022462684358732367,0.02456998804013236,0.9529673276011341
4031,F-A1-PORTSCAN-V-02,PortScan,PortScan,RF-v4,0.011362597026078827,0.010728326337278654,0.9779090766366417
4032,F-A1-PORTSCAN-V-02,PortScan,PortScan,RF-v4,0.022462684358732367,0.02456998804013236,0.9529673276011341
4033,F-A1-PORTSCAN-V-02,PortScan,PortScan,RF-v4,0.011362597026078827,0.010728326337278654,0.9779090766366417
4034,F-A1-PORTSCAN-V-02,PortScan,PortScan,RF-v4,0.011362597026078827,0.010728326337278654,0.9779090766366417
4035,F-A1-PORTSCAN-V-02,PortScan,PortScan,RF-v4,0.02455063355411335,0.02445691884871638,0.950992447597169
4036,F-A1-PORTSCAN-V-02,PortScan,PortScan,RF-v4,0.022462684358732367,0.02456998804013236,0.9529673276011341
4037,F-A1-PORTSCAN-V-02,PortScan,PortScan,RF-v4,0.011362597026078827,0.010728326337278654,0.9779090766366417
4038,F-A1-PORTSCAN-V-02,PortScan,PortScan,RF-v4,0.02455063355411335,0.02445691884871638,0.950992447597169
4039,F-A1-PORTSCAN-V-02,PortScan,PortScan,RF-v4,0.011362597026078827,0.010728326337278654,0.9779090766366417
4040,F-A1-PORTSCAN-V-02,PortScan,PortScan,RF-v4,0.011362597026078827,0.010728326337278654,0.9779090766366417
4041,F-A1-PORTSCAN-V-02,PortScan,PortScan,RF-v4,0.011362597026078827,0.010728326337278654,0.9779090766366417
4042,F-A1-PORTSCAN-V-02,PortScan,PortScan,RF-v4,0.011362597026078827,0.010728326337278654,0.9779090766366417
4043,F-A1-PORTSCAN-V-02,PortScan,PortScan,RF-v4,0.011362597026078827,0.010728326337278654,0.9779090766366417
4044,F-A1-PORTSCAN-V-02,PortScan,PortScan,RF-v4,0.024867423014224795,0.02445691884871638,0.9506756581370577
4045,F-A1-PORTSCAN-V-02,PortScan,PortScan,RF-v4,0.022462684358732367,0.02456998804013236,0.9529673276011341
4046,F-A1-PORTSCAN-V-02,PortScan,PortScan,RF-v4,0.022462684358732367,0.02456998804013236,0.9529673276011341
4047,F-A1-PORTSCAN-V-02,PortScan,PortScan,RF-v4,0.022462684358732367,0.02456998804013236,0.9529673276011341
4048,F-A1-PORTSCAN-V-02,PortScan,PortScan,RF-v4,0.022462684358732367,0.02456998804013236,0.9529673276011341
4049,F-A1-PORTSCAN-V-02,PortScan,PortScan,RF-v4,0.022462684358732367,0.02456998804013236,0.9529673276011341
4050,F-A1-PORTSCAN-V-02,PortScan,PortScan,RF-v4,0.011362597026078827,0.010728326337278654,0.9779090766366417
4051,F-A1-PORTSCAN-V-02,PortScan,PortScan,RF-v4,0.022462684358732367,0.02456998804013236,0.9529673276011341
4052,F-A1-PORTSCAN-V-02,PortScan,PortScan,RF-v4,0.022462684358732367,0.02456998804013236,0.9529673276011341
4053,F-A1-PORTSCAN-V-02,PortScan,PortScan,RF-v4,0.022462684358732367,0.02456998804013236,0.9529673276011341
4054,F-A1-PORTSCAN-V-02,PortScan,PortScan,RF-v4,0.02455063355411335,0.02445691884871638,0.950992447597169
4055,F-A1-PORTSCAN-V-02,PortScan,PortScan,RF-v4,0.024867423014224795,0.02445691884871638,0.9506756581370577
4056,F-A1-PORTSCAN-V-02,PortScan,PortScan,RF-v4,0.011362597026078827,0.010728326337278654,0.9779090766366417
4057,F-A1-PORTSCAN-V-02,PortScan,PortScan,RF-v4,0.022462684358732367,0.02456998804013236,0.9529673276011341
4058,F-A1-PORTSCAN-V-02,PortScan,PortScan,RF-v4,0.011362597026078827,0.010728326337278654,0.9779090766366417
4059,F-A1-PORTSCAN-V-02,PortScan,PortScan,RF-v4,0.02455063355411335,0.02445691884871638,0.950992447597169
4060,F-A1-PORTSCAN-V-02,PortScan,PortScan,RF-v4,0.011362597026078827,0.010728326337278654,0.9779090766366417
4061,F-A1-PORTSCAN-V-02,PortScan,PortScan,RF-v4,0.024867423014224795,0.02445691884871638,0.9506756581370577
4062,F-A1-PORTSCAN-V-02,PortScan,PortScan,RF-v4,0.011362597026078827,0.010728326337278654,0.9779090766366417
4063,F-A1-PORTSCAN-V-02,PortScan,PortScan,RF-v4,0.024867423014224795,0.02445691884871638,0.9506756581370577
4064,F-A1-PORTSCAN-V-02,PortScan,PortScan,RF-v4,0.011362597026078827,0.010728326337278654,0.9779090766366417
4065,F-A1-PORTSCAN-V-02,PortScan,PortScan,RF-v4,0.024867423014224795,0.02445691884871638,0.9506756581370577
4066,F-A1-PORTSCAN-V-02,PortScan,PortScan,RF-v4,0.022462684358732367,0.02456998804013236,0.9529673276011341
4067,F-A1-PORTSCAN-V-02,PortScan,PortScan,RF-v4,0.022462684358732367,0.02456998804013236,0.9529673276011341
4068,F-A1-PORTSCAN-V-02,PortScan,PortScan,RF-v4,0.01094605750389357,0.010642434600036823,0.9784115078960687
4069,F-A1-PORTSCAN-V-02,PortScan,PortScan,RF-v4,0.022462684358732367,0.02456998804013236,0.9529673276011341
4070,F-A1-PORTSCAN-V-02,PortScan,PortScan,RF-v4,0.011362597026078827,0.010728326337278654,0.9779090766366417
4071,F-A1-PORTSCAN-V-02,PortScan,PortScan,RF-v4,0.022462684358732367,0.02456998804013236,0.9529673276011341
4072,F-A1-PORTSCAN-V-02,PortScan,PortScan,RF-v4,0.011362597026078827,0.010728326337278654,0.9779090766366417
4073,F-A1-PORTSCAN-V-02,PortScan,PortScan,RF-v4,0.01094605750389357,0.010642434600036823,0.9784115078960687
4074,F-A1-PORTSCAN-V-02,PortScan,PortScan,RF-v4,0.022462684358732367,0.02456998804013236,0.9529673276011341
4075,F-A1-PORTSCAN-V-02,PortScan,PortScan,RF-v4,0.022462684358732367,0.02456998804013236,0.9529673276011341
4076,F-A1-PORTSCAN-V-02,PortScan,PortScan,RF-v4,0.024867423014224795,0.02445691884871638,0.9506756581370577
4077,F-A1-PORTSCAN-V-02,PortScan,PortScan,RF-v4,0.024867423014224795,0.02445691884871638,0.9506756581370577
4078,F-A1-PORTSCAN-V-02,PortScan,PortScan,RF-v4,0.022462684358732367,0.02456998804013236,0.9529673276011341
4079,F-A1-PORTSCAN-V-02,PortScan,PortScan,RF-v4,0.022462684358732367,0.02456998804013236,0.9529673276011341
4080,F-A1-PORTSCAN-V-02,PortScan,PortScan,RF-v4,0.022462684358732367,0.02456998804013236,0.9529673276011341
4081,F-A1-PORTSCAN-V-02,PortScan,PortScan,RF-v4,0.011362597026078827,0.010728326337278654,0.9779090766366417
4082,F-A1-PORTSCAN-V-02,PortScan,PortScan,RF-v4,0.010077466767963996,0.010650464612028019,0.979272068620007
4083,F-A1-PORTSCAN-V-02,PortScan,PortScan,RF-v4,0.011362597026078827,0.010728326337278654,0.9779090766366417
4084,F-A1-PORTSCAN-V-02,PortScan,PortScan,RF-v4,0.02455063355411335,0.02445691884871638,0.950992447597169
4085,F-A1-PORTSCAN-V-02,PortScan,PortScan,RF-v4,0.022462684358732367,0.02456998804013236,0.9529673276011341
4086,F-A1-PORTSCAN-V-02,PortScan,PortScan,RF-v4,0.024867423014224795,0.02445691884871638,0.9506756581370577
4087,F-A1-PORTSCAN-V-02,PortScan,PortScan,RF-v4,0.011362597026078827,0.010728326337278654,0.9779090766366417
4088,F-A1-PORTSCAN-V-02,PortScan,PortScan,RF-v4,0.011362597026078827,0.010728326337278654,0.9779090766366417
4089,F-A1-PORTSCAN-V-02,PortScan,PortScan,RF-v4,0.022462684358732367,0.02456998804013236,0.9529673276011341
4090,F-A1-PORTSCAN-V-02,PortScan,PortScan,RF-v4,0.011362597026078827,0.010728326337278654,0.9779090766366417
4091,F-A1-PORTSCAN-V-02,PortScan,PortScan,RF-v4,0.024867423014224795,0.02445691884871638,0.9506756581370577
4092,F-A1-PORTSCAN-V-02,PortScan,PortScan,RF-v4,0.011362597026078827,0.010728326337278654,0.9779090766366417
4093,F-A1-PORTSCAN-V-02,PortScan,PortScan,RF-v4,0.022462684358732367,0.02456998804013236,0.9529673276011341
4094,F-A1-PORTSCAN-V-02,PortScan,PortScan,RF-v4,0.022462684358732367,0.025450875412146013,0.9520864402291206
4095,F-A1-PORTSCAN-V-02,PortScan,PortScan,RF-v4,0.024867423014224795,0.02445691884871638,0.9506756581370577
4096,F-A1-PORTSCAN-V-02,PortScan,PortScan,RF-v4,0.022462684358732367,0.02456998804013236,0.9529673276011341
4097,F-A1-PORTSCAN-V-02,PortScan,PortScan,RF-v4,0.022462684358732367,0.02456998804013236,0.9529673276011341
4098,F-A1-PORTSCAN-V-02,PortScan,PortScan,RF-v4,0.024867423014224795,0.02445691884871638,0.9506756581370577
4099,F-A1-PORTSCAN-V-02,PortScan,PortScan,RF-v4,0.011362597026078827,0.010728326337278654,0.9779090766366417
4100,F-A1-PORTSCAN-V-02,PortScan,PortScan,RF-v4,0.024867423014224795,0.02445691884871638,0.9506756581370577
4101,F-A1-PORTSCAN-V-02,PortScan,PortScan,RF-v4,0.04113320244838887,0.02456998804013236,0.9342968095114776
4102,F-A1-PORTSCAN-V-02,PortScan,PortScan,RF-v4,0.022462684358732367,0.02456998804013236,0.9529673276011341
4103,F-A1-PORTSCAN-V-02,PortScan,PortScan,RF-v4,0.024867423014224795,0.02445691884871638,0.9506756581370577
4104,F-A1-PORTSCAN-V-02,PortScan,PortScan,RF-v4,0.024867423014224795,0.02445691884871638,0.9506756581370577
4105,F-A1-PORTSCAN-V-02,PortScan,PortScan,RF-v4,0.011362597026078827,0.010728326337278654,0.9779090766366417
4106,F-A1-PORTSCAN-V-02,PortScan,PortScan,RF-v4,0.011362597026078827,0.010728326337278654,0.9779090766366417
4107,F-A1-PORTSCAN-V-02,PortScan,PortScan,RF-v4,0.024867423014224795,0.02445691884871638,0.9506756581370577
4108,F-A1-PORTSCAN-V-02,PortScan,PortScan,RF-v4,0.011362597026078827,0.010728326337278654,0.9779090766366417
4109,F-A1-PORTSCAN-V-02,PortScan,PortScan,RF-v4,0.02455063355411335,0.02445691884871638,0.950992447597169
4110,F-A1-PORTSCAN-V-02,PortScan,PortScan,RF-v4,0.024867423014224795,0.02445691884871638,0.9506756581370577
4111,F-A1-PORTSCAN-V-02,PortScan,PortScan,RF-v4,0.011362597026078827,0.010728326337278654,0.9779090766366417
4112,F-A1-PORTSCAN-V-02,PortScan,PortScan,RF-v4,0.022462684358732367,0.02456998804013236,0.9529673276011341
4113,F-A1-PORTSCAN-V-02,PortScan,PortScan,RF-v4,0.022462684358732367,0.02456998804013236,0.9529673276011341
4114,F-A1-PORTSCAN-V-02,PortScan,PortScan,RF-v4,0.022462684358732367,0.02456998804013236,0.9529673276011341
4115,F-A1-PORTSCAN-V-02,PortScan,PortScan,RF-v4,0.022462684358732367,0.02456998804013236,0.9529673276011341
4116,F-A1-PORTSCAN-V-02,PortScan,PortScan,RF-v4,0.010077466767963996,0.010650464612028019,0.979272068620007
4117,F-A1-PORTSCAN-V-02,PortScan,PortScan,RF-v4,0.022462684358732367,0.02456998804013236,0.9529673276011341
4118,F-A1-PORTSCAN-V-02,PortScan,PortScan,RF-v4,0.022462684358732367,0.02456998804013236,0.9529673276011341
4119,F-A1-PORTSCAN-V-02,PortScan,PortScan,RF-v4,0.02455063355411335,0.02445691884871638,0.950992447597169
4120,F-A1-PORTSCAN-V-02,PortScan,PortScan,RF-v4,0.024867423014224795,0.02445691884871638,0.9506756581370577
4121,F-A1-PORTSCAN-V-02,PortScan,PortScan,RF-v4,0.022462684358732367,0.02456998804013236,0.9529673276011341
4122,F-A1-PORTSCAN-V-02,PortScan,PortScan,RF-v4,0.011362597026078827,0.010728326337278654,0.9779090766366417
4123,F-A1-PORTSCAN-V-02,PortScan,PortScan,RF-v4,0.022462684358732367,0.02456998804013236,0.9529673276011341
4124,F-A1-PORTSCAN-V-02,PortScan,PortScan,RF-v4,0.022462684358732367,0.02456998804013236,0.9529673276011341
4125,F-A1-PORTSCAN-V-02,PortScan,PortScan,RF-v4,0.024867423014224795,0.02445691884871638,0.9506756581370577
4126,F-A1-PORTSCAN-V-02,PortScan,PortScan,RF-v4,0.02455063355411335,0.02445691884871638,0.950992447597169
4127,F-A1-PORTSCAN-V-02,PortScan,PortScan,RF-v4,0.024867423014224795,0.02445691884871638,0.9506756581370577
4128,F-A1-PORTSCAN-V-02,PortScan,PortScan,RF-v4,0.022462684358732367,0.02456998804013236,0.9529673276011341
4129,F-A1-PORTSCAN-V-02,PortScan,PortScan,RF-v4,0.022462684358732367,0.02456998804013236,0.9529673276011341
4130,F-A1-PORTSCAN-V-02,PortScan,PortScan,RF-v4,0.022462684358732367,0.02456998804013236,0.9529673276011341
4131,F-A1-PORTSCAN-V-02,PortScan,PortScan,RF-v4,0.011362597026078827,0.010728326337278654,0.9779090766366417
4132,F-A1-PORTSCAN-V-02,PortScan,PortScan,RF-v4,0.02455063355411335,0.02445691884871638,0.950992447597169
4133,F-A1-PORTSCAN-V-02,PortScan,PortScan,RF-v4,0.011362597026078827,0.010728326337278654,0.9779090766366417
4134,F-A1-PORTSCAN-V-02,PortScan,PortScan,RF-v4,0.022462684358732367,0.02456998804013236,0.9529673276011341
4135,F-A1-PORTSCAN-V-02,PortScan,PortScan,RF-v4,0.011362597026078827,0.010728326337278654,0.9779090766366417
4136,F-A1-PORTSCAN-V-02,PortScan,PortScan,RF-v4,0.022462684358732367,0.02456998804013236,0.9529673276011341
4137,F-A1-PORTSCAN-V-02,PortScan,PortScan,RF-v4,0.022462684358732367,0.02456998804013236,0.9529673276011341
4138,F-A1-PORTSCAN-V-02,PortScan,PortScan,RF-v4,0.024867423014224795,0.02445691884871638,0.9506756581370577
4139,F-A1-PORTSCAN-V-02,PortScan,PortScan,RF-v4,0.022462684358732367,0.02456998804013236,0.9529673276011341
4140,F-A1-PORTSCAN-V-02,PortScan,PortScan,RF-v4,0.02455063355411335,0.02445691884871638,0.950992447597169
4141,F-A1-PORTSCAN-V-02,PortScan,PortScan,RF-v4,0.011362597026078827,0.010728326337278654,0.9779090766366417
4142,F-A1-PORTSCAN-V-02,PortScan,PortScan,RF-v4,0.011362597026078827,0.010728326337278654,0.9779090766366417
4143,F-A1-PORTSCAN-V-02,PortScan,PortScan,RF-v4,0.022462684358732367,0.02456998804013236,0.9529673276011341
4144,F-A1-PORTSCAN-V-02,PortScan,PortScan,RF-v4,0.024867423014224795,0.02445691884871638,0.9506756581370577
4145,F-A1-PORTSCAN-V-02,PortScan,PortScan,RF-v4,0.022462684358732367,0.02456998804013236,0.9529673276011341
4146,F-A1-PORTSCAN-V-02,PortScan,PortScan,RF-v4,0.022462684358732367,0.02456998804013236,0.9529673276011341
4147,F-A1-PORTSCAN-V-02,PortScan,PortScan,RF-v4,0.011362597026078827,0.010728326337278654,0.9779090766366417
4148,F-A1-PORTSCAN-V-02,PortScan,PortScan,RF-v4,0.024867423014224795,0.02445691884871638,0.9506756581370577
4149,F-A1-PORTSCAN-V-02,PortScan,PortScan,RF-v4,0.022462684358732367,0.02456998804013236,0.9529673276011341
4150,F-A1-PORTSCAN-V-02,PortScan,PortScan,RF-v4,0.011362597026078827,0.010728326337278654,0.9779090766366417
4151,F-A1-PORTSCAN-V-02,PortScan,PortScan,RF-v4,0.024867423014224795,0.02445691884871638,0.9506756581370577
4152,F-A1-PORTSCAN-V-02,PortScan,PortScan,RF-v4,0.011362597026078827,0.010728326337278654,0.9779090766366417
4153,F-A1-PORTSCAN-V-02,PortScan,PortScan,RF-v4,0.022462684358732367,0.02456998804013236,0.9529673276011341
4154,F-A1-PORTSCAN-V-02,PortScan,PortScan,RF-v4,0.024867423014224795,0.02445691884871638,0.9506756581370577
4155,F-A1-PORTSCAN-V-02,PortScan,PortScan,RF-v4,0.022462684358732367,0.02456998804013236,0.9529673276011341
4156,F-A1-PORTSCAN-V-02,PortScan,PortScan,RF-v4,0.011362597026078827,0.010728326337278654,0.9779090766366417
4157,F-A1-PORTSCAN-V-02,PortScan,PortScan,RF-v4,0.022462684358732367,0.02456998804013236,0.9529673276011341
4158,F-A1-PORTSCAN-V-02,PortScan,PortScan,RF-v4,0.022462684358732367,0.02456998804013236,0.9529673276011341
4159,F-A1-PORTSCAN-V-02,PortScan,PortScan,RF-v4,0.011362597026078827,0.010728326337278654,0.9779090766366417
4160,F-A1-PORTSCAN-V-02,PortScan,PortScan,RF-v4,0.011362597026078827,0.010728326337278654,0.9779090766366417
4161,F-A1-PORTSCAN-V-02,PortScan,PortScan,RF-v4,0.02455063355411335,0.02445691884871638,0.950992447597169
4162,F-A1-PORTSCAN-V-02,PortScan,PortScan,RF-v4,0.022462684358732367,0.02456998804013236,0.9529673276011341
4163,F-A1-PORTSCAN-V-02,PortScan,PortScan,RF-v4,0.011362597026078827,0.010728326337278654,0.9779090766366417
4164,F-A1-PORTSCAN-V-02,PortScan,PortScan,RF-v4,0.011362597026078827,0.010728326337278654,0.9779090766366417
4165,F-A1-PORTSCAN-V-02,PortScan,PortScan,RF-v4,0.011362597026078827,0.010728326337278654,0.9779090766366417
4166,F-A1-PORTSCAN-V-02,PortScan,PortScan,RF-v4,0.024867423014224795,0.02445691884871638,0.9506756581370577
4167,F-A1-PORTSCAN-V-02,PortScan,PortScan,RF-v4,0.022462684358732367,0.02456998804013236,0.9529673276011341
4168,F-A1-PORTSCAN-V-02,PortScan,PortScan,RF-v4,0.022462684358732367,0.02456998804013236,0.9529673276011341
4169,F-A1-PORTSCAN-V-02,PortScan,PortScan,RF-v4,0.011362597026078827,0.010728326337278654,0.9779090766366417
4170,F-A1-PORTSCAN-V-02,PortScan,PortScan,RF-v4,0.022462684358732367,0.02456998804013236,0.9529673276011341
4171,F-A1-PORTSCAN-V-02,PortScan,PortScan,RF-v4,0.022462684358732367,0.02456998804013236,0.9529673276011341
4172,F-A1-PORTSCAN-V-02,PortScan,PortScan,RF-v4,0.02455063355411335,0.02445691884871638,0.950992447597169
4173,F-A1-PORTSCAN-V-02,PortScan,PortScan,RF-v4,0.011362597026078827,0.010728326337278654,0.9779090766366417
4174,F-A1-PORTSCAN-V-02,PortScan,PortScan,RF-v4,0.022462684358732367,0.02456998804013236,0.9529673276011341
4175,F-A1-PORTSCAN-V-02,PortScan,PortScan,RF-v4,0.011362597026078827,0.010728326337278654,0.9779090766366417
4176,F-A1-PORTSCAN-V-02,PortScan,PortScan,RF-v4,0.022462684358732367,0.02456998804013236,0.9529673276011341
4177,F-A1-PORTSCAN-V-02,PortScan,PortScan,RF-v4,0.022462684358732367,0.02456998804013236,0.9529673276011341
4178,F-A1-PORTSCAN-V-02,PortScan,PortScan,RF-v4,0.02455063355411335,0.02445691884871638,0.950992447597169
4179,F-A1-PORTSCAN-V-02,PortScan,PortScan,RF-v4,0.011362597026078827,0.010728326337278654,0.9779090766366417
4180,F-A1-PORTSCAN-V-02,PortScan,PortScan,RF-v4,0.022462684358732367,0.02456998804013236,0.9529673276011341
4181,F-A1-PORTSCAN-V-02,PortScan,PortScan,RF-v4,0.011362597026078827,0.010728326337278654,0.9779090766366417
4182,F-A1-PORTSCAN-V-02,PortScan,PortScan,RF-v4,0.011362597026078827,0.010728326337278654,0.9779090766366417
4183,F-A1-PORTSCAN-V-02,PortScan,PortScan,RF-v4,0.011362597026078827,0.010728326337278654,0.9779090766366417
4184,F-A1-PORTSCAN-V-02,PortScan,PortScan,RF-v4,0.024867423014224795,0.02445691884871638,0.9506756581370577
4185,F-A1-PORTSCAN-V-02,PortScan,PortScan,RF-v4,0.024867423014224795,0.02445691884871638,0.9506756581370577
4186,F-A1-PORTSCAN-V-02,PortScan,PortScan,RF-v4,0.024867423014224795,0.02445691884871638,0.9506756581370577
4187,F-A1-PORTSCAN-V-02,PortScan,PortScan,RF-v4,0.024867423014224795,0.02445691884871638,0.9506756581370577
4188,F-A1-PORTSCAN-V-02,PortScan,PortScan,RF-v4,0.011362597026078827,0.010728326337278654,0.9779090766366417
4189,F-A1-PORTSCAN-V-02,PortScan,PortScan,RF-v4,0.011362597026078827,0.010728326337278654,0.9779090766366417
4190,F-A1-PORTSCAN-V-02,PortScan,PortScan,RF-v4,0.024867423014224795,0.02445691884871638,0.9506756581370577
4191,F-A1-PORTSCAN-V-02,PortScan,PortScan,RF-v4,0.011362597026078827,0.010728326337278654,0.9779090766366417
4192,F-A1-PORTSCAN-V-02,PortScan,PortScan,RF-v4,0.022462684358732367,0.02456998804013236,0.9529673276011341
4193,F-A1-PORTSCAN-V-02,PortScan,PortScan,RF-v4,0.02455063355411335,0.02445691884871638,0.950992447597169
4194,F-A1-PORTSCAN-V-02,PortScan,PortScan,RF-v4,0.022462684358732367,0.02456998804013236,0.9529673276011341
4195,F-A1-PORTSCAN-V-02,PortScan,PortScan,RF-v4,0.02455063355411335,0.02445691884871638,0.950992447597169
4196,F-A1-PORTSCAN-V-02,PortScan,PortScan,RF-v4,0.022462684358732367,0.02456998804013236,0.9529673276011341
4197,F-A1-PORTSCAN-V-02,PortScan,PortScan,RF-v4,0.01094605750389357,0.010642434600036823,0.9784115078960687
4198,F-A1-PORTSCAN-V-02,PortScan,PortScan,RF-v4,0.022462684358732367,0.02456998804013236,0.9529673276011341
4199,F-A1-PORTSCAN-V-02,PortScan,PortScan,RF-v4,0.011362597026078827,0.010728326337278654,0.9779090766366417
4200,F-A1-PORTSCAN-V-02,PortScan,PortScan,RF-v4,0.011362597026078827,0.010728326337278654,0.9779090766366417
4201,F-A1-PORTSCAN-V-02,PortScan,PortScan,RF-v4,0.022462684358732367,0.02456998804013236,0.9529673276011341
4202,F-A1-PORTSCAN-V-02,PortScan,PortScan,RF-v4,0.022462684358732367,0.02456998804013236,0.9529673276011341
4203,F-A1-PORTSCAN-V-02,PortScan,PortScan,RF-v4,0.022462684358732367,0.02456998804013236,0.9529673276011341
4204,F-A1-PORTSCAN-V-02,PortScan,PortScan,RF-v4,0.02455063355411335,0.02445691884871638,0.950992447597169
4205,F-A1-PORTSCAN-V-02,PortScan,PortScan,RF-v4,0.011362597026078827,0.010728326337278654,0.9779090766366417
4206,F-A1-PORTSCAN-V-02,PortScan,PortScan,RF-v4,0.010077466767963996,0.010650464612028019,0.979272068620007
4207,F-A1-PORTSCAN-V-02,PortScan,PortScan,RF-v4,0.01094605750389357,0.010642434600036823,0.9784115078960687
4208,F-A1-PORTSCAN-V-02,PortScan,PortScan,RF-v4,0.02455063355411335,0.02445691884871638,0.950992447597169
4209,F-A1-PORTSCAN-V-02,PortScan,PortScan,RF-v4,0.022462684358732367,0.02456998804013236,0.9529673276011341
4210,F-A1-PORTSCAN-V-02,PortScan,PortScan,RF-v4,0.011362597026078827,0.010728326337278654,0.9779090766366417
4211,F-A1-PORTSCAN-V-02,PortScan,PortScan,RF-v4,0.011362597026078827,0.010728326337278654,0.9779090766366417
4212,F-A1-PORTSCAN-V-02,PortScan,PortScan,RF-v4,0.022462684358732367,0.02456998804013236,0.9529673276011341
4213,F-A1-PORTSCAN-V-02,PortScan,PortScan,RF-v4,0.011362597026078827,0.010728326337278654,0.9779090766366417
4214,F-A1-PORTSCAN-V-02,PortScan,PortScan,RF-v4,0.024867423014224795,0.02445691884871638,0.9506756581370577
4215,F-A1-PORTSCAN-V-02,PortScan,PortScan,RF-v4,0.011362597026078827,0.010728326337278654,0.9779090766366417
4216,F-A1-PORTSCAN-V-02,PortScan,PortScan,RF-v4,0.022462684358732367,0.02456998804013236,0.9529673276011341
4217,F-A1-PORTSCAN-V-02,PortScan,PortScan,RF-v4,0.011362597026078827,0.010728326337278654,0.9779090766366417
4218,F-A1-PORTSCAN-V-02,PortScan,PortScan,RF-v4,0.01094605750389357,0.010642434600036823,0.9784115078960687
4219,F-A1-PORTSCAN-V-02,PortScan,PortScan,RF-v4,0.011362597026078827,0.010728326337278654,0.9779090766366417
4220,F-A1-PORTSCAN-V-02,PortScan,PortScan,RF-v4,0.010077466767963996,0.010650464612028019,0.979272068620007
4221,F-A1-PORTSCAN-V-02,PortScan,PortScan,RF-v4,0.011362597026078827,0.010728326337278654,0.9779090766366417
4222,F-A1-PORTSCAN-V-02,PortScan,PortScan,RF-v4,0.022462684358732367,0.02456998804013236,0.9529673276011341
4223,F-A1-PORTSCAN-V-02,PortScan,PortScan,RF-v4,0.011362597026078827,0.010728326337278654,0.9779090766366417
4224,F-A1-PORTSCAN-V-02,PortScan,PortScan,RF-v4,0.022462684358732367,0.02456998804013236,0.9529673276011341
4225,F-A1-PORTSCAN-V-02,PortScan,PortScan,RF-v4,0.022462684358732367,0.02456998804013236,0.9529673276011341
4226,F-A1-PORTSCAN-V-02,PortScan,PortScan,RF-v4,0.022462684358732367,0.02456998804013236,0.9529673276011341
4227,F-A1-PORTSCAN-V-02,PortScan,PortScan,RF-v4,0.022462684358732367,0.02456998804013236,0.9529673276011341
4228,F-A1-PORTSCAN-V-02,PortScan,PortScan,RF-v4,0.011362597026078827,0.010728326337278654,0.9779090766366417
4229,F-A1-PORTSCAN-V-02,PortScan,PortScan,RF-v4,0.010077466767963996,0.010650464612028019,0.979272068620007
4230,F-A1-PORTSCAN-V-02,PortScan,PortScan,RF-v4,0.022462684358732367,0.025450875412146013,0.9520864402291206
4231,F-A1-PORTSCAN-V-02,PortScan,PortScan,RF-v4,0.022462684358732367,0.02456998804013236,0.9529673276011341
4232,F-A1-PORTSCAN-V-02,PortScan,PortScan,RF-v4,0.013600494794876974,0.015344857322839694,0.9710546478822825
4233,F-A1-PORTSCAN-V-02,PortScan,PortScan,RF-v4,0.022462684358732367,0.02456998804013236,0.9529673276011341
4234,F-A1-PORTSCAN-V-02,PortScan,PortScan,RF-v4,0.022462684358732367,0.02456998804013236,0.9529673276011341
4235,F-A1-PORTSCAN-V-02,PortScan,PortScan,RF-v4,0.024867423014224795,0.02445691884871638,0.9506756581370577
4236,F-A1-PORTSCAN-V-02,PortScan,PortScan,RF-v4,0.022462684358732367,0.02456998804013236,0.9529673276011341
4237,F-A1-PORTSCAN-V-02,PortScan,PortScan,RF-v4,0.022462684358732367,0.02456998804013236,0.9529673276011341
4238,F-A1-PORTSCAN-V-02,PortScan,PortScan,RF-v4,0.022462684358732367,0.02456998804013236,0.9529673276011341
4239,F-A1-PORTSCAN-V-02,PortScan,PortScan,RF-v4,0.022462684358732367,0.02456998804013236,0.9529673276011341
4240,F-A1-PORTSCAN-V-02,PortScan,PortScan,RF-v4,0.022462684358732367,0.02456998804013236,0.9529673276011341
4241,F-A1-PORTSCAN-V-02,PortScan,PortScan,RF-v4,0.02455063355411335,0.02445691884871638,0.950992447597169
4242,F-A1-PORTSCAN-V-02,PortScan,PortScan,RF-v4,0.010077466767963996,0.010650464612028019,0.979272068620007
4243,F-A1-PORTSCAN-V-02,PortScan,PortScan,RF-v4,0.011362597026078827,0.010728326337278654,0.9779090766366417
4244,F-A1-PORTSCAN-V-02,PortScan,PortScan,RF-v4,0.011362597026078827,0.010728326337278654,0.9779090766366417
4245,F-A1-PORTSCAN-V-02,PortScan,PortScan,RF-v4,0.022462684358732367,0.02456998804013236,0.9529673276011341
4246,F-A1-PORTSCAN-V-02,PortScan,PortScan,RF-v4,0.022462684358732367,0.02456998804013236,0.9529673276011341
4247,F-A1-PORTSCAN-V-02,PortScan,PortScan,RF-v4,0.01094605750389357,0.010642434600036823,0.9784115078960687
4248,F-A1-PORTSCAN-V-02,PortScan,PortScan,RF-v4,0.022462684358732367,0.025450875412146013,0.9520864402291206
4249,F-A1-PORTSCAN-V-02,PortScan,PortScan,RF-v4,0.011362597026078827,0.010728326337278654,0.9779090766366417
4250,F-A1-PORTSCAN-V-02,PortScan,PortScan,RF-v4,0.011362597026078827,0.010728326337278654,0.9779090766366417
4251,F-A1-PORTSCAN-V-02,PortScan,PortScan,RF-v4,0.022462684358732367,0.02456998804013236,0.9529673276011341
4252,F-A1-PORTSCAN-V-02,PortScan,PortScan,RF-v4,0.011362597026078827,0.010728326337278654,0.9779090766366417
4253,F-A1-PORTSCAN-V-02,PortScan,PortScan,RF-v4,0.011362597026078827,0.010728326337278654,0.9779090766366417
4254,F-A1-PORTSCAN-V-02,PortScan,PortScan,RF-v4,0.011362597026078827,0.010728326337278654,0.9779090766366417
4255,F-A1-PORTSCAN-V-02,PortScan,PortScan,RF-v4,0.011362597026078827,0.010728326337278654,0.9779090766366417
4256,F-A1-PORTSCAN-V-02,PortScan,PortScan,RF-v4,0.022462684358732367,0.02456998804013236,0.9529673276011341
4257,F-A1-PORTSCAN-V-02,PortScan,PortScan,RF-v4,0.024867423014224795,0.02445691884871638,0.9506756581370577
4258,F-A1-PORTSCAN-V-02,PortScan,PortScan,RF-v4,0.010077466767963996,0.010650464612028019,0.979272068620007
4259,F-A1-PORTSCAN-V-02,PortScan,PortScan,RF-v4,0.022462684358732367,0.02456998804013236,0.9529673276011341
4260,F-A1-PORTSCAN-V-02,PortScan,PortScan,RF-v4,0.022462684358732367,0.02456998804013236,0.9529673276011341
4261,F-A1-PORTSCAN-V-02,PortScan,PortScan,RF-v4,0.022462684358732367,0.02456998804013236,0.9529673276011341
4262,F-A1-PORTSCAN-V-02,PortScan,PortScan,RF-v4,0.022462684358732367,0.02456998804013236,0.9529673276011341
4263,F-A1-PORTSCAN-V-02,PortScan,PortScan,RF-v4,0.024867423014224795,0.02445691884871638,0.9506756581370577
4264,F-A1-PORTSCAN-V-02,PortScan,PortScan,RF-v4,0.022462684358732367,0.02456998804013236,0.9529673276011341
4265,F-A1-PORTSCAN-V-02,PortScan,PortScan,RF-v4,0.02455063355411335,0.02445691884871638,0.950992447597169
4266,F-A1-PORTSCAN-V-02,PortScan,PortScan,RF-v4,0.022462684358732367,0.02456998804013236,0.9529673276011341
4267,F-A1-PORTSCAN-V-02,PortScan,PortScan,RF-v4,0.011362597026078827,0.010728326337278654,0.9779090766366417
4268,F-A1-PORTSCAN-V-02,PortScan,PortScan,RF-v4,0.022462684358732367,0.02456998804013236,0.9529673276011341
4269,F-A1-PORTSCAN-V-02,PortScan,PortScan,RF-v4,0.022462684358732367,0.025450875412146013,0.9520864402291206
4270,F-A1-PORTSCAN-V-02,PortScan,PortScan,RF-v4,0.011362597026078827,0.010728326337278654,0.9779090766366417
4271,F-A1-PORTSCAN-V-02,PortScan,PortScan,RF-v4,0.011362597026078827,0.010728326337278654,0.9779090766366417
4272,F-A1-PORTSCAN-V-02,PortScan,PortScan,RF-v4,0.022462684358732367,0.02456998804013236,0.9529673276011341
4273,F-A1-PORTSCAN-V-02,PortScan,PortScan,RF-v4,0.022462684358732367,0.02456998804013236,0.9529673276011341
4274,F-A1-PORTSCAN-V-02,PortScan,PortScan,RF-v4,0.011362597026078827,0.010728326337278654,0.9779090766366417
4275,F-A1-PORTSCAN-V-02,PortScan,PortScan,RF-v4,0.022462684358732367,0.02456998804013236,0.9529673276011341
4276,F-A1-PORTSCAN-V-02,PortScan,PortScan,RF-v4,0.011362597026078827,0.010728326337278654,0.9779090766366417
4277,F-A1-PORTSCAN-V-02,PortScan,PortScan,RF-v4,0.011362597026078827,0.010728326337278654,0.9779090766366417
4278,F-A1-PORTSCAN-V-02,PortScan,PortScan,RF-v4,0.011362597026078827,0.010728326337278654,0.9779090766366417
4279,F-A1-PORTSCAN-V-02,PortScan,PortScan,RF-v4,0.02455063355411335,0.02445691884871638,0.950992447597169
4280,F-A1-PORTSCAN-V-02,PortScan,PortScan,RF-v4,0.022462684358732367,0.02456998804013236,0.9529673276011341
4281,F-A1-PORTSCAN-V-02,PortScan,PortScan,RF-v4,0.022462684358732367,0.02456998804013236,0.9529673276011341
4282,F-A1-PORTSCAN-V-02,PortScan,PortScan,RF-v4,0.022462684358732367,0.02456998804013236,0.9529673276011341
4283,F-A1-PORTSCAN-V-02,PortScan,PortScan,RF-v4,0.02455063355411335,0.02445691884871638,0.950992447597169
4284,F-A1-PORTSCAN-V-02,PortScan,PortScan,RF-v4,0.010494006290149255,0.010728326337278654,0.9787776673725712
4285,F-A1-PORTSCAN-V-02,PortScan,PortScan,RF-v4,0.011362597026078827,0.010728326337278654,0.9779090766366417
4286,F-A1-PORTSCAN-V-02,PortScan,PortScan,RF-v4,0.024867423014224795,0.02445691884871638,0.9506756581370577
4287,F-A1-PORTSCAN-V-02,PortScan,PortScan,RF-v4,0.022462684358732367,0.02456998804013236,0.9529673276011341
4288,F-A1-PORTSCAN-V-02,PortScan,PortScan,RF-v4,0.024867423014224795,0.02445691884871638,0.9506756581370577
4289,F-A1-PORTSCAN-V-02,PortScan,PortScan,RF-v4,0.022462684358732367,0.02456998804013236,0.9529673276011341
4290,F-A1-PORTSCAN-V-02,PortScan,PortScan,RF-v4,0.022462684358732367,0.02456998804013236,0.9529673276011341
4291,F-A1-PORTSCAN-V-02,PortScan,PortScan,RF-v4,0.022462684358732367,0.02456998804013236,0.9529673276011341
4292,F-A1-PORTSCAN-V-02,PortScan,PortScan,RF-v4,0.011362597026078827,0.010728326337278654,0.9779090766366417
4293,F-A1-PORTSCAN-V-02,PortScan,PortScan,RF-v4,0.022462684358732367,0.025450875412146013,0.9520864402291206
4294,F-A1-PORTSCAN-V-02,PortScan,PortScan,RF-v4,0.024867423014224795,0.02445691884871638,0.9506756581370577
4295,F-A1-PORTSCAN-V-02,PortScan,PortScan,RF-v4,0.022462684358732367,0.02456998804013236,0.9529673276011341
4296,F-A1-PORTSCAN-V-02,PortScan,PortScan,RF-v4,0.024867423014224795,0.02445691884871638,0.9506756581370577
4297,F-A1-PORTSCAN-V-02,PortScan,PortScan,RF-v4,0.011362597026078827,0.010728326337278654,0.9779090766366417
4298,F-A1-PORTSCAN-V-02,PortScan,PortScan,RF-v4,0.022462684358732367,0.02456998804013236,0.9529673276011341
4299,F-A1-PORTSCAN-V-02,PortScan,PortScan,RF-v4,0.024867423014224795,0.02445691884871638,0.9506756581370577
4300,F-A1-PORTSCAN-V-02,PortScan,PortScan,RF-v4,0.011362597026078827,0.010728326337278654,0.9779090766366417
4301,F-A1-PORTSCAN-V-02,PortScan,PortScan,RF-v4,0.011362597026078827,0.010728326337278654,0.9779090766366417
4302,F-A1-PORTSCAN-V-02,PortScan,PortScan,RF-v4,0.022462684358732367,0.025450875412146013,0.9520864402291206
4303,F-A1-PORTSCAN-V-02,PortScan,PortScan,RF-v4,0.022462684358732367,0.02456998804013236,0.9529673276011341
4304,F-A1-PORTSCAN-V-02,PortScan,PortScan,RF-v4,0.011362597026078827,0.010728326337278654,0.9779090766366417
4305,F-A1-PORTSCAN-V-02,PortScan,PortScan,RF-v4,0.022462684358732367,0.02456998804013236,0.9529673276011341
4306,F-A1-PORTSCAN-V-02,PortScan,PortScan,RF-v4,0.011362597026078827,0.010728326337278654,0.9779090766366417
4307,F-A1-PORTSCAN-V-02,PortScan,PortScan,RF-v4,0.022462684358732367,0.02456998804013236,0.9529673276011341
4308,F-A1-PORTSCAN-V-02,PortScan,PortScan,RF-v4,0.022462684358732367,0.02456998804013236,0.9529673276011341
4309,F-A1-PORTSCAN-V-02,PortScan,PortScan,RF-v4,0.011362597026078827,0.010728326337278654,0.9779090766366417
4310,F-A1-PORTSCAN-V-02,PortScan,PortScan,RF-v4,0.011362597026078827,0.010728326337278654,0.9779090766366417
4311,F-A1-PORTSCAN-V-02,PortScan,PortScan,RF-v4,0.011362597026078827,0.010728326337278654,0.9779090766366417
4312,F-A1-PORTSCAN-V-02,PortScan,PortScan,RF-v4,0.011362597026078827,0.010728326337278654,0.9779090766366417
4313,F-A1-PORTSCAN-V-02,PortScan,PortScan,RF-v4,0.022462684358732367,0.02456998804013236,0.9529673276011341
4314,F-A1-PORTSCAN-V-02,PortScan,PortScan,RF-v4,0.022462684358732367,0.02456998804013236,0.9529673276011341
4315,F-A1-PORTSCAN-V-02,PortScan,PortScan,RF-v4,0.02455063355411335,0.02445691884871638,0.950992447597169
4316,F-A1-PORTSCAN-V-02,PortScan,PortScan,RF-v4,0.011362597026078827,0.010728326337278654,0.9779090766366417
4317,F-A1-PORTSCAN-V-02,PortScan,PortScan,RF-v4,0.011362597026078827,0.010728326337278654,0.9779090766366417
4318,F-A1-PORTSCAN-V-02,PortScan,PortScan,RF-v4,0.02455063355411335,0.02445691884871638,0.950992447597169
4319,F-A1-PORTSCAN-V-02,PortScan,PortScan,RF-v4,0.022462684358732367,0.02456998804013236,0.9529673276011341
4320,F-A1-PORTSCAN-V-02,PortScan,PortScan,RF-v4,0.011362597026078827,0.010728326337278654,0.9779090766366417
4321,F-A1-PORTSCAN-V-02,PortScan,PortScan,RF-v4,0.011362597026078827,0.010728326337278654,0.9779090766366417
4322,F-A1-PORTSCAN-V-02,PortScan,PortScan,RF-v4,0.010077466767963996,0.010650464612028019,0.979272068620007
4323,F-A1-PORTSCAN-V-02,PortScan,PortScan,RF-v4,0.011362597026078827,0.010728326337278654,0.9779090766366417
4324,F-A1-PORTSCAN-V-02,PortScan,PortScan,RF-v4,0.02455063355411335,0.02445691884871638,0.950992447597169
4325,F-A1-PORTSCAN-V-02,PortScan,PortScan,RF-v4,0.022462684358732367,0.02456998804013236,0.9529673276011341
4326,F-A1-PORTSCAN-V-02,PortScan,PortScan,RF-v4,0.022462684358732367,0.02456998804013236,0.9529673276011341
4327,F-A1-PORTSCAN-V-02,PortScan,PortScan,RF-v4,0.011362597026078827,0.010728326337278654,0.9779090766366417
4328,F-A1-PORTSCAN-V-02,PortScan,PortScan,RF-v4,0.01094605750389357,0.010642434600036823,0.9784115078960687
4329,F-A1-PORTSCAN-V-02,PortScan,PortScan,RF-v4,0.011362597026078827,0.010728326337278654,0.9779090766366417
4330,F-A1-PORTSCAN-V-02,PortScan,PortScan,RF-v4,0.011362597026078827,0.010728326337278654,0.9779090766366417
4331,F-A1-PORTSCAN-V-02,PortScan,PortScan,RF-v4,0.011362597026078827,0.010728326337278654,0.9779090766366417
4332,F-A1-PORTSCAN-V-02,PortScan,PortScan,RF-v4,0.02455063355411335,0.02445691884871638,0.950992447597169
4333,F-A1-PORTSCAN-V-02,PortScan,PortScan,RF-v4,0.024867423014224795,0.02445691884871638,0.9506756581370577
4334,F-A1-PORTSCAN-V-02,PortScan,PortScan,RF-v4,0.011362597026078827,0.010728326337278654,0.9779090766366417
4335,F-A1-PORTSCAN-V-02,PortScan,PortScan,RF-v4,0.024867423014224795,0.02445691884871638,0.9506756581370577
4336,F-A1-PORTSCAN-V-02,PortScan,PortScan,RF-v4,0.022462684358732367,0.02456998804013236,0.9529673276011341
4337,F-A1-PORTSCAN-V-02,PortScan,PortScan,RF-v4,0.024867423014224795,0.02445691884871638,0.9506756581370577
4338,F-A1-PORTSCAN-V-02,PortScan,PortScan,RF-v4,0.022462684358732367,0.025450875412146013,0.9520864402291206
4339,F-A1-PORTSCAN-V-02,PortScan,PortScan,RF-v4,0.011362597026078827,0.010728326337278654,0.9779090766366417
4340,F-A1-PORTSCAN-V-02,PortScan,PortScan,RF-v4,0.022462684358732367,0.02456998804013236,0.9529673276011341
4341,F-A1-PORTSCAN-V-02,PortScan,PortScan,RF-v4,0.022462684358732367,0.02456998804013236,0.9529673276011341
4342,F-A1-PORTSCAN-V-02,PortScan,PortScan,RF-v4,0.022462684358732367,0.02456998804013236,0.9529673276011341
4343,F-A1-PORTSCAN-V-02,PortScan,PortScan,RF-v4,0.024867423014224795,0.02445691884871638,0.9506756581370577
4344,F-A1-PORTSCAN-V-02,PortScan,PortScan,RF-v4,0.010077466767963996,0.010650464612028019,0.979272068620007
4345,F-A1-PORTSCAN-V-02,PortScan,PortScan,RF-v4,0.011362597026078827,0.010728326337278654,0.9779090766366417
4346,F-A1-PORTSCAN-V-02,PortScan,PortScan,RF-v4,0.022462684358732367,0.02456998804013236,0.9529673276011341
4347,F-A1-PORTSCAN-V-02,PortScan,PortScan,RF-v4,0.02017146828761298,0.010737787045729152,0.9690907446666571
4348,F-A1-PORTSCAN-V-02,PortScan,PortScan,RF-v4,0.022462684358732367,0.02456998804013236,0.9529673276011341
4349,F-A1-PORTSCAN-V-02,PortScan,PortScan,RF-v4,0.011362597026078827,0.010728326337278654,0.9779090766366417
4350,F-A1-PORTSCAN-V-02,PortScan,PortScan,RF-v4,0.011362597026078827,0.010728326337278654,0.9779090766366417
4351,F-A1-PORTSCAN-V-02,PortScan,PortScan,RF-v4,0.022462684358732367,0.02456998804013236,0.9529673276011341
4352,F-A1-PORTSCAN-V-02,PortScan,PortScan,RF-v4,0.011362597026078827,0.010728326337278654,0.9779090766366417
4353,F-A1-PORTSCAN-V-02,PortScan,PortScan,RF-v4,0.011362597026078827,0.010728326337278654,0.9779090766366417
4354,F-A1-PORTSCAN-V-02,PortScan,PortScan,RF-v4,0.011362597026078827,0.010728326337278654,0.9779090766366417
4355,F-A1-PORTSCAN-V-02,PortScan,PortScan,RF-v4,0.022462684358732367,0.02456998804013236,0.9529673276011341
4356,F-A1-PORTSCAN-V-02,PortScan,PortScan,RF-v4,0.011362597026078827,0.010728326337278654,0.9779090766366417
4357,F-A1-PORTSCAN-V-02,PortScan,PortScan,RF-v4,0.024867423014224795,0.02445691884871638,0.9506756581370577
4358,F-A1-PORTSCAN-V-02,PortScan,PortScan,RF-v4,0.022462684358732367,0.02456998804013236,0.9529673276011341
4359,F-A1-PORTSCAN-V-02,PortScan,PortScan,RF-v4,0.022462684358732367,0.02456998804013236,0.9529673276011341
4360,F-A1-PORTSCAN-V-02,PortScan,PortScan,RF-v4,0.011362597026078827,0.010728326337278654,0.9779090766366417
4361,F-A1-PORTSCAN-V-02,PortScan,PortScan,RF-v4,0.011362597026078827,0.010728326337278654,0.9779090766366417
4362,F-A1-PORTSCAN-V-02,PortScan,PortScan,RF-v4,0.011362597026078827,0.010728326337278654,0.9779090766366417
4363,F-A1-PORTSCAN-V-02,PortScan,PortScan,RF-v4,0.011362597026078827,0.010728326337278654,0.9779090766366417
4364,F-A1-PORTSCAN-V-02,PortScan,PortScan,RF-v4,0.010077466767963996,0.010650464612028019,0.979272068620007
4365,F-A1-PORTSCAN-V-02,PortScan,PortScan,RF-v4,0.011362597026078827,0.010728326337278654,0.9779090766366417
4366,F-A1-PORTSCAN-V-02,PortScan,PortScan,RF-v4,0.011362597026078827,0.010728326337278654,0.9779090766366417
4367,F-A1-PORTSCAN-V-02,PortScan,PortScan,RF-v4,0.022462684358732367,0.02456998804013236,0.9529673276011341
4368,F-A1-PORTSCAN-V-02,PortScan,PortScan,RF-v4,0.022462684358732367,0.02456998804013236,0.9529673276011341
4369,F-A1-PORTSCAN-V-02,PortScan,PortScan,RF-v4,0.02455063355411335,0.02445691884871638,0.950992447597169
4370,F-A1-PORTSCAN-V-02,PortScan,PortScan,RF-v4,0.024867423014224795,0.02445691884871638,0.9506756581370577
4371,F-A1-PORTSCAN-V-02,PortScan,PortScan,RF-v4,0.011362597026078827,0.010728326337278654,0.9779090766366417
4372,F-A1-PORTSCAN-V-02,PortScan,PortScan,RF-v4,0.02455063355411335,0.02445691884871638,0.950992447597169
4373,F-A1-PORTSCAN-V-02,PortScan,PortScan,RF-v4,0.022462684358732367,0.02456998804013236,0.9529673276011341
4374,F-A1-PORTSCAN-V-02,PortScan,PortScan,RF-v4,0.011362597026078827,0.010728326337278654,0.9779090766366417
4375,F-A1-PORTSCAN-V-02,PortScan,PortScan,RF-v4,0.022462684358732367,0.02456998804013236,0.9529673276011341
4376,F-A1-PORTSCAN-V-02,PortScan,PortScan,RF-v4,0.01094605750389357,0.010642434600036823,0.9784115078960687
4377,F-A1-PORTSCAN-V-02,PortScan,PortScan,RF-v4,0.024867423014224795,0.02445691884871638,0.9506756581370577
4378,F-A1-PORTSCAN-V-02,PortScan,PortScan,RF-v4,0.011362597026078827,0.010728326337278654,0.9779090766366417
4379,F-A1-PORTSCAN-V-02,PortScan,PortScan,RF-v4,0.02455063355411335,0.02445691884871638,0.950992447597169
4380,F-A1-PORTSCAN-V-02,PortScan,PortScan,RF-v4,0.02455063355411335,0.02445691884871638,0.950992447597169
4381,F-A1-PORTSCAN-V-02,PortScan,PortScan,RF-v4,0.010077466767963996,0.010650464612028019,0.979272068620007
4382,F-A1-PORTSCAN-V-02,PortScan,PortScan,RF-v4,0.02455063355411335,0.02445691884871638,0.950992447597169
4383,F-A1-PORTSCAN-V-02,PortScan,PortScan,RF-v4,0.02017146828761298,0.010737787045729152,0.9690907446666571
4384,F-A1-PORTSCAN-V-02,PortScan,PortScan,RF-v4,0.011362597026078827,0.010728326337278654,0.9779090766366417
4385,F-A1-PORTSCAN-V-02,PortScan,PortScan,RF-v4,0.011362597026078827,0.010728326337278654,0.9779090766366417
4386,F-A1-PORTSCAN-V-02,PortScan,PortScan,RF-v4,0.01094605750389357,0.010642434600036823,0.9784115078960687
4387,F-A1-PORTSCAN-V-02,PortScan,PortScan,RF-v4,0.022462684358732367,0.02456998804013236,0.9529673276011341
4388,F-A1-PORTSCAN-V-02,PortScan,PortScan,RF-v4,0.011362597026078827,0.010728326337278654,0.9779090766366417
4389,F-A1-PORTSCAN-V-02,PortScan,PortScan,RF-v4,0.011362597026078827,0.010728326337278654,0.9779090766366417
4390,F-A1-PORTSCAN-V-02,PortScan,PortScan,RF-v4,0.022462684358732367,0.02456998804013236,0.9529673276011341
4391,F-A1-PORTSCAN-V-02,PortScan,PortScan,RF-v4,0.011362597026078827,0.010728326337278654,0.9779090766366417
4392,F-A1-PORTSCAN-V-02,PortScan,PortScan,RF-v4,0.022462684358732367,0.02456998804013236,0.9529673276011341
4393,F-A1-PORTSCAN-V-02,PortScan,PortScan,RF-v4,0.024867423014224795,0.02445691884871638,0.9506756581370577
4394,F-A1-PORTSCAN-V-02,PortScan,PortScan,RF-v4,0.022462684358732367,0.02456998804013236,0.9529673276011341
4395,F-A1-PORTSCAN-V-02,PortScan,PortScan,RF-v4,0.011362597026078827,0.010728326337278654,0.9779090766366417
4396,F-A1-PORTSCAN-V-02,PortScan,PortScan,RF-v4,0.022462684358732367,0.02456998804013236,0.9529673276011341
4397,F-A1-PORTSCAN-V-02,PortScan,PortScan,RF-v4,0.011362597026078827,0.010728326337278654,0.9779090766366417
4398,F-A1-PORTSCAN-V-02,PortScan,PortScan,RF-v4,0.024867423014224795,0.02445691884871638,0.9506756581370577
4399,F-A1-PORTSCAN-V-02,PortScan,PortScan,RF-v4,0.011362597026078827,0.010728326337278654,0.9779090766366417
4400,F-A1-PORTSCAN-V-02,PortScan,PortScan,RF-v4,0.024867423014224795,0.02445691884871638,0.9506756581370577
4401,F-A1-PORTSCAN-V-02,PortScan,PortScan,RF-v4,0.022462684358732367,0.02456998804013236,0.9529673276011341
4402,F-A1-PORTSCAN-V-02,PortScan,PortScan,RF-v4,0.011362597026078827,0.010728326337278654,0.9779090766366417
4403,F-A1-PORTSCAN-V-02,PortScan,PortScan,RF-v4,0.02455063355411335,0.02445691884871638,0.950992447597169
4404,F-A1-PORTSCAN-V-02,PortScan,PortScan,RF-v4,0.011362597026078827,0.010728326337278654,0.9779090766366417
4405,F-A1-PORTSCAN-V-02,PortScan,PortScan,RF-v4,0.013600494794876974,0.015344857322839694,0.9710546478822825
4406,F-A1-PORTSCAN-V-02,PortScan,PortScan,RF-v4,0.02455063355411335,0.02445691884871638,0.950992447597169
4407,F-A1-PORTSCAN-V-02,PortScan,PortScan,RF-v4,0.022462684358732367,0.02456998804013236,0.9529673276011341
4408,F-A1-PORTSCAN-V-02,PortScan,PortScan,RF-v4,0.011362597026078827,0.010728326337278654,0.9779090766366417
4409,F-A1-PORTSCAN-V-02,PortScan,PortScan,RF-v4,0.022462684358732367,0.02456998804013236,0.9529673276011341
4410,F-A1-PORTSCAN-V-02,PortScan,PortScan,RF-v4,0.022462684358732367,0.02456998804013236,0.9529673276011341
4411,F-A1-PORTSCAN-V-02,PortScan,PortScan,RF-v4,0.024867423014224795,0.02445691884871638,0.9506756581370577
4412,F-A1-PORTSCAN-V-02,PortScan,PortScan,RF-v4,0.010077466767963996,0.010650464612028019,0.979272068620007
4413,F-A1-PORTSCAN-V-02,PortScan,PortScan,RF-v4,0.022462684358732367,0.02456998804013236,0.9529673276011341
4414,F-A1-PORTSCAN-V-02,PortScan,PortScan,RF-v4,0.011362597026078827,0.010728326337278654,0.9779090766366417
4415,F-A1-PORTSCAN-V-02,PortScan,PortScan,RF-v4,0.010077466767963996,0.010650464612028019,0.979272068620007
4416,F-A1-PORTSCAN-V-02,PortScan,PortScan,RF-v4,0.011362597026078827,0.010728326337278654,0.9779090766366417
4417,F-A1-PORTSCAN-V-02,PortScan,PortScan,RF-v4,0.022462684358732367,0.02456998804013236,0.9529673276011341
4418,F-A1-PORTSCAN-V-02,PortScan,PortScan,RF-v4,0.022462684358732367,0.02456998804013236,0.9529673276011341
4419,F-A1-PORTSCAN-V-02,PortScan,PortScan,RF-v4,0.022462684358732367,0.02456998804013236,0.9529673276011341
4420,F-A1-PORTSCAN-V-02,PortScan,PortScan,RF-v4,0.024867423014224795,0.02445691884871638,0.9506756581370577
4421,F-A1-PORTSCAN-V-02,PortScan,PortScan,RF-v4,0.022462684358732367,0.02456998804013236,0.9529673276011341
4422,F-A1-PORTSCAN-V-02,PortScan,PortScan,RF-v4,0.022462684358732367,0.02456998804013236,0.9529673276011341
4423,F-A1-PORTSCAN-V-02,PortScan,PortScan,RF-v4,0.024867423014224795,0.02445691884871638,0.9506756581370577
4424,F-A1-PORTSCAN-V-02,PortScan,PortScan,RF-v4,0.02455063355411335,0.02445691884871638,0.950992447597169
4425,F-A1-PORTSCAN-V-02,PortScan,PortScan,RF-v4,0.011362597026078827,0.010728326337278654,0.9779090766366417
4426,F-A1-PORTSCAN-V-02,PortScan,PortScan,RF-v4,0.022462684358732367,0.02456998804013236,0.9529673276011341
4427,F-A1-PORTSCAN-V-02,PortScan,PortScan,RF-v4,0.022462684358732367,0.02456998804013236,0.9529673276011341
4428,F-A1-PORTSCAN-V-02,PortScan,PortScan,RF-v4,0.010077466767963996,0.010650464612028019,0.979272068620007
4429,F-A1-PORTSCAN-V-02,PortScan,PortScan,RF-v4,0.011362597026078827,0.010728326337278654,0.9779090766366417
4430,F-A1-PORTSCAN-V-02,PortScan,PortScan,RF-v4,0.01094605750389357,0.010642434600036823,0.9784115078960687
4431,F-A1-PORTSCAN-V-02,PortScan,PortScan,RF-v4,0.011362597026078827,0.010728326337278654,0.9779090766366417
4432,F-A1-PORTSCAN-V-02,PortScan,PortScan,RF-v4,0.022462684358732367,0.02456998804013236,0.9529673276011341
4433,F-A1-PORTSCAN-V-02,PortScan,PortScan,RF-v4,0.024867423014224795,0.02445691884871638,0.9506756581370577
4434,F-A1-PORTSCAN-V-02,PortScan,PortScan,RF-v4,0.022462684358732367,0.02456998804013236,0.9529673276011341
4435,F-A1-PORTSCAN-V-02,PortScan,PortScan,RF-v4,0.011362597026078827,0.010728326337278654,0.9779090766366417
4436,F-A1-PORTSCAN-V-02,PortScan,PortScan,RF-v4,0.022462684358732367,0.02456998804013236,0.9529673276011341
4437,F-A1-PORTSCAN-V-02,PortScan,PortScan,RF-v4,0.022462684358732367,0.02456998804013236,0.9529673276011341
4438,F-A1-PORTSCAN-V-02,PortScan,PortScan,RF-v4,0.022462684358732367,0.02456998804013236,0.9529673276011341
4439,F-A1-PORTSCAN-V-02,PortScan,PortScan,RF-v4,0.022462684358732367,0.025450875412146013,0.9520864402291206
4440,F-A1-PORTSCAN-V-02,PortScan,PortScan,RF-v4,0.011362597026078827,0.010728326337278654,0.9779090766366417
4441,F-A1-PORTSCAN-V-02,PortScan,PortScan,RF-v4,0.011362597026078827,0.010728326337278654,0.9779090766366417
4442,F-A1-PORTSCAN-V-02,PortScan,PortScan,RF-v4,0.01094605750389357,0.010642434600036823,0.9784115078960687
4443,F-A1-PORTSCAN-V-02,PortScan,PortScan,RF-v4,0.022462684358732367,0.02456998804013236,0.9529673276011341
4444,F-A1-PORTSCAN-V-02,PortScan,PortScan,RF-v4,0.022462684358732367,0.02456998804013236,0.9529673276011341
4445,F-A1-PORTSCAN-V-02,PortScan,PortScan,RF-v4,0.011362597026078827,0.010728326337278654,0.9779090766366417
4446,F-A1-PORTSCAN-V-02,PortScan,PortScan,RF-v4,0.024867423014224795,0.02445691884871638,0.9506756581370577
4447,F-A1-PORTSCAN-V-02,PortScan,PortScan,RF-v4,0.011362597026078827,0.010728326337278654,0.9779090766366417
4448,F-A1-PORTSCAN-V-02,PortScan,PortScan,RF-v4,0.011362597026078827,0.010728326337278654,0.9779090766366417
4449,F-A1-PORTSCAN-V-02,PortScan,PortScan,RF-v4,0.02017146828761298,0.010737787045729152,0.9690907446666571
4450,F-A1-PORTSCAN-V-02,PortScan,PortScan,RF-v4,0.010077466767963996,0.010650464612028019,0.979272068620007
4451,F-A1-PORTSCAN-V-02,PortScan,PortScan,RF-v4,0.024867423014224795,0.02445691884871638,0.9506756581370577
4452,F-A1-PORTSCAN-V-02,PortScan,PortScan,RF-v4,0.022462684358732367,0.02456998804013236,0.9529673276011341
4453,F-A1-PORTSCAN-V-02,PortScan,PortScan,RF-v4,0.024867423014224795,0.02445691884871638,0.9506756581370577
4454,F-A1-PORTSCAN-V-02,PortScan,PortScan,RF-v4,0.011362597026078827,0.010728326337278654,0.9779090766366417
4455,F-A1-PORTSCAN-V-02,PortScan,PortScan,RF-v4,0.01094605750389357,0.010642434600036823,0.9784115078960687
4456,F-A1-PORTSCAN-V-02,PortScan,PortScan,RF-v4,0.011362597026078827,0.010728326337278654,0.9779090766366417
4457,F-A1-PORTSCAN-V-02,PortScan,PortScan,RF-v4,0.024867423014224795,0.02445691884871638,0.9506756581370577
4458,F-A1-PORTSCAN-V-02,PortScan,PortScan,RF-v4,0.02455063355411335,0.02445691884871638,0.950992447597169
4459,F-A1-PORTSCAN-V-02,PortScan,PortScan,RF-v4,0.010077466767963996,0.010650464612028019,0.979272068620007
4460,F-A1-PORTSCAN-V-02,PortScan,PortScan,RF-v4,0.022462684358732367,0.02456998804013236,0.9529673276011341
4461,F-A1-PORTSCAN-V-02,PortScan,PortScan,RF-v4,0.022462684358732367,0.02456998804013236,0.9529673276011341
4462,F-A1-PORTSCAN-V-02,PortScan,PortScan,RF-v4,0.011362597026078827,0.010728326337278654,0.9779090766366417
4463,F-A1-PORTSCAN-V-02,PortScan,PortScan,RF-v4,0.024867423014224795,0.02445691884871638,0.9506756581370577
4464,F-A1-PORTSCAN-V-02,PortScan,PortScan,RF-v4,0.022462684358732367,0.02456998804013236,0.9529673276011341
4465,F-A1-PORTSCAN-V-02,PortScan,PortScan,RF-v4,0.010077466767963996,0.010650464612028019,0.979272068620007
4466,F-A1-PORTSCAN-V-02,PortScan,PortScan,RF-v4,0.011362597026078827,0.010728326337278654,0.9779090766366417
4467,F-A1-PORTSCAN-V-02,PortScan,PortScan,RF-v4,0.022462684358732367,0.02456998804013236,0.9529673276011341
4468,F-A1-PORTSCAN-V-02,PortScan,PortScan,RF-v4,0.022462684358732367,0.02456998804013236,0.9529673276011341
4469,F-A1-PORTSCAN-V-02,PortScan,PortScan,RF-v4,0.022462684358732367,0.02456998804013236,0.9529673276011341
4470,F-A1-PORTSCAN-V-02,PortScan,PortScan,RF-v4,0.011362597026078827,0.010728326337278654,0.9779090766366417
4471,F-A1-PORTSCAN-V-02,PortScan,PortScan,RF-v4,0.011362597026078827,0.010728326337278654,0.9779090766366417
4472,F-A1-PORTSCAN-V-02,PortScan,PortScan,RF-v4,0.011362597026078827,0.010728326337278654,0.9779090766366417
4473,F-A1-PORTSCAN-V-02,PortScan,PortScan,RF-v4,0.022462684358732367,0.02456998804013236,0.9529673276011341
4474,F-A1-PORTSCAN-V-02,PortScan,PortScan,RF-v4,0.022462684358732367,0.02456998804013236,0.9529673276011341
4475,F-A1-PORTSCAN-V-02,PortScan,PortScan,RF-v4,0.010494006290149255,0.010728326337278654,0.9787776673725712
4476,F-A1-PORTSCAN-V-02,PortScan,PortScan,RF-v4,0.011362597026078827,0.010728326337278654,0.9779090766366417
4477,F-A1-PORTSCAN-V-02,PortScan,PortScan,RF-v4,0.011362597026078827,0.010728326337278654,0.9779090766366417
4478,F-A1-PORTSCAN-V-02,PortScan,PortScan,RF-v4,0.010494006290149255,0.010728326337278654,0.9787776673725712
4479,F-A1-PORTSCAN-V-02,PortScan,PortScan,RF-v4,0.022462684358732367,0.02456998804013236,0.9529673276011341
4480,F-A1-PORTSCAN-V-02,PortScan,PortScan,RF-v4,0.011362597026078827,0.010728326337278654,0.9779090766366417
4481,F-A1-PORTSCAN-V-02,PortScan,PortScan,RF-v4,0.022462684358732367,0.02456998804013236,0.9529673276011341
4482,F-A1-PORTSCAN-V-02,PortScan,PortScan,RF-v4,0.011362597026078827,0.010728326337278654,0.9779090766366417
4483,F-A1-PORTSCAN-V-02,PortScan,PortScan,RF-v4,0.011362597026078827,0.010728326337278654,0.9779090766366417
4484,F-A1-PORTSCAN-V-02,PortScan,PortScan,RF-v4,0.024867423014224795,0.02445691884871638,0.9506756581370577
4485,F-A1-PORTSCAN-V-02,PortScan,PortScan,RF-v4,0.011362597026078827,0.010728326337278654,0.9779090766366417
4486,F-A1-PORTSCAN-V-02,PortScan,PortScan,RF-v4,0.011362597026078827,0.010728326337278654,0.9779090766366417
4487,F-A1-PORTSCAN-V-02,PortScan,PortScan,RF-v4,0.02455063355411335,0.02445691884871638,0.950992447597169
4488,F-A1-PORTSCAN-V-02,PortScan,PortScan,RF-v4,0.011362597026078827,0.010728326337278654,0.9779090766366417
4489,F-A1-PORTSCAN-V-02,PortScan,PortScan,RF-v4,0.011362597026078827,0.010728326337278654,0.9779090766366417
4490,F-A1-PORTSCAN-V-02,PortScan,PortScan,RF-v4,0.011362597026078827,0.010728326337278654,0.9779090766366417
4491,F-A1-PORTSCAN-V-02,PortScan,PortScan,RF-v4,0.011362597026078827,0.010728326337278654,0.9779090766366417
4492,F-A1-PORTSCAN-V-02,PortScan,PortScan,RF-v4,0.011362597026078827,0.010728326337278654,0.9779090766366417
4493,F-A1-PORTSCAN-V-02,PortScan,PortScan,RF-v4,0.022462684358732367,0.025450875412146013,0.9520864402291206
4494,F-A1-PORTSCAN-V-02,PortScan,PortScan,RF-v4,0.022462684358732367,0.02456998804013236,0.9529673276011341
4495,F-A1-PORTSCAN-V-02,PortScan,PortScan,RF-v4,0.01094605750389357,0.010642434600036823,0.9784115078960687
4496,F-A1-PORTSCAN-V-02,PortScan,PortScan,RF-v4,0.024867423014224795,0.02445691884871638,0.9506756581370577
4497,F-A1-PORTSCAN-V-02,PortScan,PortScan,RF-v4,0.011362597026078827,0.010728326337278654,0.9779090766366417
4498,F-A1-PORTSCAN-V-02,PortScan,PortScan,RF-v4,0.022462684358732367,0.025450875412146013,0.9520864402291206
4499,F-A1-PORTSCAN-V-02,PortScan,PortScan,RF-v4,0.022462684358732367,0.02456998804013236,0.9529673276011341
4500,F-A1-PORTSCAN-V-02,PortScan,PortScan,RF-v4,0.011362597026078827,0.010728326337278654,0.9779090766366417
4501,F-A1-PORTSCAN-V-02,PortScan,PortScan,RF-v4,0.011362597026078827,0.010728326337278654,0.9779090766366417
4502,F-A1-PORTSCAN-V-02,PortScan,PortScan,RF-v4,0.011362597026078827,0.010728326337278654,0.9779090766366417
4503,F-A1-PORTSCAN-V-02,PortScan,PortScan,RF-v4,0.022462684358732367,0.02456998804013236,0.9529673276011341
4504,F-A1-PORTSCAN-V-02,PortScan,PortScan,RF-v4,0.01094605750389357,0.010642434600036823,0.9784115078960687
4505,F-A1-PORTSCAN-V-02,PortScan,PortScan,RF-v4,0.011362597026078827,0.010728326337278654,0.9779090766366417
4506,F-A1-PORTSCAN-V-02,PortScan,PortScan,RF-v4,0.011362597026078827,0.010728326337278654,0.9779090766366417
4507,F-A1-PORTSCAN-V-02,PortScan,PortScan,RF-v4,0.01094605750389357,0.010642434600036823,0.9784115078960687
4508,F-A1-PORTSCAN-V-02,PortScan,PortScan,RF-v4,0.022462684358732367,0.02456998804013236,0.9529673276011341
4509,F-A1-PORTSCAN-V-02,PortScan,PortScan,RF-v4,0.022462684358732367,0.02456998804013236,0.9529673276011341
4510,F-A1-PORTSCAN-V-02,PortScan,PortScan,RF-v4,0.022462684358732367,0.02456998804013236,0.9529673276011341
4511,F-A1-PORTSCAN-V-02,PortScan,PortScan,RF-v4,0.01094605750389357,0.010642434600036823,0.9784115078960687
4512,F-A1-PORTSCAN-V-02,PortScan,PortScan,RF-v4,0.022462684358732367,0.02456998804013236,0.9529673276011341
4513,F-A1-PORTSCAN-V-02,PortScan,PortScan,RF-v4,0.011362597026078827,0.010728326337278654,0.9779090766366417
4514,F-A1-PORTSCAN-V-02,PortScan,PortScan,RF-v4,0.011362597026078827,0.010728326337278654,0.9779090766366417
4515,F-A1-PORTSCAN-V-02,PortScan,PortScan,RF-v4,0.022462684358732367,0.02456998804013236,0.9529673276011341
4516,F-A1-PORTSCAN-V-02,PortScan,PortScan,RF-v4,0.02455063355411335,0.02445691884871638,0.950992447597169
4517,F-A1-PORTSCAN-V-02,PortScan,PortScan,RF-v4,0.022462684358732367,0.02456998804013236,0.9529673276011341
4518,F-A1-PORTSCAN-V-02,PortScan,PortScan,RF-v4,0.011362597026078827,0.010728326337278654,0.9779090766366417
4519,F-A1-PORTSCAN-V-02,PortScan,PortScan,RF-v4,0.022462684358732367,0.025450875412146013,0.9520864402291206
4520,F-A1-PORTSCAN-V-02,PortScan,PortScan,RF-v4,0.024867423014224795,0.02445691884871638,0.9506756581370577
4521,F-A1-PORTSCAN-V-02,PortScan,PortScan,RF-v4,0.011362597026078827,0.010728326337278654,0.9779090766366417
4522,F-A1-PORTSCAN-V-02,PortScan,PortScan,RF-v4,0.022462684358732367,0.02456998804013236,0.9529673276011341
4523,F-A1-PORTSCAN-V-02,PortScan,PortScan,RF-v4,0.022462684358732367,0.02456998804013236,0.9529673276011341
4524,F-A1-PORTSCAN-V-02,PortScan,PortScan,RF-v4,0.011362597026078827,0.010728326337278654,0.9779090766366417
4525,F-A1-PORTSCAN-V-02,PortScan,PortScan,RF-v4,0.01094605750389357,0.010642434600036823,0.9784115078960687
4526,F-A1-PORTSCAN-V-02,PortScan,PortScan,RF-v4,0.022462684358732367,0.02456998804013236,0.9529673276011341
4527,F-A1-PORTSCAN-V-02,PortScan,PortScan,RF-v4,0.011362597026078827,0.010728326337278654,0.9779090766366417
4528,F-A1-PORTSCAN-V-02,PortScan,PortScan,RF-v4,0.011362597026078827,0.010728326337278654,0.9779090766366417
4529,F-A1-PORTSCAN-V-02,PortScan,PortScan,RF-v4,0.011362597026078827,0.010728326337278654,0.9779090766366417
4530,F-A1-PORTSCAN-V-02,PortScan,PortScan,RF-v4,0.02455063355411335,0.02445691884871638,0.950992447597169
4531,F-A1-PORTSCAN-V-02,PortScan,PortScan,RF-v4,0.011362597026078827,0.010728326337278654,0.9779090766366417
4532,F-A1-PORTSCAN-V-02,PortScan,PortScan,RF-v4,0.02455063355411335,0.02445691884871638,0.950992447597169
4533,F-A1-PORTSCAN-V-02,PortScan,PortScan,RF-v4,0.024867423014224795,0.02445691884871638,0.9506756581370577
4534,F-A1-PORTSCAN-V-02,PortScan,PortScan,RF-v4,0.011362597026078827,0.010728326337278654,0.9779090766366417
4535,F-A1-PORTSCAN-V-02,PortScan,PortScan,RF-v4,0.011362597026078827,0.010728326337278654,0.9779090766366417
4536,F-A1-PORTSCAN-V-02,PortScan,PortScan,RF-v4,0.022462684358732367,0.02456998804013236,0.9529673276011341
4537,F-A1-PORTSCAN-V-02,PortScan,PortScan,RF-v4,0.022462684358732367,0.02456998804013236,0.9529673276011341
4538,F-A1-PORTSCAN-V-02,PortScan,PortScan,RF-v4,0.024867423014224795,0.02445691884871638,0.9506756581370577
4539,F-A1-PORTSCAN-V-02,PortScan,PortScan,RF-v4,0.011362597026078827,0.010728326337278654,0.9779090766366417
4540,F-A1-PORTSCAN-V-02,PortScan,PortScan,RF-v4,0.022462684358732367,0.02456998804013236,0.9529673276011341
4541,F-A1-PORTSCAN-V-02,PortScan,PortScan,RF-v4,0.022462684358732367,0.02456998804013236,0.9529673276011341
4542,F-A1-PORTSCAN-V-02,PortScan,PortScan,RF-v4,0.022462684358732367,0.02456998804013236,0.9529673276011341
4543,F-A1-PORTSCAN-V-02,PortScan,PortScan,RF-v4,0.011362597026078827,0.010728326337278654,0.9779090766366417
4544,F-A1-PORTSCAN-V-02,PortScan,PortScan,RF-v4,0.02455063355411335,0.02445691884871638,0.950992447597169
4545,F-A1-PORTSCAN-V-02,PortScan,PortScan,RF-v4,0.011362597026078827,0.010728326337278654,0.9779090766366417
4546,F-A1-PORTSCAN-V-02,PortScan,PortScan,RF-v4,0.011362597026078827,0.010728326337278654,0.9779090766366417
4547,F-A1-PORTSCAN-V-02,PortScan,PortScan,RF-v4,0.022462684358732367,0.02456998804013236,0.9529673276011341
4548,F-A1-PORTSCAN-V-02,PortScan,PortScan,RF-v4,0.024867423014224795,0.02445691884871638,0.9506756581370577
4549,F-A1-PORTSCAN-V-02,PortScan,PortScan,RF-v4,0.022462684358732367,0.02456998804013236,0.9529673276011341
4550,F-A1-PORTSCAN-V-02,PortScan,PortScan,RF-v4,0.011362597026078827,0.010728326337278654,0.9779090766366417
4551,F-A1-PORTSCAN-V-02,PortScan,PortScan,RF-v4,0.011362597026078827,0.010728326337278654,0.9779090766366417
4552,F-A1-PORTSCAN-V-02,PortScan,PortScan,RF-v4,0.011362597026078827,0.010728326337278654,0.9779090766366417
4553,F-A1-PORTSCAN-V-02,PortScan,PortScan,RF-v4,0.022462684358732367,0.02456998804013236,0.9529673276011341
4554,F-A1-PORTSCAN-V-02,PortScan,PortScan,RF-v4,0.011362597026078827,0.010728326337278654,0.9779090766366417
4555,F-A1-PORTSCAN-V-02,PortScan,PortScan,RF-v4,0.022462684358732367,0.02456998804013236,0.9529673276011341
4556,F-A1-PORTSCAN-V-02,PortScan,PortScan,RF-v4,0.01094605750389357,0.010642434600036823,0.9784115078960687
4557,F-A1-PORTSCAN-V-02,PortScan,PortScan,RF-v4,0.022462684358732367,0.02456998804013236,0.9529673276011341
4558,F-A1-PORTSCAN-V-02,PortScan,PortScan,RF-v4,0.02455063355411335,0.02445691884871638,0.950992447597169
4559,F-A1-PORTSCAN-V-02,PortScan,PortScan,RF-v4,0.022462684358732367,0.02456998804013236,0.9529673276011341
4560,F-A1-PORTSCAN-V-02,PortScan,PortScan,RF-v4,0.011362597026078827,0.010728326337278654,0.9779090766366417
4561,F-A1-PORTSCAN-V-02,PortScan,PortScan,RF-v4,0.011362597026078827,0.010728326337278654,0.9779090766366417
4562,F-A1-PORTSCAN-V-02,PortScan,PortScan,RF-v4,0.011362597026078827,0.010728326337278654,0.9779090766366417
4563,F-A1-PORTSCAN-V-02,PortScan,PortScan,RF-v4,0.010494006290149255,0.010728326337278654,0.9787776673725712
4564,F-A1-PORTSCAN-V-02,PortScan,PortScan,RF-v4,0.010077466767963996,0.010650464612028019,0.979272068620007
4565,F-A1-PORTSCAN-V-02,PortScan,PortScan,RF-v4,0.022462684358732367,0.02456998804013236,0.9529673276011341
4566,F-A1-PORTSCAN-V-02,PortScan,PortScan,RF-v4,0.013600494794876974,0.015344857322839694,0.9710546478822825
4567,F-A1-PORTSCAN-V-02,PortScan,PortScan,RF-v4,0.02455063355411335,0.02445691884871638,0.950992447597169
4568,F-A1-PORTSCAN-V-02,PortScan,PortScan,RF-v4,0.024867423014224795,0.02445691884871638,0.9506756581370577
4569,F-A1-PORTSCAN-V-02,PortScan,PortScan,RF-v4,0.011362597026078827,0.010728326337278654,0.9779090766366417
4570,F-A1-PORTSCAN-V-02,PortScan,PortScan,RF-v4,0.010077466767963996,0.010650464612028019,0.979272068620007
4571,F-A1-PORTSCAN-V-02,PortScan,PortScan,RF-v4,0.011362597026078827,0.010728326337278654,0.9779090766366417
4572,F-A1-PORTSCAN-V-02,PortScan,PortScan,RF-v4,0.011362597026078827,0.010728326337278654,0.9779090766366417
4573,F-A1-PORTSCAN-V-02,PortScan,PortScan,RF-v4,0.013600494794876974,0.015344857322839694,0.9710546478822825
4574,F-A1-PORTSCAN-V-02,PortScan,PortScan,RF-v4,0.022462684358732367,0.02456998804013236,0.9529673276011341
4575,F-A1-PORTSCAN-V-02,PortScan,PortScan,RF-v4,0.011362597026078827,0.010728326337278654,0.9779090766366417
4576,F-A1-PORTSCAN-V-02,PortScan,PortScan,RF-v4,0.022462684358732367,0.02456998804013236,0.9529673276011341
4577,F-A1-PORTSCAN-V-02,PortScan,PortScan,RF-v4,0.022462684358732367,0.02456998804013236,0.9529673276011341
4578,F-A1-PORTSCAN-V-02,PortScan,PortScan,RF-v4,0.01094605750389357,0.010642434600036823,0.9784115078960687
4579,F-A1-PORTSCAN-V-02,PortScan,PortScan,RF-v4,0.022462684358732367,0.02456998804013236,0.9529673276011341
4580,F-A1-PORTSCAN-V-02,PortScan,PortScan,RF-v4,0.011362597026078827,0.010728326337278654,0.9779090766366417
4581,F-A1-PORTSCAN-V-02,PortScan,PortScan,RF-v4,0.022462684358732367,0.02456998804013236,0.9529673276011341
4582,F-A1-PORTSCAN-V-02,PortScan,PortScan,RF-v4,0.010077466767963996,0.010650464612028019,0.979272068620007
4583,F-A1-PORTSCAN-V-02,PortScan,PortScan,RF-v4,0.022462684358732367,0.02456998804013236,0.9529673276011341
4584,F-A1-PORTSCAN-V-02,PortScan,PortScan,RF-v4,0.011362597026078827,0.010728326337278654,0.9779090766366417
4585,F-A1-PORTSCAN-V-02,PortScan,PortScan,RF-v4,0.013600494794876974,0.015344857322839694,0.9710546478822825
4586,F-A1-PORTSCAN-V-02,PortScan,PortScan,RF-v4,0.024867423014224795,0.02445691884871638,0.9506756581370577
4587,F-A1-PORTSCAN-V-02,PortScan,PortScan,RF-v4,0.011362597026078827,0.010728326337278654,0.9779090766366417
4588,F-A1-PORTSCAN-V-02,PortScan,PortScan,RF-v4,0.022462684358732367,0.02456998804013236,0.9529673276011341
4589,F-A1-PORTSCAN-V-02,PortScan,PortScan,RF-v4,0.011362597026078827,0.010728326337278654,0.9779090766366417
4590,F-A1-PORTSCAN-V-02,PortScan,PortScan,RF-v4,0.024867423014224795,0.02445691884871638,0.9506756581370577
4591,F-A1-PORTSCAN-V-02,PortScan,PortScan,RF-v4,0.022462684358732367,0.025450875412146013,0.9520864402291206
4592,F-A1-PORTSCAN-V-02,PortScan,PortScan,RF-v4,0.011362597026078827,0.010728326337278654,0.9779090766366417
4593,F-A1-PORTSCAN-V-02,PortScan,PortScan,RF-v4,0.010494006290149255,0.010728326337278654,0.9787776673725712
4594,F-A1-PORTSCAN-V-02,PortScan,PortScan,RF-v4,0.022462684358732367,0.02456998804013236,0.9529673276011341
4595,F-A1-PORTSCAN-V-02,PortScan,PortScan,RF-v4,0.011362597026078827,0.010728326337278654,0.9779090766366417
4596,F-A1-PORTSCAN-V-02,PortScan,PortScan,RF-v4,0.022462684358732367,0.02456998804013236,0.9529673276011341
4597,F-A1-PORTSCAN-V-02,PortScan,PortScan,RF-v4,0.022462684358732367,0.02456998804013236,0.9529673276011341
4598,F-A1-PORTSCAN-V-02,PortScan,PortScan,RF-v4,0.022462684358732367,0.02456998804013236,0.9529673276011341
4599,F-A1-PORTSCAN-V-02,PortScan,PortScan,RF-v4,0.02017146828761298,0.010737787045729152,0.9690907446666571
4600,F-A1-PORTSCAN-V-02,PortScan,PortScan,RF-v4,0.022462684358732367,0.02456998804013236,0.9529673276011341
4601,F-A1-PORTSCAN-V-02,PortScan,PortScan,RF-v4,0.011362597026078827,0.010728326337278654,0.9779090766366417
4602,F-A1-PORTSCAN-V-02,PortScan,PortScan,RF-v4,0.011362597026078827,0.010728326337278654,0.9779090766366417
4603,F-A1-PORTSCAN-V-02,PortScan,PortScan,RF-v4,0.022462684358732367,0.02456998804013236,0.9529673276011341
4604,F-A1-PORTSCAN-V-02,PortScan,PortScan,RF-v4,0.024867423014224795,0.02445691884871638,0.9506756581370577
4605,F-A1-PORTSCAN-V-02,PortScan,PortScan,RF-v4,0.022462684358732367,0.02456998804013236,0.9529673276011341
4606,F-A1-PORTSCAN-V-02,PortScan,PortScan,RF-v4,0.010077466767963996,0.010650464612028019,0.979272068620007
4607,F-A1-PORTSCAN-V-02,PortScan,PortScan,RF-v4,0.022462684358732367,0.02456998804013236,0.9529673276011341
4608,F-A1-PORTSCAN-V-02,PortScan,PortScan,RF-v4,0.024867423014224795,0.02445691884871638,0.9506756581370577
4609,F-A1-PORTSCAN-V-02,PortScan,PortScan,RF-v4,0.022462684358732367,0.02456998804013236,0.9529673276011341
4610,F-A1-PORTSCAN-V-02,PortScan,PortScan,RF-v4,0.024867423014224795,0.02445691884871638,0.9506756581370577
4611,F-A1-PORTSCAN-V-02,PortScan,PortScan,RF-v4,0.011362597026078827,0.010728326337278654,0.9779090766366417
4612,F-A1-PORTSCAN-V-02,PortScan,PortScan,RF-v4,0.022462684358732367,0.02456998804013236,0.9529673276011341
4613,F-A1-PORTSCAN-V-02,PortScan,PortScan,RF-v4,0.011362597026078827,0.010728326337278654,0.9779090766366417
4614,F-A1-PORTSCAN-V-02,PortScan,PortScan,RF-v4,0.022462684358732367,0.02456998804013236,0.9529673276011341
4615,F-A1-PORTSCAN-V-02,PortScan,PortScan,RF-v4,0.022462684358732367,0.02456998804013236,0.9529673276011341
4616,F-A1-PORTSCAN-V-02,PortScan,PortScan,RF-v4,0.011362597026078827,0.010728326337278654,0.9779090766366417
4617,F-A1-PORTSCAN-V-02,PortScan,PortScan,RF-v4,0.02455063355411335,0.02445691884871638,0.950992447597169
4618,F-A1-PORTSCAN-V-02,PortScan,PortScan,RF-v4,0.02455063355411335,0.02445691884871638,0.950992447597169
4619,F-A1-PORTSCAN-V-02,PortScan,PortScan,RF-v4,0.011362597026078827,0.010728326337278654,0.9779090766366417
4620,F-A1-PORTSCAN-V-02,PortScan,PortScan,RF-v4,0.022462684358732367,0.02456998804013236,0.9529673276011341
4621,F-A1-PORTSCAN-V-02,PortScan,PortScan,RF-v4,0.02455063355411335,0.02445691884871638,0.950992447597169
4622,F-A1-PORTSCAN-V-02,PortScan,PortScan,RF-v4,0.011362597026078827,0.010728326337278654,0.9779090766366417
4623,F-A1-PORTSCAN-V-02,PortScan,PortScan,RF-v4,0.022462684358732367,0.02456998804013236,0.9529673276011341
4624,F-A1-PORTSCAN-V-02,PortScan,PortScan,RF-v4,0.022462684358732367,0.02456998804013236,0.9529673276011341
4625,F-A1-PORTSCAN-V-02,PortScan,PortScan,RF-v4,0.022462684358732367,0.02456998804013236,0.9529673276011341
4626,F-A1-PORTSCAN-V-02,PortScan,PortScan,RF-v4,0.011362597026078827,0.010728326337278654,0.9779090766366417
4627,F-A1-PORTSCAN-V-02,PortScan,PortScan,RF-v4,0.022462684358732367,0.02456998804013236,0.9529673276011341
4628,F-A1-PORTSCAN-V-02,PortScan,PortScan,RF-v4,0.022462684358732367,0.025450875412146013,0.9520864402291206
4629,F-A1-PORTSCAN-V-02,PortScan,PortScan,RF-v4,0.010077466767963996,0.010650464612028019,0.979272068620007
4630,F-A1-PORTSCAN-V-02,PortScan,PortScan,RF-v4,0.011362597026078827,0.010728326337278654,0.9779090766366417
4631,F-A1-PORTSCAN-V-02,PortScan,PortScan,RF-v4,0.022462684358732367,0.025450875412146013,0.9520864402291206
4632,F-A1-PORTSCAN-V-02,PortScan,PortScan,RF-v4,0.011362597026078827,0.010728326337278654,0.9779090766366417
4633,F-A1-PORTSCAN-V-02,PortScan,PortScan,RF-v4,0.011362597026078827,0.010728326337278654,0.9779090766366417
4634,F-A1-PORTSCAN-V-02,PortScan,PortScan,RF-v4,0.011362597026078827,0.010728326337278654,0.9779090766366417
4635,F-A1-PORTSCAN-V-02,PortScan,PortScan,RF-v4,0.022462684358732367,0.02456998804013236,0.9529673276011341
4636,F-A1-PORTSCAN-V-02,PortScan,PortScan,RF-v4,0.022462684358732367,0.02456998804013236,0.9529673276011341
4637,F-A1-PORTSCAN-V-02,PortScan,PortScan,RF-v4,0.022462684358732367,0.02456998804013236,0.9529673276011341
4638,F-A1-PORTSCAN-V-02,PortScan,PortScan,RF-v4,0.01094605750389357,0.010642434600036823,0.9784115078960687
4639,F-A1-PORTSCAN-V-02,PortScan,PortScan,RF-v4,0.022462684358732367,0.02456998804013236,0.9529673276011341
4640,F-A1-PORTSCAN-V-02,PortScan,PortScan,RF-v4,0.011362597026078827,0.010728326337278654,0.9779090766366417
4641,F-A1-PORTSCAN-V-02,PortScan,PortScan,RF-v4,0.022462684358732367,0.02456998804013236,0.9529673276011341
4642,F-A1-PORTSCAN-V-02,PortScan,PortScan,RF-v4,0.011362597026078827,0.010728326337278654,0.9779090766366417
4643,F-A1-PORTSCAN-V-02,PortScan,PortScan,RF-v4,0.022462684358732367,0.02456998804013236,0.9529673276011341
4644,F-A1-PORTSCAN-V-02,PortScan,PortScan,RF-v4,0.022462684358732367,0.02456998804013236,0.9529673276011341
4645,F-A1-PORTSCAN-V-02,PortScan,PortScan,RF-v4,0.011362597026078827,0.010728326337278654,0.9779090766366417
4646,F-A1-PORTSCAN-V-02,PortScan,PortScan,RF-v4,0.022462684358732367,0.02456998804013236,0.9529673276011341
4647,F-A1-PORTSCAN-V-02,PortScan,PortScan,RF-v4,0.011362597026078827,0.010728326337278654,0.9779090766366417
4648,F-A1-PORTSCAN-V-02,PortScan,PortScan,RF-v4,0.011362597026078827,0.010728326337278654,0.9779090766366417
4649,F-A1-PORTSCAN-V-02,PortScan,PortScan,RF-v4,0.011362597026078827,0.010728326337278654,0.9779090766366417
4650,F-A1-PORTSCAN-V-02,PortScan,PortScan,RF-v4,0.022462684358732367,0.02456998804013236,0.9529673276011341
4651,F-A1-PORTSCAN-V-02,PortScan,PortScan,RF-v4,0.011362597026078827,0.010728326337278654,0.9779090766366417
4652,F-A1-PORTSCAN-V-02,PortScan,PortScan,RF-v4,0.022462684358732367,0.02456998804013236,0.9529673276011341
4653,F-A1-PORTSCAN-V-02,PortScan,PortScan,RF-v4,0.022462684358732367,0.02456998804013236,0.9529673276011341
4654,F-A1-PORTSCAN-V-02,PortScan,PortScan,RF-v4,0.022462684358732367,0.02456998804013236,0.9529673276011341
4655,F-A1-PORTSCAN-V-02,PortScan,PortScan,RF-v4,0.01094605750389357,0.010642434600036823,0.9784115078960687
4656,F-A1-PORTSCAN-V-02,PortScan,PortScan,RF-v4,0.011362597026078827,0.010728326337278654,0.9779090766366417
4657,F-A1-PORTSCAN-V-02,PortScan,PortScan,RF-v4,0.022462684358732367,0.02456998804013236,0.9529673276011341
4658,F-A1-PORTSCAN-V-02,PortScan,PortScan,RF-v4,0.022462684358732367,0.02456998804013236,0.9529673276011341
4659,F-A1-PORTSCAN-V-02,PortScan,PortScan,RF-v4,0.011362597026078827,0.010728326337278654,0.9779090766366417
4660,F-A1-PORTSCAN-V-02,PortScan,PortScan,RF-v4,0.024867423014224795,0.02445691884871638,0.9506756581370577
4661,F-A1-PORTSCAN-V-02,PortScan,PortScan,RF-v4,0.011362597026078827,0.010728326337278654,0.9779090766366417
4662,F-A1-PORTSCAN-V-02,PortScan,PortScan,RF-v4,0.011362597026078827,0.010728326337278654,0.9779090766366417
4663,F-A1-PORTSCAN-V-02,PortScan,PortScan,RF-v4,0.022462684358732367,0.02456998804013236,0.9529673276011341
4664,F-A1-PORTSCAN-V-02,PortScan,PortScan,RF-v4,0.022462684358732367,0.02456998804013236,0.9529673276011341
4665,F-A1-PORTSCAN-V-02,PortScan,PortScan,RF-v4,0.02455063355411335,0.02445691884871638,0.950992447597169
4666,F-A1-PORTSCAN-V-02,PortScan,PortScan,RF-v4,0.022462684358732367,0.02456998804013236,0.9529673276011341
4667,F-A1-PORTSCAN-V-02,PortScan,PortScan,RF-v4,0.011362597026078827,0.010728326337278654,0.9779090766366417
4668,F-A1-PORTSCAN-V-02,PortScan,PortScan,RF-v4,0.011362597026078827,0.010728326337278654,0.9779090766366417
4669,F-A1-PORTSCAN-V-02,PortScan,PortScan,RF-v4,0.022462684358732367,0.02456998804013236,0.9529673276011341
4670,F-A1-PORTSCAN-V-02,PortScan,PortScan,RF-v4,0.02455063355411335,0.02445691884871638,0.950992447597169
4671,F-A1-PORTSCAN-V-02,PortScan,PortScan,RF-v4,0.3505618231862913,0.2476250380910778,0.4018131387226309
4672,F-A1-PORTSCAN-V-02,PortScan,PortScan,RF-v4,0.011362597026078827,0.010728326337278654,0.9779090766366417
4673,F-A1-PORTSCAN-V-02,PortScan,PortScan,RF-v4,0.011362597026078827,0.010728326337278654,0.9779090766366417
4674,F-A1-PORTSCAN-V-02,PortScan,PortScan,RF-v4,0.022462684358732367,0.02456998804013236,0.9529673276011341
4675,F-A1-PORTSCAN-V-02,PortScan,PortScan,RF-v4,0.011362597026078827,0.010728326337278654,0.9779090766366417
4676,F-A1-PORTSCAN-V-02,PortScan,PortScan,RF-v4,0.011362597026078827,0.010728326337278654,0.9779090766366417
4677,F-A1-PORTSCAN-V-02,PortScan,PortScan,RF-v4,0.022462684358732367,0.02456998804013236,0.9529673276011341
4678,F-A1-PORTSCAN-V-02,PortScan,PortScan,RF-v4,0.011362597026078827,0.010728326337278654,0.9779090766366417
4679,F-A1-PORTSCAN-V-02,PortScan,PortScan,RF-v4,0.022462684358732367,0.02456998804013236,0.9529673276011341
4680,F-A1-PORTSCAN-V-02,PortScan,PortScan,RF-v4,0.022462684358732367,0.02456998804013236,0.9529673276011341
4681,F-A1-PORTSCAN-V-02,PortScan,PortScan,RF-v4,0.022462684358732367,0.02456998804013236,0.9529673276011341
4682,F-A1-PORTSCAN-V-02,PortScan,PortScan,RF-v4,0.022462684358732367,0.02456998804013236,0.9529673276011341
4683,F-A1-PORTSCAN-V-02,PortScan,PortScan,RF-v4,0.022462684358732367,0.02456998804013236,0.9529673276011341
4684,F-A1-PORTSCAN-V-02,PortScan,PortScan,RF-v4,0.011362597026078827,0.010728326337278654,0.9779090766366417
4685,F-A1-PORTSCAN-V-02,PortScan,PortScan,RF-v4,0.022462684358732367,0.02456998804013236,0.9529673276011341
4686,F-A1-PORTSCAN-V-02,PortScan,PortScan,RF-v4,0.024867423014224795,0.02445691884871638,0.9506756581370577
4687,F-A1-PORTSCAN-V-02,PortScan,PortScan,RF-v4,0.022462684358732367,0.02456998804013236,0.9529673276011341
4688,F-A1-PORTSCAN-V-02,PortScan,PortScan,RF-v4,0.011362597026078827,0.010728326337278654,0.9779090766366417
4689,F-A1-PORTSCAN-V-02,PortScan,PortScan,RF-v4,0.022462684358732367,0.02456998804013236,0.9529673276011341
4690,F-A1-PORTSCAN-V-02,PortScan,PortScan,RF-v4,0.022462684358732367,0.02456998804013236,0.9529673276011341
4691,F-A1-PORTSCAN-V-02,PortScan,PortScan,RF-v4,0.02017146828761298,0.010737787045729152,0.9690907446666571
4692,F-A1-PORTSCAN-V-02,PortScan,PortScan,RF-v4,0.01094605750389357,0.010642434600036823,0.9784115078960687
4693,F-A1-PORTSCAN-V-02,PortScan,PortScan,RF-v4,0.01094605750389357,0.010642434600036823,0.9784115078960687
4694,F-A1-PORTSCAN-V-02,PortScan,PortScan,RF-v4,0.024867423014224795,0.02445691884871638,0.9506756581370577
4695,F-A1-PORTSCAN-V-02,PortScan,PortScan,RF-v4,0.022462684358732367,0.02456998804013236,0.9529673276011341
4696,F-A1-PORTSCAN-V-02,PortScan,PortScan,RF-v4,0.011362597026078827,0.010728326337278654,0.9779090766366417
4697,F-A1-PORTSCAN-V-02,PortScan,PortScan,RF-v4,0.011362597026078827,0.010728326337278654,0.9779090766366417
4698,F-A1-PORTSCAN-V-02,PortScan,PortScan,RF-v4,0.022462684358732367,0.02456998804013236,0.9529673276011341
4699,F-A1-PORTSCAN-V-02,PortScan,PortScan,RF-v4,0.011362597026078827,0.010728326337278654,0.9779090766366417
4700,F-A1-PORTSCAN-V-02,PortScan,PortScan,RF-v4,0.011362597026078827,0.010728326337278654,0.9779090766366417
4701,F-A1-PORTSCAN-V-02,PortScan,PortScan,RF-v4,0.022462684358732367,0.02456998804013236,0.9529673276011341
4702,F-A1-PORTSCAN-V-02,PortScan,PortScan,RF-v4,0.022462684358732367,0.02456998804013236,0.9529673276011341
4703,F-A1-PORTSCAN-V-02,PortScan,PortScan,RF-v4,0.022462684358732367,0.02456998804013236,0.9529673276011341
4704,F-A1-PORTSCAN-V-02,PortScan,PortScan,RF-v4,0.022462684358732367,0.02456998804013236,0.9529673276011341
4705,F-A1-PORTSCAN-V-02,PortScan,PortScan,RF-v4,0.022462684358732367,0.02456998804013236,0.9529673276011341
4706,F-A1-PORTSCAN-V-02,PortScan,PortScan,RF-v4,0.022462684358732367,0.02456998804013236,0.9529673276011341
4707,F-A1-PORTSCAN-V-02,PortScan,PortScan,RF-v4,0.011362597026078827,0.010728326337278654,0.9779090766366417
4708,F-A1-PORTSCAN-V-02,PortScan,PortScan,RF-v4,0.022462684358732367,0.02456998804013236,0.9529673276011341
4709,F-A1-PORTSCAN-V-02,PortScan,PortScan,RF-v4,0.011362597026078827,0.010728326337278654,0.9779090766366417
4710,F-A1-PORTSCAN-V-02,PortScan,PortScan,RF-v4,0.011362597026078827,0.010728326337278654,0.9779090766366417
4711,F-A1-PORTSCAN-V-02,PortScan,PortScan,RF-v4,0.022462684358732367,0.02456998804013236,0.9529673276011341
4712,F-A1-PORTSCAN-V-02,PortScan,PortScan,RF-v4,0.022462684358732367,0.02456998804013236,0.9529673276011341
4713,F-A1-PORTSCAN-V-02,PortScan,PortScan,RF-v4,0.011362597026078827,0.010728326337278654,0.9779090766366417
4714,F-A1-PORTSCAN-V-02,PortScan,PortScan,RF-v4,0.011362597026078827,0.010728326337278654,0.9779090766366417
4715,F-A1-PORTSCAN-V-02,PortScan,PortScan,RF-v4,0.011362597026078827,0.010728326337278654,0.9779090766366417
4716,F-A1-PORTSCAN-V-02,PortScan,PortScan,RF-v4,0.01094605750389357,0.010642434600036823,0.9784115078960687
4717,F-A1-PORTSCAN-V-02,PortScan,PortScan,RF-v4,0.022462684358732367,0.02456998804013236,0.9529673276011341
4718,F-A1-PORTSCAN-V-02,PortScan,PortScan,RF-v4,0.022462684358732367,0.02456998804013236,0.9529673276011341
4719,F-A1-PORTSCAN-V-02,PortScan,PortScan,RF-v4,0.011362597026078827,0.010728326337278654,0.9779090766366417
4720,F-A1-PORTSCAN-V-02,PortScan,PortScan,RF-v4,0.013600494794876974,0.015344857322839694,0.9710546478822825
4721,F-A1-PORTSCAN-V-02,PortScan,PortScan,RF-v4,0.022462684358732367,0.02456998804013236,0.9529673276011341
4722,F-A1-PORTSCAN-V-02,PortScan,PortScan,RF-v4,0.022462684358732367,0.02456998804013236,0.9529673276011341
4723,F-A1-PORTSCAN-V-02,PortScan,PortScan,RF-v4,0.022462684358732367,0.02456998804013236,0.9529673276011341
4724,F-A1-PORTSCAN-V-02,PortScan,PortScan,RF-v4,0.011362597026078827,0.010728326337278654,0.9779090766366417
4725,F-A1-PORTSCAN-V-02,PortScan,PortScan,RF-v4,0.022462684358732367,0.02456998804013236,0.9529673276011341
4726,F-A1-PORTSCAN-V-02,PortScan,PortScan,RF-v4,0.011362597026078827,0.010728326337278654,0.9779090766366417
4727,F-A1-PORTSCAN-V-02,PortScan,PortScan,RF-v4,0.011362597026078827,0.010728326337278654,0.9779090766366417
4728,F-A1-PORTSCAN-V-02,PortScan,PortScan,RF-v4,0.011362597026078827,0.010728326337278654,0.9779090766366417
4729,F-A1-PORTSCAN-V-02,PortScan,PortScan,RF-v4,0.022462684358732367,0.02456998804013236,0.9529673276011341
4730,F-A1-PORTSCAN-V-02,PortScan,PortScan,RF-v4,0.02455063355411335,0.02445691884871638,0.950992447597169
4731,F-A1-PORTSCAN-V-02,PortScan,PortScan,RF-v4,0.011362597026078827,0.010728326337278654,0.9779090766366417
4732,F-A1-PORTSCAN-V-02,PortScan,PortScan,RF-v4,0.011362597026078827,0.010728326337278654,0.9779090766366417
4733,F-A1-PORTSCAN-V-02,PortScan,PortScan,RF-v4,0.022462684358732367,0.02456998804013236,0.9529673276011341
4734,F-A1-PORTSCAN-V-02,PortScan,PortScan,RF-v4,0.022462684358732367,0.02456998804013236,0.9529673276011341
4735,F-A1-PORTSCAN-V-02,PortScan,PortScan,RF-v4,0.011362597026078827,0.010728326337278654,0.9779090766366417
4736,F-A1-PORTSCAN-V-02,PortScan,PortScan,RF-v4,0.02455063355411335,0.02445691884871638,0.950992447597169
4737,F-A1-PORTSCAN-V-02,PortScan,PortScan,RF-v4,0.022462684358732367,0.02456998804013236,0.9529673276011341
4738,F-A1-PORTSCAN-V-02,PortScan,PortScan,RF-v4,0.011362597026078827,0.010728326337278654,0.9779090766366417
4739,F-A1-PORTSCAN-V-02,PortScan,PortScan,RF-v4,0.010077466767963996,0.010650464612028019,0.979272068620007
4740,F-A1-PORTSCAN-V-02,PortScan,PortScan,RF-v4,0.024867423014224795,0.02445691884871638,0.9506756581370577
4741,F-A1-PORTSCAN-V-02,PortScan,PortScan,RF-v4,0.022462684358732367,0.02456998804013236,0.9529673276011341
4742,F-A1-PORTSCAN-V-02,PortScan,PortScan,RF-v4,0.022462684358732367,0.02456998804013236,0.9529673276011341
4743,F-A1-PORTSCAN-V-02,PortScan,PortScan,RF-v4,0.011362597026078827,0.010728326337278654,0.9779090766366417
4744,F-A1-PORTSCAN-V-02,PortScan,PortScan,RF-v4,0.024867423014224795,0.02445691884871638,0.9506756581370577
4745,F-A1-PORTSCAN-V-02,PortScan,PortScan,RF-v4,0.02455063355411335,0.02445691884871638,0.950992447597169
4746,F-A1-PORTSCAN-V-02,PortScan,PortScan,RF-v4,0.022462684358732367,0.02456998804013236,0.9529673276011341
4747,F-A1-PORTSCAN-V-02,PortScan,PortScan,RF-v4,0.011362597026078827,0.010728326337278654,0.9779090766366417
4748,F-A1-PORTSCAN-V-02,PortScan,PortScan,RF-v4,0.01094605750389357,0.010642434600036823,0.9784115078960687
4749,F-A1-PORTSCAN-V-02,PortScan,PortScan,RF-v4,0.011362597026078827,0.010728326337278654,0.9779090766366417
4750,F-A1-PORTSCAN-V-02,PortScan,PortScan,RF-v4,0.022462684358732367,0.02456998804013236,0.9529673276011341
4751,F-A1-PORTSCAN-V-02,PortScan,PortScan,RF-v4,0.022462684358732367,0.02456998804013236,0.9529673276011341
4752,F-A1-PORTSCAN-V-02,PortScan,PortScan,RF-v4,0.011362597026078827,0.010728326337278654,0.9779090766366417
4753,F-A1-PORTSCAN-V-02,PortScan,PortScan,RF-v4,0.02455063355411335,0.02445691884871638,0.950992447597169
4754,F-A1-PORTSCAN-V-02,PortScan,PortScan,RF-v4,0.022462684358732367,0.02456998804013236,0.9529673276011341
4755,F-A1-PORTSCAN-V-02,PortScan,PortScan,RF-v4,0.024867423014224795,0.02445691884871638,0.9506756581370577
4756,F-A1-PORTSCAN-V-02,PortScan,PortScan,RF-v4,0.02455063355411335,0.02445691884871638,0.950992447597169
4757,F-A1-PORTSCAN-V-02,PortScan,PortScan,RF-v4,0.011362597026078827,0.010728326337278654,0.9779090766366417
4758,F-A1-PORTSCAN-V-02,PortScan,PortScan,RF-v4,0.022462684358732367,0.025450875412146013,0.9520864402291206
4759,F-A1-PORTSCAN-V-02,PortScan,PortScan,RF-v4,0.022462684358732367,0.02456998804013236,0.9529673276011341
4760,F-A1-PORTSCAN-V-02,PortScan,PortScan,RF-v4,0.011362597026078827,0.010728326337278654,0.9779090766366417
4761,F-A1-PORTSCAN-V-02,PortScan,PortScan,RF-v4,0.024867423014224795,0.02445691884871638,0.9506756581370577
4762,F-A1-PORTSCAN-V-02,PortScan,PortScan,RF-v4,0.022462684358732367,0.02456998804013236,0.9529673276011341
4763,F-A1-PORTSCAN-V-02,PortScan,PortScan,RF-v4,0.011362597026078827,0.010728326337278654,0.9779090766366417
4764,F-A1-PORTSCAN-V-02,PortScan,PortScan,RF-v4,0.022462684358732367,0.02456998804013236,0.9529673276011341
4765,F-A1-PORTSCAN-V-02,PortScan,PortScan,RF-v4,0.011362597026078827,0.010728326337278654,0.9779090766366417
4766,F-A1-PORTSCAN-V-02,PortScan,PortScan,RF-v4,0.022462684358732367,0.02456998804013236,0.9529673276011341
4767,F-A1-PORTSCAN-V-02,PortScan,PortScan,RF-v4,0.011362597026078827,0.010728326337278654,0.9779090766366417
4768,F-A1-PORTSCAN-V-02,PortScan,PortScan,RF-v4,0.011362597026078827,0.010728326337278654,0.9779090766366417
4769,F-A1-PORTSCAN-V-02,PortScan,PortScan,RF-v4,0.011362597026078827,0.010728326337278654,0.9779090766366417
4770,F-A1-PORTSCAN-V-02,PortScan,PortScan,RF-v4,0.011362597026078827,0.010728326337278654,0.9779090766366417
4771,F-A1-PORTSCAN-V-02,PortScan,PortScan,RF-v4,0.011362597026078827,0.010728326337278654,0.9779090766366417
4772,F-A1-PORTSCAN-V-02,PortScan,PortScan,RF-v4,0.011362597026078827,0.010728326337278654,0.9779090766366417
4773,F-A1-PORTSCAN-V-02,PortScan,PortScan,RF-v4,0.022462684358732367,0.02456998804013236,0.9529673276011341
4774,F-A1-PORTSCAN-V-02,PortScan,PortScan,RF-v4,0.024867423014224795,0.02445691884871638,0.9506756581370577
4775,F-A1-PORTSCAN-V-02,PortScan,PortScan,RF-v4,0.011362597026078827,0.010728326337278654,0.9779090766366417
4776,F-A1-PORTSCAN-V-02,PortScan,PortScan,RF-v4,0.022462684358732367,0.02456998804013236,0.9529673276011341
4777,F-A1-PORTSCAN-V-02,PortScan,PortScan,RF-v4,0.022462684358732367,0.02456998804013236,0.9529673276011341
4778,F-A1-PORTSCAN-V-02,PortScan,PortScan,RF-v4,0.011362597026078827,0.010728326337278654,0.9779090766366417
4779,F-A1-PORTSCAN-V-02,PortScan,PortScan,RF-v4,0.011362597026078827,0.010728326337278654,0.9779090766366417
4780,F-A1-PORTSCAN-V-02,PortScan,PortScan,RF-v4,0.011362597026078827,0.010728326337278654,0.9779090766366417
4781,F-A1-PORTSCAN-V-02,PortScan,PortScan,RF-v4,0.022462684358732367,0.02456998804013236,0.9529673276011341
4782,F-A1-PORTSCAN-V-02,PortScan,PortScan,RF-v4,0.022462684358732367,0.02456998804013236,0.9529673276011341
4783,F-A1-PORTSCAN-V-02,PortScan,PortScan,RF-v4,0.022462684358732367,0.02456998804013236,0.9529673276011341
4784,F-A1-PORTSCAN-V-02,PortScan,PortScan,RF-v4,0.011362597026078827,0.010728326337278654,0.9779090766366417
4785,F-A1-PORTSCAN-V-02,PortScan,PortScan,RF-v4,0.022462684358732367,0.02456998804013236,0.9529673276011341
4786,F-A1-PORTSCAN-V-02,PortScan,PortScan,RF-v4,0.022462684358732367,0.02456998804013236,0.9529673276011341
4787,F-A1-PORTSCAN-V-02,PortScan,PortScan,RF-v4,0.011362597026078827,0.010728326337278654,0.9779090766366417
4788,F-A1-PORTSCAN-V-02,PortScan,PortScan,RF-v4,0.01551094102145191,0.010737787045729152,0.9737512719328181
4789,F-A1-PORTSCAN-V-02,PortScan,PortScan,RF-v4,0.022462684358732367,0.02456998804013236,0.9529673276011341
4790,F-A1-PORTSCAN-V-02,PortScan,PortScan,RF-v4,0.011362597026078827,0.010728326337278654,0.9779090766366417
4791,F-A1-PORTSCAN-V-02,PortScan,PortScan,RF-v4,0.011362597026078827,0.010728326337278654,0.9779090766366417
4792,F-A1-PORTSCAN-V-02,PortScan,PortScan,RF-v4,0.011362597026078827,0.010728326337278654,0.9779090766366417
4793,F-A1-PORTSCAN-V-02,PortScan,PortScan,RF-v4,0.022462684358732367,0.02456998804013236,0.9529673276011341
4794,F-A1-PORTSCAN-V-02,PortScan,PortScan,RF-v4,0.022462684358732367,0.02456998804013236,0.9529673276011341
4795,F-A1-PORTSCAN-V-02,PortScan,PortScan,RF-v4,0.024867423014224795,0.02445691884871638,0.9506756581370577
4796,F-A1-PORTSCAN-V-02,PortScan,PortScan,RF-v4,0.022462684358732367,0.02456998804013236,0.9529673276011341
4797,F-A1-PORTSCAN-V-02,PortScan,PortScan,RF-v4,0.011362597026078827,0.010728326337278654,0.9779090766366417
4798,F-A1-PORTSCAN-V-02,PortScan,PortScan,RF-v4,0.022462684358732367,0.02456998804013236,0.9529673276011341
4799,F-A1-PORTSCAN-V-02,PortScan,PortScan,RF-v4,0.011362597026078827,0.010728326337278654,0.9779090766366417
4800,F-A1-PORTSCAN-V-02,PortScan,PortScan,RF-v4,0.022462684358732367,0.02456998804013236,0.9529673276011341
4801,F-A1-PORTSCAN-V-02,PortScan,PortScan,RF-v4,0.011362597026078827,0.010728326337278654,0.9779090766366417
4802,F-A1-PORTSCAN-V-02,PortScan,PortScan,RF-v4,0.022462684358732367,0.02456998804013236,0.9529673276011341
4803,F-A1-PORTSCAN-V-02,PortScan,PortScan,RF-v4,0.022462684358732367,0.02456998804013236,0.9529673276011341
4804,F-A1-PORTSCAN-V-02,PortScan,PortScan,RF-v4,0.022462684358732367,0.02456998804013236,0.9529673276011341
4805,F-A1-PORTSCAN-V-02,PortScan,PortScan,RF-v4,0.022462684358732367,0.02456998804013236,0.9529673276011341
4806,F-A1-PORTSCAN-V-02,PortScan,PortScan,RF-v4,0.011362597026078827,0.010728326337278654,0.9779090766366417
4807,F-A1-PORTSCAN-V-02,PortScan,PortScan,RF-v4,0.022462684358732367,0.02456998804013236,0.9529673276011341
4808,F-A1-PORTSCAN-V-02,PortScan,PortScan,RF-v4,0.02455063355411335,0.02445691884871638,0.950992447597169
4809,F-A1-PORTSCAN-V-02,PortScan,PortScan,RF-v4,0.022462684358732367,0.02456998804013236,0.9529673276011341
4810,F-A1-PORTSCAN-V-02,PortScan,PortScan,RF-v4,0.011362597026078827,0.010728326337278654,0.9779090766366417
4811,F-A1-PORTSCAN-V-02,PortScan,PortScan,RF-v4,0.011362597026078827,0.010728326337278654,0.9779090766366417
4812,F-A1-PORTSCAN-V-02,PortScan,PortScan,RF-v4,0.022462684358732367,0.02456998804013236,0.9529673276011341
4813,F-A1-PORTSCAN-V-02,PortScan,PortScan,RF-v4,0.011362597026078827,0.010728326337278654,0.9779090766366417
4814,F-A1-PORTSCAN-V-02,PortScan,PortScan,RF-v4,0.011362597026078827,0.010728326337278654,0.9779090766366417
4815,F-A1-PORTSCAN-V-02,PortScan,PortScan,RF-v4,0.022462684358732367,0.02456998804013236,0.9529673276011341
4816,F-A1-PORTSCAN-V-02,PortScan,PortScan,RF-v4,0.01094605750389357,0.010642434600036823,0.9784115078960687
4817,F-A1-PORTSCAN-V-02,PortScan,PortScan,RF-v4,0.01094605750389357,0.010642434600036823,0.9784115078960687
4818,F-A1-PORTSCAN-V-02,PortScan,PortScan,RF-v4,0.01551094102145191,0.010737787045729152,0.9737512719328181
4819,F-A1-PORTSCAN-V-02,PortScan,PortScan,RF-v4,0.022462684358732367,0.025450875412146013,0.9520864402291206
4820,F-A1-PORTSCAN-V-02,PortScan,PortScan,RF-v4,0.022462684358732367,0.02456998804013236,0.9529673276011341
4821,F-A1-PORTSCAN-V-02,PortScan,PortScan,RF-v4,0.022462684358732367,0.02456998804013236,0.9529673276011341
4822,F-A1-PORTSCAN-V-02,PortScan,PortScan,RF-v4,0.022462684358732367,0.02456998804013236,0.9529673276011341
4823,F-A1-PORTSCAN-V-02,PortScan,PortScan,RF-v4,0.02455063355411335,0.02445691884871638,0.950992447597169
4824,F-A1-PORTSCAN-V-02,PortScan,PortScan,RF-v4,0.011362597026078827,0.010728326337278654,0.9779090766366417
4825,F-A1-PORTSCAN-V-02,PortScan,PortScan,RF-v4,0.022462684358732367,0.02456998804013236,0.9529673276011341
4826,F-A1-PORTSCAN-V-02,PortScan,PortScan,RF-v4,0.022462684358732367,0.025450875412146013,0.9520864402291206
4827,F-A1-PORTSCAN-V-02,PortScan,PortScan,RF-v4,0.022462684358732367,0.02456998804013236,0.9529673276011341
4828,F-A1-PORTSCAN-V-02,PortScan,PortScan,RF-v4,0.011362597026078827,0.010728326337278654,0.9779090766366417
4829,F-A1-PORTSCAN-V-02,PortScan,PortScan,RF-v4,0.011362597026078827,0.010728326337278654,0.9779090766366417
4830,F-A1-PORTSCAN-V-02,PortScan,PortScan,RF-v4,0.024867423014224795,0.02445691884871638,0.9506756581370577
4831,F-A1-PORTSCAN-V-02,PortScan,PortScan,RF-v4,0.024867423014224795,0.02445691884871638,0.9506756581370577
4832,F-A1-PORTSCAN-V-02,PortScan,PortScan,RF-v4,0.022462684358732367,0.025450875412146013,0.9520864402291206
4833,F-A1-PORTSCAN-V-02,PortScan,PortScan,RF-v4,0.022462684358732367,0.02456998804013236,0.9529673276011341
4834,F-A1-PORTSCAN-V-02,PortScan,PortScan,RF-v4,0.011362597026078827,0.010728326337278654,0.9779090766366417
4835,F-A1-PORTSCAN-V-02,PortScan,PortScan,RF-v4,0.011362597026078827,0.010728326337278654,0.9779090766366417
4836,F-A1-PORTSCAN-V-02,PortScan,PortScan,RF-v4,0.02455063355411335,0.02445691884871638,0.950992447597169
4837,F-A1-PORTSCAN-V-02,PortScan,PortScan,RF-v4,0.022462684358732367,0.02456998804013236,0.9529673276011341
4838,F-A1-PORTSCAN-V-02,PortScan,PortScan,RF-v4,0.011362597026078827,0.010728326337278654,0.9779090766366417
4839,F-A1-PORTSCAN-V-02,PortScan,PortScan,RF-v4,0.022462684358732367,0.02456998804013236,0.9529673276011341
4840,F-A1-PORTSCAN-V-02,PortScan,PortScan,RF-v4,0.022462684358732367,0.02456998804013236,0.9529673276011341
4841,F-A1-PORTSCAN-V-02,PortScan,PortScan,RF-v4,0.011362597026078827,0.010728326337278654,0.9779090766366417
4842,F-A1-PORTSCAN-V-02,PortScan,PortScan,RF-v4,0.011362597026078827,0.010728326337278654,0.9779090766366417
4843,F-A1-PORTSCAN-V-02,PortScan,PortScan,RF-v4,0.011362597026078827,0.010728326337278654,0.9779090766366417
4844,F-A1-PORTSCAN-V-02,PortScan,PortScan,RF-v4,0.011362597026078827,0.010728326337278654,0.9779090766366417
4845,F-A1-PORTSCAN-V-02,PortScan,PortScan,RF-v4,0.02455063355411335,0.02445691884871638,0.950992447597169
4846,F-A1-PORTSCAN-V-02,PortScan,PortScan,RF-v4,0.011362597026078827,0.010728326337278654,0.9779090766366417
4847,F-A1-PORTSCAN-V-02,PortScan,PortScan,RF-v4,0.022462684358732367,0.02456998804013236,0.9529673276011341
4848,F-A1-PORTSCAN-V-02,PortScan,PortScan,RF-v4,0.02455063355411335,0.02445691884871638,0.950992447597169
4849,F-A1-PORTSCAN-V-02,PortScan,PortScan,RF-v4,0.022462684358732367,0.02456998804013236,0.9529673276011341
4850,F-A1-PORTSCAN-V-02,PortScan,PortScan,RF-v4,0.022462684358732367,0.02456998804013236,0.9529673276011341
4851,F-A1-PORTSCAN-V-02,PortScan,PortScan,RF-v4,0.011362597026078827,0.010728326337278654,0.9779090766366417
4852,F-A1-PORTSCAN-V-02,PortScan,PortScan,RF-v4,0.02455063355411335,0.02445691884871638,0.950992447597169
4853,F-A1-PORTSCAN-V-02,PortScan,PortScan,RF-v4,0.011362597026078827,0.010728326337278654,0.9779090766366417
4854,F-A1-PORTSCAN-V-02,PortScan,PortScan,RF-v4,0.011362597026078827,0.010728326337278654,0.9779090766366417
4855,F-A1-PORTSCAN-V-02,PortScan,PortScan,RF-v4,0.011362597026078827,0.010728326337278654,0.9779090766366417
4856,F-A1-PORTSCAN-V-02,PortScan,PortScan,RF-v4,0.011362597026078827,0.010728326337278654,0.9779090766366417
4857,F-A1-PORTSCAN-V-02,PortScan,PortScan,RF-v4,0.011362597026078827,0.010728326337278654,0.9779090766366417
4858,F-A1-PORTSCAN-V-02,PortScan,PortScan,RF-v4,0.022462684358732367,0.02456998804013236,0.9529673276011341
4859,F-A1-PORTSCAN-V-02,PortScan,PortScan,RF-v4,0.011362597026078827,0.010728326337278654,0.9779090766366417
4860,F-A1-PORTSCAN-V-02,PortScan,PortScan,RF-v4,0.022462684358732367,0.02456998804013236,0.9529673276011341
4861,F-A1-PORTSCAN-V-02,PortScan,PortScan,RF-v4,0.01094605750389357,0.010642434600036823,0.9784115078960687
4862,F-A1-PORTSCAN-V-02,PortScan,PortScan,RF-v4,0.011362597026078827,0.010728326337278654,0.9779090766366417
4863,F-A1-PORTSCAN-V-02,PortScan,PortScan,RF-v4,0.022462684358732367,0.02456998804013236,0.9529673276011341
4864,F-A1-PORTSCAN-V-02,PortScan,PortScan,RF-v4,0.022462684358732367,0.02456998804013236,0.9529673276011341
4865,F-A1-PORTSCAN-V-02,PortScan,PortScan,RF-v4,0.011362597026078827,0.010728326337278654,0.9779090766366417
4866,F-A1-PORTSCAN-V-02,PortScan,PortScan,RF-v4,0.022462684358732367,0.02456998804013236,0.9529673276011341
4867,F-A1-PORTSCAN-V-02,PortScan,PortScan,RF-v4,0.022462684358732367,0.02456998804013236,0.9529673276011341
4868,F-A1-PORTSCAN-V-02,PortScan,PortScan,RF-v4,0.02455063355411335,0.02445691884871638,0.950992447597169
4869,F-A1-PORTSCAN-V-02,PortScan,PortScan,RF-v4,0.022462684358732367,0.02456998804013236,0.9529673276011341
4870,F-A1-PORTSCAN-V-02,PortScan,PortScan,RF-v4,0.022462684358732367,0.02456998804013236,0.9529673276011341
4871,F-A1-PORTSCAN-V-02,PortScan,PortScan,RF-v4,0.010494006290149255,0.010728326337278654,0.9787776673725712
4872,F-A1-PORTSCAN-V-02,PortScan,PortScan,RF-v4,0.02455063355411335,0.02445691884871638,0.950992447597169
4873,F-A1-PORTSCAN-V-02,PortScan,PortScan,RF-v4,0.022462684358732367,0.02456998804013236,0.9529673276011341
4874,F-A1-PORTSCAN-V-02,PortScan,PortScan,RF-v4,0.011362597026078827,0.010728326337278654,0.9779090766366417
4875,F-A1-PORTSCAN-V-02,PortScan,PortScan,RF-v4,0.024867423014224795,0.02445691884871638,0.9506756581370577
4876,F-A1-PORTSCAN-V-02,PortScan,PortScan,RF-v4,0.011362597026078827,0.010728326337278654,0.9779090766366417
4877,F-A1-PORTSCAN-V-02,PortScan,PortScan,RF-v4,0.022462684358732367,0.02456998804013236,0.9529673276011341
4878,F-A1-PORTSCAN-V-02,PortScan,PortScan,RF-v4,0.022462684358732367,0.02456998804013236,0.9529673276011341
4879,F-A1-PORTSCAN-V-02,PortScan,PortScan,RF-v4,0.022462684358732367,0.02456998804013236,0.9529673276011341
4880,F-A1-PORTSCAN-V-02,PortScan,PortScan,RF-v4,0.011362597026078827,0.010728326337278654,0.9779090766366417
4881,F-A1-PORTSCAN-V-02,PortScan,PortScan,RF-v4,0.011362597026078827,0.010728326337278654,0.9779090766366417
4882,F-A1-PORTSCAN-V-02,PortScan,PortScan,RF-v4,0.022462684358732367,0.02456998804013236,0.9529673276011341
4883,F-A1-PORTSCAN-V-02,PortScan,PortScan,RF-v4,0.011362597026078827,0.010728326337278654,0.9779090766366417
4884,F-A1-PORTSCAN-V-02,PortScan,PortScan,RF-v4,0.011362597026078827,0.010728326337278654,0.9779090766366417
4885,F-A1-PORTSCAN-V-02,PortScan,PortScan,RF-v4,0.01094605750389357,0.010642434600036823,0.9784115078960687
4886,F-A1-PORTSCAN-V-02,PortScan,PortScan,RF-v4,0.022462684358732367,0.02456998804013236,0.9529673276011341
4887,F-A1-PORTSCAN-V-02,PortScan,PortScan,RF-v4,0.011362597026078827,0.010728326337278654,0.9779090766366417
4888,F-A1-PORTSCAN-V-02,PortScan,PortScan,RF-v4,0.011362597026078827,0.010728326337278654,0.9779090766366417
4889,F-A1-PORTSCAN-V-02,PortScan,PortScan,RF-v4,0.022462684358732367,0.02456998804013236,0.9529673276011341
4890,F-A1-PORTSCAN-V-02,PortScan,PortScan,RF-v4,0.011362597026078827,0.010728326337278654,0.9779090766366417
4891,F-A1-PORTSCAN-V-02,PortScan,PortScan,RF-v4,0.022462684358732367,0.02456998804013236,0.9529673276011341
4892,F-A1-PORTSCAN-V-02,PortScan,PortScan,RF-v4,0.01094605750389357,0.010642434600036823,0.9784115078960687
4893,F-A1-PORTSCAN-V-02,PortScan,PortScan,RF-v4,0.011362597026078827,0.010728326337278654,0.9779090766366417
4894,F-A1-PORTSCAN-V-02,PortScan,PortScan,RF-v4,0.022462684358732367,0.02456998804013236,0.9529673276011341
4895,F-A1-PORTSCAN-V-02,PortScan,PortScan,RF-v4,0.011362597026078827,0.010728326337278654,0.9779090766366417
4896,F-A1-PORTSCAN-V-02,PortScan,PortScan,RF-v4,0.022462684358732367,0.02456998804013236,0.9529673276011341
4897,F-A1-PORTSCAN-V-02,PortScan,PortScan,RF-v4,0.011362597026078827,0.010728326337278654,0.9779090766366417
4898,F-A1-PORTSCAN-V-02,PortScan,PortScan,RF-v4,0.022462684358732367,0.02456998804013236,0.9529673276011341
4899,F-A1-PORTSCAN-V-02,PortScan,PortScan,RF-v4,0.01094605750389357,0.010642434600036823,0.9784115078960687
4900,F-A1-PORTSCAN-V-02,PortScan,PortScan,RF-v4,0.022462684358732367,0.02456998804013236,0.9529673276011341
4901,F-A1-PORTSCAN-V-02,PortScan,PortScan,RF-v4,0.024867423014224795,0.02445691884871638,0.9506756581370577
4902,F-A1-PORTSCAN-V-02,PortScan,PortScan,RF-v4,0.011362597026078827,0.010728326337278654,0.9779090766366417
4903,F-A1-PORTSCAN-V-02,PortScan,PortScan,RF-v4,0.011362597026078827,0.010728326337278654,0.9779090766366417
4904,F-A1-PORTSCAN-V-02,PortScan,PortScan,RF-v4,0.024867423014224795,0.02445691884871638,0.9506756581370577
4905,F-A1-PORTSCAN-V-02,PortScan,PortScan,RF-v4,0.022462684358732367,0.02456998804013236,0.9529673276011341
4906,F-A1-PORTSCAN-V-02,PortScan,PortScan,RF-v4,0.02455063355411335,0.02445691884871638,0.950992447597169
4907,F-A1-PORTSCAN-V-02,PortScan,PortScan,RF-v4,0.01094605750389357,0.010642434600036823,0.9784115078960687
4908,F-A1-PORTSCAN-V-02,PortScan,PortScan,RF-v4,0.01094605750389357,0.010642434600036823,0.9784115078960687
4909,F-A1-PORTSCAN-V-02,PortScan,PortScan,RF-v4,0.022462684358732367,0.02456998804013236,0.9529673276011341
4910,F-A1-PORTSCAN-V-02,PortScan,PortScan,RF-v4,0.011362597026078827,0.010728326337278654,0.9779090766366417
4911,F-A1-PORTSCAN-V-02,PortScan,PortScan,RF-v4,0.022462684358732367,0.025450875412146013,0.9520864402291206
4912,F-A1-PORTSCAN-V-02,PortScan,PortScan,RF-v4,0.022462684358732367,0.02456998804013236,0.9529673276011341
4913,F-A1-PORTSCAN-V-02,PortScan,PortScan,RF-v4,0.011362597026078827,0.010728326337278654,0.9779090766366417
4914,F-A1-PORTSCAN-V-02,PortScan,PortScan,RF-v4,0.011362597026078827,0.010728326337278654,0.9779090766366417
4915,F-A1-PORTSCAN-V-02,PortScan,PortScan,RF-v4,0.02455063355411335,0.02445691884871638,0.950992447597169
4916,F-A1-PORTSCAN-V-02,PortScan,PortScan,RF-v4,0.024867423014224795,0.02445691884871638,0.9506756581370577
4917,F-A1-PORTSCAN-V-02,PortScan,PortScan,RF-v4,0.010077466767963996,0.010650464612028019,0.979272068620007
4918,F-A1-PORTSCAN-V-02,PortScan,PortScan,RF-v4,0.011362597026078827,0.010728326337278654,0.9779090766366417
4919,F-A1-PORTSCAN-V-02,PortScan,PortScan,RF-v4,0.022462684358732367,0.02456998804013236,0.9529673276011341
4920,F-A1-PORTSCAN-V-02,PortScan,PortScan,RF-v4,0.022462684358732367,0.02456998804013236,0.9529673276011341
4921,F-A1-PORTSCAN-V-02,PortScan,PortScan,RF-v4,0.022462684358732367,0.025450875412146013,0.9520864402291206
4922,F-A1-PORTSCAN-V-02,PortScan,PortScan,RF-v4,0.022462684358732367,0.02456998804013236,0.9529673276011341
4923,F-A1-PORTSCAN-V-02,PortScan,PortScan,RF-v4,0.024867423014224795,0.02445691884871638,0.9506756581370577
4924,F-A1-PORTSCAN-V-02,PortScan,PortScan,RF-v4,0.022462684358732367,0.02456998804013236,0.9529673276011341
4925,F-A1-PORTSCAN-V-02,PortScan,PortScan,RF-v4,0.022462684358732367,0.02456998804013236,0.9529673276011341
4926,F-A1-PORTSCAN-V-02,PortScan,PortScan,RF-v4,0.022462684358732367,0.02456998804013236,0.9529673276011341
4927,F-A1-PORTSCAN-V-02,PortScan,PortScan,RF-v4,0.011362597026078827,0.010728326337278654,0.9779090766366417
4928,F-A1-PORTSCAN-V-02,PortScan,PortScan,RF-v4,0.022462684358732367,0.02456998804013236,0.9529673276011341
4929,F-A1-PORTSCAN-V-02,PortScan,PortScan,RF-v4,0.011362597026078827,0.010728326337278654,0.9779090766366417
4930,F-A1-PORTSCAN-V-02,PortScan,PortScan,RF-v4,0.010077466767963996,0.010650464612028019,0.979272068620007
4931,F-A1-PORTSCAN-V-02,PortScan,PortScan,RF-v4,0.011362597026078827,0.010728326337278654,0.9779090766366417
4932,F-A1-PORTSCAN-V-02,PortScan,PortScan,RF-v4,0.011362597026078827,0.010728326337278654,0.9779090766366417
4933,F-A1-PORTSCAN-V-02,PortScan,PortScan,RF-v4,0.022462684358732367,0.02456998804013236,0.9529673276011341
4934,F-A1-PORTSCAN-V-02,PortScan,PortScan,RF-v4,0.022462684358732367,0.02456998804013236,0.9529673276011341
4935,F-A1-PORTSCAN-V-02,PortScan,PortScan,RF-v4,0.011362597026078827,0.010728326337278654,0.9779090766366417
4936,F-A1-PORTSCAN-V-02,PortScan,PortScan,RF-v4,0.011362597026078827,0.010728326337278654,0.9779090766366417
4937,F-A1-PORTSCAN-V-02,PortScan,PortScan,RF-v4,0.011362597026078827,0.010728326337278654,0.9779090766366417
4938,F-A1-PORTSCAN-V-02,PortScan,PortScan,RF-v4,0.022462684358732367,0.02456998804013236,0.9529673276011341
4939,F-A1-PORTSCAN-V-02,PortScan,PortScan,RF-v4,0.022462684358732367,0.02456998804013236,0.9529673276011341
4940,F-A1-PORTSCAN-V-02,PortScan,PortScan,RF-v4,0.01094605750389357,0.010642434600036823,0.9784115078960687
4941,F-A1-PORTSCAN-V-02,PortScan,PortScan,RF-v4,0.022462684358732367,0.02456998804013236,0.9529673276011341
4942,F-A1-PORTSCAN-V-02,PortScan,PortScan,RF-v4,0.022462684358732367,0.02456998804013236,0.9529673276011341
4943,F-A1-PORTSCAN-V-02,PortScan,PortScan,RF-v4,0.022462684358732367,0.02456998804013236,0.9529673276011341
4944,F-A1-PORTSCAN-V-02,PortScan,PortScan,RF-v4,0.02455063355411335,0.02445691884871638,0.950992447597169
4945,F-A1-PORTSCAN-V-02,PortScan,PortScan,RF-v4,0.022462684358732367,0.02456998804013236,0.9529673276011341
4946,F-A1-PORTSCAN-V-02,PortScan,PortScan,RF-v4,0.022462684358732367,0.02456998804013236,0.9529673276011341
4947,F-A1-PORTSCAN-V-02,PortScan,PortScan,RF-v4,0.022462684358732367,0.02456998804013236,0.9529673276011341
4948,F-A1-PORTSCAN-V-02,PortScan,PortScan,RF-v4,0.024867423014224795,0.02445691884871638,0.9506756581370577
4949,F-A1-PORTSCAN-V-02,PortScan,PortScan,RF-v4,0.022462684358732367,0.02456998804013236,0.9529673276011341
4950,F-A1-PORTSCAN-V-02,PortScan,PortScan,RF-v4,0.02455063355411335,0.02445691884871638,0.950992447597169
4951,F-A1-PORTSCAN-V-02,PortScan,PortScan,RF-v4,0.011362597026078827,0.010728326337278654,0.9779090766366417
4952,F-A1-PORTSCAN-V-02,PortScan,PortScan,RF-v4,0.022462684358732367,0.02456998804013236,0.9529673276011341
4953,F-A1-PORTSCAN-V-02,PortScan,PortScan,RF-v4,0.024867423014224795,0.02445691884871638,0.9506756581370577
4954,F-A1-PORTSCAN-V-02,PortScan,PortScan,RF-v4,0.011362597026078827,0.010728326337278654,0.9779090766366417
4955,F-A1-PORTSCAN-V-02,PortScan,PortScan,RF-v4,0.024867423014224795,0.02445691884871638,0.9506756581370577
4956,F-A1-PORTSCAN-V-02,PortScan,PortScan,RF-v4,0.022462684358732367,0.025450875412146013,0.9520864402291206
4957,F-A1-PORTSCAN-V-02,PortScan,PortScan,RF-v4,0.02455063355411335,0.02445691884871638,0.950992447597169
4958,F-A1-PORTSCAN-V-02,PortScan,PortScan,RF-v4,0.02455063355411335,0.02445691884871638,0.950992447597169
4959,F-A1-PORTSCAN-V-02,PortScan,PortScan,RF-v4,0.011362597026078827,0.010728326337278654,0.9779090766366417
4960,F-A1-PORTSCAN-V-02,PortScan,PortScan,RF-v4,0.024867423014224795,0.02445691884871638,0.9506756581370577
4961,F-A1-PORTSCAN-V-02,PortScan,PortScan,RF-v4,0.01094605750389357,0.010642434600036823,0.9784115078960687
4962,F-A1-PORTSCAN-V-02,PortScan,PortScan,RF-v4,0.022462684358732367,0.02456998804013236,0.9529673276011341
4963,F-A1-PORTSCAN-V-02,PortScan,PortScan,RF-v4,0.011362597026078827,0.010728326337278654,0.9779090766366417
4964,F-A1-PORTSCAN-V-02,PortScan,PortScan,RF-v4,0.011362597026078827,0.010728326337278654,0.9779090766366417
4965,F-A1-PORTSCAN-V-02,PortScan,PortScan,RF-v4,0.013600494794876974,0.015344857322839694,0.9710546478822825
4966,F-A1-PORTSCAN-V-02,PortScan,PortScan,RF-v4,0.022462684358732367,0.02456998804013236,0.9529673276011341
4967,F-A1-PORTSCAN-V-02,PortScan,PortScan,RF-v4,0.022462684358732367,0.02456998804013236,0.9529673276011341
4968,F-A1-PORTSCAN-V-02,PortScan,PortScan,RF-v4,0.011362597026078827,0.010728326337278654,0.9779090766366417
4969,F-A1-PORTSCAN-V-02,PortScan,PortScan,RF-v4,0.022462684358732367,0.02456998804013236,0.9529673276011341
4970,F-A1-PORTSCAN-V-02,PortScan,PortScan,RF-v4,0.013600494794876974,0.015344857322839694,0.9710546478822825
4971,F-A1-PORTSCAN-V-02,PortScan,PortScan,RF-v4,0.011362597026078827,0.010728326337278654,0.9779090766366417
4972,F-A1-PORTSCAN-V-02,PortScan,PortScan,RF-v4,0.024867423014224795,0.02445691884871638,0.9506756581370577
4973,F-A1-PORTSCAN-V-02,PortScan,PortScan,RF-v4,0.011362597026078827,0.010728326337278654,0.9779090766366417
4974,F-A1-PORTSCAN-V-02,PortScan,PortScan,RF-v4,0.024867423014224795,0.02445691884871638,0.9506756581370577
4975,F-A1-PORTSCAN-V-02,PortScan,PortScan,RF-v4,0.011362597026078827,0.010728326337278654,0.9779090766366417
4976,F-A1-PORTSCAN-V-02,PortScan,PortScan,RF-v4,0.02455063355411335,0.02445691884871638,0.950992447597169
4977,F-A1-PORTSCAN-V-02,PortScan,PortScan,RF-v4,0.024867423014224795,0.02445691884871638,0.9506756581370577
4978,F-A1-PORTSCAN-V-02,PortScan,PortScan,RF-v4,0.011362597026078827,0.010728326337278654,0.9779090766366417
4979,F-A1-PORTSCAN-V-02,PortScan,PortScan,RF-v4,0.02455063355411335,0.02445691884871638,0.950992447597169
4980,F-A1-PORTSCAN-V-02,PortScan,PortScan,RF-v4,0.011362597026078827,0.010728326337278654,0.9779090766366417
4981,F-A1-PORTSCAN-V-02,PortScan,PortScan,RF-v4,0.022462684358732367,0.02456998804013236,0.9529673276011341
4982,F-A1-PORTSCAN-V-02,PortScan,PortScan,RF-v4,0.011362597026078827,0.010728326337278654,0.9779090766366417
4983,F-A1-PORTSCAN-V-02,PortScan,PortScan,RF-v4,0.011362597026078827,0.010728326337278654,0.9779090766366417
4984,F-A1-PORTSCAN-V-02,PortScan,PortScan,RF-v4,0.022462684358732367,0.02456998804013236,0.9529673276011341
4985,F-A1-PORTSCAN-V-02,PortScan,PortScan,RF-v4,0.011362597026078827,0.010728326337278654,0.9779090766366417
4986,F-A1-PORTSCAN-V-02,PortScan,PortScan,RF-v4,0.024867423014224795,0.02445691884871638,0.9506756581370577
4987,F-A1-PORTSCAN-V-02,PortScan,PortScan,RF-v4,0.022462684358732367,0.02456998804013236,0.9529673276011341
4988,F-A1-PORTSCAN-V-02,PortScan,PortScan,RF-v4,0.022462684358732367,0.02456998804013236,0.9529673276011341
4989,F-A1-PORTSCAN-V-02,PortScan,PortScan,RF-v4,0.010077466767963996,0.010650464612028019,0.979272068620007
4990,F-A1-PORTSCAN-V-02,PortScan,PortScan,RF-v4,0.011362597026078827,0.010728326337278654,0.9779090766366417
4991,F-A1-PORTSCAN-V-02,PortScan,PortScan,RF-v4,0.024867423014224795,0.02445691884871638,0.9506756581370577
4992,F-A1-PORTSCAN-V-02,PortScan,PortScan,RF-v4,0.022462684358732367,0.02456998804013236,0.9529673276011341
4993,F-A1-PORTSCAN-V-02,PortScan,PortScan,RF-v4,0.02455063355411335,0.02445691884871638,0.950992447597169
4994,F-A1-PORTSCAN-V-02,PortScan,PortScan,RF-v4,0.024867423014224795,0.02445691884871638,0.9506756581370577
4995,F-A1-PORTSCAN-V-02,PortScan,PortScan,RF-v4,0.02455063355411335,0.02445691884871638,0.950992447597169
4996,F-A1-PORTSCAN-V-02,PortScan,PortScan,RF-v4,0.022462684358732367,0.02456998804013236,0.9529673276011341
4997,F-A1-PORTSCAN-V-02,PortScan,PortScan,RF-v4,0.011362597026078827,0.010728326337278654,0.9779090766366417
4998,F-A1-PORTSCAN-V-02,PortScan,PortScan,RF-v4,0.011362597026078827,0.010728326337278654,0.9779090766366417
4999,F-A1-PORTSCAN-V-03,PortScan,PortScan,RF-v4,0.022462684358732367,0.02456998804013236,0.9529673276011341
5000,F-A1-PORTSCAN-V-03,PortScan,PortScan,RF-v4,0.022462684358732367,0.02456998804013236,0.9529673276011341
5001,F-A1-PORTSCAN-V-03,PortScan,PortScan,RF-v4,0.024867423014224795,0.02445691884871638,0.9506756581370577
5002,F-A1-PORTSCAN-V-03,PortScan,PortScan,RF-v4,0.022462684358732367,0.02456998804013236,0.9529673276011341
5003,F-A1-PORTSCAN-V-03,PortScan,PortScan,RF-v4,0.02455063355411335,0.02445691884871638,0.950992447597169
5004,F-A1-PORTSCAN-V-03,PortScan,PortScan,RF-v4,0.022462684358732367,0.02456998804013236,0.9529673276011341
5005,F-A1-PORTSCAN-V-03,PortScan,PortScan,RF-v4,0.022462684358732367,0.02456998804013236,0.9529673276011341
5006,F-A1-PORTSCAN-V-03,PortScan,PortScan,RF-v4,0.022462684358732367,0.02456998804013236,0.9529673276011341
5007,F-A1-PORTSCAN-V-03,PortScan,PortScan,RF-v4,0.022462684358732367,0.02456998804013236,0.9529673276011341
5008,F-A1-PORTSCAN-V-03,PortScan,PortScan,RF-v4,0.022462684358732367,0.02456998804013236,0.9529673276011341
5009,F-A1-PORTSCAN-V-03,PortScan,PortScan,RF-v4,0.022462684358732367,0.02456998804013236,0.9529673276011341
5010,F-A1-PORTSCAN-V-03,PortScan,PortScan,RF-v4,0.022462684358732367,0.02456998804013236,0.9529673276011341
5011,F-A1-PORTSCAN-V-03,PortScan,PortScan,RF-v4,0.022462684358732367,0.02456998804013236,0.9529673276011341
5012,F-A1-PORTSCAN-V-03,PortScan,PortScan,RF-v4,0.022462684358732367,0.02456998804013236,0.9529673276011341
5013,F-A1-PORTSCAN-V-03,PortScan,PortScan,RF-v4,0.022462684358732367,0.02456998804013236,0.9529673276011341
5014,F-A1-PORTSCAN-V-03,PortScan,PortScan,RF-v4,0.022462684358732367,0.02456998804013236,0.9529673276011341
5015,F-A1-PORTSCAN-V-03,PortScan,PortScan,RF-v4,0.022462684358732367,0.02456998804013236,0.9529673276011341
5016,F-A1-PORTSCAN-V-03,PortScan,PortScan,RF-v4,0.022462684358732367,0.02456998804013236,0.9529673276011341
5017,F-A1-PORTSCAN-V-03,PortScan,PortScan,RF-v4,0.01094605750389357,0.010642434600036823,0.9784115078960687
5018,F-A1-PORTSCAN-V-03,PortScan,PortScan,RF-v4,0.022462684358732367,0.02456998804013236,0.9529673276011341
5019,F-A1-PORTSCAN-V-03,PortScan,PortScan,RF-v4,0.022462684358732367,0.02456998804013236,0.9529673276011341
5020,F-A1-PORTSCAN-V-03,PortScan,PortScan,RF-v4,0.022462684358732367,0.02456998804013236,0.9529673276011341
5021,F-A1-PORTSCAN-V-03,PortScan,PortScan,RF-v4,0.022462684358732367,0.02456998804013236,0.9529673276011341
5022,F-A1-PORTSCAN-V-03,PortScan,PortScan,RF-v4,0.02455063355411335,0.02445691884871638,0.950992447597169
5023,F-A1-PORTSCAN-V-03,PortScan,PortScan,RF-v4,0.022462684358732367,0.02456998804013236,0.9529673276011341
5024,F-A1-PORTSCAN-V-03,PortScan,PortScan,RF-v4,0.022462684358732367,0.02456998804013236,0.9529673276011341
5025,F-A1-PORTSCAN-V-03,PortScan,PortScan,RF-v4,0.022462684358732367,0.02456998804013236,0.9529673276011341
5026,F-A1-PORTSCAN-V-03,PortScan,PortScan,RF-v4,0.022462684358732367,0.02456998804013236,0.9529673276011341
5027,F-A1-PORTSCAN-V-03,PortScan,PortScan,RF-v4,0.022462684358732367,0.02456998804013236,0.9529673276011341
5028,F-A1-PORTSCAN-V-03,PortScan,PortScan,RF-v4,0.022462684358732367,0.02456998804013236,0.9529673276011341
5029,F-A1-PORTSCAN-V-03,PortScan,PortScan,RF-v4,0.022462684358732367,0.02456998804013236,0.9529673276011341
5030,F-A1-PORTSCAN-V-03,PortScan,PortScan,RF-v4,0.02455063355411335,0.02445691884871638,0.950992447597169
5031,F-A1-PORTSCAN-V-03,PortScan,PortScan,RF-v4,0.022462684358732367,0.02456998804013236,0.9529673276011341
5032,F-A1-PORTSCAN-V-03,PortScan,PortScan,RF-v4,0.024867423014224795,0.02445691884871638,0.9506756581370577
5033,F-A1-PORTSCAN-V-03,PortScan,PortScan,RF-v4,0.022462684358732367,0.02456998804013236,0.9529673276011341
5034,F-A1-PORTSCAN-V-03,PortScan,PortScan,RF-v4,0.02455063355411335,0.02445691884871638,0.950992447597169
5035,F-A1-PORTSCAN-V-03,PortScan,PortScan,RF-v4,0.022462684358732367,0.02456998804013236,0.9529673276011341
5036,F-A1-PORTSCAN-V-03,PortScan,PortScan,RF-v4,0.022462684358732367,0.02456998804013236,0.9529673276011341
5037,F-A1-PORTSCAN-V-03,PortScan,PortScan,RF-v4,0.022462684358732367,0.025450875412146013,0.9520864402291206
5038,F-A1-PORTSCAN-V-03,PortScan,PortScan,RF-v4,0.022462684358732367,0.02456998804013236,0.9529673276011341
5039,F-A1-PORTSCAN-V-03,PortScan,PortScan,RF-v4,0.02455063355411335,0.02445691884871638,0.950992447597169
5040,F-A1-PORTSCAN-V-03,PortScan,PortScan,RF-v4,0.011362597026078827,0.010728326337278654,0.9779090766366417
5041,F-A1-PORTSCAN-V-03,PortScan,PortScan,RF-v4,0.022462684358732367,0.02456998804013236,0.9529673276011341
5042,F-A1-PORTSCAN-V-03,PortScan,PortScan,RF-v4,0.022462684358732367,0.02456998804013236,0.9529673276011341
5043,F-A1-PORTSCAN-V-03,PortScan,PortScan,RF-v4,0.024867423014224795,0.02445691884871638,0.9506756581370577
5044,F-A1-PORTSCAN-V-03,PortScan,PortScan,RF-v4,0.022462684358732367,0.02456998804013236,0.9529673276011341
5045,F-A1-PORTSCAN-V-03,PortScan,PortScan,RF-v4,0.022462684358732367,0.02456998804013236,0.9529673276011341
5046,F-A1-PORTSCAN-V-03,PortScan,PortScan,RF-v4,0.022462684358732367,0.02456998804013236,0.9529673276011341
5047,F-A1-PORTSCAN-V-03,PortScan,PortScan,RF-v4,0.022462684358732367,0.02456998804013236,0.9529673276011341
5048,F-A1-PORTSCAN-V-03,PortScan,PortScan,RF-v4,0.022462684358732367,0.02456998804013236,0.9529673276011341
5049,F-A1-PORTSCAN-V-03,PortScan,PortScan,RF-v4,0.022462684358732367,0.02456998804013236,0.9529673276011341
5050,F-A1-PORTSCAN-V-03,PortScan,PortScan,RF-v4,0.011362597026078827,0.010728326337278654,0.9779090766366417
5051,F-A1-PORTSCAN-V-03,PortScan,PortScan,RF-v4,0.022462684358732367,0.02456998804013236,0.9529673276011341
5052,F-A1-PORTSCAN-V-03,PortScan,PortScan,RF-v4,0.022462684358732367,0.02456998804013236,0.9529673276011341
5053,F-A1-PORTSCAN-V-03,PortScan,PortScan,RF-v4,0.011362597026078827,0.010728326337278654,0.9779090766366417
5054,F-A1-PORTSCAN-V-03,PortScan,PortScan,RF-v4,0.02455063355411335,0.02445691884871638,0.950992447597169
5055,F-A1-PORTSCAN-V-03,PortScan,PortScan,RF-v4,0.02455063355411335,0.02445691884871638,0.950992447597169
5056,F-A1-PORTSCAN-V-03,PortScan,PortScan,RF-v4,0.022462684358732367,0.02456998804013236,0.9529673276011341
5057,F-A1-PORTSCAN-V-03,PortScan,PortScan,RF-v4,0.022462684358732367,0.02456998804013236,0.9529673276011341
5058,F-A1-PORTSCAN-V-03,PortScan,PortScan,RF-v4,0.022462684358732367,0.02456998804013236,0.9529673276011341
5059,F-A1-PORTSCAN-V-03,PortScan,PortScan,RF-v4,0.022462684358732367,0.02456998804013236,0.9529673276011341
5060,F-A1-PORTSCAN-V-03,PortScan,PortScan,RF-v4,0.022462684358732367,0.02456998804013236,0.9529673276011341
5061,F-A1-PORTSCAN-V-03,PortScan,PortScan,RF-v4,0.022462684358732367,0.02456998804013236,0.9529673276011341
5062,F-A1-PORTSCAN-V-03,PortScan,PortScan,RF-v4,0.024867423014224795,0.02445691884871638,0.9506756581370577
5063,F-A1-PORTSCAN-V-03,PortScan,PortScan,RF-v4,0.02455063355411335,0.02445691884871638,0.950992447597169
5064,F-A1-PORTSCAN-V-03,PortScan,PortScan,RF-v4,0.022462684358732367,0.02456998804013236,0.9529673276011341
5065,F-A1-PORTSCAN-V-03,PortScan,PortScan,RF-v4,0.02455063355411335,0.02445691884871638,0.950992447597169
5066,F-A1-PORTSCAN-V-03,PortScan,PortScan,RF-v4,0.022462684358732367,0.02456998804013236,0.9529673276011341
5067,F-A1-PORTSCAN-V-03,PortScan,PortScan,RF-v4,0.02455063355411335,0.02445691884871638,0.950992447597169
5068,F-A1-PORTSCAN-V-03,PortScan,PortScan,RF-v4,0.022462684358732367,0.02456998804013236,0.9529673276011341
5069,F-A1-PORTSCAN-V-03,PortScan,PortScan,RF-v4,0.024867423014224795,0.02445691884871638,0.9506756581370577
5070,F-A1-PORTSCAN-V-03,PortScan,PortScan,RF-v4,0.01094605750389357,0.010642434600036823,0.9784115078960687
5071,F-A1-PORTSCAN-V-03,PortScan,PortScan,RF-v4,0.022462684358732367,0.02456998804013236,0.9529673276011341
5072,F-A1-PORTSCAN-V-03,PortScan,PortScan,RF-v4,0.024867423014224795,0.02445691884871638,0.9506756581370577
5073,F-A1-PORTSCAN-V-03,PortScan,PortScan,RF-v4,0.022462684358732367,0.02456998804013236,0.9529673276011341
5074,F-A1-PORTSCAN-V-03,PortScan,PortScan,RF-v4,0.022462684358732367,0.02456998804013236,0.9529673276011341
5075,F-A1-PORTSCAN-V-03,PortScan,PortScan,RF-v4,0.011362597026078827,0.010728326337278654,0.9779090766366417
5076,F-A1-PORTSCAN-V-03,PortScan,PortScan,RF-v4,0.011362597026078827,0.010728326337278654,0.9779090766366417
5077,F-A1-PORTSCAN-V-03,PortScan,PortScan,RF-v4,0.022462684358732367,0.02456998804013236,0.9529673276011341
5078,F-A1-PORTSCAN-V-03,PortScan,PortScan,RF-v4,0.01094605750389357,0.010642434600036823,0.9784115078960687
5079,F-A1-PORTSCAN-V-03,PortScan,PortScan,RF-v4,0.022462684358732367,0.02456998804013236,0.9529673276011341
5080,F-A1-PORTSCAN-V-03,PortScan,PortScan,RF-v4,0.024867423014224795,0.02445691884871638,0.9506756581370577
5081,F-A1-PORTSCAN-V-03,PortScan,PortScan,RF-v4,0.011362597026078827,0.010728326337278654,0.9779090766366417
5082,F-A1-PORTSCAN-V-03,PortScan,PortScan,RF-v4,0.022462684358732367,0.02456998804013236,0.9529673276011341
5083,F-A1-PORTSCAN-V-03,PortScan,PortScan,RF-v4,0.011362597026078827,0.010728326337278654,0.9779090766366417
5084,F-A1-PORTSCAN-V-03,PortScan,PortScan,RF-v4,0.022462684358732367,0.02456998804013236,0.9529673276011341
5085,F-A1-PORTSCAN-V-03,PortScan,PortScan,RF-v4,0.011362597026078827,0.010728326337278654,0.9779090766366417
5086,F-A1-PORTSCAN-V-03,PortScan,PortScan,RF-v4,0.02455063355411335,0.02445691884871638,0.950992447597169
5087,F-A1-PORTSCAN-V-03,PortScan,PortScan,RF-v4,0.022462684358732367,0.02456998804013236,0.9529673276011341
5088,F-A1-PORTSCAN-V-03,PortScan,PortScan,RF-v4,0.02455063355411335,0.02445691884871638,0.950992447597169
5089,F-A1-PORTSCAN-V-03,PortScan,PortScan,RF-v4,0.011362597026078827,0.010728326337278654,0.9779090766366417
5090,F-A1-PORTSCAN-V-03,PortScan,PortScan,RF-v4,0.02455063355411335,0.02445691884871638,0.950992447597169
5091,F-A1-PORTSCAN-V-03,PortScan,PortScan,RF-v4,0.013600494794876974,0.015344857322839694,0.9710546478822825
5092,F-A1-PORTSCAN-V-03,PortScan,PortScan,RF-v4,0.010077466767963996,0.010650464612028019,0.979272068620007
5093,F-A1-PORTSCAN-V-03,PortScan,PortScan,RF-v4,0.022462684358732367,0.02456998804013236,0.9529673276011341
5094,F-A1-PORTSCAN-V-03,PortScan,PortScan,RF-v4,0.022462684358732367,0.02456998804013236,0.9529673276011341
5095,F-A1-PORTSCAN-V-03,PortScan,PortScan,RF-v4,0.022462684358732367,0.02456998804013236,0.9529673276011341
5096,F-A1-PORTSCAN-V-03,PortScan,PortScan,RF-v4,0.022462684358732367,0.02456998804013236,0.9529673276011341
5097,F-A1-PORTSCAN-V-03,PortScan,PortScan,RF-v4,0.022462684358732367,0.02456998804013236,0.9529673276011341
5098,F-A1-PORTSCAN-V-03,PortScan,PortScan,RF-v4,0.022462684358732367,0.02456998804013236,0.9529673276011341
5099,F-A1-PORTSCAN-V-03,PortScan,PortScan,RF-v4,0.02455063355411335,0.02445691884871638,0.950992447597169
5100,F-A1-PORTSCAN-V-03,PortScan,PortScan,RF-v4,0.022462684358732367,0.02456998804013236,0.9529673276011341
5101,F-A1-PORTSCAN-V-03,PortScan,PortScan,RF-v4,0.02455063355411335,0.02445691884871638,0.950992447597169
5102,F-A1-PORTSCAN-V-03,PortScan,PortScan,RF-v4,0.022462684358732367,0.02456998804013236,0.9529673276011341
5103,F-A1-PORTSCAN-V-03,PortScan,PortScan,RF-v4,0.022462684358732367,0.02456998804013236,0.9529673276011341
5104,F-A1-PORTSCAN-V-03,PortScan,PortScan,RF-v4,0.022462684358732367,0.02456998804013236,0.9529673276011341
5105,F-A1-PORTSCAN-V-03,PortScan,PortScan,RF-v4,0.022462684358732367,0.02456998804013236,0.9529673276011341
5106,F-A1-PORTSCAN-V-03,PortScan,PortScan,RF-v4,0.010494006290149255,0.010728326337278654,0.9787776673725712
5107,F-A1-PORTSCAN-V-03,PortScan,PortScan,RF-v4,0.011362597026078827,0.010728326337278654,0.9779090766366417
5108,F-A1-PORTSCAN-V-03,PortScan,PortScan,RF-v4,0.022462684358732367,0.025450875412146013,0.9520864402291206
5109,F-A1-PORTSCAN-V-03,PortScan,PortScan,RF-v4,0.022462684358732367,0.02456998804013236,0.9529673276011341
5110,F-A1-PORTSCAN-V-03,PortScan,PortScan,RF-v4,0.024867423014224795,0.02445691884871638,0.9506756581370577
5111,F-A1-PORTSCAN-V-03,PortScan,PortScan,RF-v4,0.022462684358732367,0.02456998804013236,0.9529673276011341
5112,F-A1-PORTSCAN-V-03,PortScan,PortScan,RF-v4,0.022462684358732367,0.02456998804013236,0.9529673276011341
5113,F-A1-PORTSCAN-V-03,PortScan,PortScan,RF-v4,0.010077466767963996,0.010650464612028019,0.979272068620007
5114,F-A1-PORTSCAN-V-03,PortScan,PortScan,RF-v4,0.022462684358732367,0.02456998804013236,0.9529673276011341
5115,F-A1-PORTSCAN-V-03,PortScan,PortScan,RF-v4,0.022462684358732367,0.02456998804013236,0.9529673276011341
5116,F-A1-PORTSCAN-V-03,PortScan,PortScan,RF-v4,0.022462684358732367,0.02456998804013236,0.9529673276011341
5117,F-A1-PORTSCAN-V-03,PortScan,PortScan,RF-v4,0.022462684358732367,0.02456998804013236,0.9529673276011341
5118,F-A1-PORTSCAN-V-03,PortScan,PortScan,RF-v4,0.022462684358732367,0.02456998804013236,0.9529673276011341
5119,F-A1-PORTSCAN-V-03,PortScan,PortScan,RF-v4,0.022462684358732367,0.02456998804013236,0.9529673276011341
5120,F-A1-PORTSCAN-V-03,PortScan,PortScan,RF-v4,0.022462684358732367,0.02456998804013236,0.9529673276011341
5121,F-A1-PORTSCAN-V-03,PortScan,PortScan,RF-v4,0.022462684358732367,0.02456998804013236,0.9529673276011341
5122,F-A1-PORTSCAN-V-03,PortScan,PortScan,RF-v4,0.011362597026078827,0.010728326337278654,0.9779090766366417
5123,F-A1-PORTSCAN-V-03,PortScan,PortScan,RF-v4,0.022462684358732367,0.02456998804013236,0.9529673276011341
5124,F-A1-PORTSCAN-V-03,PortScan,PortScan,RF-v4,0.022462684358732367,0.02456998804013236,0.9529673276011341
5125,F-A1-PORTSCAN-V-03,PortScan,PortScan,RF-v4,0.022462684358732367,0.025450875412146013,0.9520864402291206
5126,F-A1-PORTSCAN-V-03,PortScan,PortScan,RF-v4,0.022462684358732367,0.02456998804013236,0.9529673276011341
5127,F-A1-PORTSCAN-V-03,PortScan,PortScan,RF-v4,0.022462684358732367,0.02456998804013236,0.9529673276011341
5128,F-A1-PORTSCAN-V-03,PortScan,PortScan,RF-v4,0.011362597026078827,0.010728326337278654,0.9779090766366417
5129,F-A1-PORTSCAN-V-03,PortScan,PortScan,RF-v4,0.022462684358732367,0.02456998804013236,0.9529673276011341
5130,F-A1-PORTSCAN-V-03,PortScan,PortScan,RF-v4,0.022462684358732367,0.02456998804013236,0.9529673276011341
5131,F-A1-PORTSCAN-V-03,PortScan,PortScan,RF-v4,0.022462684358732367,0.02456998804013236,0.9529673276011341
5132,F-A1-PORTSCAN-V-03,PortScan,PortScan,RF-v4,0.022462684358732367,0.02456998804013236,0.9529673276011341
5133,F-A1-PORTSCAN-V-03,PortScan,PortScan,RF-v4,0.011362597026078827,0.010728326337278654,0.9779090766366417
5134,F-A1-PORTSCAN-V-03,PortScan,PortScan,RF-v4,0.022462684358732367,0.02456998804013236,0.9529673276011341
5135,F-A1-PORTSCAN-V-03,PortScan,PortScan,RF-v4,0.022462684358732367,0.02456998804013236,0.9529673276011341
5136,F-A1-PORTSCAN-V-03,PortScan,PortScan,RF-v4,0.022462684358732367,0.02456998804013236,0.9529673276011341
5137,F-A1-PORTSCAN-V-03,PortScan,PortScan,RF-v4,0.022462684358732367,0.02456998804013236,0.9529673276011341
5138,F-A1-PORTSCAN-V-03,PortScan,PortScan,RF-v4,0.022462684358732367,0.02456998804013236,0.9529673276011341
5139,F-A1-PORTSCAN-V-03,PortScan,PortScan,RF-v4,0.010077466767963996,0.010650464612028019,0.979272068620007
5140,F-A1-PORTSCAN-V-03,PortScan,PortScan,RF-v4,0.022462684358732367,0.02456998804013236,0.9529673276011341
5141,F-A1-PORTSCAN-V-03,PortScan,PortScan,RF-v4,0.022462684358732367,0.02456998804013236,0.9529673276011341
5142,F-A1-PORTSCAN-V-03,PortScan,PortScan,RF-v4,0.022462684358732367,0.02456998804013236,0.9529673276011341
5143,F-A1-PORTSCAN-V-03,PortScan,PortScan,RF-v4,0.02455063355411335,0.02445691884871638,0.950992447597169
5144,F-A1-PORTSCAN-V-03,PortScan,PortScan,RF-v4,0.02455063355411335,0.02445691884871638,0.950992447597169
5145,F-A1-PORTSCAN-V-03,PortScan,PortScan,RF-v4,0.022462684358732367,0.02456998804013236,0.9529673276011341
5146,F-A1-PORTSCAN-V-03,PortScan,PortScan,RF-v4,0.02455063355411335,0.02445691884871638,0.950992447597169
5147,F-A1-PORTSCAN-V-03,PortScan,PortScan,RF-v4,0.022462684358732367,0.02456998804013236,0.9529673276011341
5148,F-A1-PORTSCAN-V-03,PortScan,PortScan,RF-v4,0.022462684358732367,0.02456998804013236,0.9529673276011341
5149,F-A1-PORTSCAN-V-03,PortScan,PortScan,RF-v4,0.011362597026078827,0.010728326337278654,0.9779090766366417
5150,F-A1-PORTSCAN-V-03,PortScan,PortScan,RF-v4,0.022462684358732367,0.02456998804013236,0.9529673276011341
5151,F-A1-PORTSCAN-V-03,PortScan,PortScan,RF-v4,0.022462684358732367,0.02456998804013236,0.9529673276011341
5152,F-A1-PORTSCAN-V-03,PortScan,PortScan,RF-v4,0.022462684358732367,0.02456998804013236,0.9529673276011341
5153,F-A1-PORTSCAN-V-03,PortScan,PortScan,RF-v4,0.022462684358732367,0.02456998804013236,0.9529673276011341
5154,F-A1-PORTSCAN-V-03,PortScan,PortScan,RF-v4,0.022462684358732367,0.02456998804013236,0.9529673276011341
5155,F-A1-PORTSCAN-V-03,PortScan,PortScan,RF-v4,0.022462684358732367,0.02456998804013236,0.9529673276011341
5156,F-A1-PORTSCAN-V-03,PortScan,PortScan,RF-v4,0.022462684358732367,0.02456998804013236,0.9529673276011341
5157,F-A1-PORTSCAN-V-03,PortScan,PortScan,RF-v4,0.024867423014224795,0.02445691884871638,0.9506756581370577
5158,F-A1-PORTSCAN-V-03,PortScan,PortScan,RF-v4,0.022462684358732367,0.02456998804013236,0.9529673276011341
5159,F-A1-PORTSCAN-V-03,PortScan,PortScan,RF-v4,0.022462684358732367,0.02456998804013236,0.9529673276011341
5160,F-A1-PORTSCAN-V-03,PortScan,PortScan,RF-v4,0.022462684358732367,0.02456998804013236,0.9529673276011341
5161,F-A1-PORTSCAN-V-03,PortScan,PortScan,RF-v4,0.010077466767963996,0.010650464612028019,0.979272068620007
5162,F-A1-PORTSCAN-V-03,PortScan,PortScan,RF-v4,0.022462684358732367,0.02456998804013236,0.9529673276011341
5163,F-A1-PORTSCAN-V-03,PortScan,PortScan,RF-v4,0.011362597026078827,0.010728326337278654,0.9779090766366417
5164,F-A1-PORTSCAN-V-03,PortScan,PortScan,RF-v4,0.011362597026078827,0.010728326337278654,0.9779090766366417
5165,F-A1-PORTSCAN-V-03,PortScan,PortScan,RF-v4,0.022462684358732367,0.02456998804013236,0.9529673276011341
5166,F-A1-PORTSCAN-V-03,PortScan,PortScan,RF-v4,0.010077466767963996,0.010650464612028019,0.979272068620007
5167,F-A1-PORTSCAN-V-03,PortScan,PortScan,RF-v4,0.022462684358732367,0.02456998804013236,0.9529673276011341
5168,F-A1-PORTSCAN-V-03,PortScan,PortScan,RF-v4,0.022462684358732367,0.02456998804013236,0.9529673276011341
5169,F-A1-PORTSCAN-V-03,PortScan,PortScan,RF-v4,0.011362597026078827,0.010728326337278654,0.9779090766366417
5170,F-A1-PORTSCAN-V-03,PortScan,PortScan,RF-v4,0.022462684358732367,0.02456998804013236,0.9529673276011341
5171,F-A1-PORTSCAN-V-03,PortScan,PortScan,RF-v4,0.010077466767963996,0.010650464612028019,0.979272068620007
5172,F-A1-PORTSCAN-V-03,PortScan,PortScan,RF-v4,0.022462684358732367,0.02456998804013236,0.9529673276011341
5173,F-A1-PORTSCAN-V-03,PortScan,PortScan,RF-v4,0.022462684358732367,0.02456998804013236,0.9529673276011341
5174,F-A1-PORTSCAN-V-03,PortScan,PortScan,RF-v4,0.022462684358732367,0.02456998804013236,0.9529673276011341
5175,F-A1-PORTSCAN-V-03,PortScan,PortScan,RF-v4,0.022462684358732367,0.02456998804013236,0.9529673276011341
5176,F-A1-PORTSCAN-V-03,PortScan,PortScan,RF-v4,0.022462684358732367,0.02456998804013236,0.9529673276011341
5177,F-A1-PORTSCAN-V-03,PortScan,PortScan,RF-v4,0.011362597026078827,0.010728326337278654,0.9779090766366417
5178,F-A1-PORTSCAN-V-03,PortScan,PortScan,RF-v4,0.022462684358732367,0.02456998804013236,0.9529673276011341
5179,F-A1-PORTSCAN-V-03,PortScan,PortScan,RF-v4,0.02455063355411335,0.02445691884871638,0.950992447597169
5180,F-A1-PORTSCAN-V-03,PortScan,PortScan,RF-v4,0.022462684358732367,0.02456998804013236,0.9529673276011341
5181,F-A1-PORTSCAN-V-03,PortScan,PortScan,RF-v4,0.011362597026078827,0.010728326337278654,0.9779090766366417
5182,F-A1-PORTSCAN-V-03,PortScan,PortScan,RF-v4,0.022462684358732367,0.02456998804013236,0.9529673276011341
5183,F-A1-PORTSCAN-V-03,PortScan,PortScan,RF-v4,0.022462684358732367,0.02456998804013236,0.9529673276011341
5184,F-A1-PORTSCAN-V-03,PortScan,PortScan,RF-v4,0.010077466767963996,0.010650464612028019,0.979272068620007
5185,F-A1-PORTSCAN-V-03,PortScan,PortScan,RF-v4,0.022462684358732367,0.02456998804013236,0.9529673276011341
5186,F-A1-PORTSCAN-V-03,PortScan,PortScan,RF-v4,0.010077466767963996,0.010650464612028019,0.979272068620007
5187,F-A1-PORTSCAN-V-03,PortScan,PortScan,RF-v4,0.022462684358732367,0.02456998804013236,0.9529673276011341
5188,F-A1-PORTSCAN-V-03,PortScan,PortScan,RF-v4,0.01094605750389357,0.010642434600036823,0.9784115078960687
5189,F-A1-PORTSCAN-V-03,PortScan,PortScan,RF-v4,0.022462684358732367,0.02456998804013236,0.9529673276011341
5190,F-A1-PORTSCAN-V-03,PortScan,PortScan,RF-v4,0.022462684358732367,0.02456998804013236,0.9529673276011341
5191,F-A1-PORTSCAN-V-03,PortScan,PortScan,RF-v4,0.011362597026078827,0.010728326337278654,0.9779090766366417
5192,F-A1-PORTSCAN-V-03,PortScan,PortScan,RF-v4,0.022462684358732367,0.02456998804013236,0.9529673276011341
5193,F-A1-PORTSCAN-V-03,PortScan,PortScan,RF-v4,0.022462684358732367,0.02456998804013236,0.9529673276011341
5194,F-A1-PORTSCAN-V-03,PortScan,PortScan,RF-v4,0.022462684358732367,0.02456998804013236,0.9529673276011341
5195,F-A1-PORTSCAN-V-03,PortScan,PortScan,RF-v4,0.022462684358732367,0.02456998804013236,0.9529673276011341
5196,F-A1-PORTSCAN-V-03,PortScan,PortScan,RF-v4,0.022462684358732367,0.02456998804013236,0.9529673276011341
5197,F-A1-PORTSCAN-V-03,PortScan,PortScan,RF-v4,0.010077466767963996,0.010650464612028019,0.979272068620007
5198,F-A1-PORTSCAN-V-03,PortScan,PortScan,RF-v4,0.022462684358732367,0.02456998804013236,0.9529673276011341
5199,F-A1-PORTSCAN-V-03,PortScan,PortScan,RF-v4,0.02455063355411335,0.02445691884871638,0.950992447597169
5200,F-A1-PORTSCAN-V-03,PortScan,PortScan,RF-v4,0.022462684358732367,0.02456998804013236,0.9529673276011341
5201,F-A1-PORTSCAN-V-03,PortScan,PortScan,RF-v4,0.02455063355411335,0.02445691884871638,0.950992447597169
5202,F-A1-PORTSCAN-V-03,PortScan,PortScan,RF-v4,0.022462684358732367,0.02456998804013236,0.9529673276011341
5203,F-A1-PORTSCAN-V-03,PortScan,PortScan,RF-v4,0.011362597026078827,0.010728326337278654,0.9779090766366417
5204,F-A1-PORTSCAN-V-03,PortScan,PortScan,RF-v4,0.010077466767963996,0.010650464612028019,0.979272068620007
5205,F-A1-PORTSCAN-V-03,PortScan,PortScan,RF-v4,0.011362597026078827,0.010728326337278654,0.9779090766366417
5206,F-A1-PORTSCAN-V-03,PortScan,PortScan,RF-v4,0.022462684358732367,0.02456998804013236,0.9529673276011341
5207,F-A1-PORTSCAN-V-03,PortScan,PortScan,RF-v4,0.022462684358732367,0.02456998804013236,0.9529673276011341
5208,F-A1-PORTSCAN-V-03,PortScan,PortScan,RF-v4,0.022462684358732367,0.02456998804013236,0.9529673276011341
5209,F-A1-PORTSCAN-V-03,PortScan,PortScan,RF-v4,0.022462684358732367,0.02456998804013236,0.9529673276011341
5210,F-A1-PORTSCAN-V-03,PortScan,PortScan,RF-v4,0.02455063355411335,0.02533780622073003,0.9501115602251555
5211,F-A1-PORTSCAN-V-03,PortScan,PortScan,RF-v4,0.02455063355411335,0.02445691884871638,0.950992447597169
5212,F-A1-PORTSCAN-V-03,PortScan,PortScan,RF-v4,0.02455063355411335,0.02445691884871638,0.950992447597169
5213,F-A1-PORTSCAN-V-03,PortScan,PortScan,RF-v4,0.011362597026078827,0.010728326337278654,0.9779090766366417
5214,F-A1-PORTSCAN-V-03,PortScan,PortScan,RF-v4,0.022462684358732367,0.02456998804013236,0.9529673276011341
5215,F-A1-PORTSCAN-V-03,PortScan,PortScan,RF-v4,0.022462684358732367,0.02456998804013236,0.9529673276011341
5216,F-A1-PORTSCAN-V-03,PortScan,PortScan,RF-v4,0.022462684358732367,0.02456998804013236,0.9529673276011341
5217,F-A1-PORTSCAN-V-03,PortScan,PortScan,RF-v4,0.022462684358732367,0.02456998804013236,0.9529673276011341
5218,F-A1-PORTSCAN-V-03,PortScan,PortScan,RF-v4,0.022462684358732367,0.02456998804013236,0.9529673276011341
5219,F-A1-PORTSCAN-V-03,PortScan,PortScan,RF-v4,0.02455063355411335,0.02445691884871638,0.950992447597169
5220,F-A1-PORTSCAN-V-03,PortScan,PortScan,RF-v4,0.011362597026078827,0.010728326337278654,0.9779090766366417
5221,F-A1-PORTSCAN-V-03,PortScan,PortScan,RF-v4,0.022462684358732367,0.02456998804013236,0.9529673276011341
5222,F-A1-PORTSCAN-V-03,PortScan,PortScan,RF-v4,0.010494006290149255,0.010728326337278654,0.9787776673725712
5223,F-A1-PORTSCAN-V-03,PortScan,PortScan,RF-v4,0.022462684358732367,0.02456998804013236,0.9529673276011341
5224,F-A1-PORTSCAN-V-03,PortScan,PortScan,RF-v4,0.011362597026078827,0.010728326337278654,0.9779090766366417
5225,F-A1-PORTSCAN-V-03,PortScan,PortScan,RF-v4,0.022462684358732367,0.02456998804013236,0.9529673276011341
5226,F-A1-PORTSCAN-V-03,PortScan,PortScan,RF-v4,0.022462684358732367,0.02456998804013236,0.9529673276011341
5227,F-A1-PORTSCAN-V-03,PortScan,PortScan,RF-v4,0.022462684358732367,0.02456998804013236,0.9529673276011341
5228,F-A1-PORTSCAN-V-03,PortScan,PortScan,RF-v4,0.022462684358732367,0.02456998804013236,0.9529673276011341
5229,F-A1-PORTSCAN-V-03,PortScan,PortScan,RF-v4,0.02455063355411335,0.02445691884871638,0.950992447597169
5230,F-A1-PORTSCAN-V-03,PortScan,PortScan,RF-v4,0.022462684358732367,0.02456998804013236,0.9529673276011341
5231,F-A1-PORTSCAN-V-03,PortScan,PortScan,RF-v4,0.011362597026078827,0.010728326337278654,0.9779090766366417
5232,F-A1-PORTSCAN-V-03,PortScan,PortScan,RF-v4,0.011362597026078827,0.010728326337278654,0.9779090766366417
5233,F-A1-PORTSCAN-V-03,PortScan,PortScan,RF-v4,0.02455063355411335,0.02445691884871638,0.950992447597169
5234,F-A1-PORTSCAN-V-03,PortScan,PortScan,RF-v4,0.010077466767963996,0.010650464612028019,0.979272068620007
5235,F-A1-PORTSCAN-V-03,PortScan,PortScan,RF-v4,0.022462684358732367,0.02456998804013236,0.9529673276011341
5236,F-A1-PORTSCAN-V-03,PortScan,PortScan,RF-v4,0.022462684358732367,0.02456998804013236,0.9529673276011341
5237,F-A1-PORTSCAN-V-03,PortScan,PortScan,RF-v4,0.02455063355411335,0.02445691884871638,0.950992447597169
5238,F-A1-PORTSCAN-V-03,PortScan,PortScan,RF-v4,0.022462684358732367,0.02456998804013236,0.9529673276011341
5239,F-A1-PORTSCAN-V-03,PortScan,PortScan,RF-v4,0.022462684358732367,0.02456998804013236,0.9529673276011341
5240,F-A1-PORTSCAN-V-03,PortScan,PortScan,RF-v4,0.022462684358732367,0.02456998804013236,0.9529673276011341
5241,F-A1-PORTSCAN-V-03,PortScan,PortScan,RF-v4,0.02455063355411335,0.02445691884871638,0.950992447597169
5242,F-A1-PORTSCAN-V-03,PortScan,PortScan,RF-v4,0.022462684358732367,0.02456998804013236,0.9529673276011341
5243,F-A1-PORTSCAN-V-03,PortScan,PortScan,RF-v4,0.022462684358732367,0.02456998804013236,0.9529673276011341
5244,F-A1-PORTSCAN-V-03,PortScan,PortScan,RF-v4,0.022462684358732367,0.02456998804013236,0.9529673276011341
5245,F-A1-PORTSCAN-V-03,PortScan,PortScan,RF-v4,0.024867423014224795,0.02445691884871638,0.9506756581370577
5246,F-A1-PORTSCAN-V-03,PortScan,PortScan,RF-v4,0.022462684358732367,0.02456998804013236,0.9529673276011341
5247,F-A1-PORTSCAN-V-03,PortScan,PortScan,RF-v4,0.022462684358732367,0.02456998804013236,0.9529673276011341
5248,F-A1-PORTSCAN-V-03,PortScan,PortScan,RF-v4,0.022462684358732367,0.02456998804013236,0.9529673276011341
5249,F-A1-PORTSCAN-V-03,PortScan,PortScan,RF-v4,0.011362597026078827,0.010728326337278654,0.9779090766366417
5250,F-A1-PORTSCAN-V-03,PortScan,PortScan,RF-v4,0.022462684358732367,0.02456998804013236,0.9529673276011341
5251,F-A1-PORTSCAN-V-03,PortScan,PortScan,RF-v4,0.022462684358732367,0.02456998804013236,0.9529673276011341
5252,F-A1-PORTSCAN-V-03,PortScan,PortScan,RF-v4,0.022462684358732367,0.02456998804013236,0.9529673276011341
5253,F-A1-PORTSCAN-V-03,PortScan,PortScan,RF-v4,0.011362597026078827,0.010728326337278654,0.9779090766366417
5254,F-A1-PORTSCAN-V-03,PortScan,PortScan,RF-v4,0.011362597026078827,0.010728326337278654,0.9779090766366417
5255,F-A1-PORTSCAN-V-03,PortScan,PortScan,RF-v4,0.024867423014224795,0.02445691884871638,0.9506756581370577
5256,F-A1-PORTSCAN-V-03,PortScan,PortScan,RF-v4,0.011362597026078827,0.010728326337278654,0.9779090766366417
5257,F-A1-PORTSCAN-V-03,PortScan,PortScan,RF-v4,0.010077466767963996,0.010650464612028019,0.979272068620007
5258,F-A1-PORTSCAN-V-03,PortScan,PortScan,RF-v4,0.022462684358732367,0.02456998804013236,0.9529673276011341
5259,F-A1-PORTSCAN-V-03,PortScan,PortScan,RF-v4,0.022462684358732367,0.02456998804013236,0.9529673276011341
5260,F-A1-PORTSCAN-V-03,PortScan,PortScan,RF-v4,0.022462684358732367,0.02456998804013236,0.9529673276011341
5261,F-A1-PORTSCAN-V-03,PortScan,PortScan,RF-v4,0.022462684358732367,0.02456998804013236,0.9529673276011341
5262,F-A1-PORTSCAN-V-03,PortScan,PortScan,RF-v4,0.022462684358732367,0.02456998804013236,0.9529673276011341
5263,F-A1-PORTSCAN-V-03,PortScan,PortScan,RF-v4,0.022462684358732367,0.02456998804013236,0.9529673276011341
5264,F-A1-PORTSCAN-V-03,PortScan,PortScan,RF-v4,0.011362597026078827,0.010728326337278654,0.9779090766366417
5265,F-A1-PORTSCAN-V-03,PortScan,PortScan,RF-v4,0.022462684358732367,0.02456998804013236,0.9529673276011341
5266,F-A1-PORTSCAN-V-03,PortScan,PortScan,RF-v4,0.022462684358732367,0.02456998804013236,0.9529673276011341
5267,F-A1-PORTSCAN-V-03,PortScan,PortScan,RF-v4,0.022462684358732367,0.02456998804013236,0.9529673276011341
5268,F-A1-PORTSCAN-V-03,PortScan,PortScan,RF-v4,0.011362597026078827,0.010728326337278654,0.9779090766366417
5269,F-A1-PORTSCAN-V-03,PortScan,PortScan,RF-v4,0.022462684358732367,0.02456998804013236,0.9529673276011341
5270,F-A1-PORTSCAN-V-03,PortScan,PortScan,RF-v4,0.022462684358732367,0.02456998804013236,0.9529673276011341
5271,F-A1-PORTSCAN-V-03,PortScan,PortScan,RF-v4,0.011362597026078827,0.010728326337278654,0.9779090766366417
5272,F-A1-PORTSCAN-V-03,PortScan,PortScan,RF-v4,0.022462684358732367,0.02456998804013236,0.9529673276011341
5273,F-A1-PORTSCAN-V-03,PortScan,PortScan,RF-v4,0.022462684358732367,0.02456998804013236,0.9529673276011341
5274,F-A1-PORTSCAN-V-03,PortScan,PortScan,RF-v4,0.011362597026078827,0.010728326337278654,0.9779090766366417
5275,F-A1-PORTSCAN-V-03,PortScan,PortScan,RF-v4,0.022462684358732367,0.02456998804013236,0.9529673276011341
5276,F-A1-PORTSCAN-V-03,PortScan,PortScan,RF-v4,0.011362597026078827,0.010728326337278654,0.9779090766366417
5277,F-A1-PORTSCAN-V-03,PortScan,PortScan,RF-v4,0.022462684358732367,0.02456998804013236,0.9529673276011341
5278,F-A1-PORTSCAN-V-03,PortScan,PortScan,RF-v4,0.010077466767963996,0.010650464612028019,0.979272068620007
5279,F-A1-PORTSCAN-V-03,PortScan,PortScan,RF-v4,0.02455063355411335,0.02445691884871638,0.950992447597169
5280,F-A1-PORTSCAN-V-03,PortScan,PortScan,RF-v4,0.024867423014224795,0.02445691884871638,0.9506756581370577
5281,F-A1-PORTSCAN-V-03,PortScan,PortScan,RF-v4,0.022462684358732367,0.02456998804013236,0.9529673276011341
5282,F-A1-PORTSCAN-V-03,PortScan,PortScan,RF-v4,0.022462684358732367,0.02456998804013236,0.9529673276011341
5283,F-A1-PORTSCAN-V-03,PortScan,PortScan,RF-v4,0.02455063355411335,0.02445691884871638,0.950992447597169
5284,F-A1-PORTSCAN-V-03,PortScan,PortScan,RF-v4,0.022462684358732367,0.02456998804013236,0.9529673276011341
5285,F-A1-PORTSCAN-V-03,PortScan,PortScan,RF-v4,0.011362597026078827,0.010728326337278654,0.9779090766366417
5286,F-A1-PORTSCAN-V-03,PortScan,PortScan,RF-v4,0.022462684358732367,0.02456998804013236,0.9529673276011341
5287,F-A1-PORTSCAN-V-03,PortScan,PortScan,RF-v4,0.022462684358732367,0.02456998804013236,0.9529673276011341
5288,F-A1-PORTSCAN-V-03,PortScan,PortScan,RF-v4,0.022462684358732367,0.02456998804013236,0.9529673276011341
5289,F-A1-PORTSCAN-V-03,PortScan,PortScan,RF-v4,0.011362597026078827,0.010728326337278654,0.9779090766366417
5290,F-A1-PORTSCAN-V-03,PortScan,PortScan,RF-v4,0.02455063355411335,0.02445691884871638,0.950992447597169
5291,F-A1-PORTSCAN-V-03,PortScan,PortScan,RF-v4,0.022462684358732367,0.02456998804013236,0.9529673276011341
5292,F-A1-PORTSCAN-V-03,PortScan,PortScan,RF-v4,0.04113320244838887,0.02456998804013236,0.9342968095114776
5293,F-A1-PORTSCAN-V-03,PortScan,PortScan,RF-v4,0.022462684358732367,0.02456998804013236,0.9529673276011341
5294,F-A1-PORTSCAN-V-03,PortScan,PortScan,RF-v4,0.011362597026078827,0.010728326337278654,0.9779090766366417
5295,F-A1-PORTSCAN-V-03,PortScan,PortScan,RF-v4,0.011362597026078827,0.010728326337278654,0.9779090766366417
5296,F-A1-PORTSCAN-V-03,PortScan,PortScan,RF-v4,0.022462684358732367,0.02456998804013236,0.9529673276011341
5297,F-A1-PORTSCAN-V-03,PortScan,PortScan,RF-v4,0.011362597026078827,0.010728326337278654,0.9779090766366417
5298,F-A1-PORTSCAN-V-03,PortScan,PortScan,RF-v4,0.022462684358732367,0.02456998804013236,0.9529673276011341
5299,F-A1-PORTSCAN-V-03,PortScan,PortScan,RF-v4,0.022462684358732367,0.02456998804013236,0.9529673276011341
5300,F-A1-PORTSCAN-V-03,PortScan,PortScan,RF-v4,0.02455063355411335,0.02445691884871638,0.950992447597169
5301,F-A1-PORTSCAN-V-03,PortScan,PortScan,RF-v4,0.022462684358732367,0.02456998804013236,0.9529673276011341
5302,F-A1-PORTSCAN-V-03,PortScan,PortScan,RF-v4,0.022462684358732367,0.02456998804013236,0.9529673276011341
5303,F-A1-PORTSCAN-V-03,PortScan,PortScan,RF-v4,0.022462684358732367,0.02456998804013236,0.9529673276011341
5304,F-A1-PORTSCAN-V-03,PortScan,PortScan,RF-v4,0.010077466767963996,0.010650464612028019,0.979272068620007
5305,F-A1-PORTSCAN-V-03,PortScan,PortScan,RF-v4,0.022462684358732367,0.02456998804013236,0.9529673276011341
5306,F-A1-PORTSCAN-V-03,PortScan,PortScan,RF-v4,0.022462684358732367,0.02456998804013236,0.9529673276011341
5307,F-A1-PORTSCAN-V-03,PortScan,PortScan,RF-v4,0.022462684358732367,0.02456998804013236,0.9529673276011341
5308,F-A1-PORTSCAN-V-03,PortScan,PortScan,RF-v4,0.011362597026078827,0.010728326337278654,0.9779090766366417
5309,F-A1-PORTSCAN-V-03,PortScan,PortScan,RF-v4,0.022462684358732367,0.02456998804013236,0.9529673276011341
5310,F-A1-PORTSCAN-V-03,PortScan,PortScan,RF-v4,0.024867423014224795,0.02445691884871638,0.9506756581370577
5311,F-A1-PORTSCAN-V-03,PortScan,PortScan,RF-v4,0.022462684358732367,0.02456998804013236,0.9529673276011341
5312,F-A1-PORTSCAN-V-03,PortScan,PortScan,RF-v4,0.02455063355411335,0.02445691884871638,0.950992447597169
5313,F-A1-PORTSCAN-V-03,PortScan,PortScan,RF-v4,0.022462684358732367,0.02456998804013236,0.9529673276011341
5314,F-A1-PORTSCAN-V-03,PortScan,PortScan,RF-v4,0.02455063355411335,0.02445691884871638,0.950992447597169
5315,F-A1-PORTSCAN-V-03,PortScan,PortScan,RF-v4,0.011362597026078827,0.010728326337278654,0.9779090766366417
5316,F-A1-PORTSCAN-V-03,PortScan,PortScan,RF-v4,0.022462684358732367,0.02456998804013236,0.9529673276011341
5317,F-A1-PORTSCAN-V-03,PortScan,PortScan,RF-v4,0.011362597026078827,0.010728326337278654,0.9779090766366417
5318,F-A1-PORTSCAN-V-03,PortScan,PortScan,RF-v4,0.011362597026078827,0.010728326337278654,0.9779090766366417
5319,F-A1-PORTSCAN-V-03,PortScan,PortScan,RF-v4,0.011362597026078827,0.010728326337278654,0.9779090766366417
5320,F-A1-PORTSCAN-V-03,PortScan,PortScan,RF-v4,0.022462684358732367,0.02456998804013236,0.9529673276011341
5321,F-A1-PORTSCAN-V-03,PortScan,PortScan,RF-v4,0.022462684358732367,0.02456998804013236,0.9529673276011341
5322,F-A1-PORTSCAN-V-03,PortScan,PortScan,RF-v4,0.022462684358732367,0.02456998804013236,0.9529673276011341
5323,F-A1-PORTSCAN-V-03,PortScan,PortScan,RF-v4,0.022462684358732367,0.02456998804013236,0.9529673276011341
5324,F-A1-PORTSCAN-V-03,PortScan,PortScan,RF-v4,0.013600494794876974,0.015344857322839694,0.9710546478822825
5325,F-A1-PORTSCAN-V-03,PortScan,PortScan,RF-v4,0.022462684358732367,0.02456998804013236,0.9529673276011341
5326,F-A1-PORTSCAN-V-03,PortScan,PortScan,RF-v4,0.022462684358732367,0.02456998804013236,0.9529673276011341
5327,F-A1-PORTSCAN-V-03,PortScan,PortScan,RF-v4,0.022462684358732367,0.02456998804013236,0.9529673276011341
5328,F-A1-PORTSCAN-V-03,PortScan,PortScan,RF-v4,0.022462684358732367,0.02456998804013236,0.9529673276011341
5329,F-A1-PORTSCAN-V-03,PortScan,PortScan,RF-v4,0.011362597026078827,0.010728326337278654,0.9779090766366417
5330,F-A1-PORTSCAN-V-03,PortScan,PortScan,RF-v4,0.02455063355411335,0.02445691884871638,0.950992447597169
5331,F-A1-PORTSCAN-V-03,PortScan,PortScan,RF-v4,0.022462684358732367,0.02456998804013236,0.9529673276011341
5332,F-A1-PORTSCAN-V-03,PortScan,PortScan,RF-v4,0.022462684358732367,0.02456998804013236,0.9529673276011341
5333,F-A1-PORTSCAN-V-03,PortScan,PortScan,RF-v4,0.022462684358732367,0.02456998804013236,0.9529673276011341
5334,F-A1-PORTSCAN-V-03,PortScan,PortScan,RF-v4,0.022462684358732367,0.02456998804013236,0.9529673276011341
5335,F-A1-PORTSCAN-V-03,PortScan,PortScan,RF-v4,0.022462684358732367,0.02456998804013236,0.9529673276011341
5336,F-A1-PORTSCAN-V-03,PortScan,PortScan,RF-v4,0.011362597026078827,0.010728326337278654,0.9779090766366417
5337,F-A1-PORTSCAN-V-03,PortScan,PortScan,RF-v4,0.022462684358732367,0.02456998804013236,0.9529673276011341
5338,F-A1-PORTSCAN-V-03,PortScan,PortScan,RF-v4,0.022462684358732367,0.02456998804013236,0.9529673276011341
5339,F-A1-PORTSCAN-V-03,PortScan,PortScan,RF-v4,0.011362597026078827,0.010728326337278654,0.9779090766366417
5340,F-A1-PORTSCAN-V-03,PortScan,PortScan,RF-v4,0.022462684358732367,0.02456998804013236,0.9529673276011341
5341,F-A1-PORTSCAN-V-03,PortScan,PortScan,RF-v4,0.022462684358732367,0.02456998804013236,0.9529673276011341
5342,F-A1-PORTSCAN-V-03,PortScan,PortScan,RF-v4,0.022462684358732367,0.02456998804013236,0.9529673276011341
5343,F-A1-PORTSCAN-V-03,PortScan,PortScan,RF-v4,0.022462684358732367,0.02456998804013236,0.9529673276011341
5344,F-A1-PORTSCAN-V-03,PortScan,PortScan,RF-v4,0.011362597026078827,0.010728326337278654,0.9779090766366417
5345,F-A1-PORTSCAN-V-03,PortScan,PortScan,RF-v4,0.022462684358732367,0.02456998804013236,0.9529673276011341
5346,F-A1-PORTSCAN-V-03,PortScan,PortScan,RF-v4,0.011362597026078827,0.010728326337278654,0.9779090766366417
5347,F-A1-PORTSCAN-V-03,PortScan,PortScan,RF-v4,0.013600494794876974,0.015344857322839694,0.9710546478822825
5348,F-A1-PORTSCAN-V-03,PortScan,PortScan,RF-v4,0.02455063355411335,0.02445691884871638,0.950992447597169
5349,F-A1-PORTSCAN-V-03,PortScan,PortScan,RF-v4,0.022462684358732367,0.02456998804013236,0.9529673276011341
5350,F-A1-PORTSCAN-V-03,PortScan,PortScan,RF-v4,0.022462684358732367,0.02456998804013236,0.9529673276011341
5351,F-A1-PORTSCAN-V-03,PortScan,PortScan,RF-v4,0.024867423014224795,0.02445691884871638,0.9506756581370577
5352,F-A1-PORTSCAN-V-03,PortScan,PortScan,RF-v4,0.011362597026078827,0.010728326337278654,0.9779090766366417
5353,F-A1-PORTSCAN-V-03,PortScan,PortScan,RF-v4,0.022462684358732367,0.02456998804013236,0.9529673276011341
5354,F-A1-PORTSCAN-V-03,PortScan,PortScan,RF-v4,0.022462684358732367,0.02456998804013236,0.9529673276011341
5355,F-A1-PORTSCAN-V-03,PortScan,PortScan,RF-v4,0.022462684358732367,0.02456998804013236,0.9529673276011341
5356,F-A1-PORTSCAN-V-03,PortScan,PortScan,RF-v4,0.022462684358732367,0.02456998804013236,0.9529673276011341
5357,F-A1-PORTSCAN-V-03,PortScan,PortScan,RF-v4,0.022462684358732367,0.02456998804013236,0.9529673276011341
5358,F-A1-PORTSCAN-V-03,PortScan,PortScan,RF-v4,0.022462684358732367,0.02456998804013236,0.9529673276011341
5359,F-A1-PORTSCAN-V-03,PortScan,PortScan,RF-v4,0.022462684358732367,0.02456998804013236,0.9529673276011341
5360,F-A1-PORTSCAN-V-03,PortScan,PortScan,RF-v4,0.011362597026078827,0.010728326337278654,0.9779090766366417
5361,F-A1-PORTSCAN-V-03,PortScan,PortScan,RF-v4,0.022462684358732367,0.02456998804013236,0.9529673276011341
5362,F-A1-PORTSCAN-V-03,PortScan,PortScan,RF-v4,0.022462684358732367,0.02456998804013236,0.9529673276011341
5363,F-A1-PORTSCAN-V-03,PortScan,PortScan,RF-v4,0.022462684358732367,0.02456998804013236,0.9529673276011341
5364,F-A1-PORTSCAN-V-03,PortScan,PortScan,RF-v4,0.011362597026078827,0.010728326337278654,0.9779090766366417
5365,F-A1-PORTSCAN-V-03,PortScan,PortScan,RF-v4,0.022462684358732367,0.02456998804013236,0.9529673276011341
5366,F-A1-PORTSCAN-V-03,PortScan,PortScan,RF-v4,0.022462684358732367,0.02456998804013236,0.9529673276011341
5367,F-A1-PORTSCAN-V-03,PortScan,PortScan,RF-v4,0.022462684358732367,0.02456998804013236,0.9529673276011341
5368,F-A1-PORTSCAN-V-03,PortScan,PortScan,RF-v4,0.024867423014224795,0.02445691884871638,0.9506756581370577
5369,F-A1-PORTSCAN-V-03,PortScan,PortScan,RF-v4,0.022462684358732367,0.02456998804013236,0.9529673276011341
5370,F-A1-PORTSCAN-V-03,PortScan,PortScan,RF-v4,0.022462684358732367,0.02456998804013236,0.9529673276011341
5371,F-A1-PORTSCAN-V-03,PortScan,PortScan,RF-v4,0.02455063355411335,0.02445691884871638,0.950992447597169
5372,F-A1-PORTSCAN-V-03,PortScan,PortScan,RF-v4,0.022462684358732367,0.02456998804013236,0.9529673276011341
5373,F-A1-PORTSCAN-V-03,PortScan,PortScan,RF-v4,0.022462684358732367,0.02456998804013236,0.9529673276011341
5374,F-A1-PORTSCAN-V-03,PortScan,PortScan,RF-v4,0.024867423014224795,0.02445691884871638,0.9506756581370577
5375,F-A1-PORTSCAN-V-03,PortScan,PortScan,RF-v4,0.02455063355411335,0.02445691884871638,0.950992447597169
5376,F-A1-PORTSCAN-V-03,PortScan,PortScan,RF-v4,0.011362597026078827,0.010728326337278654,0.9779090766366417
5377,F-A1-PORTSCAN-V-03,PortScan,PortScan,RF-v4,0.022462684358732367,0.02456998804013236,0.9529673276011341
5378,F-A1-PORTSCAN-V-03,PortScan,PortScan,RF-v4,0.010494006290149255,0.010728326337278654,0.9787776673725712
5379,F-A1-PORTSCAN-V-03,PortScan,PortScan,RF-v4,0.024867423014224795,0.02445691884871638,0.9506756581370577
5380,F-A1-PORTSCAN-V-03,PortScan,PortScan,RF-v4,0.022462684358732367,0.025450875412146013,0.9520864402291206
5381,F-A1-PORTSCAN-V-03,PortScan,PortScan,RF-v4,0.022462684358732367,0.02456998804013236,0.9529673276011341
5382,F-A1-PORTSCAN-V-03,PortScan,PortScan,RF-v4,0.022462684358732367,0.02456998804013236,0.9529673276011341
5383,F-A1-PORTSCAN-V-03,PortScan,PortScan,RF-v4,0.011362597026078827,0.010728326337278654,0.9779090766366417
5384,F-A1-PORTSCAN-V-03,PortScan,PortScan,RF-v4,0.02455063355411335,0.02445691884871638,0.950992447597169
5385,F-A1-PORTSCAN-V-03,PortScan,PortScan,RF-v4,0.010494006290149255,0.010728326337278654,0.9787776673725712
5386,F-A1-PORTSCAN-V-03,PortScan,PortScan,RF-v4,0.022462684358732367,0.02456998804013236,0.9529673276011341
5387,F-A1-PORTSCAN-V-03,PortScan,PortScan,RF-v4,0.022462684358732367,0.02456998804013236,0.9529673276011341
5388,F-A1-PORTSCAN-V-03,PortScan,PortScan,RF-v4,0.024867423014224795,0.02445691884871638,0.9506756581370577
5389,F-A1-PORTSCAN-V-03,PortScan,PortScan,RF-v4,0.011362597026078827,0.010728326337278654,0.9779090766366417
5390,F-A1-PORTSCAN-V-03,PortScan,PortScan,RF-v4,0.022462684358732367,0.02456998804013236,0.9529673276011341
5391,F-A1-PORTSCAN-V-03,PortScan,PortScan,RF-v4,0.024867423014224795,0.02445691884871638,0.9506756581370577
5392,F-A1-PORTSCAN-V-03,PortScan,PortScan,RF-v4,0.011362597026078827,0.010728326337278654,0.9779090766366417
5393,F-A1-PORTSCAN-V-03,PortScan,PortScan,RF-v4,0.022462684358732367,0.02456998804013236,0.9529673276011341
5394,F-A1-PORTSCAN-V-03,PortScan,PortScan,RF-v4,0.022462684358732367,0.02456998804013236,0.9529673276011341
5395,F-A1-PORTSCAN-V-03,PortScan,PortScan,RF-v4,0.011362597026078827,0.010728326337278654,0.9779090766366417
5396,F-A1-PORTSCAN-V-03,PortScan,PortScan,RF-v4,0.022462684358732367,0.02456998804013236,0.9529673276011341
5397,F-A1-PORTSCAN-V-03,PortScan,PortScan,RF-v4,0.022462684358732367,0.02456998804013236,0.9529673276011341
5398,F-A1-PORTSCAN-V-03,PortScan,PortScan,RF-v4,0.022462684358732367,0.02456998804013236,0.9529673276011341
5399,F-A1-PORTSCAN-V-03,PortScan,PortScan,RF-v4,0.024867423014224795,0.02445691884871638,0.9506756581370577
5400,F-A1-PORTSCAN-V-03,PortScan,PortScan,RF-v4,0.011362597026078827,0.010728326337278654,0.9779090766366417
5401,F-A1-PORTSCAN-V-03,PortScan,PortScan,RF-v4,0.02455063355411335,0.02445691884871638,0.950992447597169
5402,F-A1-PORTSCAN-V-03,PortScan,PortScan,RF-v4,0.010077466767963996,0.010650464612028019,0.979272068620007
5403,F-A1-PORTSCAN-V-03,PortScan,PortScan,RF-v4,0.024867423014224795,0.02445691884871638,0.9506756581370577
5404,F-A1-PORTSCAN-V-03,PortScan,PortScan,RF-v4,0.022462684358732367,0.02456998804013236,0.9529673276011341
5405,F-A1-PORTSCAN-V-03,PortScan,PortScan,RF-v4,0.011362597026078827,0.010728326337278654,0.9779090766366417
5406,F-A1-PORTSCAN-V-03,PortScan,PortScan,RF-v4,0.02455063355411335,0.02445691884871638,0.950992447597169
5407,F-A1-PORTSCAN-V-03,PortScan,PortScan,RF-v4,0.022462684358732367,0.02456998804013236,0.9529673276011341
5408,F-A1-PORTSCAN-V-03,PortScan,PortScan,RF-v4,0.022462684358732367,0.02456998804013236,0.9529673276011341
5409,F-A1-PORTSCAN-V-03,PortScan,PortScan,RF-v4,0.022462684358732367,0.02456998804013236,0.9529673276011341
5410,F-A1-PORTSCAN-V-03,PortScan,PortScan,RF-v4,0.022462684358732367,0.02456998804013236,0.9529673276011341
5411,F-A1-PORTSCAN-V-03,PortScan,PortScan,RF-v4,0.02455063355411335,0.02445691884871638,0.950992447597169
5412,F-A1-PORTSCAN-V-03,PortScan,PortScan,RF-v4,0.022462684358732367,0.02456998804013236,0.9529673276011341
5413,F-A1-PORTSCAN-V-03,PortScan,PortScan,RF-v4,0.02455063355411335,0.02445691884871638,0.950992447597169
5414,F-A1-PORTSCAN-V-03,PortScan,PortScan,RF-v4,0.022462684358732367,0.02456998804013236,0.9529673276011341
5415,F-A1-PORTSCAN-V-03,PortScan,PortScan,RF-v4,0.022462684358732367,0.02456998804013236,0.9529673276011341
5416,F-A1-PORTSCAN-V-03,PortScan,PortScan,RF-v4,0.022462684358732367,0.02456998804013236,0.9529673276011341
5417,F-A1-PORTSCAN-V-03,PortScan,PortScan,RF-v4,0.011362597026078827,0.010728326337278654,0.9779090766366417
5418,F-A1-PORTSCAN-V-03,PortScan,PortScan,RF-v4,0.022462684358732367,0.02456998804013236,0.9529673276011341
5419,F-A1-PORTSCAN-V-03,PortScan,PortScan,RF-v4,0.022462684358732367,0.02456998804013236,0.9529673276011341
5420,F-A1-PORTSCAN-V-03,PortScan,PortScan,RF-v4,0.022462684358732367,0.02456998804013236,0.9529673276011341
5421,F-A1-PORTSCAN-V-03,PortScan,PortScan,RF-v4,0.022462684358732367,0.02456998804013236,0.9529673276011341
5422,F-A1-PORTSCAN-V-03,PortScan,PortScan,RF-v4,0.011362597026078827,0.010728326337278654,0.9779090766366417
5423,F-A1-PORTSCAN-V-03,PortScan,PortScan,RF-v4,0.022462684358732367,0.02456998804013236,0.9529673276011341
5424,F-A1-PORTSCAN-V-03,PortScan,PortScan,RF-v4,0.01094605750389357,0.010642434600036823,0.9784115078960687
5425,F-A1-PORTSCAN-V-03,PortScan,PortScan,RF-v4,0.022462684358732367,0.02456998804013236,0.9529673276011341
5426,F-A1-PORTSCAN-V-03,PortScan,PortScan,RF-v4,0.022462684358732367,0.02456998804013236,0.9529673276011341
5427,F-A1-PORTSCAN-V-03,PortScan,PortScan,RF-v4,0.022462684358732367,0.02456998804013236,0.9529673276011341
5428,F-A1-PORTSCAN-V-03,PortScan,PortScan,RF-v4,0.02455063355411335,0.02445691884871638,0.950992447597169
5429,F-A1-PORTSCAN-V-03,PortScan,PortScan,RF-v4,0.022462684358732367,0.02456998804013236,0.9529673276011341
5430,F-A1-PORTSCAN-V-03,PortScan,PortScan,RF-v4,0.022462684358732367,0.02456998804013236,0.9529673276011341
5431,F-A1-PORTSCAN-V-03,PortScan,PortScan,RF-v4,0.022462684358732367,0.02456998804013236,0.9529673276011341
5432,F-A1-PORTSCAN-V-03,PortScan,PortScan,RF-v4,0.022462684358732367,0.02456998804013236,0.9529673276011341
5433,F-A1-PORTSCAN-V-03,PortScan,PortScan,RF-v4,0.022462684358732367,0.02456998804013236,0.9529673276011341
5434,F-A1-PORTSCAN-V-03,PortScan,PortScan,RF-v4,0.02455063355411335,0.02445691884871638,0.950992447597169
5435,F-A1-PORTSCAN-V-03,PortScan,PortScan,RF-v4,0.02455063355411335,0.02445691884871638,0.950992447597169
5436,F-A1-PORTSCAN-V-03,PortScan,PortScan,RF-v4,0.022462684358732367,0.02456998804013236,0.9529673276011341
5437,F-A1-PORTSCAN-V-03,PortScan,PortScan,RF-v4,0.022462684358732367,0.02456998804013236,0.9529673276011341
5438,F-A1-PORTSCAN-V-03,PortScan,PortScan,RF-v4,0.010077466767963996,0.010650464612028019,0.979272068620007
5439,F-A1-PORTSCAN-V-03,PortScan,PortScan,RF-v4,0.02455063355411335,0.02445691884871638,0.950992447597169
5440,F-A1-PORTSCAN-V-03,PortScan,PortScan,RF-v4,0.022462684358732367,0.02456998804013236,0.9529673276011341
5441,F-A1-PORTSCAN-V-03,PortScan,PortScan,RF-v4,0.022462684358732367,0.02456998804013236,0.9529673276011341
5442,F-A1-PORTSCAN-V-03,PortScan,PortScan,RF-v4,0.010077466767963996,0.010650464612028019,0.979272068620007
5443,F-A1-PORTSCAN-V-03,PortScan,PortScan,RF-v4,0.022462684358732367,0.02456998804013236,0.9529673276011341
5444,F-A1-PORTSCAN-V-03,PortScan,PortScan,RF-v4,0.024867423014224795,0.02445691884871638,0.9506756581370577
5445,F-A1-PORTSCAN-V-03,PortScan,PortScan,RF-v4,0.022462684358732367,0.02456998804013236,0.9529673276011341
5446,F-A1-PORTSCAN-V-03,PortScan,PortScan,RF-v4,0.011362597026078827,0.010728326337278654,0.9779090766366417
5447,F-A1-PORTSCAN-V-03,PortScan,PortScan,RF-v4,0.02455063355411335,0.02445691884871638,0.950992447597169
5448,F-A1-PORTSCAN-V-03,PortScan,PortScan,RF-v4,0.022462684358732367,0.02456998804013236,0.9529673276011341
5449,F-A1-PORTSCAN-V-03,PortScan,PortScan,RF-v4,0.022462684358732367,0.02456998804013236,0.9529673276011341
5450,F-A1-PORTSCAN-V-03,PortScan,PortScan,RF-v4,0.022462684358732367,0.02456998804013236,0.9529673276011341
5451,F-A1-PORTSCAN-V-03,PortScan,PortScan,RF-v4,0.02455063355411335,0.02445691884871638,0.950992447597169
5452,F-A1-PORTSCAN-V-03,PortScan,PortScan,RF-v4,0.02455063355411335,0.02445691884871638,0.950992447597169
5453,F-A1-PORTSCAN-V-03,PortScan,PortScan,RF-v4,0.02455063355411335,0.02445691884871638,0.950992447597169
5454,F-A1-PORTSCAN-V-03,PortScan,PortScan,RF-v4,0.010077466767963996,0.010650464612028019,0.979272068620007
5455,F-A1-PORTSCAN-V-03,PortScan,PortScan,RF-v4,0.022462684358732367,0.02456998804013236,0.9529673276011341
5456,F-A1-PORTSCAN-V-03,PortScan,PortScan,RF-v4,0.022462684358732367,0.02456998804013236,0.9529673276011341
5457,F-A1-PORTSCAN-V-03,PortScan,PortScan,RF-v4,0.02455063355411335,0.02445691884871638,0.950992447597169
5458,F-A1-PORTSCAN-V-03,PortScan,PortScan,RF-v4,0.011362597026078827,0.010728326337278654,0.9779090766366417
5459,F-A1-PORTSCAN-V-03,PortScan,PortScan,RF-v4,0.02455063355411335,0.02445691884871638,0.950992447597169
5460,F-A1-PORTSCAN-V-03,PortScan,PortScan,RF-v4,0.022462684358732367,0.02456998804013236,0.9529673276011341
5461,F-A1-PORTSCAN-V-03,PortScan,PortScan,RF-v4,0.022462684358732367,0.02456998804013236,0.9529673276011341
5462,F-A1-PORTSCAN-V-03,PortScan,PortScan,RF-v4,0.022462684358732367,0.02456998804013236,0.9529673276011341
5463,F-A1-PORTSCAN-V-03,PortScan,PortScan,RF-v4,0.011362597026078827,0.010728326337278654,0.9779090766366417
5464,F-A1-PORTSCAN-V-03,PortScan,PortScan,RF-v4,0.022462684358732367,0.02456998804013236,0.9529673276011341
5465,F-A1-PORTSCAN-V-03,PortScan,PortScan,RF-v4,0.024867423014224795,0.02445691884871638,0.9506756581370577
5466,F-A1-PORTSCAN-V-03,PortScan,PortScan,RF-v4,0.022462684358732367,0.02456998804013236,0.9529673276011341
5467,F-A1-PORTSCAN-V-03,PortScan,PortScan,RF-v4,0.022462684358732367,0.02456998804013236,0.9529673276011341
5468,F-A1-PORTSCAN-V-03,PortScan,PortScan,RF-v4,0.02455063355411335,0.02445691884871638,0.950992447597169
5469,F-A1-PORTSCAN-V-03,PortScan,PortScan,RF-v4,0.022462684358732367,0.02456998804013236,0.9529673276011341
5470,F-A1-PORTSCAN-V-03,PortScan,PortScan,RF-v4,0.022462684358732367,0.02456998804013236,0.9529673276011341
5471,F-A1-PORTSCAN-V-03,PortScan,PortScan,RF-v4,0.011362597026078827,0.010728326337278654,0.9779090766366417
5472,F-A1-PORTSCAN-V-03,PortScan,PortScan,RF-v4,0.022462684358732367,0.02456998804013236,0.9529673276011341
5473,F-A1-PORTSCAN-V-03,PortScan,PortScan,RF-v4,0.022462684358732367,0.02456998804013236,0.9529673276011341
5474,F-A1-PORTSCAN-V-03,PortScan,PortScan,RF-v4,0.022462684358732367,0.02456998804013236,0.9529673276011341
5475,F-A1-PORTSCAN-V-03,PortScan,PortScan,RF-v4,0.022462684358732367,0.02456998804013236,0.9529673276011341
5476,F-A1-PORTSCAN-V-03,PortScan,PortScan,RF-v4,0.02455063355411335,0.02445691884871638,0.950992447597169
5477,F-A1-PORTSCAN-V-03,PortScan,PortScan,RF-v4,0.022462684358732367,0.02456998804013236,0.9529673276011341
5478,F-A1-PORTSCAN-V-03,PortScan,PortScan,RF-v4,0.022462684358732367,0.02456998804013236,0.9529673276011341
5479,F-A1-PORTSCAN-V-03,PortScan,PortScan,RF-v4,0.022462684358732367,0.02456998804013236,0.9529673276011341
5480,F-A1-PORTSCAN-V-03,PortScan,PortScan,RF-v4,0.01094605750389357,0.010642434600036823,0.9784115078960687
5481,F-A1-PORTSCAN-V-03,PortScan,PortScan,RF-v4,0.022462684358732367,0.02456998804013236,0.9529673276011341
5482,F-A1-PORTSCAN-V-03,PortScan,PortScan,RF-v4,0.011362597026078827,0.010728326337278654,0.9779090766366417
5483,F-A1-PORTSCAN-V-03,PortScan,PortScan,RF-v4,0.022462684358732367,0.02456998804013236,0.9529673276011341
5484,F-A1-PORTSCAN-V-03,PortScan,PortScan,RF-v4,0.011362597026078827,0.010728326337278654,0.9779090766366417
5485,F-A1-PORTSCAN-V-03,PortScan,PortScan,RF-v4,0.022462684358732367,0.02456998804013236,0.9529673276011341
5486,F-A1-PORTSCAN-V-03,PortScan,PortScan,RF-v4,0.024867423014224795,0.02445691884871638,0.9506756581370577
5487,F-A1-PORTSCAN-V-03,PortScan,PortScan,RF-v4,0.022462684358732367,0.02456998804013236,0.9529673276011341
5488,F-A1-PORTSCAN-V-03,PortScan,PortScan,RF-v4,0.022462684358732367,0.02456998804013236,0.9529673276011341
5489,F-A1-PORTSCAN-V-03,PortScan,PortScan,RF-v4,0.022462684358732367,0.02456998804013236,0.9529673276011341
5490,F-A1-PORTSCAN-V-03,PortScan,PortScan,RF-v4,0.022462684358732367,0.02456998804013236,0.9529673276011341
5491,F-A1-PORTSCAN-V-03,PortScan,PortScan,RF-v4,0.022462684358732367,0.02456998804013236,0.9529673276011341
5492,F-A1-PORTSCAN-V-03,PortScan,PortScan,RF-v4,0.022462684358732367,0.02456998804013236,0.9529673276011341
5493,F-A1-PORTSCAN-V-03,PortScan,PortScan,RF-v4,0.022462684358732367,0.02456998804013236,0.9529673276011341
5494,F-A1-PORTSCAN-V-03,PortScan,PortScan,RF-v4,0.022462684358732367,0.02456998804013236,0.9529673276011341
5495,F-A1-PORTSCAN-V-03,PortScan,PortScan,RF-v4,0.011362597026078827,0.010728326337278654,0.9779090766366417
5496,F-A1-PORTSCAN-V-03,PortScan,PortScan,RF-v4,0.022462684358732367,0.02456998804013236,0.9529673276011341
5497,F-A1-PORTSCAN-V-03,PortScan,PortScan,RF-v4,0.011362597026078827,0.010728326337278654,0.9779090766366417
5498,F-A1-PORTSCAN-V-03,PortScan,PortScan,RF-v4,0.022462684358732367,0.02456998804013236,0.9529673276011341
5499,F-A1-PORTSCAN-V-03,PortScan,PortScan,RF-v4,0.022462684358732367,0.02456998804013236,0.9529673276011341
5500,F-A1-PORTSCAN-V-03,PortScan,PortScan,RF-v4,0.024867423014224795,0.02445691884871638,0.9506756581370577
5501,F-A1-PORTSCAN-V-03,PortScan,PortScan,RF-v4,0.022462684358732367,0.02456998804013236,0.9529673276011341
5502,F-A1-PORTSCAN-V-03,PortScan,PortScan,RF-v4,0.022462684358732367,0.02456998804013236,0.9529673276011341
5503,F-A1-PORTSCAN-V-03,PortScan,PortScan,RF-v4,0.022462684358732367,0.02456998804013236,0.9529673276011341
5504,F-A1-PORTSCAN-V-03,PortScan,PortScan,RF-v4,0.022462684358732367,0.02456998804013236,0.9529673276011341
5505,F-A1-PORTSCAN-V-03,PortScan,PortScan,RF-v4,0.011362597026078827,0.010728326337278654,0.9779090766366417
5506,F-A1-PORTSCAN-V-03,PortScan,PortScan,RF-v4,0.022462684358732367,0.02456998804013236,0.9529673276011341
5507,F-A1-PORTSCAN-V-03,PortScan,PortScan,RF-v4,0.010077466767963996,0.010650464612028019,0.979272068620007
5508,F-A1-PORTSCAN-V-03,PortScan,PortScan,RF-v4,0.022462684358732367,0.02456998804013236,0.9529673276011341
5509,F-A1-PORTSCAN-V-03,PortScan,PortScan,RF-v4,0.022462684358732367,0.02456998804013236,0.9529673276011341
5510,F-A1-PORTSCAN-V-03,PortScan,PortScan,RF-v4,0.022462684358732367,0.02456998804013236,0.9529673276011341
5511,F-A1-PORTSCAN-V-03,PortScan,PortScan,RF-v4,0.022462684358732367,0.02456998804013236,0.9529673276011341
5512,F-A1-PORTSCAN-V-03,PortScan,PortScan,RF-v4,0.022462684358732367,0.02456998804013236,0.9529673276011341
5513,F-A1-PORTSCAN-V-03,PortScan,PortScan,RF-v4,0.022462684358732367,0.02456998804013236,0.9529673276011341
5514,F-A1-PORTSCAN-V-03,PortScan,PortScan,RF-v4,0.022462684358732367,0.02456998804013236,0.9529673276011341
5515,F-A1-PORTSCAN-V-03,PortScan,PortScan,RF-v4,0.011362597026078827,0.010728326337278654,0.9779090766366417
5516,F-A1-PORTSCAN-V-03,PortScan,PortScan,RF-v4,0.022462684358732367,0.02456998804013236,0.9529673276011341
5517,F-A1-PORTSCAN-V-03,PortScan,PortScan,RF-v4,0.022462684358732367,0.02456998804013236,0.9529673276011341
5518,F-A1-PORTSCAN-V-03,PortScan,PortScan,RF-v4,0.022462684358732367,0.02456998804013236,0.9529673276011341
5519,F-A1-PORTSCAN-V-03,PortScan,PortScan,RF-v4,0.011362597026078827,0.010728326337278654,0.9779090766366417
5520,F-A1-PORTSCAN-V-03,PortScan,PortScan,RF-v4,0.022462684358732367,0.02456998804013236,0.9529673276011341
5521,F-A1-PORTSCAN-V-03,PortScan,PortScan,RF-v4,0.022462684358732367,0.02456998804013236,0.9529673276011341
5522,F-A1-PORTSCAN-V-03,PortScan,PortScan,RF-v4,0.022462684358732367,0.02456998804013236,0.9529673276011341
5523,F-A1-PORTSCAN-V-03,PortScan,PortScan,RF-v4,0.022462684358732367,0.02456998804013236,0.9529673276011341
5524,F-A1-PORTSCAN-V-03,PortScan,PortScan,RF-v4,0.022462684358732367,0.02456998804013236,0.9529673276011341
5525,F-A1-PORTSCAN-V-03,PortScan,PortScan,RF-v4,0.022462684358732367,0.02456998804013236,0.9529673276011341
5526,F-A1-PORTSCAN-V-03,PortScan,PortScan,RF-v4,0.022462684358732367,0.02456998804013236,0.9529673276011341
5527,F-A1-PORTSCAN-V-03,PortScan,PortScan,RF-v4,0.02455063355411335,0.02445691884871638,0.950992447597169
5528,F-A1-PORTSCAN-V-03,PortScan,PortScan,RF-v4,0.022462684358732367,0.02456998804013236,0.9529673276011341
5529,F-A1-PORTSCAN-V-03,PortScan,PortScan,RF-v4,0.011362597026078827,0.010728326337278654,0.9779090766366417
5530,F-A1-PORTSCAN-V-03,PortScan,PortScan,RF-v4,0.02455063355411335,0.02445691884871638,0.950992447597169
5531,F-A1-PORTSCAN-V-03,PortScan,PortScan,RF-v4,0.024867423014224795,0.02445691884871638,0.9506756581370577
5532,F-A1-PORTSCAN-V-03,PortScan,PortScan,RF-v4,0.022462684358732367,0.02456998804013236,0.9529673276011341
5533,F-A1-PORTSCAN-V-03,PortScan,PortScan,RF-v4,0.011362597026078827,0.010728326337278654,0.9779090766366417
5534,F-A1-PORTSCAN-V-03,PortScan,PortScan,RF-v4,0.022462684358732367,0.02456998804013236,0.9529673276011341
5535,F-A1-PORTSCAN-V-03,PortScan,PortScan,RF-v4,0.02455063355411335,0.02445691884871638,0.950992447597169
5536,F-A1-PORTSCAN-V-03,PortScan,PortScan,RF-v4,0.022462684358732367,0.02456998804013236,0.9529673276011341
5537,F-A1-PORTSCAN-V-03,PortScan,PortScan,RF-v4,0.022462684358732367,0.02456998804013236,0.9529673276011341
5538,F-A1-PORTSCAN-V-03,PortScan,PortScan,RF-v4,0.022462684358732367,0.02456998804013236,0.9529673276011341
5539,F-A1-PORTSCAN-V-03,PortScan,PortScan,RF-v4,0.022462684358732367,0.02456998804013236,0.9529673276011341
5540,F-A1-PORTSCAN-V-03,PortScan,PortScan,RF-v4,0.02455063355411335,0.02445691884871638,0.950992447597169
5541,F-A1-PORTSCAN-V-03,PortScan,PortScan,RF-v4,0.022462684358732367,0.02456998804013236,0.9529673276011341
5542,F-A1-PORTSCAN-V-03,PortScan,PortScan,RF-v4,0.022462684358732367,0.02456998804013236,0.9529673276011341
5543,F-A1-PORTSCAN-V-03,PortScan,PortScan,RF-v4,0.02455063355411335,0.02445691884871638,0.950992447597169
5544,F-A1-PORTSCAN-V-03,PortScan,PortScan,RF-v4,0.011362597026078827,0.010728326337278654,0.9779090766366417
5545,F-A1-PORTSCAN-V-03,PortScan,PortScan,RF-v4,0.022462684358732367,0.02456998804013236,0.9529673276011341
5546,F-A1-PORTSCAN-V-03,PortScan,PortScan,RF-v4,0.022462684358732367,0.02456998804013236,0.9529673276011341
5547,F-A1-PORTSCAN-V-03,PortScan,PortScan,RF-v4,0.022462684358732367,0.02456998804013236,0.9529673276011341
5548,F-A1-PORTSCAN-V-03,PortScan,PortScan,RF-v4,0.010077466767963996,0.010650464612028019,0.979272068620007
5549,F-A1-PORTSCAN-V-03,PortScan,PortScan,RF-v4,0.011362597026078827,0.010728326337278654,0.9779090766366417
5550,F-A1-PORTSCAN-V-03,PortScan,PortScan,RF-v4,0.022462684358732367,0.02456998804013236,0.9529673276011341
5551,F-A1-PORTSCAN-V-03,PortScan,PortScan,RF-v4,0.022462684358732367,0.02456998804013236,0.9529673276011341
5552,F-A1-PORTSCAN-V-03,PortScan,PortScan,RF-v4,0.022462684358732367,0.02456998804013236,0.9529673276011341
5553,F-A1-PORTSCAN-V-03,PortScan,PortScan,RF-v4,0.011362597026078827,0.010728326337278654,0.9779090766366417
5554,F-A1-PORTSCAN-V-03,PortScan,PortScan,RF-v4,0.024867423014224795,0.02445691884871638,0.9506756581370577
5555,F-A1-PORTSCAN-V-03,PortScan,PortScan,RF-v4,0.02455063355411335,0.02445691884871638,0.950992447597169
5556,F-A1-PORTSCAN-V-03,PortScan,PortScan,RF-v4,0.022462684358732367,0.02456998804013236,0.9529673276011341
5557,F-A1-PORTSCAN-V-03,PortScan,PortScan,RF-v4,0.011362597026078827,0.010728326337278654,0.9779090766366417
5558,F-A1-PORTSCAN-V-03,PortScan,PortScan,RF-v4,0.022462684358732367,0.02456998804013236,0.9529673276011341
5559,F-A1-PORTSCAN-V-03,PortScan,PortScan,RF-v4,0.022462684358732367,0.02456998804013236,0.9529673276011341
5560,F-A1-PORTSCAN-V-03,PortScan,PortScan,RF-v4,0.022462684358732367,0.02456998804013236,0.9529673276011341
5561,F-A1-PORTSCAN-V-03,PortScan,PortScan,RF-v4,0.02455063355411335,0.02445691884871638,0.950992447597169
5562,F-A1-PORTSCAN-V-03,PortScan,PortScan,RF-v4,0.022462684358732367,0.02456998804013236,0.9529673276011341
5563,F-A1-PORTSCAN-V-03,PortScan,PortScan,RF-v4,0.022462684358732367,0.02456998804013236,0.9529673276011341
5564,F-A1-PORTSCAN-V-03,PortScan,PortScan,RF-v4,0.010077466767963996,0.010650464612028019,0.979272068620007
5565,F-A1-PORTSCAN-V-03,PortScan,PortScan,RF-v4,0.02455063355411335,0.02445691884871638,0.950992447597169
5566,F-A1-PORTSCAN-V-03,PortScan,PortScan,RF-v4,0.022462684358732367,0.02456998804013236,0.9529673276011341
5567,F-A1-PORTSCAN-V-03,PortScan,PortScan,RF-v4,0.022462684358732367,0.02456998804013236,0.9529673276011341
5568,F-A1-PORTSCAN-V-03,PortScan,PortScan,RF-v4,0.022462684358732367,0.02456998804013236,0.9529673276011341
5569,F-A1-PORTSCAN-V-03,PortScan,PortScan,RF-v4,0.02455063355411335,0.02445691884871638,0.950992447597169
5570,F-A1-PORTSCAN-V-03,PortScan,PortScan,RF-v4,0.022462684358732367,0.02456998804013236,0.9529673276011341
5571,F-A1-PORTSCAN-V-03,PortScan,PortScan,RF-v4,0.022462684358732367,0.02456998804013236,0.9529673276011341
5572,F-A1-PORTSCAN-V-03,PortScan,PortScan,RF-v4,0.022462684358732367,0.02456998804013236,0.9529673276011341
5573,F-A1-PORTSCAN-V-03,PortScan,PortScan,RF-v4,0.022462684358732367,0.02456998804013236,0.9529673276011341
5574,F-A1-PORTSCAN-V-03,PortScan,PortScan,RF-v4,0.022462684358732367,0.02456998804013236,0.9529673276011341
5575,F-A1-PORTSCAN-V-03,PortScan,PortScan,RF-v4,0.02455063355411335,0.02445691884871638,0.950992447597169
5576,F-A1-PORTSCAN-V-03,PortScan,PortScan,RF-v4,0.022462684358732367,0.02456998804013236,0.9529673276011341
5577,F-A1-PORTSCAN-V-03,PortScan,PortScan,RF-v4,0.022462684358732367,0.02456998804013236,0.9529673276011341
5578,F-A1-PORTSCAN-V-03,PortScan,PortScan,RF-v4,0.022462684358732367,0.02456998804013236,0.9529673276011341
5579,F-A1-PORTSCAN-V-03,PortScan,PortScan,RF-v4,0.022462684358732367,0.02456998804013236,0.9529673276011341
5580,F-A1-PORTSCAN-V-03,PortScan,PortScan,RF-v4,0.010077466767963996,0.010650464612028019,0.979272068620007
5581,F-A1-PORTSCAN-V-03,PortScan,PortScan,RF-v4,0.022462684358732367,0.02456998804013236,0.9529673276011341
5582,F-A1-PORTSCAN-V-03,PortScan,PortScan,RF-v4,0.010494006290149255,0.010728326337278654,0.9787776673725712
5583,F-A1-PORTSCAN-V-03,PortScan,PortScan,RF-v4,0.022462684358732367,0.02456998804013236,0.9529673276011341
5584,F-A1-PORTSCAN-V-03,PortScan,PortScan,RF-v4,0.011362597026078827,0.010728326337278654,0.9779090766366417
5585,F-A1-PORTSCAN-V-03,PortScan,PortScan,RF-v4,0.022462684358732367,0.02456998804013236,0.9529673276011341
5586,F-A1-PORTSCAN-V-03,PortScan,PortScan,RF-v4,0.022462684358732367,0.02456998804013236,0.9529673276011341
5587,F-A1-PORTSCAN-V-03,PortScan,PortScan,RF-v4,0.010077466767963996,0.010650464612028019,0.979272068620007
5588,F-A1-PORTSCAN-V-03,PortScan,PortScan,RF-v4,0.022462684358732367,0.02456998804013236,0.9529673276011341
5589,F-A1-PORTSCAN-V-03,PortScan,PortScan,RF-v4,0.022462684358732367,0.02456998804013236,0.9529673276011341
5590,F-A1-PORTSCAN-V-03,PortScan,PortScan,RF-v4,0.022462684358732367,0.02456998804013236,0.9529673276011341
5591,F-A1-PORTSCAN-V-03,PortScan,PortScan,RF-v4,0.02455063355411335,0.02445691884871638,0.950992447597169
5592,F-A1-PORTSCAN-V-03,PortScan,PortScan,RF-v4,0.022462684358732367,0.02456998804013236,0.9529673276011341
5593,F-A1-PORTSCAN-V-03,PortScan,PortScan,RF-v4,0.022462684358732367,0.02456998804013236,0.9529673276011341
5594,F-A1-PORTSCAN-V-03,PortScan,PortScan,RF-v4,0.022462684358732367,0.02456998804013236,0.9529673276011341
5595,F-A1-PORTSCAN-V-03,PortScan,PortScan,RF-v4,0.022462684358732367,0.02456998804013236,0.9529673276011341
5596,F-A1-PORTSCAN-V-03,PortScan,PortScan,RF-v4,0.022462684358732367,0.02456998804013236,0.9529673276011341
5597,F-A1-PORTSCAN-V-03,PortScan,PortScan,RF-v4,0.022462684358732367,0.02456998804013236,0.9529673276011341
5598,F-A1-PORTSCAN-V-03,PortScan,PortScan,RF-v4,0.022462684358732367,0.02456998804013236,0.9529673276011341
5599,F-A1-PORTSCAN-V-03,PortScan,PortScan,RF-v4,0.022462684358732367,0.02456998804013236,0.9529673276011341
5600,F-A1-PORTSCAN-V-03,PortScan,PortScan,RF-v4,0.013600494794876974,0.015344857322839694,0.9710546478822825
5601,F-A1-PORTSCAN-V-03,PortScan,PortScan,RF-v4,0.022462684358732367,0.02456998804013236,0.9529673276011341
5602,F-A1-PORTSCAN-V-03,PortScan,PortScan,RF-v4,0.022462684358732367,0.02456998804013236,0.9529673276011341
5603,F-A1-PORTSCAN-V-03,PortScan,PortScan,RF-v4,0.011362597026078827,0.010728326337278654,0.9779090766366417
5604,F-A1-PORTSCAN-V-03,PortScan,PortScan,RF-v4,0.02455063355411335,0.02445691884871638,0.950992447597169
5605,F-A1-PORTSCAN-V-03,PortScan,PortScan,RF-v4,0.02455063355411335,0.02445691884871638,0.950992447597169
5606,F-A1-PORTSCAN-V-03,PortScan,PortScan,RF-v4,0.022462684358732367,0.02456998804013236,0.9529673276011341
5607,F-A1-PORTSCAN-V-03,PortScan,PortScan,RF-v4,0.011362597026078827,0.010728326337278654,0.9779090766366417
5608,F-A1-PORTSCAN-V-03,PortScan,PortScan,RF-v4,0.34418896804476584,0.23503916458614366,0.42077186736909056
5609,F-A1-PORTSCAN-V-03,PortScan,PortScan,RF-v4,0.011362597026078827,0.010728326337278654,0.9779090766366417
5610,F-A1-PORTSCAN-V-03,PortScan,PortScan,RF-v4,0.011362597026078827,0.010728326337278654,0.9779090766366417
5611,F-A1-PORTSCAN-V-03,PortScan,PortScan,RF-v4,0.022462684358732367,0.02456998804013236,0.9529673276011341
5612,F-A1-PORTSCAN-V-03,PortScan,PortScan,RF-v4,0.024867423014224795,0.02445691884871638,0.9506756581370577
5613,F-A1-PORTSCAN-V-03,PortScan,PortScan,RF-v4,0.022462684358732367,0.02456998804013236,0.9529673276011341
5614,F-A1-PORTSCAN-V-03,PortScan,PortScan,RF-v4,0.022462684358732367,0.02456998804013236,0.9529673276011341
5615,F-A1-PORTSCAN-V-03,PortScan,PortScan,RF-v4,0.022462684358732367,0.02456998804013236,0.9529673276011341
5616,F-A1-PORTSCAN-V-03,PortScan,PortScan,RF-v4,0.022462684358732367,0.02456998804013236,0.9529673276011341
5617,F-A1-PORTSCAN-V-03,PortScan,PortScan,RF-v4,0.022462684358732367,0.02456998804013236,0.9529673276011341
5618,F-A1-PORTSCAN-V-03,PortScan,PortScan,RF-v4,0.022462684358732367,0.02456998804013236,0.9529673276011341
5619,F-A1-PORTSCAN-V-03,PortScan,PortScan,RF-v4,0.022462684358732367,0.02456998804013236,0.9529673276011341
5620,F-A1-PORTSCAN-V-03,PortScan,PortScan,RF-v4,0.010077466767963996,0.010650464612028019,0.979272068620007
5621,F-A1-PORTSCAN-V-03,PortScan,PortScan,RF-v4,0.022462684358732367,0.02456998804013236,0.9529673276011341
5622,F-A1-PORTSCAN-V-03,PortScan,PortScan,RF-v4,0.022462684358732367,0.02456998804013236,0.9529673276011341
5623,F-A1-PORTSCAN-V-03,PortScan,PortScan,RF-v4,0.022462684358732367,0.02456998804013236,0.9529673276011341
5624,F-A1-PORTSCAN-V-03,PortScan,PortScan,RF-v4,0.011362597026078827,0.010728326337278654,0.9779090766366417
5625,F-A1-PORTSCAN-V-03,PortScan,PortScan,RF-v4,0.02455063355411335,0.02445691884871638,0.950992447597169
5626,F-A1-PORTSCAN-V-03,PortScan,PortScan,RF-v4,0.022462684358732367,0.02456998804013236,0.9529673276011341
5627,F-A1-PORTSCAN-V-03,PortScan,PortScan,RF-v4,0.022462684358732367,0.02456998804013236,0.9529673276011341
5628,F-A1-PORTSCAN-V-03,PortScan,PortScan,RF-v4,0.011362597026078827,0.010728326337278654,0.9779090766366417
5629,F-A1-PORTSCAN-V-03,PortScan,PortScan,RF-v4,0.02455063355411335,0.02445691884871638,0.950992447597169
5630,F-A1-PORTSCAN-V-03,PortScan,PortScan,RF-v4,0.02455063355411335,0.02445691884871638,0.950992447597169
5631,F-A1-PORTSCAN-V-03,PortScan,PortScan,RF-v4,0.022462684358732367,0.02456998804013236,0.9529673276011341
5632,F-A1-PORTSCAN-V-03,PortScan,PortScan,RF-v4,0.022462684358732367,0.02456998804013236,0.9529673276011341
5633,F-A1-PORTSCAN-V-03,PortScan,PortScan,RF-v4,0.011362597026078827,0.010728326337278654,0.9779090766366417
5634,F-A1-PORTSCAN-V-03,PortScan,PortScan,RF-v4,0.022462684358732367,0.02456998804013236,0.9529673276011341
5635,F-A1-PORTSCAN-V-03,PortScan,PortScan,RF-v4,0.022462684358732367,0.02456998804013236,0.9529673276011341
5636,F-A1-PORTSCAN-V-03,PortScan,PortScan,RF-v4,0.011362597026078827,0.010728326337278654,0.9779090766366417
5637,F-A1-PORTSCAN-V-03,PortScan,PortScan,RF-v4,0.011362597026078827,0.010728326337278654,0.9779090766366417
5638,F-A1-PORTSCAN-V-03,PortScan,PortScan,RF-v4,0.02455063355411335,0.02445691884871638,0.950992447597169
5639,F-A1-PORTSCAN-V-03,PortScan,PortScan,RF-v4,0.022462684358732367,0.02456998804013236,0.9529673276011341
5640,F-A1-PORTSCAN-V-03,PortScan,PortScan,RF-v4,0.011362597026078827,0.010728326337278654,0.9779090766366417
5641,F-A1-PORTSCAN-V-03,PortScan,PortScan,RF-v4,0.011362597026078827,0.010728326337278654,0.9779090766366417
5642,F-A1-PORTSCAN-V-03,PortScan,PortScan,RF-v4,0.022462684358732367,0.02456998804013236,0.9529673276011341
5643,F-A1-PORTSCAN-V-03,PortScan,PortScan,RF-v4,0.022462684358732367,0.02456998804013236,0.9529673276011341
5644,F-A1-PORTSCAN-V-03,PortScan,PortScan,RF-v4,0.022462684358732367,0.02456998804013236,0.9529673276011341
5645,F-A1-PORTSCAN-V-03,PortScan,PortScan,RF-v4,0.022462684358732367,0.02456998804013236,0.9529673276011341
5646,F-A1-PORTSCAN-V-03,PortScan,PortScan,RF-v4,0.022462684358732367,0.02456998804013236,0.9529673276011341
5647,F-A1-PORTSCAN-V-03,PortScan,PortScan,RF-v4,0.022462684358732367,0.02456998804013236,0.9529673276011341
5648,F-A1-PORTSCAN-V-03,PortScan,PortScan,RF-v4,0.022462684358732367,0.02456998804013236,0.9529673276011341
5649,F-A1-PORTSCAN-V-03,PortScan,PortScan,RF-v4,0.022462684358732367,0.02456998804013236,0.9529673276011341
5650,F-A1-PORTSCAN-V-03,PortScan,PortScan,RF-v4,0.022462684358732367,0.02456998804013236,0.9529673276011341
5651,F-A1-PORTSCAN-V-03,PortScan,PortScan,RF-v4,0.02455063355411335,0.02445691884871638,0.950992447597169
5652,F-A1-PORTSCAN-V-03,PortScan,PortScan,RF-v4,0.022462684358732367,0.02456998804013236,0.9529673276011341
5653,F-A1-PORTSCAN-V-03,PortScan,PortScan,RF-v4,0.022462684358732367,0.02456998804013236,0.9529673276011341
5654,F-A1-PORTSCAN-V-03,PortScan,PortScan,RF-v4,0.011362597026078827,0.010728326337278654,0.9779090766366417
5655,F-A1-PORTSCAN-V-03,PortScan,PortScan,RF-v4,0.022462684358732367,0.02456998804013236,0.9529673276011341
5656,F-A1-PORTSCAN-V-03,PortScan,PortScan,RF-v4,0.02455063355411335,0.02445691884871638,0.950992447597169
5657,F-A1-PORTSCAN-V-03,PortScan,PortScan,RF-v4,0.022462684358732367,0.02456998804013236,0.9529673276011341
5658,F-A1-PORTSCAN-V-03,PortScan,PortScan,RF-v4,0.011362597026078827,0.010728326337278654,0.9779090766366417
5659,F-A1-PORTSCAN-V-03,PortScan,PortScan,RF-v4,0.010077466767963996,0.010650464612028019,0.979272068620007
5660,F-A1-PORTSCAN-V-03,PortScan,PortScan,RF-v4,0.022462684358732367,0.02456998804013236,0.9529673276011341
5661,F-A1-PORTSCAN-V-03,PortScan,PortScan,RF-v4,0.022462684358732367,0.02456998804013236,0.9529673276011341
5662,F-A1-PORTSCAN-V-03,PortScan,PortScan,RF-v4,0.022462684358732367,0.02456998804013236,0.9529673276011341
5663,F-A1-PORTSCAN-V-03,PortScan,PortScan,RF-v4,0.022462684358732367,0.02456998804013236,0.9529673276011341
5664,F-A1-PORTSCAN-V-03,PortScan,PortScan,RF-v4,0.011362597026078827,0.010728326337278654,0.9779090766366417
5665,F-A1-PORTSCAN-V-03,PortScan,PortScan,RF-v4,0.022462684358732367,0.02456998804013236,0.9529673276011341
5666,F-A1-PORTSCAN-V-03,PortScan,PortScan,RF-v4,0.02455063355411335,0.02445691884871638,0.950992447597169
5667,F-A1-PORTSCAN-V-03,PortScan,PortScan,RF-v4,0.022462684358732367,0.02456998804013236,0.9529673276011341
5668,F-A1-PORTSCAN-V-03,PortScan,PortScan,RF-v4,0.022462684358732367,0.02456998804013236,0.9529673276011341
5669,F-A1-PORTSCAN-V-03,PortScan,PortScan,RF-v4,0.011362597026078827,0.010728326337278654,0.9779090766366417
5670,F-A1-PORTSCAN-V-03,PortScan,PortScan,RF-v4,0.022462684358732367,0.02456998804013236,0.9529673276011341
5671,F-A1-PORTSCAN-V-03,PortScan,PortScan,RF-v4,0.024867423014224795,0.02445691884871638,0.9506756581370577
5672,F-A1-PORTSCAN-V-03,PortScan,PortScan,RF-v4,0.022462684358732367,0.02456998804013236,0.9529673276011341
5673,F-A1-PORTSCAN-V-03,PortScan,PortScan,RF-v4,0.022462684358732367,0.02456998804013236,0.9529673276011341
5674,F-A1-PORTSCAN-V-03,PortScan,PortScan,RF-v4,0.022462684358732367,0.02456998804013236,0.9529673276011341
5675,F-A1-PORTSCAN-V-03,PortScan,PortScan,RF-v4,0.022462684358732367,0.02456998804013236,0.9529673276011341
5676,F-A1-PORTSCAN-V-03,PortScan,PortScan,RF-v4,0.02455063355411335,0.02445691884871638,0.950992447597169
5677,F-A1-PORTSCAN-V-03,PortScan,PortScan,RF-v4,0.011362597026078827,0.010728326337278654,0.9779090766366417
5678,F-A1-PORTSCAN-V-03,PortScan,PortScan,RF-v4,0.024867423014224795,0.02445691884871638,0.9506756581370577
5679,F-A1-PORTSCAN-V-03,PortScan,PortScan,RF-v4,0.02455063355411335,0.02445691884871638,0.950992447597169
5680,F-A1-PORTSCAN-V-03,PortScan,PortScan,RF-v4,0.022462684358732367,0.02456998804013236,0.9529673276011341
5681,F-A1-PORTSCAN-V-03,PortScan,PortScan,RF-v4,0.022462684358732367,0.02456998804013236,0.9529673276011341
5682,F-A1-PORTSCAN-V-03,PortScan,PortScan,RF-v4,0.022462684358732367,0.02456998804013236,0.9529673276011341
5683,F-A1-PORTSCAN-V-03,PortScan,PortScan,RF-v4,0.022462684358732367,0.02456998804013236,0.9529673276011341
5684,F-A1-PORTSCAN-V-03,PortScan,PortScan,RF-v4,0.022462684358732367,0.02456998804013236,0.9529673276011341
5685,F-A1-PORTSCAN-V-03,PortScan,PortScan,RF-v4,0.022462684358732367,0.02456998804013236,0.9529673276011341
5686,F-A1-PORTSCAN-V-03,PortScan,PortScan,RF-v4,0.022462684358732367,0.025450875412146013,0.9520864402291206
5687,F-A1-PORTSCAN-V-03,PortScan,PortScan,RF-v4,0.022462684358732367,0.02456998804013236,0.9529673276011341
5688,F-A1-PORTSCAN-V-03,PortScan,PortScan,RF-v4,0.011362597026078827,0.010728326337278654,0.9779090766366417
5689,F-A1-PORTSCAN-V-03,PortScan,PortScan,RF-v4,0.022462684358732367,0.02456998804013236,0.9529673276011341
5690,F-A1-PORTSCAN-V-03,PortScan,PortScan,RF-v4,0.022462684358732367,0.02456998804013236,0.9529673276011341
5691,F-A1-PORTSCAN-V-03,PortScan,PortScan,RF-v4,0.022462684358732367,0.02456998804013236,0.9529673276011341
5692,F-A1-PORTSCAN-V-03,PortScan,PortScan,RF-v4,0.011362597026078827,0.010728326337278654,0.9779090766366417
5693,F-A1-PORTSCAN-V-03,PortScan,PortScan,RF-v4,0.024867423014224795,0.02445691884871638,0.9506756581370577
5694,F-A1-PORTSCAN-V-03,PortScan,PortScan,RF-v4,0.022462684358732367,0.02456998804013236,0.9529673276011341
5695,F-A1-PORTSCAN-V-03,PortScan,PortScan,RF-v4,0.022462684358732367,0.02456998804013236,0.9529673276011341
5696,F-A1-PORTSCAN-V-03,PortScan,PortScan,RF-v4,0.024867423014224795,0.02445691884871638,0.9506756581370577
5697,F-A1-PORTSCAN-V-03,PortScan,PortScan,RF-v4,0.022462684358732367,0.02456998804013236,0.9529673276011341
5698,F-A1-PORTSCAN-V-03,PortScan,PortScan,RF-v4,0.022462684358732367,0.02456998804013236,0.9529673276011341
5699,F-A1-PORTSCAN-V-03,PortScan,PortScan,RF-v4,0.022462684358732367,0.02456998804013236,0.9529673276011341
5700,F-A1-PORTSCAN-V-03,PortScan,PortScan,RF-v4,0.024867423014224795,0.02445691884871638,0.9506756581370577
5701,F-A1-PORTSCAN-V-03,PortScan,PortScan,RF-v4,0.02455063355411335,0.02445691884871638,0.950992447597169
5702,F-A1-PORTSCAN-V-03,PortScan,PortScan,RF-v4,0.011362597026078827,0.010728326337278654,0.9779090766366417
5703,F-A1-PORTSCAN-V-03,PortScan,PortScan,RF-v4,0.010494006290149255,0.010728326337278654,0.9787776673725712
5704,F-A1-PORTSCAN-V-03,PortScan,PortScan,RF-v4,0.022462684358732367,0.02456998804013236,0.9529673276011341
5705,F-A1-PORTSCAN-V-03,PortScan,PortScan,RF-v4,0.022462684358732367,0.02456998804013236,0.9529673276011341
5706,F-A1-PORTSCAN-V-03,PortScan,PortScan,RF-v4,0.022462684358732367,0.02456998804013236,0.9529673276011341
5707,F-A1-PORTSCAN-V-03,PortScan,PortScan,RF-v4,0.024867423014224795,0.02445691884871638,0.9506756581370577
5708,F-A1-PORTSCAN-V-03,PortScan,PortScan,RF-v4,0.022462684358732367,0.02456998804013236,0.9529673276011341
5709,F-A1-PORTSCAN-V-03,PortScan,PortScan,RF-v4,0.02455063355411335,0.02445691884871638,0.950992447597169
5710,F-A1-PORTSCAN-V-03,PortScan,PortScan,RF-v4,0.024867423014224795,0.02445691884871638,0.9506756581370577
5711,F-A1-PORTSCAN-V-03,PortScan,PortScan,RF-v4,0.022462684358732367,0.02456998804013236,0.9529673276011341
5712,F-A1-PORTSCAN-V-03,PortScan,PortScan,RF-v4,0.024867423014224795,0.02445691884871638,0.9506756581370577
5713,F-A1-PORTSCAN-V-03,PortScan,PortScan,RF-v4,0.022462684358732367,0.025450875412146013,0.9520864402291206
5714,F-A1-PORTSCAN-V-03,PortScan,PortScan,RF-v4,0.022462684358732367,0.02456998804013236,0.9529673276011341
5715,F-A1-PORTSCAN-V-03,PortScan,PortScan,RF-v4,0.022462684358732367,0.02456998804013236,0.9529673276011341
5716,F-A1-PORTSCAN-V-03,PortScan,PortScan,RF-v4,0.02455063355411335,0.02445691884871638,0.950992447597169
5717,F-A1-PORTSCAN-V-03,PortScan,PortScan,RF-v4,0.011362597026078827,0.010728326337278654,0.9779090766366417
5718,F-A1-PORTSCAN-V-03,PortScan,PortScan,RF-v4,0.022462684358732367,0.02456998804013236,0.9529673276011341
5719,F-A1-PORTSCAN-V-03,PortScan,PortScan,RF-v4,0.022462684358732367,0.02456998804013236,0.9529673276011341
5720,F-A1-PORTSCAN-V-03,PortScan,PortScan,RF-v4,0.022462684358732367,0.02456998804013236,0.9529673276011341
5721,F-A1-PORTSCAN-V-03,PortScan,PortScan,RF-v4,0.022462684358732367,0.02456998804013236,0.9529673276011341
5722,F-A1-PORTSCAN-V-03,PortScan,PortScan,RF-v4,0.022462684358732367,0.02456998804013236,0.9529673276011341
5723,F-A1-PORTSCAN-V-03,PortScan,PortScan,RF-v4,0.022462684358732367,0.02456998804013236,0.9529673276011341
5724,F-A1-PORTSCAN-V-03,PortScan,PortScan,RF-v4,0.022462684358732367,0.02456998804013236,0.9529673276011341
5725,F-A1-PORTSCAN-V-03,PortScan,PortScan,RF-v4,0.022462684358732367,0.02456998804013236,0.9529673276011341
5726,F-A1-PORTSCAN-V-03,PortScan,PortScan,RF-v4,0.024867423014224795,0.02445691884871638,0.9506756581370577
5727,F-A1-PORTSCAN-V-03,PortScan,PortScan,RF-v4,0.022462684358732367,0.02456998804013236,0.9529673276011341
5728,F-A1-PORTSCAN-V-03,PortScan,PortScan,RF-v4,0.022462684358732367,0.02456998804013236,0.9529673276011341
5729,F-A1-PORTSCAN-V-03,PortScan,PortScan,RF-v4,0.011362597026078827,0.010728326337278654,0.9779090766366417
5730,F-A1-PORTSCAN-V-03,PortScan,PortScan,RF-v4,0.022462684358732367,0.02456998804013236,0.9529673276011341
5731,F-A1-PORTSCAN-V-03,PortScan,PortScan,RF-v4,0.022462684358732367,0.02456998804013236,0.9529673276011341
5732,F-A1-PORTSCAN-V-03,PortScan,PortScan,RF-v4,0.022462684358732367,0.02456998804013236,0.9529673276011341
5733,F-A1-PORTSCAN-V-03,PortScan,PortScan,RF-v4,0.022462684358732367,0.02456998804013236,0.9529673276011341
5734,F-A1-PORTSCAN-V-03,PortScan,PortScan,RF-v4,0.011362597026078827,0.010728326337278654,0.9779090766366417
5735,F-A1-PORTSCAN-V-03,PortScan,PortScan,RF-v4,0.022462684358732367,0.02456998804013236,0.9529673276011341
5736,F-A1-PORTSCAN-V-03,PortScan,PortScan,RF-v4,0.022462684358732367,0.02456998804013236,0.9529673276011341
5737,F-A1-PORTSCAN-V-03,PortScan,PortScan,RF-v4,0.022462684358732367,0.02456998804013236,0.9529673276011341
5738,F-A1-PORTSCAN-V-03,PortScan,PortScan,RF-v4,0.022462684358732367,0.02456998804013236,0.9529673276011341
5739,F-A1-PORTSCAN-V-03,PortScan,PortScan,RF-v4,0.022462684358732367,0.02456998804013236,0.9529673276011341
5740,F-A1-PORTSCAN-V-03,PortScan,PortScan,RF-v4,0.011362597026078827,0.010728326337278654,0.9779090766366417
5741,F-A1-PORTSCAN-V-03,PortScan,PortScan,RF-v4,0.011362597026078827,0.010728326337278654,0.9779090766366417
5742,F-A1-PORTSCAN-V-03,PortScan,PortScan,RF-v4,0.011362597026078827,0.010728326337278654,0.9779090766366417
5743,F-A1-PORTSCAN-V-03,PortScan,PortScan,RF-v4,0.022462684358732367,0.02456998804013236,0.9529673276011341
5744,F-A1-PORTSCAN-V-03,PortScan,PortScan,RF-v4,0.010077466767963996,0.010650464612028019,0.979272068620007
5745,F-A1-PORTSCAN-V-03,PortScan,PortScan,RF-v4,0.022462684358732367,0.02456998804013236,0.9529673276011341
5746,F-A1-PORTSCAN-V-03,PortScan,PortScan,RF-v4,0.011362597026078827,0.010728326337278654,0.9779090766366417
5747,F-A1-PORTSCAN-V-03,PortScan,PortScan,RF-v4,0.011362597026078827,0.010728326337278654,0.9779090766366417
5748,F-A1-PORTSCAN-V-03,PortScan,PortScan,RF-v4,0.011362597026078827,0.010728326337278654,0.9779090766366417
5749,F-A1-PORTSCAN-V-03,PortScan,PortScan,RF-v4,0.022462684358732367,0.02456998804013236,0.9529673276011341
5750,F-A1-PORTSCAN-V-03,PortScan,PortScan,RF-v4,0.022462684358732367,0.02456998804013236,0.9529673276011341
5751,F-A1-PORTSCAN-V-03,PortScan,PortScan,RF-v4,0.022462684358732367,0.02456998804013236,0.9529673276011341
5752,F-A1-PORTSCAN-V-03,PortScan,PortScan,RF-v4,0.022462684358732367,0.02456998804013236,0.9529673276011341
5753,F-A1-PORTSCAN-V-03,PortScan,PortScan,RF-v4,0.011362597026078827,0.010728326337278654,0.9779090766366417
5754,F-A1-PORTSCAN-V-03,PortScan,PortScan,RF-v4,0.02455063355411335,0.02445691884871638,0.950992447597169
5755,F-A1-PORTSCAN-V-03,PortScan,PortScan,RF-v4,0.02455063355411335,0.02445691884871638,0.950992447597169
5756,F-A1-PORTSCAN-V-03,PortScan,PortScan,RF-v4,0.022462684358732367,0.02456998804013236,0.9529673276011341
5757,F-A1-PORTSCAN-V-03,PortScan,PortScan,RF-v4,0.022462684358732367,0.02456998804013236,0.9529673276011341
5758,F-A1-PORTSCAN-V-03,PortScan,PortScan,RF-v4,0.011362597026078827,0.010728326337278654,0.9779090766366417
5759,F-A1-PORTSCAN-V-03,PortScan,PortScan,RF-v4,0.022462684358732367,0.02456998804013236,0.9529673276011341
5760,F-A1-PORTSCAN-V-03,PortScan,PortScan,RF-v4,0.011362597026078827,0.010728326337278654,0.9779090766366417
5761,F-A1-PORTSCAN-V-03,PortScan,PortScan,RF-v4,0.024867423014224795,0.02445691884871638,0.9506756581370577
5762,F-A1-PORTSCAN-V-03,PortScan,PortScan,RF-v4,0.024867423014224795,0.02445691884871638,0.9506756581370577
5763,F-A1-PORTSCAN-V-03,PortScan,PortScan,RF-v4,0.022462684358732367,0.02456998804013236,0.9529673276011341
5764,F-A1-PORTSCAN-V-03,PortScan,PortScan,RF-v4,0.022462684358732367,0.02456998804013236,0.9529673276011341
5765,F-A1-PORTSCAN-V-03,PortScan,PortScan,RF-v4,0.022462684358732367,0.025450875412146013,0.9520864402291206
5766,F-A1-PORTSCAN-V-03,PortScan,PortScan,RF-v4,0.022462684358732367,0.02456998804013236,0.9529673276011341
5767,F-A1-PORTSCAN-V-03,PortScan,PortScan,RF-v4,0.022462684358732367,0.02456998804013236,0.9529673276011341
5768,F-A1-PORTSCAN-V-03,PortScan,PortScan,RF-v4,0.022462684358732367,0.02456998804013236,0.9529673276011341
5769,F-A1-PORTSCAN-V-03,PortScan,PortScan,RF-v4,0.022462684358732367,0.02456998804013236,0.9529673276011341
5770,F-A1-PORTSCAN-V-03,PortScan,PortScan,RF-v4,0.010077466767963996,0.010650464612028019,0.979272068620007
5771,F-A1-PORTSCAN-V-03,PortScan,PortScan,RF-v4,0.022462684358732367,0.02456998804013236,0.9529673276011341
5772,F-A1-PORTSCAN-V-03,PortScan,PortScan,RF-v4,0.022462684358732367,0.02456998804013236,0.9529673276011341
5773,F-A1-PORTSCAN-V-03,PortScan,PortScan,RF-v4,0.024867423014224795,0.02445691884871638,0.9506756581370577
5774,F-A1-PORTSCAN-V-03,PortScan,PortScan,RF-v4,0.022462684358732367,0.02456998804013236,0.9529673276011341
5775,F-A1-PORTSCAN-V-03,PortScan,PortScan,RF-v4,0.02455063355411335,0.02445691884871638,0.950992447597169
5776,F-A1-PORTSCAN-V-03,PortScan,PortScan,RF-v4,0.02455063355411335,0.02445691884871638,0.950992447597169
5777,F-A1-PORTSCAN-V-03,PortScan,PortScan,RF-v4,0.022462684358732367,0.02456998804013236,0.9529673276011341
5778,F-A1-PORTSCAN-V-03,PortScan,PortScan,RF-v4,0.022462684358732367,0.02456998804013236,0.9529673276011341
5779,F-A1-PORTSCAN-V-03,PortScan,PortScan,RF-v4,0.011362597026078827,0.010728326337278654,0.9779090766366417
5780,F-A1-PORTSCAN-V-03,PortScan,PortScan,RF-v4,0.024867423014224795,0.02445691884871638,0.9506756581370577
5781,F-A1-PORTSCAN-V-03,PortScan,PortScan,RF-v4,0.022462684358732367,0.02456998804013236,0.9529673276011341
5782,F-A1-PORTSCAN-V-03,PortScan,PortScan,RF-v4,0.022462684358732367,0.02456998804013236,0.9529673276011341
5783,F-A1-PORTSCAN-V-03,PortScan,PortScan,RF-v4,0.024867423014224795,0.02445691884871638,0.9506756581370577
5784,F-A1-PORTSCAN-V-03,PortScan,PortScan,RF-v4,0.011362597026078827,0.010728326337278654,0.9779090766366417
5785,F-A1-PORTSCAN-V-03,PortScan,PortScan,RF-v4,0.022462684358732367,0.02456998804013236,0.9529673276011341
5786,F-A1-PORTSCAN-V-03,PortScan,PortScan,RF-v4,0.022462684358732367,0.02456998804013236,0.9529673276011341
5787,F-A1-PORTSCAN-V-03,PortScan,PortScan,RF-v4,0.022462684358732367,0.02456998804013236,0.9529673276011341
5788,F-A1-PORTSCAN-V-03,PortScan,PortScan,RF-v4,0.024867423014224795,0.02445691884871638,0.9506756581370577
5789,F-A1-PORTSCAN-V-03,PortScan,PortScan,RF-v4,0.022462684358732367,0.02456998804013236,0.9529673276011341
5790,F-A1-PORTSCAN-V-03,PortScan,PortScan,RF-v4,0.022462684358732367,0.02456998804013236,0.9529673276011341
5791,F-A1-PORTSCAN-V-03,PortScan,PortScan,RF-v4,0.022462684358732367,0.02456998804013236,0.9529673276011341
5792,F-A1-PORTSCAN-V-03,PortScan,PortScan,RF-v4,0.024867423014224795,0.02445691884871638,0.9506756581370577
5793,F-A1-PORTSCAN-V-03,PortScan,PortScan,RF-v4,0.02455063355411335,0.02445691884871638,0.950992447597169
5794,F-A1-PORTSCAN-V-03,PortScan,PortScan,RF-v4,0.022462684358732367,0.02456998804013236,0.9529673276011341
5795,F-A1-PORTSCAN-V-03,PortScan,PortScan,RF-v4,0.011362597026078827,0.010728326337278654,0.9779090766366417
5796,F-A1-PORTSCAN-V-03,PortScan,PortScan,RF-v4,0.010077466767963996,0.010650464612028019,0.979272068620007
5797,F-A1-PORTSCAN-V-03,PortScan,PortScan,RF-v4,0.022462684358732367,0.02456998804013236,0.9529673276011341
5798,F-A1-PORTSCAN-V-03,PortScan,PortScan,RF-v4,0.022462684358732367,0.02456998804013236,0.9529673276011341
5799,F-A1-PORTSCAN-V-03,PortScan,PortScan,RF-v4,0.010077466767963996,0.010650464612028019,0.979272068620007
5800,F-A1-PORTSCAN-V-03,PortScan,PortScan,RF-v4,0.011362597026078827,0.010728326337278654,0.9779090766366417
5801,F-A1-PORTSCAN-V-03,PortScan,PortScan,RF-v4,0.022462684358732367,0.02456998804013236,0.9529673276011341
5802,F-A1-PORTSCAN-V-03,PortScan,PortScan,RF-v4,0.022462684358732367,0.02456998804013236,0.9529673276011341
5803,F-A1-PORTSCAN-V-03,PortScan,PortScan,RF-v4,0.024867423014224795,0.02445691884871638,0.9506756581370577
5804,F-A1-PORTSCAN-V-03,PortScan,PortScan,RF-v4,0.024867423014224795,0.02445691884871638,0.9506756581370577
5805,F-A1-PORTSCAN-V-03,PortScan,PortScan,RF-v4,0.010077466767963996,0.010650464612028019,0.979272068620007
5806,F-A1-PORTSCAN-V-03,PortScan,PortScan,RF-v4,0.022462684358732367,0.02456998804013236,0.9529673276011341
5807,F-A1-PORTSCAN-V-03,PortScan,PortScan,RF-v4,0.011362597026078827,0.010728326337278654,0.9779090766366417
5808,F-A1-PORTSCAN-V-03,PortScan,PortScan,RF-v4,0.022462684358732367,0.02456998804013236,0.9529673276011341
5809,F-A1-PORTSCAN-V-03,PortScan,PortScan,RF-v4,0.022462684358732367,0.02456998804013236,0.9529673276011341
5810,F-A1-PORTSCAN-V-03,PortScan,PortScan,RF-v4,0.022462684358732367,0.02456998804013236,0.9529673276011341
5811,F-A1-PORTSCAN-V-03,PortScan,PortScan,RF-v4,0.022462684358732367,0.02456998804013236,0.9529673276011341
5812,F-A1-PORTSCAN-V-03,PortScan,PortScan,RF-v4,0.022462684358732367,0.02456998804013236,0.9529673276011341
5813,F-A1-PORTSCAN-V-03,PortScan,PortScan,RF-v4,0.02455063355411335,0.02445691884871638,0.950992447597169
5814,F-A1-PORTSCAN-V-03,PortScan,PortScan,RF-v4,0.011362597026078827,0.010728326337278654,0.9779090766366417
5815,F-A1-PORTSCAN-V-03,PortScan,PortScan,RF-v4,0.022462684358732367,0.02456998804013236,0.9529673276011341
5816,F-A1-PORTSCAN-V-03,PortScan,PortScan,RF-v4,0.022462684358732367,0.02456998804013236,0.9529673276011341
5817,F-A1-PORTSCAN-V-03,PortScan,PortScan,RF-v4,0.022462684358732367,0.02456998804013236,0.9529673276011341
5818,F-A1-PORTSCAN-V-03,PortScan,PortScan,RF-v4,0.011362597026078827,0.010728326337278654,0.9779090766366417
5819,F-A1-PORTSCAN-V-03,PortScan,PortScan,RF-v4,0.022462684358732367,0.02456998804013236,0.9529673276011341
5820,F-A1-PORTSCAN-V-03,PortScan,PortScan,RF-v4,0.02455063355411335,0.02445691884871638,0.950992447597169
5821,F-A1-PORTSCAN-V-03,PortScan,PortScan,RF-v4,0.011362597026078827,0.010728326337278654,0.9779090766366417
5822,F-A1-PORTSCAN-V-03,PortScan,PortScan,RF-v4,0.010077466767963996,0.010650464612028019,0.979272068620007
5823,F-A1-PORTSCAN-V-03,PortScan,PortScan,RF-v4,0.011362597026078827,0.010728326337278654,0.9779090766366417
5824,F-A1-PORTSCAN-V-03,PortScan,PortScan,RF-v4,0.022462684358732367,0.02456998804013236,0.9529673276011341
5825,F-A1-PORTSCAN-V-03,PortScan,PortScan,RF-v4,0.022462684358732367,0.02456998804013236,0.9529673276011341
5826,F-A1-PORTSCAN-V-03,PortScan,PortScan,RF-v4,0.02455063355411335,0.02445691884871638,0.950992447597169
5827,F-A1-PORTSCAN-V-03,PortScan,PortScan,RF-v4,0.022462684358732367,0.02456998804013236,0.9529673276011341
5828,F-A1-PORTSCAN-V-03,PortScan,PortScan,RF-v4,0.022462684358732367,0.02456998804013236,0.9529673276011341
5829,F-A1-PORTSCAN-V-03,PortScan,PortScan,RF-v4,0.010494006290149255,0.010728326337278654,0.9787776673725712
5830,F-A1-PORTSCAN-V-03,PortScan,PortScan,RF-v4,0.02455063355411335,0.02445691884871638,0.950992447597169
5831,F-A1-PORTSCAN-V-03,PortScan,PortScan,RF-v4,0.024867423014224795,0.02445691884871638,0.9506756581370577
5832,F-A1-PORTSCAN-V-03,PortScan,PortScan,RF-v4,0.022462684358732367,0.02456998804013236,0.9529673276011341
5833,F-A1-PORTSCAN-V-03,PortScan,PortScan,RF-v4,0.02455063355411335,0.02445691884871638,0.950992447597169
5834,F-A1-PORTSCAN-V-03,PortScan,PortScan,RF-v4,0.022462684358732367,0.02456998804013236,0.9529673276011341
5835,F-A1-PORTSCAN-V-03,PortScan,PortScan,RF-v4,0.022462684358732367,0.02456998804013236,0.9529673276011341
5836,F-A1-PORTSCAN-V-03,PortScan,PortScan,RF-v4,0.022462684358732367,0.02456998804013236,0.9529673276011341
5837,F-A1-PORTSCAN-V-03,PortScan,PortScan,RF-v4,0.022462684358732367,0.02456998804013236,0.9529673276011341
5838,F-A1-PORTSCAN-V-03,PortScan,PortScan,RF-v4,0.02455063355411335,0.02445691884871638,0.950992447597169
5839,F-A1-PORTSCAN-V-03,PortScan,PortScan,RF-v4,0.022462684358732367,0.02456998804013236,0.9529673276011341
5840,F-A1-PORTSCAN-V-03,PortScan,PortScan,RF-v4,0.02455063355411335,0.02445691884871638,0.950992447597169
5841,F-A1-PORTSCAN-V-03,PortScan,PortScan,RF-v4,0.022462684358732367,0.02456998804013236,0.9529673276011341
5842,F-A1-PORTSCAN-V-03,PortScan,PortScan,RF-v4,0.022462684358732367,0.02456998804013236,0.9529673276011341
5843,F-A1-PORTSCAN-V-03,PortScan,PortScan,RF-v4,0.022462684358732367,0.02456998804013236,0.9529673276011341
5844,F-A1-PORTSCAN-V-03,PortScan,PortScan,RF-v4,0.022462684358732367,0.02456998804013236,0.9529673276011341
5845,F-A1-PORTSCAN-V-03,PortScan,PortScan,RF-v4,0.022462684358732367,0.02456998804013236,0.9529673276011341
5846,F-A1-PORTSCAN-V-03,PortScan,PortScan,RF-v4,0.011362597026078827,0.010728326337278654,0.9779090766366417
5847,F-A1-PORTSCAN-V-03,PortScan,PortScan,RF-v4,0.022462684358732367,0.02456998804013236,0.9529673276011341
5848,F-A1-PORTSCAN-V-03,PortScan,PortScan,RF-v4,0.02455063355411335,0.02445691884871638,0.950992447597169
5849,F-A1-PORTSCAN-V-03,PortScan,PortScan,RF-v4,0.022462684358732367,0.02456998804013236,0.9529673276011341
5850,F-A1-PORTSCAN-V-03,PortScan,PortScan,RF-v4,0.011362597026078827,0.010728326337278654,0.9779090766366417
5851,F-A1-PORTSCAN-V-03,PortScan,PortScan,RF-v4,0.011362597026078827,0.010728326337278654,0.9779090766366417
5852,F-A1-PORTSCAN-V-03,PortScan,PortScan,RF-v4,0.022462684358732367,0.02456998804013236,0.9529673276011341
5853,F-A1-PORTSCAN-V-03,PortScan,PortScan,RF-v4,0.024867423014224795,0.02445691884871638,0.9506756581370577
5854,F-A1-PORTSCAN-V-03,PortScan,PortScan,RF-v4,0.022462684358732367,0.02456998804013236,0.9529673276011341
5855,F-A1-PORTSCAN-V-03,PortScan,PortScan,RF-v4,0.022462684358732367,0.02456998804013236,0.9529673276011341
5856,F-A1-PORTSCAN-V-03,PortScan,PortScan,RF-v4,0.022462684358732367,0.02456998804013236,0.9529673276011341
5857,F-A1-PORTSCAN-V-03,PortScan,PortScan,RF-v4,0.022462684358732367,0.02456998804013236,0.9529673276011341
5858,F-A1-PORTSCAN-V-03,PortScan,PortScan,RF-v4,0.022462684358732367,0.02456998804013236,0.9529673276011341
5859,F-A1-PORTSCAN-V-03,PortScan,PortScan,RF-v4,0.022462684358732367,0.02456998804013236,0.9529673276011341
5860,F-A1-PORTSCAN-V-03,PortScan,PortScan,RF-v4,0.011362597026078827,0.010728326337278654,0.9779090766366417
5861,F-A1-PORTSCAN-V-03,PortScan,PortScan,RF-v4,0.024867423014224795,0.02445691884871638,0.9506756581370577
5862,F-A1-PORTSCAN-V-03,PortScan,PortScan,RF-v4,0.02455063355411335,0.02445691884871638,0.950992447597169
5863,F-A1-PORTSCAN-V-03,PortScan,PortScan,RF-v4,0.022462684358732367,0.02456998804013236,0.9529673276011341
5864,F-A1-PORTSCAN-V-03,PortScan,PortScan,RF-v4,0.022462684358732367,0.02456998804013236,0.9529673276011341
5865,F-A1-PORTSCAN-V-03,PortScan,PortScan,RF-v4,0.02455063355411335,0.02445691884871638,0.950992447597169
5866,F-A1-PORTSCAN-V-03,PortScan,PortScan,RF-v4,0.022462684358732367,0.02456998804013236,0.9529673276011341
5867,F-A1-PORTSCAN-V-03,PortScan,PortScan,RF-v4,0.022462684358732367,0.02456998804013236,0.9529673276011341
5868,F-A1-PORTSCAN-V-03,PortScan,PortScan,RF-v4,0.024867423014224795,0.02445691884871638,0.9506756581370577
5869,F-A1-PORTSCAN-V-03,PortScan,PortScan,RF-v4,0.022462684358732367,0.02456998804013236,0.9529673276011341
5870,F-A1-PORTSCAN-V-03,PortScan,PortScan,RF-v4,0.022462684358732367,0.02456998804013236,0.9529673276011341
5871,F-A1-PORTSCAN-V-03,PortScan,PortScan,RF-v4,0.022462684358732367,0.02456998804013236,0.9529673276011341
5872,F-A1-PORTSCAN-V-03,PortScan,PortScan,RF-v4,0.02455063355411335,0.02445691884871638,0.950992447597169
5873,F-A1-PORTSCAN-V-03,PortScan,PortScan,RF-v4,0.022462684358732367,0.02456998804013236,0.9529673276011341
5874,F-A1-PORTSCAN-V-03,PortScan,PortScan,RF-v4,0.022462684358732367,0.02456998804013236,0.9529673276011341
5875,F-A1-PORTSCAN-V-03,PortScan,PortScan,RF-v4,0.02455063355411335,0.02445691884871638,0.950992447597169
5876,F-A1-PORTSCAN-V-03,PortScan,PortScan,RF-v4,0.011362597026078827,0.010728326337278654,0.9779090766366417
5877,F-A1-PORTSCAN-V-03,PortScan,PortScan,RF-v4,0.022462684358732367,0.02456998804013236,0.9529673276011341
5878,F-A1-PORTSCAN-V-03,PortScan,PortScan,RF-v4,0.022462684358732367,0.02456998804013236,0.9529673276011341
5879,F-A1-PORTSCAN-V-03,PortScan,PortScan,RF-v4,0.010077466767963996,0.010650464612028019,0.979272068620007
5880,F-A1-PORTSCAN-V-03,PortScan,PortScan,RF-v4,0.022462684358732367,0.02456998804013236,0.9529673276011341
5881,F-A1-PORTSCAN-V-03,PortScan,PortScan,RF-v4,0.024867423014224795,0.02445691884871638,0.9506756581370577
5882,F-A1-PORTSCAN-V-03,PortScan,PortScan,RF-v4,0.022462684358732367,0.02456998804013236,0.9529673276011341
5883,F-A1-PORTSCAN-V-03,PortScan,PortScan,RF-v4,0.022462684358732367,0.02456998804013236,0.9529673276011341
5884,F-A1-PORTSCAN-V-03,PortScan,PortScan,RF-v4,0.011362597026078827,0.010728326337278654,0.9779090766366417
5885,F-A1-PORTSCAN-V-03,PortScan,PortScan,RF-v4,0.022462684358732367,0.02456998804013236,0.9529673276011341
5886,F-A1-PORTSCAN-V-03,PortScan,PortScan,RF-v4,0.011362597026078827,0.010728326337278654,0.9779090766366417
5887,F-A1-PORTSCAN-V-03,PortScan,PortScan,RF-v4,0.022462684358732367,0.02456998804013236,0.9529673276011341
5888,F-A1-PORTSCAN-V-03,PortScan,PortScan,RF-v4,0.022462684358732367,0.02456998804013236,0.9529673276011341
5889,F-A1-PORTSCAN-V-03,PortScan,PortScan,RF-v4,0.022462684358732367,0.02456998804013236,0.9529673276011341
5890,F-A1-PORTSCAN-V-03,PortScan,PortScan,RF-v4,0.022462684358732367,0.02456998804013236,0.9529673276011341
5891,F-A1-PORTSCAN-V-03,PortScan,PortScan,RF-v4,0.024867423014224795,0.02445691884871638,0.9506756581370577
5892,F-A1-PORTSCAN-V-03,PortScan,PortScan,RF-v4,0.022462684358732367,0.02456998804013236,0.9529673276011341
5893,F-A1-PORTSCAN-V-03,PortScan,PortScan,RF-v4,0.022462684358732367,0.02456998804013236,0.9529673276011341
5894,F-A1-PORTSCAN-V-03,PortScan,PortScan,RF-v4,0.02455063355411335,0.02445691884871638,0.950992447597169
5895,F-A1-PORTSCAN-V-03,PortScan,PortScan,RF-v4,0.022462684358732367,0.02456998804013236,0.9529673276011341
5896,F-A1-PORTSCAN-V-03,PortScan,PortScan,RF-v4,0.022462684358732367,0.02456998804013236,0.9529673276011341
5897,F-A1-PORTSCAN-V-03,PortScan,PortScan,RF-v4,0.022462684358732367,0.02456998804013236,0.9529673276011341
5898,F-A1-PORTSCAN-V-03,PortScan,PortScan,RF-v4,0.022462684358732367,0.02456998804013236,0.9529673276011341
5899,F-A1-PORTSCAN-V-03,PortScan,PortScan,RF-v4,0.022462684358732367,0.02456998804013236,0.9529673276011341
5900,F-A1-PORTSCAN-V-03,PortScan,PortScan,RF-v4,0.011362597026078827,0.010728326337278654,0.9779090766366417
5901,F-A1-PORTSCAN-V-03,PortScan,PortScan,RF-v4,0.022462684358732367,0.02456998804013236,0.9529673276011341
5902,F-A1-PORTSCAN-V-03,PortScan,PortScan,RF-v4,0.02455063355411335,0.02445691884871638,0.950992447597169
5903,F-A1-PORTSCAN-V-03,PortScan,PortScan,RF-v4,0.022462684358732367,0.02456998804013236,0.9529673276011341
5904,F-A1-PORTSCAN-V-03,PortScan,PortScan,RF-v4,0.02455063355411335,0.02445691884871638,0.950992447597169
5905,F-A1-PORTSCAN-V-03,PortScan,PortScan,RF-v4,0.011362597026078827,0.010728326337278654,0.9779090766366417
5906,F-A1-PORTSCAN-V-03,PortScan,PortScan,RF-v4,0.024867423014224795,0.02445691884871638,0.9506756581370577
5907,F-A1-PORTSCAN-V-03,PortScan,PortScan,RF-v4,0.022462684358732367,0.02456998804013236,0.9529673276011341
5908,F-A1-PORTSCAN-V-03,PortScan,PortScan,RF-v4,0.022462684358732367,0.02456998804013236,0.9529673276011341
5909,F-A1-PORTSCAN-V-03,PortScan,PortScan,RF-v4,0.022462684358732367,0.02456998804013236,0.9529673276011341
5910,F-A1-PORTSCAN-V-03,PortScan,PortScan,RF-v4,0.022462684358732367,0.02456998804013236,0.9529673276011341
5911,F-A1-PORTSCAN-V-03,PortScan,PortScan,RF-v4,0.022462684358732367,0.02456998804013236,0.9529673276011341
5912,F-A1-PORTSCAN-V-03,PortScan,PortScan,RF-v4,0.011362597026078827,0.010728326337278654,0.9779090766366417
5913,F-A1-PORTSCAN-V-03,PortScan,PortScan,RF-v4,0.022462684358732367,0.02456998804013236,0.9529673276011341
5914,F-A1-PORTSCAN-V-03,PortScan,PortScan,RF-v4,0.022462684358732367,0.02456998804013236,0.9529673276011341
5915,F-A1-PORTSCAN-V-03,PortScan,PortScan,RF-v4,0.022462684358732367,0.02456998804013236,0.9529673276011341
5916,F-A1-PORTSCAN-V-03,PortScan,PortScan,RF-v4,0.022462684358732367,0.02456998804013236,0.9529673276011341
5917,F-A1-PORTSCAN-V-03,PortScan,PortScan,RF-v4,0.01094605750389357,0.010642434600036823,0.9784115078960687
5918,F-A1-PORTSCAN-V-03,PortScan,PortScan,RF-v4,0.022462684358732367,0.02456998804013236,0.9529673276011341
5919,F-A1-PORTSCAN-V-03,PortScan,PortScan,RF-v4,0.010077466767963996,0.010650464612028019,0.979272068620007
5920,F-A1-PORTSCAN-V-03,PortScan,PortScan,RF-v4,0.022462684358732367,0.02456998804013236,0.9529673276011341
5921,F-A1-PORTSCAN-V-03,PortScan,PortScan,RF-v4,0.022462684358732367,0.02456998804013236,0.9529673276011341
5922,F-A1-PORTSCAN-V-03,PortScan,PortScan,RF-v4,0.022462684358732367,0.02456998804013236,0.9529673276011341
5923,F-A1-PORTSCAN-V-03,PortScan,PortScan,RF-v4,0.022462684358732367,0.02456998804013236,0.9529673276011341
5924,F-A1-PORTSCAN-V-03,PortScan,PortScan,RF-v4,0.022462684358732367,0.02456998804013236,0.9529673276011341
5925,F-A1-PORTSCAN-V-03,PortScan,PortScan,RF-v4,0.022462684358732367,0.02456998804013236,0.9529673276011341
5926,F-A1-PORTSCAN-V-03,PortScan,PortScan,RF-v4,0.011362597026078827,0.010728326337278654,0.9779090766366417
5927,F-A1-PORTSCAN-V-03,PortScan,PortScan,RF-v4,0.022462684358732367,0.02456998804013236,0.9529673276011341
5928,F-A1-PORTSCAN-V-03,PortScan,PortScan,RF-v4,0.024867423014224795,0.02445691884871638,0.9506756581370577
5929,F-A1-PORTSCAN-V-03,PortScan,PortScan,RF-v4,0.022462684358732367,0.02456998804013236,0.9529673276011341
5930,F-A1-PORTSCAN-V-03,PortScan,PortScan,RF-v4,0.022462684358732367,0.02456998804013236,0.9529673276011341
5931,F-A1-PORTSCAN-V-03,PortScan,PortScan,RF-v4,0.011362597026078827,0.010728326337278654,0.9779090766366417
5932,F-A1-PORTSCAN-V-03,PortScan,PortScan,RF-v4,0.024867423014224795,0.02445691884871638,0.9506756581370577
5933,F-A1-PORTSCAN-V-03,PortScan,PortScan,RF-v4,0.022462684358732367,0.02456998804013236,0.9529673276011341
5934,F-A1-PORTSCAN-V-03,PortScan,PortScan,RF-v4,0.022462684358732367,0.02456998804013236,0.9529673276011341
5935,F-A1-PORTSCAN-V-03,PortScan,PortScan,RF-v4,0.02455063355411335,0.02445691884871638,0.950992447597169
5936,F-A1-PORTSCAN-V-03,PortScan,PortScan,RF-v4,0.022462684358732367,0.02456998804013236,0.9529673276011341
5937,F-A1-PORTSCAN-V-03,PortScan,PortScan,RF-v4,0.022462684358732367,0.02456998804013236,0.9529673276011341
5938,F-A1-PORTSCAN-V-03,PortScan,PortScan,RF-v4,0.010077466767963996,0.010650464612028019,0.979272068620007
5939,F-A1-PORTSCAN-V-03,PortScan,PortScan,RF-v4,0.02455063355411335,0.02445691884871638,0.950992447597169
5940,F-A1-PORTSCAN-V-03,PortScan,PortScan,RF-v4,0.01094605750389357,0.010642434600036823,0.9784115078960687
5941,F-A1-PORTSCAN-V-03,PortScan,PortScan,RF-v4,0.02455063355411335,0.02445691884871638,0.950992447597169
5942,F-A1-PORTSCAN-V-03,PortScan,PortScan,RF-v4,0.02455063355411335,0.02445691884871638,0.950992447597169
5943,F-A1-PORTSCAN-V-03,PortScan,PortScan,RF-v4,0.010494006290149255,0.010728326337278654,0.9787776673725712
5944,F-A1-PORTSCAN-V-03,PortScan,PortScan,RF-v4,0.022462684358732367,0.02456998804013236,0.9529673276011341
5945,F-A1-PORTSCAN-V-03,PortScan,PortScan,RF-v4,0.022462684358732367,0.02456998804013236,0.9529673276011341
5946,F-A1-PORTSCAN-V-03,PortScan,PortScan,RF-v4,0.010077466767963996,0.010650464612028019,0.979272068620007
5947,F-A1-PORTSCAN-V-03,PortScan,PortScan,RF-v4,0.022462684358732367,0.02456998804013236,0.9529673276011341
5948,F-A1-PORTSCAN-V-03,PortScan,PortScan,RF-v4,0.02455063355411335,0.02445691884871638,0.950992447597169
5949,F-A1-PORTSCAN-V-03,PortScan,PortScan,RF-v4,0.022462684358732367,0.02456998804013236,0.9529673276011341
5950,F-A1-PORTSCAN-V-03,PortScan,PortScan,RF-v4,0.022462684358732367,0.02456998804013236,0.9529673276011341
5951,F-A1-PORTSCAN-V-03,PortScan,PortScan,RF-v4,0.022462684358732367,0.02456998804013236,0.9529673276011341
5952,F-A1-PORTSCAN-V-03,PortScan,PortScan,RF-v4,0.022462684358732367,0.02456998804013236,0.9529673276011341
5953,F-A1-PORTSCAN-V-03,PortScan,PortScan,RF-v4,0.022462684358732367,0.02456998804013236,0.9529673276011341
5954,F-A1-PORTSCAN-V-03,PortScan,PortScan,RF-v4,0.022462684358732367,0.02456998804013236,0.9529673276011341
5955,F-A1-PORTSCAN-V-03,PortScan,PortScan,RF-v4,0.02455063355411335,0.02445691884871638,0.950992447597169
5956,F-A1-PORTSCAN-V-03,PortScan,PortScan,RF-v4,0.022462684358732367,0.02456998804013236,0.9529673276011341
5957,F-A1-PORTSCAN-V-03,PortScan,PortScan,RF-v4,0.011362597026078827,0.010728326337278654,0.9779090766366417
5958,F-A1-PORTSCAN-V-03,PortScan,PortScan,RF-v4,0.022462684358732367,0.02456998804013236,0.9529673276011341
5959,F-A1-PORTSCAN-V-03,PortScan,PortScan,RF-v4,0.022462684358732367,0.02456998804013236,0.9529673276011341
5960,F-A1-PORTSCAN-V-03,PortScan,PortScan,RF-v4,0.022462684358732367,0.02456998804013236,0.9529673276011341
5961,F-A1-PORTSCAN-V-03,PortScan,PortScan,RF-v4,0.011362597026078827,0.010728326337278654,0.9779090766366417
5962,F-A1-PORTSCAN-V-03,PortScan,PortScan,RF-v4,0.024867423014224795,0.02445691884871638,0.9506756581370577
5963,F-A1-PORTSCAN-V-03,PortScan,PortScan,RF-v4,0.022462684358732367,0.02456998804013236,0.9529673276011341
5964,F-A1-PORTSCAN-V-03,PortScan,PortScan,RF-v4,0.010077466767963996,0.010650464612028019,0.979272068620007
5965,F-A1-PORTSCAN-V-03,PortScan,PortScan,RF-v4,0.02455063355411335,0.02445691884871638,0.950992447597169
5966,F-A1-PORTSCAN-V-03,PortScan,PortScan,RF-v4,0.02455063355411335,0.02445691884871638,0.950992447597169
5967,F-A1-PORTSCAN-V-03,PortScan,PortScan,RF-v4,0.011362597026078827,0.010728326337278654,0.9779090766366417
5968,F-A1-PORTSCAN-V-03,PortScan,PortScan,RF-v4,0.022462684358732367,0.02456998804013236,0.9529673276011341
5969,F-A1-PORTSCAN-V-03,PortScan,PortScan,RF-v4,0.011362597026078827,0.010728326337278654,0.9779090766366417
5970,F-A1-PORTSCAN-V-03,PortScan,PortScan,RF-v4,0.022462684358732367,0.02456998804013236,0.9529673276011341
5971,F-A1-PORTSCAN-V-03,PortScan,PortScan,RF-v4,0.022462684358732367,0.02456998804013236,0.9529673276011341
5972,F-A1-PORTSCAN-V-03,PortScan,PortScan,RF-v4,0.022462684358732367,0.02456998804013236,0.9529673276011341
5973,F-A1-PORTSCAN-V-03,PortScan,PortScan,RF-v4,0.011362597026078827,0.010728326337278654,0.9779090766366417
5974,F-A1-PORTSCAN-V-03,PortScan,PortScan,RF-v4,0.022462684358732367,0.02456998804013236,0.9529673276011341
5975,F-A1-PORTSCAN-V-03,PortScan,PortScan,RF-v4,0.011362597026078827,0.010728326337278654,0.9779090766366417
5976,F-A1-PORTSCAN-V-03,PortScan,PortScan,RF-v4,0.022462684358732367,0.02456998804013236,0.9529673276011341
5977,F-A1-PORTSCAN-V-03,PortScan,PortScan,RF-v4,0.011362597026078827,0.010728326337278654,0.9779090766366417
5978,F-A1-PORTSCAN-V-03,PortScan,PortScan,RF-v4,0.022462684358732367,0.025450875412146013,0.9520864402291206
5979,F-A1-PORTSCAN-V-03,PortScan,PortScan,RF-v4,0.022462684358732367,0.02456998804013236,0.9529673276011341
5980,F-A1-PORTSCAN-V-03,PortScan,PortScan,RF-v4,0.011362597026078827,0.010728326337278654,0.9779090766366417
5981,F-A1-PORTSCAN-V-03,PortScan,PortScan,RF-v4,0.022462684358732367,0.02456998804013236,0.9529673276011341
5982,F-A1-PORTSCAN-V-03,PortScan,PortScan,RF-v4,0.01094605750389357,0.010642434600036823,0.9784115078960687
5983,F-A1-PORTSCAN-V-03,PortScan,PortScan,RF-v4,0.022462684358732367,0.02456998804013236,0.9529673276011341
5984,F-A1-PORTSCAN-V-03,PortScan,PortScan,RF-v4,0.022462684358732367,0.02456998804013236,0.9529673276011341
5985,F-A1-PORTSCAN-V-03,PortScan,PortScan,RF-v4,0.022462684358732367,0.02456998804013236,0.9529673276011341
5986,F-A1-PORTSCAN-V-03,PortScan,PortScan,RF-v4,0.024867423014224795,0.02445691884871638,0.9506756581370577
5987,F-A1-PORTSCAN-V-03,PortScan,PortScan,RF-v4,0.022462684358732367,0.02456998804013236,0.9529673276011341
5988,F-A1-PORTSCAN-V-03,PortScan,PortScan,RF-v4,0.022462684358732367,0.02456998804013236,0.9529673276011341
5989,F-A1-PORTSCAN-V-03,PortScan,PortScan,RF-v4,0.02455063355411335,0.02445691884871638,0.950992447597169
5990,F-A1-PORTSCAN-V-03,PortScan,PortScan,RF-v4,0.022462684358732367,0.02456998804013236,0.9529673276011341
5991,F-A1-PORTSCAN-V-03,PortScan,PortScan,RF-v4,0.024867423014224795,0.02445691884871638,0.9506756581370577
5992,F-A1-PORTSCAN-V-03,PortScan,PortScan,RF-v4,0.024867423014224795,0.02445691884871638,0.9506756581370577
5993,F-A1-PORTSCAN-V-03,PortScan,PortScan,RF-v4,0.02455063355411335,0.02533780622073003,0.9501115602251555
5994,F-A1-PORTSCAN-V-03,PortScan,PortScan,RF-v4,0.022462684358732367,0.02456998804013236,0.9529673276011341
5995,F-A1-PORTSCAN-V-03,PortScan,PortScan,RF-v4,0.022462684358732367,0.02456998804013236,0.9529673276011341
5996,F-A1-PORTSCAN-V-03,PortScan,PortScan,RF-v4,0.022462684358732367,0.02456998804013236,0.9529673276011341
5997,F-A1-PORTSCAN-V-03,PortScan,PortScan,RF-v4,0.022462684358732367,0.02456998804013236,0.9529673276011341
5998,F-A1-PORTSCAN-V-03,PortScan,PortScan,RF-v4,0.022462684358732367,0.02456998804013236,0.9529673276011341
