row_id,session_id,ground_truth_class,predicted_class,model_id,probability_Normal,probability_DDoS,probability_PortScan
0,F-A1-NORMAL-V-01-R1,Normal,Normal,RF-v3,0.5995198429616463,0.39422475506932275,0.0062554019690310055
1,F-A1-NORMAL-V-01-R1,Normal,Normal,RF-v3,0.9432827421703618,0.05660102547438884,0.00011623235524930599
2,F-A1-NORMAL-V-01-R1,Normal,Normal,RF-v3,0.9870045202016365,0.004788929590339676,0.008206550208023586
3,F-A1-NORMAL-V-01-R1,Normal,Normal,RF-v3,0.9590198645191016,0.04096157684627219,1.855863462625439e-05
4,F-A1-NORMAL-V-01-R1,Normal,Normal,RF-v3,0.9870045202016365,0.004788929590339676,0.008206550208023586
5,F-A1-NORMAL-V-01-R1,Normal,Normal,RF-v3,0.9776548505926731,0.021063246774852506,0.0012819026324742263
6,F-A1-NORMAL-V-01-R1,Normal,Normal,RF-v3,0.9870045202016365,0.004788929590339676,0.008206550208023586
7,F-A1-NORMAL-V-01-R1,Normal,Normal,RF-v3,0.922297481735829,0.07768395962954495,1.855863462625439e-05
8,F-A1-NORMAL-V-01-R1,Normal,Normal,RF-v3,0.9869445482736029,0.004788929590339676,0.008266522136057273
9,F-A1-NORMAL-V-01-R1,Normal,Normal,RF-v3,0.9935828421866374,0.006162926316123319,0.00025423149723938
10,F-A1-NORMAL-V-01-R1,Normal,Normal,RF-v3,0.9870045202016365,0.004788929590339676,0.008206550208023586
11,F-A1-NORMAL-V-01-R1,Normal,Normal,RF-v3,0.9688069856696163,0.03082305382659868,0.0003699605037851329
12,F-A1-NORMAL-V-01-R1,Normal,Normal,RF-v3,0.9816167546707862,0.004788929590339676,0.013594315738873883
13,F-A1-NORMAL-V-01-R1,Normal,Normal,RF-v3,0.9488205208698982,0.0510632467748525,0.00011623235524930599
14,F-A1-NORMAL-V-01-R1,Normal,Normal,RF-v3,0.9869445482736029,0.004788929590339676,0.008266522136057273
15,F-A1-NORMAL-V-01-R1,Normal,Normal,RF-v3,0.9837154347164853,0.0160632467748525,0.0002213185086621438
16,F-A1-NORMAL-V-01-R1,Normal,Normal,RF-v3,0.9870045202016365,0.004788929590339676,0.008206550208023586
17,F-A1-NORMAL-V-01-R1,Normal,Normal,RF-v3,0.952496195966848,0.04605041098845625,0.001453393044695997
18,F-A1-NORMAL-V-01-R1,Normal,Normal,RF-v3,0.9866682474125008,0.004788929590339676,0.008542822997159288
19,F-A1-NORMAL-V-01-R1,Normal,Normal,RF-v3,0.9838531072697831,0.015809845215008868,0.0003370475152078967
20,F-A1-NORMAL-V-01-R1,Normal,Normal,RF-v3,0.9869445482736029,0.004788929590339676,0.008266522136057273
21,F-A1-NORMAL-V-01-R1,Normal,Normal,RF-v3,0.9934981814264126,0.006011914213734971,0.0004899043598525055
22,F-A1-NORMAL-V-01-R1,Normal,Normal,RF-v3,0.9446729736205944,0.03888748557365985,0.01643954080574516
23,F-A1-NORMAL-V-01-R1,Normal,Normal,RF-v3,0.9837754066445189,0.0160632467748525,0.00016134658062845746
24,F-A1-NORMAL-V-01-R1,Normal,Normal,RF-v3,0.9869445482736029,0.004788929590339676,0.008266522136057273
25,F-A1-NORMAL-V-01-R1,Normal,Normal,RF-v3,0.9603594979695719,0.03952426967517857,0.00011623235524930599
26,F-A1-NORMAL-V-01-R1,Normal,Normal,RF-v3,0.9869445482736029,0.004788929590339676,0.008266522136057273
27,F-A1-NORMAL-V-01-R1,Normal,Normal,RF-v3,0.9993137694622436,0.0004919709685507086,0.00019425956920569366
28,F-A1-NORMAL-V-01-R1,Normal,Normal,RF-v3,0.9870045202016365,0.004788929590339676,0.008206550208023586
29,F-A1-NORMAL-V-01-R1,Normal,Normal,RF-v3,0.9695776560490339,0.03040378531633998,1.855863462625439e-05
30,F-A1-NORMAL-V-01-R1,Normal,Normal,RF-v3,0.9870045202016365,0.004788929590339676,0.008206550208023586
31,F-A1-NORMAL-V-01-R1,Normal,Normal,RF-v3,0.9992738103646058,0.00047195813815483373,0.00025423149723938
32,F-A1-NORMAL-V-01-R1,Normal,Normal,RF-v3,0.9747263521418751,0.014919938373766518,0.010353709484358318
33,F-A1-NORMAL-V-01-R1,Normal,Normal,RF-v3,0.9383634040748915,0.06152036356985915,0.00011623235524930599
34,F-A1-NORMAL-V-01-R1,Normal,Normal,RF-v3,0.9869445482736029,0.004788929590339676,0.008266522136057273
35,F-A1-NORMAL-V-01-R1,Normal,Normal,RF-v3,0.9993111143636934,0.0006703270016806084,1.855863462625439e-05
36,F-A1-NORMAL-V-01-R1,Normal,Normal,RF-v3,0.9869445482736029,0.004788929590339676,0.008266522136057273
37,F-A1-NORMAL-V-01-R1,Normal,Normal,RF-v3,0.9589013422646571,0.04096157684627219,0.0001370808890708389
38,F-A1-NORMAL-V-01-R1,Normal,Normal,RF-v3,0.9861128393111163,0.004788929590339676,0.009098231098543762
39,F-A1-NORMAL-V-01-R1,Normal,Normal,RF-v3,0.9695398077642858,0.03044163360108792,1.855863462625439e-05
40,F-A1-NORMAL-V-01-R1,Normal,Normal,RF-v3,0.9869445482736029,0.004788929590339676,0.008266522136057273
41,F-A1-NORMAL-V-01-R1,Normal,Normal,RF-v3,0.9790020169995826,0.020860902111346624,0.0001370808890708389
42,F-A1-NORMAL-V-01-R1,Normal,Normal,RF-v3,0.9861410404186909,0.004936961086402669,0.008921998494906203
43,F-A1-NORMAL-V-01-R1,Normal,Normal,RF-v3,0.9930903517919465,0.006162926316123319,0.0007467218919302637
44,F-A1-NORMAL-V-01-R1,Normal,Normal,RF-v3,0.9870045202016365,0.004788929590339676,0.008206550208023586
45,F-A1-NORMAL-V-01-R1,Normal,Normal,RF-v3,0.9337359444191498,0.06610109505960045,0.0001629605212496837
46,F-A1-NORMAL-V-01-R1,Normal,Normal,RF-v3,0.9870045202016365,0.004788929590339676,0.008206550208023586
47,F-A1-NORMAL-V-01-R1,Normal,Normal,RF-v3,0.948939190549405,0.050923728561524245,0.0001370808890708389
48,F-A1-NORMAL-V-01-R1,Normal,Normal,RF-v3,0.9869445482736029,0.004788929590339676,0.008266522136057273
49,F-A1-NORMAL-V-01-R1,Normal,Normal,RF-v3,0.9478622903967969,0.05194345003399751,0.00019425956920569366
50,F-A1-NORMAL-V-01-R1,Normal,Normal,RF-v3,0.9869445482736029,0.004788929590339676,0.008266522136057273
51,F-A1-NORMAL-V-01-R1,Normal,Normal,RF-v3,0.9370532709059625,0.06292817045941153,1.855863462625439e-05
52,F-A1-NORMAL-V-01-R1,Normal,Normal,RF-v3,0.9870045202016365,0.004788929590339676,0.008206550208023586
53,F-A1-NORMAL-V-01-R1,Normal,Normal,RF-v3,0.9378095950526171,0.06182044444359789,0.0003699605037851329
54,F-A1-NORMAL-V-01-R1,Normal,Normal,RF-v3,0.9816167546707862,0.004788929590339676,0.013594315738873883
55,F-A1-NORMAL-V-01-R1,Normal,Normal,RF-v3,0.9894673467535372,0.010454122683802762,7.853056265994074e-05
56,F-A1-NORMAL-V-01-R1,Normal,Normal,RF-v3,0.981164332052831,0.004788929590339676,0.014046738356829163
57,F-A1-NORMAL-V-01-R1,Normal,Normal,RF-v3,0.9337826725851501,0.06610109505960045,0.00011623235524930599
58,F-A1-NORMAL-V-01-R1,Normal,Normal,RF-v3,0.9870045202016365,0.004788929590339676,0.008206550208023586
59,F-A1-NORMAL-V-01-R1,Normal,Normal,RF-v3,0.8188337117046858,0.1716980559660922,0.009468232329226223
60,F-A1-NORMAL-V-02,Normal,Normal,RF-v3,0.9376913910440545,0.062290050321319373,1.855863462625439e-05
61,F-A1-NORMAL-V-02,Normal,Normal,RF-v3,0.9749399213043672,0.014822583727282535,0.01023749496835012
62,F-A1-NORMAL-V-02,Normal,Normal,RF-v3,0.9487019986154536,0.0510632467748525,0.00023475460969389053
63,F-A1-NORMAL-V-02,Normal,Normal,RF-v3,0.9870045202016365,0.004788929590339676,0.008206550208023586
64,F-A1-NORMAL-V-02,Normal,Normal,RF-v3,0.9788345290239513,0.020911239478809403,0.00025423149723938
65,F-A1-NORMAL-V-02,Normal,Normal,RF-v3,0.9870045202016365,0.004788929590339676,0.008206550208023586
66,F-A1-NORMAL-V-02,Normal,Normal,RF-v3,0.9984802664798225,0.0011790677514847538,0.0003406657686926543
67,F-A1-NORMAL-V-02,Normal,Normal,RF-v3,0.9870045202016365,0.004788929590339676,0.008206550208023586
68,F-A1-NORMAL-V-02,Normal,Normal,RF-v3,0.9684559595481823,0.0312521071619888,0.00029193328982874523
69,F-A1-NORMAL-V-02,Normal,Normal,RF-v3,0.9749399213043672,0.014822583727282535,0.01023749496835012
70,F-A1-NORMAL-V-02,Normal,Normal,RF-v3,0.9744212855098412,0.025441633601087924,0.0001370808890708389
71,F-A1-NORMAL-V-02,Normal,Normal,RF-v3,0.9869445482736029,0.004788929590339676,0.008266522136057273
72,F-A1-NORMAL-V-02,Normal,Normal,RF-v3,0.9791205392540272,0.020860902111346624,1.855863462625439e-05
73,F-A1-NORMAL-V-02,Normal,Normal,RF-v3,0.9870045202016365,0.004788929590339676,0.008206550208023586
74,F-A1-NORMAL-V-02,Normal,Normal,RF-v3,0.9635391195364329,0.036207105175093596,0.00025377528847359693
75,F-A1-NORMAL-V-02,Normal,Normal,RF-v3,0.9870045202016365,0.004788929590339676,0.008206550208023586
76,F-A1-NORMAL-V-02,Normal,Normal,RF-v3,0.9745398077642858,0.025441633601087924,1.855863462625439e-05
77,F-A1-NORMAL-V-02,Normal,Normal,RF-v3,0.9870045202016365,0.004788929590339676,0.008206550208023586
78,F-A1-NORMAL-V-02,Normal,Normal,RF-v3,0.9640709418234163,0.03581282582133422,0.00011623235524930599
79,F-A1-NORMAL-V-02,Normal,Normal,RF-v3,0.9870045202016365,0.004788929590339676,0.008206550208023586
80,F-A1-NORMAL-V-02,Normal,Normal,RF-v3,0.938454749451603,0.06136964286115077,0.0001756076872461302
81,F-A1-NORMAL-V-02,Normal,Normal,RF-v3,0.9866682474125008,0.004788929590339676,0.008542822997159288
82,F-A1-NORMAL-V-02,Normal,Normal,RF-v3,0.9585718850427084,0.03982918785863246,0.0015989270986592615
83,F-A1-NORMAL-V-02,Normal,Normal,RF-v3,0.980510117611152,0.004888600887126868,0.014601281501720877
84,F-A1-NORMAL-V-02,Normal,Normal,RF-v3,0.9641427359118606,0.03581282582133422,4.443826680509916e-05
85,F-A1-NORMAL-V-02,Normal,Normal,RF-v3,0.9500933536327777,0.03471681819052599,0.015189828176695867
86,F-A1-NORMAL-V-02,Normal,Normal,RF-v3,0.99925379753421,0.0004919709685507086,0.00025423149723938
87,F-A1-NORMAL-V-02,Normal,Normal,RF-v3,0.9861410404186909,0.004936961086402669,0.008921998494906203
88,F-A1-NORMAL-V-02,Normal,Normal,RF-v3,0.9993137694622436,0.0004919709685507086,0.00019425956920569366
89,F-A1-NORMAL-V-02,Normal,Normal,RF-v3,0.9870045202016365,0.004788929590339676,0.008206550208023586
90,F-A1-NORMAL-V-02,Normal,Normal,RF-v3,0.9288708582373608,0.07101290940738973,0.00011623235524930599
91,F-A1-NORMAL-V-02,Normal,Normal,RF-v3,0.9816167546707862,0.004788929590339676,0.013594315738873883
92,F-A1-NORMAL-V-02,Normal,Normal,RF-v3,0.9590702018865644,0.040911239478809404,1.855863462625439e-05
93,F-A1-NORMAL-V-02,Normal,Normal,RF-v3,0.9870045202016365,0.004788929590339676,0.008206550208023586
94,F-A1-NORMAL-V-02,Normal,Normal,RF-v3,0.9841347032267439,0.015643978264593805,0.0002213185086621438
95,F-A1-NORMAL-V-02,Normal,Normal,RF-v3,0.933982101279148,0.03708368325845396,0.028934215462397824
96,F-A1-NORMAL-V-02,Normal,Normal,RF-v3,0.9383634040748915,0.06152036356985915,0.00011623235524930599
97,F-A1-NORMAL-V-02,Normal,Normal,RF-v3,0.9859661663471124,0.005086371991071653,0.00894746166181572
98,F-A1-NORMAL-V-02,Normal,Normal,RF-v3,0.9538718330230387,0.046109608342335184,1.855863462625439e-05
99,F-A1-NORMAL-V-02,Normal,Normal,RF-v3,0.9706778735476397,0.0077065412279912,0.02161558522436876
100,F-A1-NORMAL-V-02,Normal,Normal,RF-v3,0.9476540607158337,0.05217033159692022,0.0001756076872461302
101,F-A1-NORMAL-V-02,Normal,Normal,RF-v3,0.9866167546707862,0.004788929590339676,0.008594315738873886
102,F-A1-NORMAL-V-02,Normal,Normal,RF-v3,0.9894894703968231,0.01049197096855071,1.855863462625439e-05
103,F-A1-NORMAL-V-02,Normal,Normal,RF-v3,0.9869445482736029,0.004788929590339676,0.008266522136057273
104,F-A1-NORMAL-V-02,Normal,Normal,RF-v3,0.9592104396287676,0.04077100173660617,1.855863462625439e-05
105,F-A1-NORMAL-V-02,Normal,Normal,RF-v3,0.9870045202016365,0.004788929590339676,0.008206550208023586
106,F-A1-NORMAL-V-02,Normal,Normal,RF-v3,0.9836568843900743,0.0160632467748525,0.000279868835073042
107,F-A1-NORMAL-V-02,Normal,Normal,RF-v3,0.9870045202016365,0.004788929590339676,0.008206550208023586
108,F-A1-NORMAL-V-02,Normal,Normal,RF-v3,0.9385067973489107,0.05992557460038583,0.0015676280507032519
109,F-A1-NORMAL-V-02,Normal,Normal,RF-v3,0.9866053297058072,0.004788929590339676,0.00860574070385288
110,F-A1-NORMAL-V-02,Normal,Normal,RF-v3,0.9994495112991854,0.00047195813815483373,7.853056265994074e-05
111,F-A1-NORMAL-V-02,Normal,Normal,RF-v3,0.9870045202016365,0.004788929590339676,0.008206550208023586
112,F-A1-NORMAL-V-02,Normal,Normal,RF-v3,0.953232404802899,0.04665136284185162,0.00011623235524930599
113,F-A1-NORMAL-V-02,Normal,Normal,RF-v3,0.9869445482736029,0.004788929590339676,0.008266522136057273
114,F-A1-NORMAL-V-02,Normal,Normal,RF-v3,0.9687592972478779,0.030900036983429295,0.0003406657686926543
115,F-A1-NORMAL-V-02,Normal,Normal,RF-v3,0.9870045202016365,0.004788929590339676,0.008206550208023586
116,F-A1-NORMAL-V-02,Normal,Normal,RF-v3,0.9940161930374662,0.005762488453871442,0.0002213185086621438
117,F-A1-NORMAL-V-02,Normal,Normal,RF-v3,0.9869445482736029,0.004788929590339676,0.008266522136057273
118,F-A1-NORMAL-V-02,Normal,Normal,RF-v3,0.48581313258505476,0.47138400872188363,0.04280285869306164
119,F-A1-NORMAL-V-02,Normal,Normal,RF-v3,0.9870045202016365,0.004788929590339676,0.008206550208023586
120,F-A1-NORMAL-V-03,Normal,Normal,RF-v3,0.9324971165944876,0.06593096810637199,0.0015719152991405816
121,F-A1-NORMAL-V-03,Normal,Normal,RF-v3,0.9866167546707862,0.004788929590339676,0.008594315738873886
122,F-A1-NORMAL-V-03,Normal,Normal,RF-v3,0.9370532709059625,0.06292817045941153,1.855863462625439e-05
123,F-A1-NORMAL-V-03,Normal,Normal,RF-v3,0.9870045202016365,0.004788929590339676,0.008206550208023586
124,F-A1-NORMAL-V-03,Normal,Normal,RF-v3,0.9425858103222892,0.056591405284733394,0.0008227843929774416
125,F-A1-NORMAL-V-03,Normal,Normal,RF-v3,0.9859661663471124,0.005086371991071653,0.00894746166181572
126,F-A1-NORMAL-V-03,Normal,Normal,RF-v3,0.9745756175733089,0.02476356037179426,0.0006608220548965287
127,F-A1-NORMAL-V-03,Normal,Normal,RF-v3,0.9870045202016365,0.004788929590339676,0.008206550208023586
128,F-A1-NORMAL-V-03,Normal,Normal,RF-v3,0.983387511582938,0.01633179457640282,0.000280693840658968
129,F-A1-NORMAL-V-03,Normal,Normal,RF-v3,0.9869445482736029,0.004788929590339676,0.008266522136057273
130,F-A1-NORMAL-V-03,Normal,Normal,RF-v3,0.9887585431212169,0.011162926316123319,7.853056265994074e-05
131,F-A1-NORMAL-V-03,Normal,Normal,RF-v3,0.9867646324895017,0.004788929590339676,0.008446437920158333
132,F-A1-NORMAL-V-03,Normal,Normal,RF-v3,0.9940025826564316,0.005732163916804533,0.0002652534267636899
133,F-A1-NORMAL-V-03,Normal,Normal,RF-v3,0.9859661663471124,0.005086371991071653,0.00894746166181572
134,F-A1-NORMAL-V-03,Normal,Normal,RF-v3,0.9804124061441435,0.019438069435638444,0.00014952442021793697
135,F-A1-NORMAL-V-03,Normal,Normal,RF-v3,0.9870045202016365,0.004788929590339676,0.008206550208023586
136,F-A1-NORMAL-V-03,Normal,Normal,RF-v3,0.9988081896133697,0.0009105199499344323,0.0002812904366958301
137,F-A1-NORMAL-V-03,Normal,Normal,RF-v3,0.9869445482736029,0.004788929590339676,0.008266522136057273
138,F-A1-NORMAL-V-03,Normal,Normal,RF-v3,0.9887841916564885,0.01096157684627219,0.00025423149723938
139,F-A1-NORMAL-V-03,Normal,Normal,RF-v3,0.9867646324895017,0.004788929590339676,0.008446437920158333
140,F-A1-NORMAL-V-03,Normal,Normal,RF-v3,0.9986521703627241,0.0008801954128675246,0.0004676342244081845
141,F-A1-NORMAL-V-03,Normal,Normal,RF-v3,0.9867646324895017,0.004788929590339676,0.008446437920158333
142,F-A1-NORMAL-V-03,Normal,Normal,RF-v3,0.9987827570719244,0.0008801954128675246,0.0003370475152078967
143,F-A1-NORMAL-V-03,Normal,Normal,RF-v3,0.9446729736205944,0.03888748557365985,0.01643954080574516
144,F-A1-NORMAL-V-03,Normal,Normal,RF-v3,0.948492597736351,0.05133179457640282,0.0001756076872461302
145,F-A1-NORMAL-V-03,Normal,Normal,RF-v3,0.9869445482736029,0.004788929590339676,0.008266522136057273
146,F-A1-NORMAL-V-03,Normal,Normal,RF-v3,0.9791205392540272,0.020860902111346624,1.855863462625439e-05
147,F-A1-NORMAL-V-03,Normal,Normal,RF-v3,0.9711016604692481,0.007428534242007741,0.021469805288743937
148,F-A1-NORMAL-V-03,Normal,Normal,RF-v3,0.9381580163154507,0.06182342504992325,1.855863462625439e-05
149,F-A1-NORMAL-V-03,Normal,Normal,RF-v3,0.9870045202016365,0.004788929590339676,0.008206550208023586
150,F-A1-NORMAL-V-03,Normal,Normal,RF-v3,0.985053062346308,0.014725619145029699,0.0002213185086621438
151,F-A1-NORMAL-V-03,Normal,Normal,RF-v3,0.9870045202016365,0.004788929590339676,0.008206550208023586
152,F-A1-NORMAL-V-03,Normal,Normal,RF-v3,0.9483340422583355,0.05152887685259388,0.0001370808890708389
153,F-A1-NORMAL-V-03,Normal,Normal,RF-v3,0.9870045202016365,0.004788929590339676,0.008206550208023586
154,F-A1-NORMAL-V-03,Normal,Normal,RF-v3,0.9634615005664591,0.03508939363728216,0.0014491057962586673
155,F-A1-NORMAL-V-03,Normal,Normal,RF-v3,0.9870045202016365,0.004788929590339676,0.008206550208023586
156,F-A1-NORMAL-V-03,Normal,Normal,RF-v3,0.9899960710245996,0.009722638538704344,0.0002812904366958301
157,F-A1-NORMAL-V-03,Normal,Normal,RF-v3,0.9870045202016365,0.004788929590339676,0.008206550208023586
158,F-A1-NORMAL-V-03,Normal,Normal,RF-v3,0.9311694251432071,0.06881201622216691,1.855863462625439e-05
159,F-A1-NORMAL-V-03,Normal,Normal,RF-v3,0.9870045202016365,0.004788929590339676,0.008206550208023586
160,F-A1-NORMAL-V-03,Normal,Normal,RF-v3,0.9938441635845221,0.005961576846272191,0.00019425956920569366
161,F-A1-NORMAL-V-03,Normal,Normal,RF-v3,0.9870045202016365,0.004788929590339676,0.008206550208023586
162,F-A1-NORMAL-V-03,Normal,Normal,RF-v3,0.9738684909241394,0.025790843307167938,0.0003406657686926543
163,F-A1-NORMAL-V-03,Normal,Normal,RF-v3,0.9444468138062686,0.03888748557365985,0.016665700620071146
164,F-A1-NORMAL-V-03,Normal,Normal,RF-v3,0.9692071642374924,0.03063148918187897,0.00016134658062845746
165,F-A1-NORMAL-V-03,Normal,Normal,RF-v3,0.9870045202016365,0.004788929590339676,0.008206550208023586
166,F-A1-NORMAL-V-03,Normal,Normal,RF-v3,0.9797104808222459,0.020218525320195902,7.099385755799623e-05
167,F-A1-NORMAL-V-03,Normal,Normal,RF-v3,0.9506620172707302,0.03461831883859077,0.01471966389067874
168,F-A1-NORMAL-V-03,Normal,Normal,RF-v3,0.9799527169941185,0.019706617237188768,0.0003406657686926544
169,F-A1-NORMAL-V-03,Normal,Normal,RF-v3,0.9870045202016365,0.004788929590339676,0.008206550208023586
170,F-A1-NORMAL-V-03,Normal,Normal,RF-v3,0.9885306038472854,0.011128730384021972,0.0003406657686926543
171,F-A1-NORMAL-V-03,Normal,Normal,RF-v3,0.9866682474125008,0.004788929590339676,0.008542822997159288
172,F-A1-NORMAL-V-03,Normal,Normal,RF-v3,0.9538205208698982,0.0460632467748525,0.00011623235524930599
173,F-A1-NORMAL-V-03,Normal,Normal,RF-v3,0.9500933536327777,0.03471681819052599,0.015189828176695867
174,F-A1-NORMAL-V-03,Normal,Normal,RF-v3,0.9684559595481823,0.0312521071619888,0.00029193328982874523
175,F-A1-NORMAL-V-03,Normal,Normal,RF-v3,0.9870045202016365,0.004788929590339676,0.008206550208023586
176,F-A1-NORMAL-V-03,Normal,Normal,RF-v3,0.9584311760293922,0.040119718174349076,0.0014491057962586673
177,F-A1-NORMAL-V-03,Normal,Normal,RF-v3,0.9870045202016365,0.004788929590339676,0.008206550208023586
178,F-A1-NORMAL-V-03,Normal,Normal,RF-v3,0.9933805207857364,0.006282431699055704,0.0003370475152078967
179,F-A1-NORMAL-V-03,Normal,Normal,RF-v3,0.9870045202016365,0.004788929590339676,0.008206550208023586
180,F-A1-DDOSLIKE-V-01,DDoS,Normal,RF-v3,0.9544294984687893,0.04549197096855071,7.853056265994074e-05
181,F-A1-DDOSLIKE-V-01,DDoS,Normal,RF-v3,0.9481655794970263,0.05148251528511119,0.00035190521786243156
182,F-A1-DDOSLIKE-V-01,DDoS,Normal,RF-v3,0.9811128393111165,0.004788929590339676,0.014098231098543761
183,F-A1-DDOSLIKE-V-01,DDoS,Normal,RF-v3,0.9866053297058072,0.004788929590339676,0.00860574070385288
184,F-A1-DDOSLIKE-V-01,DDoS,Normal,RF-v3,0.948584848007285,0.0510632467748525,0.00035190521786243156
185,F-A1-DDOSLIKE-V-01,DDoS,Normal,RF-v3,0.9422355820824144,0.056482515285111196,0.0012819026324742263
186,F-A1-DDOSLIKE-V-01,DDoS,Normal,RF-v3,0.9808615194803109,0.004888600887126868,0.014249879632562
187,F-A1-DDOSLIKE-V-01,DDoS,Normal,RF-v3,0.9756778735476397,0.005427311273911368,0.018894815178448578
188,F-A1-DDOSLIKE-V-01,DDoS,Normal,RF-v3,0.9134012523596394,0.0864825152851112,0.00011623235524930599
189,F-A1-DDOSLIKE-V-01,DDoS,Normal,RF-v3,0.9790493294348337,0.00514930428792791,0.015801366277238077
190,F-A1-DDOSLIKE-V-01,DDoS,Normal,RF-v3,0.8916933390109709,0.10828810235440299,1.855863462625439e-05
191,F-A1-DDOSLIKE-V-01,DDoS,Normal,RF-v3,0.9438844621714318,0.055775697065461254,0.0003398407631067283
192,F-A1-DDOSLIKE-V-01,DDoS,Normal,RF-v3,0.9427626848861528,0.056482515285111196,0.0007547998287359088
193,F-A1-DDOSLIKE-V-01,DDoS,Normal,RF-v3,0.9808615194803109,0.004888600887126868,0.014249879632562
194,F-A1-DDOSLIKE-V-01,DDoS,Normal,RF-v3,0.9797826025998116,0.00514930428792791,0.015068093112260207
195,F-A1-DDOSLIKE-V-01,DDoS,Normal,RF-v3,0.9138718330230386,0.08610960834233518,1.855863462625439e-05
196,F-A1-DDOSLIKE-V-01,DDoS,Normal,RF-v3,0.9794056181349978,0.005477648641374151,0.01511673322362769
197,F-A1-DDOSLIKE-V-01,DDoS,Normal,RF-v3,0.9236457947209965,0.07615994570979798,0.00019425956920569366
198,F-A1-DDOSLIKE-V-01,DDoS,Normal,RF-v3,0.9806858185457316,0.004888600887126868,0.014425580567141438
199,F-A1-DDOSLIKE-V-01,DDoS,Normal,RF-v3,0.9480498504904805,0.05148251528511119,0.0004676342244081845
200,F-A1-DDOSLIKE-V-01,DDoS,Normal,RF-v3,0.9720866412586298,0.007428534242007741,0.020484824499362165
201,F-A1-DDOSLIKE-V-01,DDoS,Normal,RF-v3,0.9083867585676625,0.09146351337727027,0.00014972805506728544
202,F-A1-DDOSLIKE-V-01,DDoS,Normal,RF-v3,0.9806858185457316,0.004888600887126868,0.014425580567141438
203,F-A1-DDOSLIKE-V-01,DDoS,Normal,RF-v3,0.963774376999384,0.03561998963421782,0.0006056333663982584
204,F-A1-DDOSLIKE-V-01,DDoS,Normal,RF-v3,0.9440605673259935,0.05586090211134663,7.853056265994074e-05
205,F-A1-DDOSLIKE-V-01,DDoS,Normal,RF-v3,0.9811128393111165,0.004788929590339676,0.014098231098543761
206,F-A1-DDOSLIKE-V-01,DDoS,Normal,RF-v3,0.9806858185457316,0.004888600887126868,0.014425580567141438
207,F-A1-DDOSLIKE-V-01,DDoS,Normal,RF-v3,0.8974545124796962,0.1025269288856775,1.855863462625439e-05
208,F-A1-DDOSLIKE-V-01,DDoS,Normal,RF-v3,0.9068479480366974,0.09232926757032522,0.0008227843929774416
209,F-A1-DDOSLIKE-V-01,DDoS,Normal,RF-v3,0.9806858185457316,0.004888600887126868,0.014425580567141438
210,F-A1-DDOSLIKE-V-01,DDoS,Normal,RF-v3,0.9340166056002585,0.06563148918187897,0.00035190521786243156
211,F-A1-DDOSLIKE-V-01,DDoS,Normal,RF-v3,0.9816059353192257,0.004888600887126868,0.013505463793647133
212,F-A1-DDOSLIKE-V-01,DDoS,Normal,RF-v3,0.9240198645191016,0.0759615768462722,1.855863462625439e-05
213,F-A1-DDOSLIKE-V-01,DDoS,Normal,RF-v3,0.9864296287712279,0.004788929590339676,0.008781441638432318
214,F-A1-DDOSLIKE-V-01,DDoS,Normal,RF-v3,0.9521134302185303,0.04663054678117419,0.0012560230002953818
215,F-A1-DDOSLIKE-V-01,DDoS,Normal,RF-v3,0.9510209849931016,0.047619085160467894,0.0013599298464306141
216,F-A1-DDOSLIKE-V-01,DDoS,Normal,RF-v3,0.9806858185457316,0.004888600887126868,0.014425580567141438
217,F-A1-DDOSLIKE-V-01,DDoS,Normal,RF-v3,0.9754518352455974,0.005477648641374151,0.019070516113028017
218,F-A1-DDOSLIKE-V-01,DDoS,Normal,RF-v3,0.9067976106692346,0.09237960493778802,0.0008227843929774416
219,F-A1-DDOSLIKE-V-01,DDoS,Normal,RF-v3,0.9813785260475825,0.004888600887126868,0.013732873065290429
220,F-A1-DDOSLIKE-V-01,DDoS,Normal,RF-v3,0.908269533558772,0.09161423408597864,0.00011623235524930599
221,F-A1-DDOSLIKE-V-01,DDoS,Normal,RF-v3,0.9806858185457316,0.004888600887126868,0.014425580567141438
222,F-A1-DDOSLIKE-V-01,DDoS,Normal,RF-v3,0.9083364212001996,0.09151385074473303,0.00014972805506728544
223,F-A1-DDOSLIKE-V-01,DDoS,Normal,RF-v3,0.9806858185457316,0.004888600887126868,0.014425580567141438
224,F-A1-DDOSLIKE-V-01,DDoS,Normal,RF-v3,0.9134925977363512,0.08633179457640283,0.0001756076872461302
225,F-A1-DDOSLIKE-V-01,DDoS,Normal,RF-v3,0.9864296287712279,0.004788929590339676,0.008781441638432318
226,F-A1-DDOSLIKE-V-01,DDoS,Normal,RF-v3,0.9087146817012095,0.09119496557571993,9.035272307046122e-05
227,F-A1-DDOSLIKE-V-01,DDoS,Normal,RF-v3,0.9806858185457316,0.004888600887126868,0.014425580567141438
228,F-A1-DDOSLIKE-V-01,DDoS,Normal,RF-v3,0.9134012523596394,0.0864825152851112,0.00011623235524930599
229,F-A1-DDOSLIKE-V-01,DDoS,Normal,RF-v3,0.9242155909390851,0.041642143166613625,0.03414226589430113
230,F-A1-DDOSLIKE-V-01,DDoS,Normal,RF-v3,0.9491347032267439,0.050643978264593804,0.0002213185086621438
231,F-A1-DDOSLIKE-V-01,DDoS,Normal,RF-v3,0.9861128393111163,0.004788929590339676,0.009098231098543762
232,F-A1-DDOSLIKE-V-01,DDoS,Normal,RF-v3,0.9136643443337468,0.08624530294318271,9.035272307046122e-05
233,F-A1-DDOSLIKE-V-01,DDoS,Normal,RF-v3,0.9806858185457316,0.004888600887126868,0.014425580567141438
234,F-A1-DDOSLIKE-V-01,DDoS,Normal,RF-v3,0.908490412797528,0.09149102856784594,1.855863462625439e-05
235,F-A1-DDOSLIKE-V-01,DDoS,Normal,RF-v3,0.9815542269821619,0.004888600887126868,0.01355717213071099
236,F-A1-DDOSLIKE-V-01,DDoS,Normal,RF-v3,0.8984547494516031,0.10136964286115077,0.0001756076872461302
237,F-A1-DDOSLIKE-V-01,DDoS,Normal,RF-v3,0.9651336003358447,0.014423011632934713,0.02044338803122035
238,F-A1-DDOSLIKE-V-01,DDoS,Normal,RF-v3,0.9144221308958014,0.08522656048237304,0.0003513086218255694
239,F-A1-DDOSLIKE-V-01,DDoS,Normal,RF-v3,0.9811128393111165,0.004788929590339676,0.014098231098543761
240,F-A1-DDOSLIKE-V-01,DDoS,Normal,RF-v3,0.9451649111211198,0.054438069435638455,0.000397019443241583
241,F-A1-DDOSLIKE-V-01,DDoS,Normal,RF-v3,0.981164332052831,0.004788929590339676,0.014046738356829163
242,F-A1-DDOSLIKE-V-01,DDoS,Normal,RF-v3,0.9067597301519471,0.09287030934426774,0.00036996050378513293
243,F-A1-DDOSLIKE-V-01,DDoS,Normal,RF-v3,0.975627536180177,0.005477648641374151,0.018894815178448578
244,F-A1-DDOSLIKE-V-01,DDoS,Normal,RF-v3,0.9183650492304112,0.07644069120038316,0.0051942595692056935
245,F-A1-DDOSLIKE-V-01,DDoS,Normal,RF-v3,0.9756778735476397,0.005427311273911368,0.018894815178448578
246,F-A1-DDOSLIKE-V-01,DDoS,Normal,RF-v3,0.9392450125222404,0.06059364089713102,0.00016134658062845746
247,F-A1-DDOSLIKE-V-01,DDoS,Normal,RF-v3,0.9806858185457316,0.004888600887126868,0.014425580567141438
248,F-A1-DDOSLIKE-V-01,DDoS,Normal,RF-v3,0.9235079420711649,0.07612209742505002,0.0003699605037851329
249,F-A1-DDOSLIKE-V-01,DDoS,Normal,RF-v3,0.9129819838493808,0.08690178379536989,0.00011623235524930599
250,F-A1-DDOSLIKE-V-01,DDoS,Normal,RF-v3,0.975627536180177,0.005477648641374151,0.018894815178448578
251,F-A1-DDOSLIKE-V-01,DDoS,Normal,RF-v3,0.9754518352455974,0.005477648641374151,0.019070516113028017
252,F-A1-DDOSLIKE-V-01,DDoS,Normal,RF-v3,0.9480136412084265,0.051645693022880884,0.0003406657686926543
253,F-A1-DDOSLIKE-V-01,DDoS,Normal,RF-v3,0.9811128393111165,0.004788929590339676,0.014098231098543761
254,F-A1-DDOSLIKE-V-01,DDoS,Normal,RF-v3,0.9642511424356596,0.0356703270016806,7.853056265994074e-05
255,F-A1-DDOSLIKE-V-01,DDoS,Normal,RF-v3,0.9808615194803109,0.004888600887126868,0.014249879632562
256,F-A1-DDOSLIKE-V-01,DDoS,Normal,RF-v3,0.9361518836371939,0.06185966169260375,0.001988454670202362
257,F-A1-DDOSLIKE-V-01,DDoS,Normal,RF-v3,0.9806858185457316,0.004888600887126868,0.014425580567141438
258,F-A1-DDOSLIKE-V-01,DDoS,Normal,RF-v3,0.9387368348953511,0.061008933607409624,0.00025423149723938
259,F-A1-DDOSLIKE-V-01,DDoS,Normal,RF-v3,0.9811128393111165,0.004788929590339676,0.014098231098543761
260,F-A1-DDOSLIKE-V-01,DDoS,Normal,RF-v3,0.9188718330230387,0.08110960834233519,1.855863462625439e-05
261,F-A1-DDOSLIKE-V-01,DDoS,Normal,RF-v3,0.9242155909390851,0.041642143166613625,0.03414226589430113
262,F-A1-DDOSLIKE-V-01,DDoS,Normal,RF-v3,0.9394798358362522,0.060441633601087924,7.853056265994074e-05
263,F-A1-DDOSLIKE-V-01,DDoS,Normal,RF-v3,0.9811128393111165,0.004788929590339676,0.014098231098543761
264,F-A1-DDOSLIKE-V-01,DDoS,Normal,RF-v3,0.944777016059539,0.054706617237188775,0.0005163667032720936
265,F-A1-DDOSLIKE-V-01,DDoS,Normal,RF-v3,0.9811128393111165,0.004788929590339676,0.014098231098543761
266,F-A1-DDOSLIKE-V-01,DDoS,Normal,RF-v3,0.9189096813077866,0.08107176005758725,1.855863462625439e-05
267,F-A1-DDOSLIKE-V-01,DDoS,Normal,RF-v3,0.9806858185457316,0.004888600887126868,0.014425580567141438
268,F-A1-DDOSLIKE-V-01,DDoS,Normal,RF-v3,0.9084515897271023,0.09143217791764842,0.00011623235524930599
269,F-A1-DDOSLIKE-V-01,DDoS,Normal,RF-v3,0.9811128393111165,0.004788929590339676,0.014098231098543761
270,F-A1-DDOSLIKE-V-01,DDoS,Normal,RF-v3,0.9240198645191016,0.0759615768462722,1.855863462625439e-05
271,F-A1-DDOSLIKE-V-01,DDoS,Normal,RF-v3,0.9144094373628849,0.03887116380536768,0.04671939883174711
272,F-A1-DDOSLIKE-V-01,DDoS,Normal,RF-v3,0.9286316604827618,0.07125210716198879,0.00011623235524930599
273,F-A1-DDOSLIKE-V-01,DDoS,Normal,RF-v3,0.9866053297058072,0.004788929590339676,0.00860574070385288
274,F-A1-DDOSLIKE-V-01,DDoS,Normal,RF-v3,0.9482255514250599,0.05148251528511119,0.00029193328982874523
275,F-A1-DDOSLIKE-V-01,DDoS,Normal,RF-v3,0.9806858185457316,0.004888600887126868,0.014425580567141438
276,F-A1-DDOSLIKE-V-01,DDoS,Normal,RF-v3,0.9126485774242729,0.08733286394110112,1.855863462625439e-05
277,F-A1-DDOSLIKE-V-01,DDoS,Normal,RF-v3,0.9799583035343912,0.00514930428792791,0.014892392177680768
278,F-A1-DDOSLIKE-V-01,DDoS,Normal,RF-v3,0.940236705209564,0.05943806943563845,0.0003252253547973762
279,F-A1-DDOSLIKE-V-01,DDoS,Normal,RF-v3,0.981164332052831,0.004788929590339676,0.014046738356829163
280,F-A1-DDOSLIKE-V-01,DDoS,Normal,RF-v3,0.911801219870697,0.08732926757032523,0.0008695125589778192
281,F-A1-DDOSLIKE-V-01,DDoS,Normal,RF-v3,0.933982101279148,0.03708368325845396,0.028934215462397824
282,F-A1-DDOSLIKE-V-01,DDoS,Normal,RF-v3,0.9138205208698982,0.0860632467748525,0.00011623235524930599
283,F-A1-DDOSLIKE-V-01,DDoS,Normal,RF-v3,0.9866053297058072,0.004788929590339676,0.00860574070385288
284,F-A1-DDOSLIKE-V-01,DDoS,Normal,RF-v3,0.9291080501713124,0.07087339119406147,1.855863462625439e-05
285,F-A1-DDOSLIKE-V-01,DDoS,Normal,RF-v3,0.9806858185457316,0.004888600887126868,0.014425580567141438
286,F-A1-DDOSLIKE-V-01,DDoS,Normal,RF-v3,0.9136340197966798,0.08627562748024963,9.035272307046122e-05
287,F-A1-DDOSLIKE-V-01,DDoS,Normal,RF-v3,0.9780716220480116,0.00514930428792791,0.016779073664060225
288,F-A1-DDOSLIKE-V-01,DDoS,Normal,RF-v3,0.9082954131909509,0.09161423408597864,9.035272307046122e-05
289,F-A1-DDOSLIKE-V-01,DDoS,Normal,RF-v3,0.9806858185457316,0.004888600887126868,0.014425580567141438
290,F-A1-DDOSLIKE-V-01,DDoS,Normal,RF-v3,0.9181893482958317,0.07644069120038316,0.0053699605037851325
291,F-A1-DDOSLIKE-V-01,DDoS,Normal,RF-v3,0.9813785260475825,0.004888600887126868,0.013732873065290429
292,F-A1-DDOSLIKE-V-01,DDoS,Normal,RF-v3,0.9486162214559628,0.05091252606614413,0.00047125247789294215
293,F-A1-DDOSLIKE-V-01,DDoS,Normal,RF-v3,0.9797826025998116,0.00514930428792791,0.015068093112260207
294,F-A1-DDOSLIKE-V-01,DDoS,Normal,RF-v3,0.9451649111211198,0.054438069435638455,0.000397019443241583
295,F-A1-DDOSLIKE-V-01,DDoS,Normal,RF-v3,0.9811128393111165,0.004788929590339676,0.014098231098543761
296,F-A1-DDOSLIKE-V-01,DDoS,Normal,RF-v3,0.9487754066445189,0.0510632467748525,0.00016134658062845746
297,F-A1-DDOSLIKE-V-01,DDoS,Normal,RF-v3,0.9811128393111165,0.004788929590339676,0.014098231098543761
298,F-A1-DDOSLIKE-V-01,DDoS,Normal,RF-v3,0.9288793567707196,0.07110208459465416,1.855863462625439e-05
299,F-A1-DDOSLIKE-V-01,DDoS,Normal,RF-v3,0.9806858185457316,0.004888600887126868,0.014425580567141438
300,F-A1-DDOSLIKE-V-01,DDoS,Normal,RF-v3,0.9138205208698982,0.0860632467748525,0.00011623235524930599
301,F-A1-DDOSLIKE-V-01,DDoS,Normal,RF-v3,0.9806858185457316,0.004888600887126868,0.014425580567141438
302,F-A1-DDOSLIKE-V-01,DDoS,Normal,RF-v3,0.9336287105386777,0.06590003698342929,0.00047125247789294215
303,F-A1-DDOSLIKE-V-01,DDoS,Normal,RF-v3,0.9811128393111165,0.004788929590339676,0.014098231098543761
304,F-A1-DDOSLIKE-V-01,DDoS,Normal,RF-v3,0.9584624371782965,0.0409919013833391,0.0005456614383645721
305,F-A1-DDOSLIKE-V-01,DDoS,Normal,RF-v3,0.9806858185457316,0.004888600887126868,0.014425580567141438
306,F-A1-DDOSLIKE-V-01,DDoS,Normal,RF-v3,0.9240577128038495,0.07592372856152424,1.855863462625439e-05
307,F-A1-DDOSLIKE-V-01,DDoS,Normal,RF-v3,0.980510117611152,0.004888600887126868,0.014601281501720877
308,F-A1-DDOSLIKE-V-01,DDoS,Normal,RF-v3,0.7722801221330756,0.22737052440910013,0.0003493534578243186
309,F-A1-DDOSLIKE-V-01,DDoS,Normal,RF-v3,0.9244347420188501,0.07534393947248773,0.0002213185086621438
310,F-A1-DDOSLIKE-V-01,DDoS,Normal,RF-v3,0.9811128393111165,0.004788929590339676,0.014098231098543761
311,F-A1-DDOSLIKE-V-01,DDoS,Normal,RF-v3,0.9811128393111165,0.004788929590339676,0.014098231098543761
312,F-A1-DDOSLIKE-V-01,DDoS,Normal,RF-v3,0.9087146817012095,0.09119496557571993,9.035272307046122e-05
313,F-A1-DDOSLIKE-V-01,DDoS,Normal,RF-v3,0.9806858185457316,0.004888600887126868,0.014425580567141438
314,F-A1-DDOSLIKE-V-01,DDoS,Normal,RF-v3,0.9122672165469561,0.08690999906006652,0.0008227843929774416
315,F-A1-DDOSLIKE-V-01,DDoS,Normal,RF-v3,0.9806858185457316,0.004888600887126868,0.014425580567141438
316,F-A1-DDOSLIKE-V-01,DDoS,Normal,RF-v3,0.9483875115829382,0.05133179457640282,0.000280693840658968
317,F-A1-DDOSLIKE-V-01,DDoS,Normal,RF-v3,0.9866053297058072,0.004788929590339676,0.00860574070385288
318,F-A1-DDOSLIKE-V-01,DDoS,Normal,RF-v3,0.9544894703968231,0.04549197096855071,1.855863462625439e-05
319,F-A1-DDOSLIKE-V-01,DDoS,Normal,RF-v3,0.9864296287712279,0.004788929590339676,0.008781441638432318
320,F-A1-DDOSLIKE-V-01,DDoS,Normal,RF-v3,0.9025258689557064,0.09710417054050843,0.00036996050378513293
321,F-A1-DDOSLIKE-V-01,DDoS,Normal,RF-v3,0.9806858185457316,0.004888600887126868,0.014425580567141438
322,F-A1-DDOSLIKE-V-01,DDoS,Normal,RF-v3,0.9033634040748916,0.09652036356985916,0.00011623235524930599
323,F-A1-DDOSLIKE-V-01,DDoS,Normal,RF-v3,0.9808615194803109,0.004888600887126868,0.014249879632562
324,F-A1-DDOSLIKE-V-01,DDoS,Normal,RF-v3,0.9490161809722992,0.050643978264593804,0.0003398407631067283
325,F-A1-DDOSLIKE-V-01,DDoS,Normal,RF-v3,0.9811128393111165,0.004788929590339676,0.014098231098543761
326,F-A1-DDOSLIKE-V-01,DDoS,Normal,RF-v3,0.9138205208698982,0.0860632467748525,0.00011623235524930599
327,F-A1-DDOSLIKE-V-01,DDoS,Normal,RF-v3,0.9799583035343912,0.00514930428792791,0.014892392177680768
328,F-A1-DDOSLIKE-V-01,DDoS,Normal,RF-v3,0.9482569248737378,0.05133179457640282,0.0004112805498592558
329,F-A1-DDOSLIKE-V-01,DDoS,Normal,RF-v3,0.980510117611152,0.004888600887126868,0.014601281501720877
330,F-A1-DDOSLIKE-V-01,DDoS,Normal,RF-v3,0.9082191961913094,0.09166457145344144,0.00011623235524930599
331,F-A1-DDOSLIKE-V-01,DDoS,Normal,RF-v3,0.9806858185457316,0.004888600887126868,0.014425580567141438
332,F-A1-DDOSLIKE-V-01,DDoS,Normal,RF-v3,0.908269533558772,0.09161423408597864,0.00011623235524930599
333,F-A1-DDOSLIKE-V-01,DDoS,Normal,RF-v3,0.9806858185457316,0.004888600887126868,0.014425580567141438
334,F-A1-DDOSLIKE-V-01,DDoS,Normal,RF-v3,0.9027015698902859,0.09710417054050843,0.00019425956920569366
335,F-A1-DDOSLIKE-V-01,DDoS,Normal,RF-v3,0.9806858185457316,0.004888600887126868,0.014425580567141438
336,F-A1-DDOSLIKE-V-01,DDoS,Normal,RF-v3,0.9537188000174056,0.0459112394788094,0.0003699605037851329
337,F-A1-DDOSLIKE-V-01,DDoS,Normal,RF-v3,0.9806858185457316,0.004888600887126868,0.014425580567141438
338,F-A1-DDOSLIKE-V-01,DDoS,Normal,RF-v3,0.9238214956555759,0.07615994570979798,1.855863462625439e-05
339,F-A1-DDOSLIKE-V-01,DDoS,Normal,RF-v3,0.9806858185457316,0.004888600887126868,0.014425580567141438
340,F-A1-DDOSLIKE-V-01,DDoS,Normal,RF-v3,0.9431177171315802,0.0560632467748525,0.0008190360935670629
341,F-A1-DDOSLIKE-V-01,DDoS,Normal,RF-v3,0.9816059353192257,0.004888600887126868,0.013505463793647133
342,F-A1-DDOSLIKE-V-01,DDoS,Normal,RF-v3,0.9068982854041602,0.09227893020286246,0.0008227843929774416
343,F-A1-DDOSLIKE-V-01,DDoS,Normal,RF-v3,0.9806858185457316,0.004888600887126868,0.014425580567141438
344,F-A1-DDOSLIKE-V-01,DDoS,Normal,RF-v3,0.9419930164080677,0.05664705374550179,0.0013599298464306141
345,F-A1-DDOSLIKE-V-01,DDoS,Normal,RF-v3,0.9806858185457316,0.004888600887126868,0.014425580567141438
346,F-A1-DDOSLIKE-V-01,DDoS,Normal,RF-v3,0.893870858237361,0.10601290940738972,0.00011623235524930599
347,F-A1-DDOSLIKE-V-01,DDoS,Normal,RF-v3,0.9806858185457316,0.004888600887126868,0.014425580567141438
348,F-A1-DDOSLIKE-V-01,DDoS,Normal,RF-v3,0.9286516733131578,0.07123209433159293,0.00011623235524930599
349,F-A1-DDOSLIKE-V-01,DDoS,Normal,RF-v3,0.980510117611152,0.004888600887126868,0.014601281501720877
350,F-A1-DDOSLIKE-V-01,DDoS,Normal,RF-v3,0.9072204883809557,0.09190999906006653,0.0008695125589778192
351,F-A1-DDOSLIKE-V-01,DDoS,Normal,RF-v3,0.9441300714229426,0.039329575843416086,0.01654035273364092
352,F-A1-DDOSLIKE-V-01,DDoS,Normal,RF-v3,0.91345256451278,0.08652887685259389,1.855863462625439e-05
353,F-A1-DDOSLIKE-V-01,DDoS,Normal,RF-v3,0.975627536180177,0.005477648641374151,0.018894815178448578
354,F-A1-DDOSLIKE-V-01,DDoS,Normal,RF-v3,0.9091339502114683,0.09077569706546124,9.035272307046122e-05
355,F-A1-DDOSLIKE-V-01,DDoS,Normal,RF-v3,0.9799583035343912,0.00514930428792791,0.014892392177680768
356,F-A1-DDOSLIKE-V-01,DDoS,Normal,RF-v3,0.9021036082734252,0.09787783309194877,1.855863462625439e-05
357,F-A1-DDOSLIKE-V-01,DDoS,Normal,RF-v3,0.9806858185457316,0.004888600887126868,0.014425580567141438
358,F-A1-DDOSLIKE-V-01,DDoS,Normal,RF-v3,0.9076789019613397,0.09230253940403423,1.855863462625439e-05
359,F-A1-DDOSLIKE-V-01,DDoS,Normal,RF-v3,0.9806858185457316,0.004888600887126868,0.014425580567141438
360,F-A1-DDOSLIKE-V-01,DDoS,Normal,RF-v3,0.9434015362700073,0.056377145221330555,0.0002213185086621438
361,F-A1-DDOSLIKE-V-01,DDoS,Normal,RF-v3,0.9816059353192257,0.004888600887126868,0.013505463793647133
362,F-A1-DDOSLIKE-V-01,DDoS,Normal,RF-v3,0.9449527169941184,0.054706617237188775,0.0003406657686926544
363,F-A1-DDOSLIKE-V-01,DDoS,Normal,RF-v3,0.9866053297058072,0.004788929590339676,0.00860574070385288
364,F-A1-DDOSLIKE-V-01,DDoS,Normal,RF-v3,0.9579170242786607,0.04133625382940913,0.0007467218919302637
365,F-A1-DDOSLIKE-V-01,DDoS,Normal,RF-v3,0.981164332052831,0.004788929590339676,0.014046738356829163
366,F-A1-DDOSLIKE-V-01,DDoS,Normal,RF-v3,0.91181006751941,0.08281997197680496,0.0053699605037851325
367,F-A1-DDOSLIKE-V-01,DDoS,Normal,RF-v3,0.9811128393111165,0.004788929590339676,0.014098231098543761
368,F-A1-DDOSLIKE-V-01,DDoS,Normal,RF-v3,0.9340166056002585,0.06563148918187897,0.00035190521786243156
369,F-A1-DDOSLIKE-V-01,DDoS,Normal,RF-v3,0.9808615194803109,0.004888600887126868,0.014249879632562
370,F-A1-DDOSLIKE-V-01,DDoS,Normal,RF-v3,0.9138205208698982,0.0860632467748525,0.00011623235524930599
371,F-A1-DDOSLIKE-V-01,DDoS,Normal,RF-v3,0.9806858185457316,0.004888600887126868,0.014425580567141438
372,F-A1-DDOSLIKE-V-01,DDoS,Normal,RF-v3,0.9083608789354836,0.09146351337727027,0.0001756076872461302
373,F-A1-DDOSLIKE-V-01,DDoS,Normal,RF-v3,0.9816059353192257,0.004888600887126868,0.013505463793647133
374,F-A1-DDOSLIKE-V-01,DDoS,Normal,RF-v3,0.9181842096405225,0.08127012892111302,0.0005456614383645721
375,F-A1-DDOSLIKE-V-01,DDoS,Normal,RF-v3,0.9240198645191016,0.0759615768462722,1.855863462625439e-05
376,F-A1-DDOSLIKE-V-01,DDoS,Normal,RF-v3,0.9811128393111165,0.004788929590339676,0.014098231098543761
377,F-A1-DDOSLIKE-V-01,DDoS,Normal,RF-v3,0.9756778735476397,0.005427311273911368,0.018894815178448578
378,F-A1-DDOSLIKE-V-01,DDoS,Normal,RF-v3,0.9361678611149128,0.05742071629694213,0.006411422588145212
379,F-A1-DDOSLIKE-V-01,DDoS,Normal,RF-v3,0.9806858185457316,0.004888600887126868,0.014425580567141438
380,F-A1-DDOSLIKE-V-01,DDoS,Normal,RF-v3,0.9338069856696163,0.06582305382659868,0.0003699605037851329
381,F-A1-DDOSLIKE-V-01,DDoS,Normal,RF-v3,0.9864296287712279,0.004788929590339676,0.008781441638432318
382,F-A1-DDOSLIKE-V-01,DDoS,Normal,RF-v3,0.9335973370899998,0.06605075769213767,0.00035190521786243156
383,F-A1-DDOSLIKE-V-01,DDoS,Normal,RF-v3,0.9806858185457316,0.004888600887126868,0.014425580567141438
384,F-A1-DDOSLIKE-V-01,DDoS,Normal,RF-v3,0.9122168791794932,0.0869603364275293,0.0008227843929774416
385,F-A1-DDOSLIKE-V-01,DDoS,Normal,RF-v3,0.9756778735476397,0.005427311273911368,0.018894815178448578
386,F-A1-DDOSLIKE-V-01,DDoS,Normal,RF-v3,0.9136734641595129,0.08630797720586098,1.855863462625439e-05
387,F-A1-DDOSLIKE-V-01,DDoS,Normal,RF-v3,0.9799583035343912,0.00514930428792791,0.014892392177680768
388,F-A1-DDOSLIKE-V-01,DDoS,Normal,RF-v3,0.9284816080834541,0.07105075769213767,0.0004676342244081845
389,F-A1-DDOSLIKE-V-01,DDoS,Normal,RF-v3,0.9864296287712279,0.004788929590339676,0.008781441638432318
390,F-A1-DDOSLIKE-V-01,DDoS,Normal,RF-v3,0.9138718330230386,0.08610960834233518,1.855863462625439e-05
391,F-A1-DDOSLIKE-V-01,DDoS,Normal,RF-v3,0.9799583035343912,0.00514930428792791,0.014892392177680768
392,F-A1-DDOSLIKE-V-01,DDoS,Normal,RF-v3,0.9394798358362522,0.060441633601087924,7.853056265994074e-05
393,F-A1-DDOSLIKE-V-01,DDoS,Normal,RF-v3,0.9864296287712279,0.004788929590339676,0.008781441638432318
394,F-A1-DDOSLIKE-V-01,DDoS,Normal,RF-v3,0.9585828421866374,0.041162926316123324,0.00025423149723938
395,F-A1-DDOSLIKE-V-01,DDoS,Normal,RF-v3,0.9811128393111165,0.004788929590339676,0.014098231098543761
396,F-A1-DDOSLIKE-V-01,DDoS,Normal,RF-v3,0.9639873819330509,0.03581835849774359,0.00019425956920569366
397,F-A1-DDOSLIKE-V-01,DDoS,Normal,RF-v3,0.9811128393111165,0.004788929590339676,0.014098231098543761
398,F-A1-DDOSLIKE-V-01,DDoS,Normal,RF-v3,0.9434015362700073,0.056377145221330555,0.0002213185086621438
399,F-A1-DDOSLIKE-V-01,DDoS,Normal,RF-v3,0.980510117611152,0.004888600887126868,0.014601281501720877
400,F-A1-DDOSLIKE-V-01,DDoS,Normal,RF-v3,0.943884866391414,0.05586090211134663,0.00025423149723938
401,F-A1-DDOSLIKE-V-01,DDoS,Normal,RF-v3,0.9861128393111163,0.004788929590339676,0.009098231098543762
402,F-A1-DDOSLIKE-V-01,DDoS,Normal,RF-v3,0.9072672165469561,0.09190999906006653,0.0008227843929774416
403,F-A1-DDOSLIKE-V-01,DDoS,Normal,RF-v3,0.9806858185457316,0.004888600887126868,0.014425580567141438
404,F-A1-DDOSLIKE-V-01,DDoS,Normal,RF-v3,0.9138205208698982,0.0860632467748525,0.00011623235524930599
405,F-A1-DDOSLIKE-V-01,DDoS,Normal,RF-v3,0.9806858185457316,0.004888600887126868,0.014425580567141438
406,F-A1-DDOSLIKE-V-01,DDoS,Normal,RF-v3,0.9482879532472785,0.05143217791764841,0.000279868835073042
407,F-A1-DDOSLIKE-V-01,DDoS,Normal,RF-v3,0.9045851382974643,0.048871163805367684,0.04654369789716767
408,F-A1-DDOSLIKE-V-01,DDoS,Normal,RF-v3,0.9084147162280322,0.09156672513734182,1.855863462625439e-05
409,F-A1-DDOSLIKE-V-01,DDoS,Normal,RF-v3,0.9806858185457316,0.004888600887126868,0.014425580567141438
410,F-A1-DDOSLIKE-V-01,DDoS,Normal,RF-v3,0.923939202614572,0.07604223875080189,1.855863462625439e-05
411,F-A1-DDOSLIKE-V-01,DDoS,Normal,RF-v3,0.9240577128038495,0.07592372856152424,1.855863462625439e-05
412,F-A1-DDOSLIKE-V-01,DDoS,Normal,RF-v3,0.9864296287712279,0.004788929590339676,0.008781441638432318
413,F-A1-DDOSLIKE-V-01,DDoS,Normal,RF-v3,0.980510117611152,0.004888600887126868,0.014601281501720877
414,F-A1-DDOSLIKE-V-01,DDoS,Normal,RF-v3,0.9074166641949484,0.09256477717042545,1.855863462625439e-05
415,F-A1-DDOSLIKE-V-01,DDoS,Normal,RF-v3,0.9189096813077866,0.08107176005758725,1.855863462625439e-05
416,F-A1-DDOSLIKE-V-01,DDoS,Normal,RF-v3,0.9806858185457316,0.004888600887126868,0.014425580567141438
417,F-A1-DDOSLIKE-V-01,DDoS,Normal,RF-v3,0.9072672165469561,0.09190999906006653,0.0008227843929774416
418,F-A1-DDOSLIKE-V-01,DDoS,Normal,RF-v3,0.9806858185457316,0.004888600887126868,0.014425580567141438
419,F-A1-DDOSLIKE-V-01,DDoS,Normal,RF-v3,0.9397878607166891,0.059639418905489586,0.0005727203778210223
420,F-A1-DDOSLIKE-V-01,DDoS,Normal,RF-v3,0.980937138376537,0.004788929590339676,0.0142739320331232
421,F-A1-DDOSLIKE-V-01,DDoS,Normal,RF-v3,0.9189600186752495,0.08102142269012445,1.855863462625439e-05
422,F-A1-DDOSLIKE-V-01,DDoS,Normal,RF-v3,0.9790493294348337,0.00514930428792791,0.015801366277238077
423,F-A1-DDOSLIKE-V-01,DDoS,Normal,RF-v3,0.9286516733131578,0.07123209433159293,0.00011623235524930599
424,F-A1-DDOSLIKE-V-01,DDoS,Normal,RF-v3,0.9806858185457316,0.004888600887126868,0.014425580567141438
425,F-A1-DDOSLIKE-V-01,DDoS,Normal,RF-v3,0.9133427764339505,0.08633179457640283,0.00032542898964672465
426,F-A1-DDOSLIKE-V-01,DDoS,Normal,RF-v3,0.9866053297058072,0.004788929590339676,0.00860574070385288
427,F-A1-DDOSLIKE-V-01,DDoS,Normal,RF-v3,0.9308000853463687,0.06783998480720081,0.0013599298464306141
428,F-A1-DDOSLIKE-V-01,DDoS,Normal,RF-v3,0.9806858185457316,0.004888600887126868,0.014425580567141438
429,F-A1-DDOSLIKE-V-01,DDoS,Normal,RF-v3,0.9312193538566274,0.06742071629694212,0.0013599298464306141
430,F-A1-DDOSLIKE-V-01,DDoS,Normal,RF-v3,0.9806858185457316,0.004888600887126868,0.014425580567141438
431,F-A1-DDOSLIKE-V-01,DDoS,Normal,RF-v3,0.9022093231992728,0.09742071629694213,0.00036996050378513293
432,F-A1-DDOSLIKE-V-01,DDoS,Normal,RF-v3,0.9811128393111165,0.004788929590339676,0.014098231098543761
433,F-A1-DDOSLIKE-V-01,DDoS,Normal,RF-v3,0.9087556897104584,0.09109458223447435,0.00014972805506728544
434,F-A1-DDOSLIKE-V-01,DDoS,Normal,RF-v3,0.9135582794386277,0.08607176005758724,0.00036996050378513293
435,F-A1-DDOSLIKE-V-01,DDoS,Normal,RF-v3,0.9806858185457316,0.004888600887126868,0.014425580567141438
436,F-A1-DDOSLIKE-V-01,DDoS,Normal,RF-v3,0.9242155909390851,0.041642143166613625,0.03414226589430113
437,F-A1-DDOSLIKE-V-01,DDoS,Normal,RF-v3,0.923858188566072,0.07607176005758724,7.005137634085313e-05
438,F-A1-DDOSLIKE-V-01,DDoS,Normal,RF-v3,0.9806858185457316,0.004888600887126868,0.014425580567141438
439,F-A1-DDOSLIKE-V-01,DDoS,Normal,RF-v3,0.9599960710245996,0.039722638538704336,0.0002812904366958301
440,F-A1-DDOSLIKE-V-01,DDoS,Normal,RF-v3,0.9815542269821619,0.004888600887126868,0.01355717213071099
441,F-A1-DDOSLIKE-V-01,DDoS,Normal,RF-v3,0.9389279570662187,0.06091294739914762,0.00015909553463350264
442,F-A1-DDOSLIKE-V-01,DDoS,Normal,RF-v3,0.9811128393111165,0.004788929590339676,0.014098231098543761
443,F-A1-DDOSLIKE-V-01,DDoS,Normal,RF-v3,0.9072672165469561,0.09190999906006653,0.0008227843929774416
444,F-A1-DDOSLIKE-V-01,DDoS,Normal,RF-v3,0.9720866412586298,0.007428534242007741,0.020484824499362165
445,F-A1-DDOSLIKE-V-01,DDoS,Normal,RF-v3,0.9596445846686664,0.03994353818543726,0.000411877145896118
446,F-A1-DDOSLIKE-V-01,DDoS,Normal,RF-v3,0.9866053297058072,0.004788929590339676,0.00860574070385288
447,F-A1-DDOSLIKE-V-01,DDoS,Normal,RF-v3,0.9392450125222404,0.06059364089713102,0.00016134658062845746
448,F-A1-DDOSLIKE-V-01,DDoS,Normal,RF-v3,0.9806858185457316,0.004888600887126868,0.014425580567141438
449,F-A1-DDOSLIKE-V-01,DDoS,Normal,RF-v3,0.9341471923094588,0.06563148918187897,0.0002213185086621438
450,F-A1-DDOSLIKE-V-01,DDoS,Normal,RF-v3,0.9861128393111163,0.004788929590339676,0.009098231098543762
451,F-A1-DDOSLIKE-V-01,DDoS,Normal,RF-v3,0.9336287105386777,0.06590003698342929,0.00047125247789294215
452,F-A1-DDOSLIKE-V-01,DDoS,Normal,RF-v3,0.9754518352455974,0.005477648641374151,0.019070516113028017
453,F-A1-DDOSLIKE-V-01,DDoS,Normal,RF-v3,0.9335469997225371,0.06610109505960045,0.00035190521786243156
454,F-A1-DDOSLIKE-V-01,DDoS,Normal,RF-v3,0.9806858185457316,0.004888600887126868,0.014425580567141438
455,F-A1-DDOSLIKE-V-01,DDoS,Normal,RF-v3,0.9074475468122196,0.09240272513271323,0.00014972805506728544
456,F-A1-DDOSLIKE-V-01,DDoS,Normal,RF-v3,0.9799583035343912,0.00514930428792791,0.014892392177680768
457,F-A1-DDOSLIKE-V-01,DDoS,Normal,RF-v3,0.9090836128440054,0.09082603443292403,9.035272307046122e-05
458,F-A1-DDOSLIKE-V-01,DDoS,Normal,RF-v3,0.9499578994012654,0.021702241587014545,0.028339859011719964
459,F-A1-DDOSLIKE-V-01,DDoS,Normal,RF-v3,0.9088060270779212,0.09104424486701156,0.00014972805506728544
460,F-A1-DDOSLIKE-V-01,DDoS,Normal,RF-v3,0.980510117611152,0.004888600887126868,0.014601281501720877
461,F-A1-DDOSLIKE-V-01,DDoS,Normal,RF-v3,0.923968371777387,0.07096157684627219,0.0050700513763408525
462,F-A1-DDOSLIKE-V-01,DDoS,Normal,RF-v3,0.9240198645191016,0.0759615768462722,1.855863462625439e-05
463,F-A1-DDOSLIKE-V-01,DDoS,Normal,RF-v3,0.919268348837353,0.04159193385128785,0.03913971731135895
464,F-A1-DDOSLIKE-V-01,DDoS,Normal,RF-v3,0.9094094373628849,0.04387116380536769,0.04671939883174711
465,F-A1-DDOSLIKE-V-01,DDoS,Normal,RF-v3,0.9579631839096082,0.04143118272399367,0.0006056333663982584
466,F-A1-DDOSLIKE-V-01,DDoS,Normal,RF-v3,0.9811128393111165,0.004788929590339676,0.014098231098543761
467,F-A1-DDOSLIKE-V-01,DDoS,Normal,RF-v3,0.959509483227219,0.04047195813815484,1.855863462625439e-05
468,F-A1-DDOSLIKE-V-01,DDoS,Normal,RF-v3,0.9806858185457316,0.004888600887126868,0.014425580567141438
469,F-A1-DDOSLIKE-V-01,DDoS,Normal,RF-v3,0.9184012523596394,0.08148251528511119,0.00011623235524930599
470,F-A1-DDOSLIKE-V-01,DDoS,Normal,RF-v3,0.9706778735476397,0.0077065412279912,0.02161558522436876
471,F-A1-DDOSLIKE-V-01,DDoS,Normal,RF-v3,0.9587242197284547,0.0409615768462722,0.0003142034252730663
472,F-A1-DDOSLIKE-V-01,DDoS,Normal,RF-v3,0.9094094373628849,0.04387116380536769,0.04671939883174711
473,F-A1-DDOSLIKE-V-01,DDoS,Normal,RF-v3,0.9038776271633242,0.09590003698342929,0.00022233585324650792
474,F-A1-DDOSLIKE-V-01,DDoS,Normal,RF-v3,0.9811128393111165,0.004788929590339676,0.014098231098543761
475,F-A1-DDOSLIKE-V-01,DDoS,Normal,RF-v3,0.9400353557397128,0.059639418905489586,0.0003252253547973762
476,F-A1-DDOSLIKE-V-01,DDoS,Normal,RF-v3,0.981164332052831,0.004788929590339676,0.014046738356829163
477,F-A1-DDOSLIKE-V-01,DDoS,Normal,RF-v3,0.9136888020690307,0.08619496557571994,0.00011623235524930599
478,F-A1-DDOSLIKE-V-01,DDoS,Normal,RF-v3,0.9806858185457316,0.004888600887126868,0.014425580567141438
479,F-A1-DDOSLIKE-V-01,DDoS,Normal,RF-v3,0.9240577128038495,0.07592372856152424,1.855863462625439e-05
480,F-A1-DDOSLIKE-V-01,DDoS,Normal,RF-v3,0.9806858185457316,0.004888600887126868,0.014425580567141438
481,F-A1-DDOSLIKE-V-01,DDoS,Normal,RF-v3,0.9286316604827618,0.07125210716198879,0.00011623235524930599
482,F-A1-DDOSLIKE-V-01,DDoS,Normal,RF-v3,0.9815542269821619,0.004888600887126868,0.01355717213071099
483,F-A1-DDOSLIKE-V-01,DDoS,Normal,RF-v3,0.9544673467535373,0.04545412268380276,7.853056265994074e-05
484,F-A1-DDOSLIKE-V-01,DDoS,Normal,RF-v3,0.9811128393111165,0.004788929590339676,0.014098231098543761
485,F-A1-DDOSLIKE-V-01,DDoS,Normal,RF-v3,0.9240198645191016,0.0759615768462722,1.855863462625439e-05
486,F-A1-DDOSLIKE-V-01,DDoS,Normal,RF-v3,0.9720866412586298,0.007428534242007741,0.020484824499362165
487,F-A1-DDOSLIKE-V-01,DDoS,Normal,RF-v3,0.9076864850572147,0.09149073054980782,0.0008227843929774416
488,F-A1-DDOSLIKE-V-01,DDoS,Normal,RF-v3,0.9806858185457316,0.004888600887126868,0.014425580567141438
489,F-A1-DDOSLIKE-V-01,DDoS,Normal,RF-v3,0.9583032520503242,0.04122911372526755,0.0004676342244081845
490,F-A1-DDOSLIKE-V-01,DDoS,Normal,RF-v3,0.9866053297058072,0.004788929590339676,0.00860574070385288
491,F-A1-DDOSLIKE-V-01,DDoS,Normal,RF-v3,0.9126485774242729,0.08733286394110112,1.855863462625439e-05
492,F-A1-DDOSLIKE-V-01,DDoS,Normal,RF-v3,0.9754518352455974,0.005477648641374151,0.019070516113028017
493,F-A1-DDOSLIKE-V-01,DDoS,Normal,RF-v3,0.9083364212001996,0.09151385074473303,0.00014972805506728544
494,F-A1-DDOSLIKE-V-01,DDoS,Normal,RF-v3,0.9756778735476397,0.005427311273911368,0.018894815178448578
495,F-A1-DDOSLIKE-V-01,DDoS,Normal,RF-v3,0.9126485774242729,0.08733286394110112,1.855863462625439e-05
496,F-A1-DDOSLIKE-V-01,DDoS,Normal,RF-v3,0.9754518352455974,0.005477648641374151,0.019070516113028017
497,F-A1-DDOSLIKE-V-01,DDoS,Normal,RF-v3,0.9390605673259935,0.06086090211134663,7.853056265994074e-05
498,F-A1-DDOSLIKE-V-01,DDoS,Normal,RF-v3,0.9806858185457316,0.004888600887126868,0.014425580567141438
499,F-A1-DDOSLIKE-V-01,DDoS,Normal,RF-v3,0.9337188000174055,0.06591123947880942,0.0003699605037851329
500,F-A1-DDOSLIKE-V-01,DDoS,Normal,RF-v3,0.9816059353192257,0.004888600887126868,0.013505463793647133
501,F-A1-DDOSLIKE-V-01,DDoS,Normal,RF-v3,0.9336287105386777,0.06590003698342929,0.00047125247789294215
502,F-A1-DDOSLIKE-V-01,DDoS,Normal,RF-v3,0.980937138376537,0.004788929590339676,0.0142739320331232
503,F-A1-DDOSLIKE-V-01,DDoS,Normal,RF-v3,0.8969261055066933,0.10182309279652996,0.0012508016967767088
504,F-A1-DDOSLIKE-V-01,DDoS,Normal,RF-v3,0.9811128393111165,0.004788929590339676,0.014098231098543761
505,F-A1-DDOSLIKE-V-01,DDoS,Normal,RF-v3,0.9390605673259935,0.06086090211134663,7.853056265994074e-05
506,F-A1-DDOSLIKE-V-01,DDoS,Normal,RF-v3,0.9808615194803109,0.004888600887126868,0.014249879632562
507,F-A1-DDOSLIKE-V-01,DDoS,Normal,RF-v3,0.9138718330230386,0.08610960834233518,1.855863462625439e-05
508,F-A1-DDOSLIKE-V-01,DDoS,Normal,RF-v3,0.9756778735476397,0.005427311273911368,0.018894815178448578
509,F-A1-DDOSLIKE-V-01,DDoS,Normal,RF-v3,0.9643111143636933,0.0356703270016806,1.855863462625439e-05
510,F-A1-DDOSLIKE-V-01,DDoS,Normal,RF-v3,0.9720866412586298,0.007428534242007741,0.020484824499362165
511,F-A1-DDOSLIKE-V-01,DDoS,Normal,RF-v3,0.9394798358362522,0.060441633601087924,7.853056265994074e-05
512,F-A1-DDOSLIKE-V-01,DDoS,Normal,RF-v3,0.980510117611152,0.004888600887126868,0.014601281501720877
513,F-A1-DDOSLIKE-V-01,DDoS,Normal,RF-v3,0.9579170242786607,0.04133625382940913,0.0007467218919302637
514,F-A1-DDOSLIKE-V-01,DDoS,Normal,RF-v3,0.9811128393111165,0.004788929590339676,0.014098231098543761
515,F-A1-DDOSLIKE-V-01,DDoS,Normal,RF-v3,0.9122672165469561,0.08690999906006652,0.0008227843929774416
516,F-A1-DDOSLIKE-V-01,DDoS,Normal,RF-v3,0.9816059353192257,0.004888600887126868,0.013505463793647133
517,F-A1-DDOSLIKE-V-01,DDoS,Normal,RF-v3,0.9025107841226352,0.09649073054980782,0.0009984853275568808
518,F-A1-DDOSLIKE-V-01,DDoS,Normal,RF-v3,0.9806858185457316,0.004888600887126868,0.014425580567141438
519,F-A1-DDOSLIKE-V-01,DDoS,Normal,RF-v3,0.9136643443337468,0.08624530294318271,9.035272307046122e-05
520,F-A1-DDOSLIKE-V-01,DDoS,Normal,RF-v3,0.9794056181349978,0.005477648641374151,0.01511673322362769
521,F-A1-DDOSLIKE-V-01,DDoS,Normal,RF-v3,0.9586181252824799,0.04101191421373497,0.0003699605037851329
522,F-A1-DDOSLIKE-V-01,DDoS,Normal,RF-v3,0.981164332052831,0.004788929590339676,0.014046738356829163
523,F-A1-DDOSLIKE-V-01,DDoS,Normal,RF-v3,0.9188718330230387,0.08110960834233519,1.855863462625439e-05
524,F-A1-DDOSLIKE-V-01,DDoS,Normal,RF-v3,0.9720866412586298,0.007428534242007741,0.020484824499362165
525,F-A1-DDOSLIKE-V-01,DDoS,Normal,RF-v3,0.9076864850572147,0.09149073054980782,0.0008227843929774416
526,F-A1-DDOSLIKE-V-01,DDoS,Normal,RF-v3,0.9806858185457316,0.004888600887126868,0.014425580567141438
527,F-A1-DDOSLIKE-V-01,DDoS,Normal,RF-v3,0.8984515897271023,0.10143217791764841,0.00011623235524930599
528,F-A1-DDOSLIKE-V-01,DDoS,Normal,RF-v3,0.9808615194803109,0.004888600887126868,0.014249879632562
529,F-A1-DDOSLIKE-V-01,DDoS,Normal,RF-v3,0.9176989147917355,0.07728252657363835,0.0050185586346262545
530,F-A1-DDOSLIKE-V-01,DDoS,Normal,RF-v3,0.9790493294348337,0.00514930428792791,0.015801366277238077
531,F-A1-DDOSLIKE-V-01,DDoS,Normal,RF-v3,0.9234559595481825,0.0762521071619888,0.00029193328982874523
532,F-A1-DDOSLIKE-V-01,DDoS,Normal,RF-v3,0.9816059353192257,0.004888600887126868,0.013505463793647133
533,F-A1-DDOSLIKE-V-01,DDoS,Normal,RF-v3,0.9634831271547923,0.035911239478809406,0.0006056333663982584
534,F-A1-DDOSLIKE-V-01,DDoS,Normal,RF-v3,0.9861128393111163,0.004788929590339676,0.009098231098543762
535,F-A1-DDOSLIKE-V-01,DDoS,Normal,RF-v3,0.9578743331564542,0.041001409859728576,0.0011242569838174885
536,F-A1-DDOSLIKE-V-01,DDoS,Normal,RF-v3,0.9863299574744405,0.004888600887126868,0.008781441638432318
537,F-A1-DDOSLIKE-V-01,DDoS,Normal,RF-v3,0.896916721714993,0.10294619739593619,0.0001370808890708389
538,F-A1-DDOSLIKE-V-01,DDoS,Normal,RF-v3,0.5345491187695871,0.40564490847880924,0.059805972751603764
539,F-A1-DDOSLIKE-V-01,DDoS,Normal,RF-v3,0.5306301726924056,0.4095638545559907,0.059805972751603764
540,F-A1-DDOSLIKE-V-01,DDoS,Normal,RF-v3,0.9045851382974643,0.048871163805367684,0.04654369789716767
541,F-A1-DDOSLIKE-V-01,DDoS,Normal,RF-v3,0.899645110225498,0.05387116380536768,0.04648372596913398
542,F-A1-DDOSLIKE-V-01,DDoS,Normal,RF-v3,0.9237911711185091,0.07619027024686488,1.855863462625439e-05
543,F-A1-DDOSLIKE-V-01,DDoS,Normal,RF-v3,0.980510117611152,0.004888600887126868,0.014601281501720877
544,F-A1-DDOSLIKE-V-01,DDoS,Normal,RF-v3,0.9185067866969131,0.07607176005758724,0.005421453245499731
545,F-A1-DDOSLIKE-V-01,DDoS,Normal,RF-v3,0.9806858185457316,0.004888600887126868,0.014425580567141438
546,F-A1-DDOSLIKE-V-01,DDoS,Normal,RF-v3,0.5256604972294725,0.4145335300189238,0.059805972751603764
547,F-A1-DDOSLIKE-V-01,DDoS,Normal,RF-v3,0.9806858185457316,0.004888600887126868,0.014425580567141438
548,F-A1-DDOSLIKE-V-01,DDoS,Normal,RF-v3,0.9231315613066212,0.07628145720894004,0.0005869814844386951
549,F-A1-DDOSLIKE-V-01,DDoS,Normal,RF-v3,0.9806858185457316,0.004888600887126868,0.014425580567141438
550,F-A1-DDOSLIKE-V-01,DDoS,Normal,RF-v3,0.5724363496409614,0.3873042270944488,0.04025942326458983
551,F-A1-DDOSLIKE-V-01,DDoS,Normal,RF-v3,0.9808615194803109,0.004888600887126868,0.014249879632562
552,F-A1-DDOSLIKE-V-01,DDoS,Normal,RF-v3,0.9534009461789243,0.046131419596667354,0.0004676342244081845
553,F-A1-DDOSLIKE-V-01,DDoS,Normal,RF-v3,0.9806858185457316,0.004888600887126868,0.014425580567141438
554,F-A1-DDOSLIKE-V-01,DDoS,Normal,RF-v3,0.5721938327386602,0.38754674399675,0.04025942326458983
555,F-A1-DDOSLIKE-V-01,DDoS,Normal,RF-v3,0.9861128393111163,0.004788929590339676,0.009098231098543762
556,F-A1-DDOSLIKE-V-01,DDoS,Normal,RF-v3,0.9134925977363512,0.08633179457640283,0.0001756076872461302
557,F-A1-DDOSLIKE-V-01,DDoS,Normal,RF-v3,0.9799583035343912,0.00514930428792791,0.014892392177680768
558,F-A1-DDOSLIKE-V-01,DDoS,Normal,RF-v3,0.9138205208698982,0.0860632467748525,0.00011623235524930599
559,F-A1-DDOSLIKE-V-01,DDoS,Normal,RF-v3,0.9806858185457316,0.004888600887126868,0.014425580567141438
560,F-A1-DDOSLIKE-V-01,DDoS,Normal,RF-v3,0.5460700550425552,0.3864032021599209,0.06752674279752394
561,F-A1-DDOSLIKE-V-01,DDoS,Normal,RF-v3,0.9806858185457316,0.004888600887126868,0.014425580567141438
562,F-A1-DDOSLIKE-V-01,DDoS,Normal,RF-v3,0.931249001247594,0.06245104083400903,0.006299957918396928
563,F-A1-DDOSLIKE-V-01,DDoS,Normal,RF-v3,0.9806858185457316,0.004888600887126868,0.014425580567141438
564,F-A1-DDOSLIKE-V-01,DDoS,Normal,RF-v3,0.9076485774242729,0.09233286394110113,1.855863462625439e-05
565,F-A1-DDOSLIKE-V-01,DDoS,Normal,RF-v3,0.9806858185457316,0.004888600887126868,0.014425580567141438
566,F-A1-DDOSLIKE-V-01,DDoS,Normal,RF-v3,0.567821498283231,0.38641816302834203,0.045760338688427
567,F-A1-DDOSLIKE-V-01,DDoS,Normal,RF-v3,0.9864296287712279,0.004788929590339676,0.008781441638432318
568,F-A1-DDOSLIKE-V-01,DDoS,Normal,RF-v3,0.9134886433991674,0.08624530294318271,0.00026605365764990045
569,F-A1-DDOSLIKE-V-01,DDoS,Normal,RF-v3,0.9706778735476397,0.0077065412279912,0.02161558522436876
570,F-A1-DDOSLIKE-V-01,DDoS,Normal,RF-v3,0.9589095552236051,0.04101191421373497,7.853056265994074e-05
571,F-A1-DDOSLIKE-V-01,DDoS,Normal,RF-v3,0.9811128393111165,0.004788929590339676,0.014098231098543761
572,F-A1-DDOSLIKE-V-01,DDoS,Normal,RF-v3,0.562880914168443,0.39685966256696725,0.04025942326458983
573,F-A1-DDOSLIKE-V-01,DDoS,Normal,RF-v3,0.9806858185457316,0.004888600887126868,0.014425580567141438
574,F-A1-DDOSLIKE-V-01,DDoS,Normal,RF-v3,0.9481804371996809,0.05148251528511119,0.0003370475152078967
575,F-A1-DDOSLIKE-V-01,DDoS,Normal,RF-v3,0.9808615194803109,0.004888600887126868,0.014249879632562
576,F-A1-DDOSLIKE-V-01,DDoS,Normal,RF-v3,0.9033634040748916,0.09652036356985916,0.00011623235524930599
577,F-A1-DDOSLIKE-V-01,DDoS,Normal,RF-v3,0.9806858185457316,0.004888600887126868,0.014425580567141438
578,F-A1-DDOSLIKE-V-01,DDoS,Normal,RF-v3,0.9067597301519471,0.08787030934426773,0.0053699605037851325
579,F-A1-DDOSLIKE-V-01,DDoS,Normal,RF-v3,0.7821665303310306,0.20737337094250283,0.010460098726466591
580,F-A1-DDOSLIKE-V-01,DDoS,Normal,RF-v3,0.9816828822104682,0.004788929590339676,0.013528188199191899
581,F-A1-DDOSLIKE-V-01,DDoS,Normal,RF-v3,0.9139096813077866,0.08607176005758724,1.855863462625439e-05
582,F-A1-DDOSLIKE-V-01,DDoS,Normal,RF-v3,0.9816059353192257,0.004888600887126868,0.013505463793647133
583,F-A1-DDOSLIKE-V-01,DDoS,Normal,RF-v3,0.9076864850572147,0.09149073054980782,0.0008227843929774416
584,F-A1-DDOSLIKE-V-01,DDoS,Normal,RF-v3,0.9806858185457316,0.004888600887126868,0.014425580567141438
585,F-A1-DDOSLIKE-V-01,DDoS,Normal,RF-v3,0.9289096813077866,0.07107176005758724,1.855863462625439e-05
586,F-A1-DDOSLIKE-V-01,DDoS,Normal,RF-v3,0.9799583035343912,0.00514930428792791,0.014892392177680768
587,F-A1-DDOSLIKE-V-01,DDoS,Normal,RF-v3,0.9082450758234881,0.09166457145344141,9.035272307046122e-05
588,F-A1-DDOSLIKE-V-01,DDoS,Normal,RF-v3,0.9806858185457316,0.004888600887126868,0.014425580567141438
589,F-A1-DDOSLIKE-V-01,DDoS,Normal,RF-v3,0.933425037644295,0.06542164990611736,0.0011533124495874123
590,F-A1-DDOSLIKE-V-01,DDoS,Normal,RF-v3,0.9866682474125008,0.004788929590339676,0.008542822997159288
591,F-A1-DDOSLIKE-V-01,DDoS,Normal,RF-v3,0.9123248449936304,0.08748089543716411,0.00019425956920569366
592,F-A1-DDOSLIKE-V-01,DDoS,Normal,RF-v3,0.9780716220480116,0.00514930428792791,0.016779073664060225
593,F-A1-DDOSLIKE-V-01,DDoS,Normal,RF-v3,0.9498773614117284,0.0497256191450297,0.000397019443241583
594,F-A1-DDOSLIKE-V-01,DDoS,Normal,RF-v3,0.981164332052831,0.004788929590339676,0.014046738356829163
595,F-A1-DDOSLIKE-V-01,DDoS,Normal,RF-v3,0.9453406120556993,0.054438069435638455,0.0002213185086621438
596,F-A1-DDOSLIKE-V-01,DDoS,Normal,RF-v3,0.9866053297058072,0.004788929590339676,0.00860574070385288
597,F-A1-DDOSLIKE-V-01,DDoS,Normal,RF-v3,0.9577413233440812,0.04133625382940913,0.0009224228265097029
598,F-A1-DDOSLIKE-V-01,DDoS,Normal,RF-v3,0.9811128393111165,0.004788929590339676,0.014098231098543761
599,F-A1-DDOSLIKE-V-01,DDoS,Normal,RF-v3,0.9138718330230386,0.08610960834233518,1.855863462625439e-05
600,F-A1-DDOSLIKE-V-01,DDoS,Normal,RF-v3,0.9799583035343912,0.00514930428792791,0.014892392177680768
601,F-A1-DDOSLIKE-V-01,DDoS,Normal,RF-v3,0.918858188566072,0.08107176005758725,7.005137634085313e-05
602,F-A1-DDOSLIKE-V-01,DDoS,Normal,RF-v3,0.9754518352455974,0.005477648641374151,0.019070516113028017
603,F-A1-DDOSLIKE-V-01,DDoS,Normal,RF-v3,0.9530538445638357,0.045873391194061454,0.00107276424210289
604,F-A1-DDOSLIKE-V-01,DDoS,Normal,RF-v3,0.9499578994012654,0.021702241587014545,0.028339859011719964
605,F-A1-DDOSLIKE-V-01,DDoS,Normal,RF-v3,0.9501033997137707,0.04967528177756691,0.0002213185086621438
606,F-A1-DDOSLIKE-V-01,DDoS,Normal,RF-v3,0.981164332052831,0.004788929590339676,0.014046738356829163
607,F-A1-DDOSLIKE-V-01,DDoS,Normal,RF-v3,0.9496651672847272,0.04999416694658002,0.0003406657686926544
608,F-A1-DDOSLIKE-V-01,DDoS,Normal,RF-v3,0.9806858185457316,0.004888600887126868,0.014425580567141438
609,F-A1-DDOSLIKE-V-01,DDoS,Normal,RF-v3,0.9136888020690307,0.08619496557571994,0.00011623235524930599
610,F-A1-DDOSLIKE-V-01,DDoS,Normal,RF-v3,0.9806858185457316,0.004888600887126868,0.014425580567141438
611,F-A1-DDOSLIKE-V-01,DDoS,Normal,RF-v3,0.9072672165469561,0.09190999906006653,0.0008227843929774416
612,F-A1-DDOSLIKE-V-01,DDoS,Normal,RF-v3,0.9754518352455974,0.005477648641374151,0.019070516113028017
613,F-A1-DDOSLIKE-V-01,DDoS,Normal,RF-v3,0.9134925977363512,0.08633179457640283,0.0001756076872461302
614,F-A1-DDOSLIKE-V-01,DDoS,Normal,RF-v3,0.9808615194803109,0.004888600887126868,0.014249879632562
615,F-A1-DDOSLIKE-V-01,DDoS,Normal,RF-v3,0.9122672165469561,0.08690999906006652,0.0008227843929774416
616,F-A1-DDOSLIKE-V-01,DDoS,Normal,RF-v3,0.9806858185457316,0.004888600887126868,0.014425580567141438
617,F-A1-DDOSLIKE-V-01,DDoS,Normal,RF-v3,0.946653788284116,0.05203081338359196,0.0013153983322922059
618,F-A1-DDOSLIKE-V-01,DDoS,Normal,RF-v3,0.9711016604692481,0.007428534242007741,0.021469805288743937
619,F-A1-DDOSLIKE-V-01,DDoS,Normal,RF-v3,0.9106623351698644,0.08879200339177107,0.0005456614383645721
620,F-A1-DDOSLIKE-V-01,DDoS,Normal,RF-v3,0.9811128393111165,0.004788929590339676,0.014098231098543761
621,F-A1-DDOSLIKE-V-01,DDoS,Normal,RF-v3,0.9076864850572147,0.09149073054980782,0.0008227843929774416
622,F-A1-DDOSLIKE-V-01,DDoS,Normal,RF-v3,0.9806858185457316,0.004888600887126868,0.014425580567141438
623,F-A1-DDOSLIKE-V-01,DDoS,Normal,RF-v3,0.9638997405665007,0.0356703270016806,0.00042993243181881926
624,F-A1-DDOSLIKE-V-01,DDoS,Normal,RF-v3,0.980510117611152,0.004888600887126868,0.014601281501720877
625,F-A1-DDOSLIKE-V-01,DDoS,Normal,RF-v3,0.9500530623463079,0.0497256191450297,0.0002213185086621438
626,F-A1-DDOSLIKE-V-01,DDoS,Normal,RF-v3,0.9815542269821619,0.004888600887126868,0.01355717213071099
627,F-A1-DDOSLIKE-V-01,DDoS,Normal,RF-v3,0.9184012523596394,0.08148251528511119,0.00011623235524930599
628,F-A1-DDOSLIKE-V-01,DDoS,Normal,RF-v3,0.9863299574744405,0.004888600887126868,0.008781441638432318
629,F-A1-DDOSLIKE-V-01,DDoS,Normal,RF-v3,0.9291080501713124,0.07087339119406147,1.855863462625439e-05
630,F-A1-DDOSLIKE-V-01,DDoS,Normal,RF-v3,0.9806858185457316,0.004888600887126868,0.014425580567141438
631,F-A1-DDOSLIKE-V-01,DDoS,Normal,RF-v3,0.9180185469537414,0.08183172499119122,0.00014972805506728544
632,F-A1-DDOSLIKE-V-01,DDoS,Normal,RF-v3,0.9720866412586298,0.007428534242007741,0.020484824499362165
633,F-A1-DDOSLIKE-V-01,DDoS,Normal,RF-v3,0.9232827421703618,0.07660102547438885,0.00011623235524930599
634,F-A1-DDOSLIKE-V-01,DDoS,Normal,RF-v3,0.9864296287712279,0.004788929590339676,0.008781441638432318
635,F-A1-DDOSLIKE-V-01,DDoS,Normal,RF-v3,0.9083364212001996,0.09151385074473303,0.00014972805506728544
636,F-A1-DDOSLIKE-V-01,DDoS,Normal,RF-v3,0.9799583035343912,0.00514930428792791,0.014892392177680768
637,F-A1-DDOSLIKE-V-01,DDoS,Normal,RF-v3,0.9127367630764834,0.0872446782888904,1.855863462625439e-05
638,F-A1-DDOSLIKE-V-01,DDoS,Normal,RF-v3,0.9797826025998116,0.00514930428792791,0.015068093112260207
639,F-A1-DDOSLIKE-V-01,DDoS,Normal,RF-v3,0.9396259549407716,0.059713223004331475,0.0006608220548965287
640,F-A1-DDOSLIKE-V-01,DDoS,Normal,RF-v3,0.980937138376537,0.004788929590339676,0.0142739320331232
641,F-A1-DDOSLIKE-V-01,DDoS,Normal,RF-v3,0.9240198645191016,0.0759615768462722,1.855863462625439e-05
642,F-A1-DDOSLIKE-V-01,DDoS,Normal,RF-v3,0.980510117611152,0.004888600887126868,0.014601281501720877
643,F-A1-DDOSLIKE-V-01,DDoS,Normal,RF-v3,0.912917152689941,0.08693311925499174,0.00014972805506728544
644,F-A1-DDOSLIKE-V-01,DDoS,Normal,RF-v3,0.9811128393111165,0.004788929590339676,0.014098231098543761
645,F-A1-DDOSLIKE-V-01,DDoS,Normal,RF-v3,0.9187616498117237,0.08121979155365024,1.855863462625439e-05
646,F-A1-DDOSLIKE-V-01,DDoS,Normal,RF-v3,0.9806858185457316,0.004888600887126868,0.014425580567141438
647,F-A1-DDOSLIKE-V-01,DDoS,Normal,RF-v3,0.9543137694622437,0.04549197096855071,0.00019425956920569366
648,F-A1-DDOSLIKE-V-01,DDoS,Normal,RF-v3,0.9799583035343912,0.00514930428792791,0.014892392177680768
649,F-A1-DDOSLIKE-V-01,DDoS,Normal,RF-v3,0.9642834449251768,0.03552229550561761,0.00019425956920569366
650,F-A1-DDOSLIKE-V-01,DDoS,Normal,RF-v3,0.9866053297058072,0.004788929590339676,0.00860574070385288
651,F-A1-DDOSLIKE-V-01,DDoS,Normal,RF-v3,0.9534009461789243,0.046131419596667354,0.0004676342244081845
652,F-A1-DDOSLIKE-V-01,DDoS,Normal,RF-v3,0.9813785260475825,0.004888600887126868,0.013732873065290429
653,F-A1-DDOSLIKE-V-01,DDoS,Normal,RF-v3,0.9021486349443175,0.09771428416661188,0.0001370808890708389
654,F-A1-DDOSLIKE-V-01,DDoS,Normal,RF-v3,0.9799583035343912,0.00514930428792791,0.014892392177680768
655,F-A1-DDOSLIKE-V-01,DDoS,Normal,RF-v3,0.963400281721393,0.03619908058188062,0.0004006376967263407
656,F-A1-DDOSLIKE-V-01,DDoS,Normal,RF-v3,0.9864296287712279,0.004788929590339676,0.008781441638432318
657,F-A1-DDOSLIKE-V-01,DDoS,Normal,RF-v3,0.9239600186752495,0.07602142269012446,1.855863462625439e-05
658,F-A1-DDOSLIKE-V-01,DDoS,Normal,RF-v3,0.9806858185457316,0.004888600887126868,0.014425580567141438
659,F-A1-DDOSLIKE-V-01,DDoS,Normal,RF-v3,0.8986340197966798,0.10127562748024962,9.035272307046122e-05
660,F-A1-DDOSLIKE-V-01,DDoS,Normal,RF-v3,0.9806858185457316,0.004888600887126868,0.014425580567141438
661,F-A1-DDOSLIKE-V-01,DDoS,Normal,RF-v3,0.9078668153224781,0.09198345662245451,0.00014972805506728544
662,F-A1-DDOSLIKE-V-01,DDoS,Normal,RF-v3,0.9780716220480116,0.00514930428792791,0.016779073664060225
663,F-A1-DDOSLIKE-V-01,DDoS,Normal,RF-v3,0.9430136412084265,0.05664569302288088,0.0003406657686926543
664,F-A1-DDOSLIKE-V-01,DDoS,Normal,RF-v3,0.9811128393111165,0.004788929590339676,0.014098231098543761
665,F-A1-DDOSLIKE-V-01,DDoS,Normal,RF-v3,0.9130733292260923,0.08675106308666151,0.0001756076872461302
666,F-A1-DDOSLIKE-V-01,DDoS,Normal,RF-v3,0.9806858185457316,0.004888600887126868,0.014425580567141438
667,F-A1-DDOSLIKE-V-01,DDoS,Normal,RF-v3,0.9037826725851502,0.09610109505960045,0.00011623235524930599
668,F-A1-DDOSLIKE-V-01,DDoS,Normal,RF-v3,0.9869445482736029,0.004788929590339676,0.008266522136057273
669,F-A1-DDOSLIKE-V-01,DDoS,Normal,RF-v3,0.9288290194032569,0.07115242196211694,1.855863462625439e-05
670,F-A1-DDOSLIKE-V-01,DDoS,Normal,RF-v3,0.9806858185457316,0.004888600887126868,0.014425580567141438
671,F-A1-DDOSLIKE-V-01,DDoS,Normal,RF-v3,0.9491347032267439,0.050643978264593804,0.0002213185086621438
672,F-A1-DDOSLIKE-V-01,DDoS,Normal,RF-v3,0.9866053297058072,0.004788929590339676,0.00860574070385288
673,F-A1-DDOSLIKE-V-01,DDoS,Normal,RF-v3,0.9577413233440812,0.04133625382940913,0.0009224228265097029
674,F-A1-DDOSLIKE-V-01,DDoS,Normal,RF-v3,0.9866682474125008,0.004788929590339676,0.008542822997159288
675,F-A1-DDOSLIKE-V-01,DDoS,Normal,RF-v3,0.9444222529361351,0.05535642855520256,0.0002213185086621438
676,F-A1-DDOSLIKE-V-01,DDoS,Normal,RF-v3,0.9866682474125008,0.004788929590339676,0.008542822997159288
677,F-A1-DDOSLIKE-V-01,DDoS,Normal,RF-v3,0.9129819838493808,0.08690178379536989,0.00011623235524930599
678,F-A1-DDOSLIKE-V-01,DDoS,Normal,RF-v3,0.9806858185457316,0.004888600887126868,0.014425580567141438
679,F-A1-DDOSLIKE-V-01,DDoS,Normal,RF-v3,0.9126540607158337,0.08717033159692023,0.0001756076872461302
680,F-A1-DDOSLIKE-V-01,DDoS,Normal,RF-v3,0.9806858185457316,0.004888600887126868,0.014425580567141438
681,F-A1-DDOSLIKE-V-01,DDoS,Normal,RF-v3,0.9238688524167132,0.07611258894866055,1.855863462625439e-05
682,F-A1-DDOSLIKE-V-01,DDoS,Normal,RF-v3,0.9808615194803109,0.004888600887126868,0.014249879632562
683,F-A1-DDOSLIKE-V-01,DDoS,Normal,RF-v3,0.9237408337510462,0.07624060761432766,1.855863462625439e-05
684,F-A1-DDOSLIKE-V-01,DDoS,Normal,RF-v3,0.9864296287712279,0.004788929590339676,0.008781441638432318
685,F-A1-DDOSLIKE-V-01,DDoS,Normal,RF-v3,0.9582529146828613,0.041279451092730346,0.0004676342244081845
686,F-A1-DDOSLIKE-V-01,DDoS,Normal,RF-v3,0.9811128393111165,0.004788929590339676,0.014098231098543761
687,F-A1-DDOSLIKE-V-01,DDoS,Normal,RF-v3,0.9047526375973887,0.09504578183585288,0.000201580566758284
688,F-A1-DDOSLIKE-V-01,DDoS,Normal,RF-v3,0.9811903918157774,0.004788929590339676,0.014020678593882783
689,F-A1-DDOSLIKE-V-01,DDoS,Normal,RF-v3,0.9465224419070317,0.049459358705817184,0.0040181993871508176
690,F-A1-DDOSLIKE-V-01,DDoS,Normal,RF-v3,0.9870045202016365,0.004788929590339676,0.008206550208023586
691,F-A1-DDOSLIKE-V-01,DDoS,Normal,RF-v3,0.9059332174128545,0.08965035503034587,0.00441642755679949
692,F-A1-DDOSLIKE-V-01,DDoS,Normal,RF-v3,0.9869445482736029,0.004788929590339676,0.008266522136057273
693,F-A1-DDOSLIKE-V-01,DDoS,Normal,RF-v3,0.9289090206475364,0.07011336783745527,0.0009776115150079729
694,F-A1-DDOSLIKE-V-01,DDoS,Normal,RF-v3,0.9869445482736029,0.004788929590339676,0.008266522136057273
695,F-A1-DDOSLIKE-V-01,DDoS,Normal,RF-v3,0.9376061345697962,0.060700509414338716,0.0016933560158646
696,F-A1-DDOSLIKE-V-01,DDoS,Normal,RF-v3,0.9816167546707862,0.004788929590339676,0.013594315738873883
697,F-A1-DDOSLIKE-V-01,DDoS,Normal,RF-v3,0.9438844621714318,0.055775697065461254,0.0003398407631067283
698,F-A1-DDOSLIKE-V-01,DDoS,Normal,RF-v3,0.9816167546707862,0.004788929590339676,0.013594315738873883
699,F-A1-DDOSLIKE-V-01,DDoS,Normal,RF-v3,0.9397878607166891,0.059639418905489586,0.0005727203778210223
700,F-A1-DDOSLIKE-V-01,DDoS,Normal,RF-v3,0.9766682474125008,0.004788929590339676,0.018542822997159286
701,F-A1-DDOSLIKE-V-01,DDoS,Normal,RF-v3,0.951489552144167,0.0470980832175745,0.0014123646382583981
702,F-A1-DDOSLIKE-V-01,DDoS,Normal,RF-v3,0.9870045202016365,0.004788929590339676,0.008206550208023586
703,F-A1-DDOSLIKE-V-01,DDoS,Normal,RF-v3,0.9331082481841834,0.06542164990611736,0.0014701019096988565
704,F-A1-DDOSLIKE-V-01,DDoS,Normal,RF-v3,0.9869445482736029,0.004788929590339676,0.008266522136057273
705,F-A1-DDOSLIKE-V-01,DDoS,Normal,RF-v3,0.9587841916564885,0.04096157684627219,0.00025423149723938
706,F-A1-DDOSLIKE-V-01,DDoS,Normal,RF-v3,0.9864296287712279,0.004788929590339676,0.008781441638432318
707,F-A1-DDOSLIKE-V-01,DDoS,Normal,RF-v3,0.908269533558772,0.09161423408597864,0.00011623235524930599
708,F-A1-DDOSLIKE-V-01,DDoS,Normal,RF-v3,0.9806858185457316,0.004888600887126868,0.014425580567141438
709,F-A1-DDOSLIKE-V-01,DDoS,Normal,RF-v3,0.8983634040748916,0.10152036356985915,0.00011623235524930599
710,F-A1-DDOSLIKE-V-01,DDoS,Normal,RF-v3,0.9816059353192257,0.004888600887126868,0.013505463793647133
711,F-A1-DDOSLIKE-V-01,DDoS,Normal,RF-v3,0.9133364212001996,0.08651385074473306,0.00014972805506728544
712,F-A1-DDOSLIKE-V-01,DDoS,Normal,RF-v3,0.9866053297058072,0.004788929590339676,0.00860574070385288
713,F-A1-DDOSLIKE-V-01,DDoS,Normal,RF-v3,0.9487566483021536,0.05087339119406145,0.0003699605037851329
714,F-A1-DDOSLIKE-V-01,DDoS,Normal,RF-v3,0.9806858185457316,0.004888600887126868,0.014425580567141438
715,F-A1-DDOSLIKE-V-01,DDoS,Normal,RF-v3,0.9346259549407716,0.06471322300433148,0.0006608220548965287
716,F-A1-DDOSLIKE-V-01,DDoS,Normal,RF-v3,0.981164332052831,0.004788929590339676,0.014046738356829163
717,F-A1-DDOSLIKE-V-01,DDoS,Normal,RF-v3,0.9034547494516031,0.09636964286115077,0.0001756076872461302
718,F-A1-DDOSLIKE-V-01,DDoS,Normal,RF-v3,0.9806858185457316,0.004888600887126868,0.014425580567141438
719,F-A1-DDOSLIKE-V-01,DDoS,Normal,RF-v3,0.958638138112876,0.0409919013833391,0.0003699605037851329
720,F-A1-DDOSLIKE-V-01,DDoS,Normal,RF-v3,0.9806858185457316,0.004888600887126868,0.014425580567141438
721,F-A1-DDOSLIKE-V-01,DDoS,Normal,RF-v3,0.9621996999785839,0.03703761760239802,0.0007626824190181342
722,F-A1-DDOSLIKE-V-01,DDoS,Normal,RF-v3,0.9808615194803109,0.004888600887126868,0.014249879632562
723,F-A1-DDOSLIKE-V-01,DDoS,Normal,RF-v3,0.9122672165469561,0.08690999906006652,0.0008227843929774416
724,F-A1-DDOSLIKE-V-01,DDoS,Normal,RF-v3,0.9806858185457316,0.004888600887126868,0.014425580567141438
725,F-A1-DDOSLIKE-V-01,DDoS,Normal,RF-v3,0.9136643443337467,0.08624530294318271,9.035272307046122e-05
726,F-A1-DDOSLIKE-V-01,DDoS,Normal,RF-v3,0.9797826025998116,0.00514930428792791,0.015068093112260207
727,F-A1-DDOSLIKE-V-01,DDoS,Normal,RF-v3,0.9183968074547514,0.08151283982217811,9.035272307046122e-05
728,F-A1-DDOSLIKE-V-01,DDoS,Normal,RF-v3,0.9806858185457316,0.004888600887126868,0.014425580567141438
729,F-A1-DDOSLIKE-V-01,DDoS,Normal,RF-v3,0.9188718330230387,0.08110960834233519,1.855863462625439e-05
730,F-A1-DDOSLIKE-V-01,DDoS,Normal,RF-v3,0.9806858185457316,0.004888600887126868,0.014425580567141438
731,F-A1-DDOSLIKE-V-01,DDoS,Normal,RF-v3,0.9239085259335349,0.07102142269012446,0.0050700513763408525
732,F-A1-DDOSLIKE-V-01,DDoS,Normal,RF-v3,0.9242155909390851,0.041642143166613625,0.03414226589430113
733,F-A1-DDOSLIKE-V-01,DDoS,Normal,RF-v3,0.8984515897271023,0.10143217791764841,0.00011623235524930599
734,F-A1-DDOSLIKE-V-01,DDoS,Normal,RF-v3,0.9806858185457316,0.004888600887126868,0.014425580567141438
735,F-A1-DDOSLIKE-V-01,DDoS,Normal,RF-v3,0.9288001945904887,0.07095405309859115,0.00024575231092029235
736,F-A1-DDOSLIKE-V-01,DDoS,Normal,RF-v3,0.9806858185457316,0.004888600887126868,0.014425580567141438
737,F-A1-DDOSLIKE-V-01,DDoS,Normal,RF-v3,0.959509483227219,0.04047195813815484,1.855863462625439e-05
738,F-A1-DDOSLIKE-V-01,DDoS,Normal,RF-v3,0.9866053297058072,0.004788929590339676,0.00860574070385288
739,F-A1-DDOSLIKE-V-01,DDoS,Normal,RF-v3,0.9138203402813241,0.08110960834233519,0.0050700513763408525
740,F-A1-DDOSLIKE-V-01,DDoS,Normal,RF-v3,0.9799583035343912,0.00514930428792791,0.014892392177680768
741,F-A1-DDOSLIKE-V-01,DDoS,Normal,RF-v3,0.9491946751547776,0.050643978264593804,0.00016134658062845746
742,F-A1-DDOSLIKE-V-01,DDoS,Normal,RF-v3,0.9811128393111165,0.004788929590339676,0.014098231098543761
743,F-A1-DDOSLIKE-V-01,DDoS,Normal,RF-v3,0.9120411782449138,0.0869603364275293,0.0009984853275568808
744,F-A1-DDOSLIKE-V-01,DDoS,Normal,RF-v3,0.9806858185457316,0.004888600887126868,0.014425580567141438
745,F-A1-DDOSLIKE-V-01,DDoS,Normal,RF-v3,0.9091080705792893,0.09077569706546124,0.00011623235524930599
746,F-A1-DDOSLIKE-V-01,DDoS,Normal,RF-v3,0.9806858185457316,0.004888600887126868,0.014425580567141438
747,F-A1-DDOSLIKE-V-01,DDoS,Normal,RF-v3,0.893870858237361,0.10601290940738972,0.00011623235524930599
748,F-A1-DDOSLIKE-V-01,DDoS,Normal,RF-v3,0.9863299574744405,0.004888600887126868,0.008781441638432318
749,F-A1-DDOSLIKE-V-01,DDoS,Normal,RF-v3,0.943884866391414,0.05586090211134663,0.00025423149723938
750,F-A1-DDOSLIKE-V-01,DDoS,Normal,RF-v3,0.9806858185457316,0.004888600887126868,0.014425580567141438
751,F-A1-DDOSLIKE-V-01,DDoS,Normal,RF-v3,0.9531436378265439,0.046399967398217674,0.0004563947752384073
752,F-A1-DDOSLIKE-V-01,DDoS,Normal,RF-v3,0.9866053297058072,0.004788929590339676,0.00860574070385288
753,F-A1-DDOSLIKE-V-01,DDoS,Normal,RF-v3,0.9459535147736681,0.05205803055612953,0.001988454670202362
754,F-A1-DDOSLIKE-V-01,DDoS,Normal,RF-v3,0.9806858185457316,0.004888600887126868,0.014425580567141438
755,F-A1-DDOSLIKE-V-01,DDoS,Normal,RF-v3,0.9076485774242729,0.09233286394110113,1.855863462625439e-05
756,F-A1-DDOSLIKE-V-01,DDoS,Normal,RF-v3,0.9866053297058072,0.004788929590339676,0.00860574070385288
757,F-A1-DDOSLIKE-V-01,DDoS,Normal,RF-v3,0.9637841916564885,0.035961576846272186,0.00025423149723938
758,F-A1-DDOSLIKE-V-01,DDoS,Normal,RF-v3,0.9861128393111163,0.004788929590339676,0.009098231098543762
759,F-A1-DDOSLIKE-V-01,DDoS,Normal,RF-v3,0.9078668153224781,0.09198345662245451,0.00014972805506728544
760,F-A1-DDOSLIKE-V-01,DDoS,Normal,RF-v3,0.9720866412586298,0.007428534242007741,0.020484824499362165
761,F-A1-DDOSLIKE-V-01,DDoS,Normal,RF-v3,0.9127414517553614,0.08693311925499174,0.00032542898964672465
762,F-A1-DDOSLIKE-V-01,DDoS,Normal,RF-v3,0.9799583035343912,0.00514930428792791,0.014892392177680768
763,F-A1-DDOSLIKE-V-01,DDoS,Normal,RF-v3,0.9087801474457423,0.09104424486701156,0.0001756076872461302
764,F-A1-DDOSLIKE-V-01,DDoS,Normal,RF-v3,0.9806858185457316,0.004888600887126868,0.014425580567141438
765,F-A1-DDOSLIKE-V-01,DDoS,Normal,RF-v3,0.9133060966631327,0.08654417528179995,0.00014972805506728544
766,F-A1-DDOSLIKE-V-01,DDoS,Normal,RF-v3,0.9806858185457316,0.004888600887126868,0.014425580567141438
767,F-A1-DDOSLIKE-V-01,DDoS,Normal,RF-v3,0.9036843571641425,0.09622529011278685,9.035272307046122e-05
768,F-A1-DDOSLIKE-V-01,DDoS,Normal,RF-v3,0.9193912918736644,0.041642143166613625,0.0389665649597217
769,F-A1-DDOSLIKE-V-01,DDoS,Normal,RF-v3,0.9238688524167132,0.07611258894866055,1.855863462625439e-05
770,F-A1-DDOSLIKE-V-01,DDoS,Normal,RF-v3,0.9808615194803109,0.004888600887126868,0.014249879632562
771,F-A1-DDOSLIKE-V-01,DDoS,Normal,RF-v3,0.9237434888495968,0.07606225158119777,0.00019425956920569366
772,F-A1-DDOSLIKE-V-01,DDoS,Normal,RF-v3,0.9806858185457316,0.004888600887126868,0.014425580567141438
773,F-A1-DDOSLIKE-V-01,DDoS,Normal,RF-v3,0.9583909316061859,0.04101191421373497,0.0005971541800791708
774,F-A1-DDOSLIKE-V-01,DDoS,Normal,RF-v3,0.9808615194803109,0.004888600887126868,0.014249879632562
775,F-A1-DDOSLIKE-V-01,DDoS,Normal,RF-v3,0.9126485774242729,0.08733286394110112,1.855863462625439e-05
776,F-A1-DDOSLIKE-V-01,DDoS,Normal,RF-v3,0.9806858185457316,0.004888600887126868,0.014425580567141438
777,F-A1-DDOSLIKE-V-01,DDoS,Normal,RF-v3,0.9240198645191016,0.0759615768462722,1.855863462625439e-05
778,F-A1-DDOSLIKE-V-01,DDoS,Normal,RF-v3,0.9806858185457316,0.004888600887126868,0.014425580567141438
779,F-A1-DDOSLIKE-V-01,DDoS,Normal,RF-v3,0.912917152689941,0.08693311925499174,0.00014972805506728544
780,F-A1-DDOSLIKE-V-01,DDoS,Normal,RF-v3,0.9785568390401429,0.00514930428792791,0.016293856671928963
781,F-A1-DDOSLIKE-V-01,DDoS,Normal,RF-v3,0.9138205208698982,0.0860632467748525,0.00011623235524930599
782,F-A1-DDOSLIKE-V-01,DDoS,Normal,RF-v3,0.9861128393111163,0.004788929590339676,0.009098231098543762
783,F-A1-DDOSLIKE-V-01,DDoS,Normal,RF-v3,0.9237231145266268,0.07576051877010104,0.0005163667032720935
784,F-A1-DDOSLIKE-V-01,DDoS,Normal,RF-v3,0.980510117611152,0.004888600887126868,0.014601281501720877
785,F-A1-DDOSLIKE-V-01,DDoS,Normal,RF-v3,0.9083867585676625,0.09146351337727027,0.00014972805506728544
786,F-A1-DDOSLIKE-V-01,DDoS,Normal,RF-v3,0.980510117611152,0.004888600887126868,0.014601281501720877
787,F-A1-DDOSLIKE-V-01,DDoS,Normal,RF-v3,0.9547548939641628,0.044893200817974474,0.00035190521786243156
788,F-A1-DDOSLIKE-V-01,DDoS,Normal,RF-v3,0.9816059353192257,0.004888600887126868,0.013505463793647133
789,F-A1-DDOSLIKE-V-01,DDoS,Normal,RF-v3,0.9340765775282922,0.06563148918187897,0.00029193328982874523
790,F-A1-DDOSLIKE-V-01,DDoS,Normal,RF-v3,0.9808615194803109,0.004888600887126868,0.014249879632562
791,F-A1-DDOSLIKE-V-01,DDoS,Normal,RF-v3,0.9288820118692702,0.07092372856152425,0.00019425956920569366
792,F-A1-DDOSLIKE-V-01,DDoS,Normal,RF-v3,0.9806858185457316,0.004888600887126868,0.014425580567141438
793,F-A1-DDOSLIKE-V-01,DDoS,Normal,RF-v3,0.9478062829148013,0.05190178379536989,0.00029193328982874523
794,F-A1-DDOSLIKE-V-01,DDoS,Normal,RF-v3,0.9863299574744405,0.004888600887126868,0.008781441638432318
795,F-A1-DDOSLIKE-V-01,DDoS,Normal,RF-v3,0.9351649111211198,0.06443806943563846,0.000397019443241583
796,F-A1-DDOSLIKE-V-01,DDoS,Normal,RF-v3,0.9866053297058072,0.004788929590339676,0.00860574070385288
797,F-A1-DDOSLIKE-V-01,DDoS,Normal,RF-v3,0.9449892101865403,0.054438069435638455,0.0005727203778210223
798,F-A1-DDOSLIKE-V-01,DDoS,Normal,RF-v3,0.981164332052831,0.004788929590339676,0.014046738356829163
799,F-A1-DDOSLIKE-V-01,DDoS,Normal,RF-v3,0.9076864850572147,0.09149073054980782,0.0008227843929774416
800,F-A1-DDOSLIKE-V-01,DDoS,Normal,RF-v3,0.9799583035343912,0.00514930428792791,0.014892392177680768
801,F-A1-DDOSLIKE-V-01,DDoS,Normal,RF-v3,0.9240198645191016,0.0759615768462722,1.855863462625439e-05
802,F-A1-DDOSLIKE-V-01,DDoS,Normal,RF-v3,0.9816059353192257,0.004888600887126868,0.013505463793647133
803,F-A1-DDOSLIKE-V-01,DDoS,Normal,RF-v3,0.9130606592603226,0.08674508117047175,0.00019425956920569366
804,F-A1-DDOSLIKE-V-01,DDoS,Normal,RF-v3,0.933982101279148,0.03708368325845396,0.028934215462397824
805,F-A1-DDOSLIKE-V-01,DDoS,Normal,RF-v3,0.9451649111211198,0.054438069435638455,0.000397019443241583
806,F-A1-DDOSLIKE-V-01,DDoS,Normal,RF-v3,0.9861128393111163,0.004788929590339676,0.009098231098543762
807,F-A1-DDOSLIKE-V-01,DDoS,Normal,RF-v3,0.94485862347734,0.054438069435638455,0.0007033070870213101
808,F-A1-DDOSLIKE-V-01,DDoS,Normal,RF-v3,0.981164332052831,0.004788929590339676,0.014046738356829163
809,F-A1-DDOSLIKE-V-01,DDoS,Normal,RF-v3,0.9533745577068008,0.046431182723993665,0.00019425956920569366
810,F-A1-DDOSLIKE-V-01,DDoS,Normal,RF-v3,0.9861128393111163,0.004788929590339676,0.009098231098543762
811,F-A1-DDOSLIKE-V-01,DDoS,Normal,RF-v3,0.8984515897271023,0.10143217791764841,0.00011623235524930599
812,F-A1-DDOSLIKE-V-01,DDoS,Normal,RF-v3,0.9799583035343912,0.00514930428792791,0.014892392177680768
813,F-A1-DDOSLIKE-V-01,DDoS,Normal,RF-v3,0.9133364212001996,0.08651385074473306,0.00014972805506728544
814,F-A1-DDOSLIKE-V-01,DDoS,Normal,RF-v3,0.9780716220480116,0.00514930428792791,0.016779073664060225
815,F-A1-DDOSLIKE-V-01,DDoS,Normal,RF-v3,0.9636018329952614,0.0359305327803303,0.0004676342244081845
816,F-A1-DDOSLIKE-V-01,DDoS,Normal,RF-v3,0.9808615194803109,0.004888600887126868,0.014249879632562
817,F-A1-DDOSLIKE-V-01,DDoS,Normal,RF-v3,0.944777016059539,0.054706617237188775,0.0005163667032720936
818,F-A1-DDOSLIKE-V-01,DDoS,Normal,RF-v3,0.9866053297058072,0.004788929590339676,0.00860574070385288
819,F-A1-DDOSLIKE-V-01,DDoS,Normal,RF-v3,0.9339375408693817,0.06540163707572148,0.0006608220548965287
820,F-A1-DDOSLIKE-V-01,DDoS,Normal,RF-v3,0.9816167546707862,0.004788929590339676,0.013594315738873883
821,F-A1-DDOSLIKE-V-01,DDoS,Normal,RF-v3,0.9395091313523949,0.06041987479004703,7.099385755799623e-05
822,F-A1-DDOSLIKE-V-01,DDoS,Normal,RF-v3,0.981164332052831,0.004788929590339676,0.014046738356829163
823,F-A1-DDOSLIKE-V-01,DDoS,Normal,RF-v3,0.9346763413246133,0.06480729197211434,0.0005163667032720936
824,F-A1-DDOSLIKE-V-01,DDoS,Normal,RF-v3,0.9811128393111165,0.004788929590339676,0.014098231098543761
825,F-A1-DDOSLIKE-V-01,DDoS,Normal,RF-v3,0.9583686436894072,0.041279451092730346,0.00035190521786243156
826,F-A1-DDOSLIKE-V-01,DDoS,Normal,RF-v3,0.9815542269821619,0.004888600887126868,0.01355717213071099
827,F-A1-DDOSLIKE-V-01,DDoS,Normal,RF-v3,0.9587065103582844,0.04103925814447653,0.00025423149723938
828,F-A1-DDOSLIKE-V-01,DDoS,Normal,RF-v3,0.9863299574744405,0.004888600887126868,0.008781441638432318
829,F-A1-DDOSLIKE-V-01,DDoS,Normal,RF-v3,0.9034547494516031,0.09636964286115077,0.0001756076872461302
830,F-A1-DDOSLIKE-V-01,DDoS,Normal,RF-v3,0.9815542269821619,0.004888600887126868,0.01355717213071099
831,F-A1-DDOSLIKE-V-01,DDoS,Normal,RF-v3,0.912917152689941,0.08693311925499174,0.00014972805506728544
832,F-A1-DDOSLIKE-V-01,DDoS,Normal,RF-v3,0.9806858185457316,0.004888600887126868,0.014425580567141438
833,F-A1-DDOSLIKE-V-01,DDoS,Normal,RF-v3,0.9531665542827041,0.04657921422005666,0.00025423149723938
834,F-A1-DDOSLIKE-V-01,DDoS,Normal,RF-v3,0.9094094373628849,0.04387116380536769,0.04671939883174711
835,F-A1-DDOSLIKE-V-01,DDoS,Normal,RF-v3,0.9529791941119069,0.046201769794526004,0.0008190360935670629
836,F-A1-DDOSLIKE-V-01,DDoS,Normal,RF-v3,0.9806858185457316,0.004888600887126868,0.014425580567141438
837,F-A1-DDOSLIKE-V-01,DDoS,Normal,RF-v3,0.9237616498117237,0.07621979155365023,1.855863462625439e-05
838,F-A1-DDOSLIKE-V-01,DDoS,Normal,RF-v3,0.9806858185457316,0.004888600887126868,0.014425580567141438
839,F-A1-DDOSLIKE-V-01,DDoS,Normal,RF-v3,0.8935429351038138,0.10628145720894004,0.0001756076872461302
840,F-A1-DDOSLIKE-V-01,DDoS,Normal,RF-v3,0.9770866412586298,0.00514930428792791,0.01776405445344199
841,F-A1-DDOSLIKE-V-01,DDoS,Normal,RF-v3,0.9349635616512686,0.06463941890548958,0.000397019443241583
842,F-A1-DDOSLIKE-V-01,DDoS,Normal,RF-v3,0.9811128393111165,0.004788929590339676,0.014098231098543761
843,F-A1-DDOSLIKE-V-01,DDoS,Normal,RF-v3,0.9236316604827618,0.0762521071619888,0.00011623235524930599
844,F-A1-DDOSLIKE-V-01,DDoS,Normal,RF-v3,0.9808615194803109,0.004888600887126868,0.014249879632562
845,F-A1-DDOSLIKE-V-01,DDoS,Normal,RF-v3,0.9582314403174785,0.041162926316123324,0.0006056333663982584
846,F-A1-DDOSLIKE-V-01,DDoS,Normal,RF-v3,0.9808615194803109,0.004888600887126868,0.014249879632562
847,F-A1-DDOSLIKE-V-01,DDoS,Normal,RF-v3,0.9627033240467106,0.0367690698008477,0.0005276061524418709
848,F-A1-DDOSLIKE-V-01,DDoS,Normal,RF-v3,0.9806858185457316,0.004888600887126868,0.014425580567141438
849,F-A1-DDOSLIKE-V-01,DDoS,Normal,RF-v3,0.958638138112876,0.0409919013833391,0.0003699605037851329
850,F-A1-DDOSLIKE-V-01,DDoS,Normal,RF-v3,0.9806858185457316,0.004888600887126868,0.014425580567141438
851,F-A1-DDOSLIKE-V-01,DDoS,Normal,RF-v3,0.9189085259335349,0.08102142269012445,7.005137634085313e-05
852,F-A1-DDOSLIKE-V-01,DDoS,Normal,RF-v3,0.9806858185457316,0.004888600887126868,0.014425580567141438
853,F-A1-DDOSLIKE-V-01,DDoS,Normal,RF-v3,0.9396572740074888,0.059639418905489586,0.0007033070870213101
854,F-A1-DDOSLIKE-V-01,DDoS,Normal,RF-v3,0.980937138376537,0.004788929590339676,0.0142739320331232
855,F-A1-DDOSLIKE-V-01,DDoS,Normal,RF-v3,0.9122249453510106,0.08699818471227726,0.0007768699367120794
856,F-A1-DDOSLIKE-V-01,DDoS,Normal,RF-v3,0.9806858185457316,0.004888600887126868,0.014425580567141438
857,F-A1-DDOSLIKE-V-01,DDoS,Normal,RF-v3,0.9122672165469561,0.08690999906006652,0.0008227843929774416
858,F-A1-DDOSLIKE-V-01,DDoS,Normal,RF-v3,0.9806858185457316,0.004888600887126868,0.014425580567141438
859,F-A1-DDOSLIKE-V-01,DDoS,Normal,RF-v3,0.9451649111211198,0.054438069435638455,0.000397019443241583
860,F-A1-DDOSLIKE-V-01,DDoS,Normal,RF-v3,0.981164332052831,0.004788929590339676,0.014046738356829163
861,F-A1-DDOSLIKE-V-01,DDoS,Normal,RF-v3,0.9592234729971431,0.04052229550561761,0.00025423149723938
862,F-A1-DDOSLIKE-V-01,DDoS,Normal,RF-v3,0.9811128393111165,0.004788929590339676,0.014098231098543761
863,F-A1-DDOSLIKE-V-01,DDoS,Normal,RF-v3,0.9396763413246133,0.05980729197211434,0.0005163667032720936
864,F-A1-DDOSLIKE-V-01,DDoS,Normal,RF-v3,0.9869445482736029,0.004788929590339676,0.008266522136057273
865,F-A1-DDOSLIKE-V-01,DDoS,Normal,RF-v3,0.9137146817012095,0.08619496557571994,9.035272307046122e-05
866,F-A1-DDOSLIKE-V-01,DDoS,Normal,RF-v3,0.9806858185457316,0.004888600887126868,0.014425580567141438
867,F-A1-DDOSLIKE-V-01,DDoS,Normal,RF-v3,0.9572500373460467,0.04198728023493523,0.0007626824190181342
868,F-A1-DDOSLIKE-V-01,DDoS,Normal,RF-v3,0.9754518352455974,0.005477648641374151,0.019070516113028017
869,F-A1-DDOSLIKE-V-01,DDoS,Normal,RF-v3,0.9083330795378246,0.09155068810692604,0.00011623235524930599
870,F-A1-DDOSLIKE-V-01,DDoS,Normal,RF-v3,0.9806858185457316,0.004888600887126868,0.014425580567141438
871,F-A1-DDOSLIKE-V-01,DDoS,Normal,RF-v3,0.9123175539144188,0.08685966169260376,0.0008227843929774416
872,F-A1-DDOSLIKE-V-01,DDoS,Normal,RF-v3,0.9806858185457316,0.004888600887126868,0.014425580567141438
873,F-A1-DDOSLIKE-V-01,DDoS,Normal,RF-v3,0.9071486349443175,0.09271428416661187,0.0001370808890708389
874,F-A1-DDOSLIKE-V-01,DDoS,Normal,RF-v3,0.9806858185457316,0.004888600887126868,0.014425580567141438
875,F-A1-DDOSLIKE-V-01,DDoS,Normal,RF-v3,0.9033634040748916,0.09652036356985916,0.00011623235524930599
876,F-A1-DDOSLIKE-V-01,DDoS,Normal,RF-v3,0.9806858185457316,0.004888600887126868,0.014425580567141438
877,F-A1-DDOSLIKE-V-01,DDoS,Normal,RF-v3,0.9034370959351253,0.09641317600980749,0.00014972805506728544
878,F-A1-DDOSLIKE-V-01,DDoS,Normal,RF-v3,0.9806858185457316,0.004888600887126868,0.014425580567141438
879,F-A1-DDOSLIKE-V-01,DDoS,Normal,RF-v3,0.9240198645191016,0.0759615768462722,1.855863462625439e-05
880,F-A1-DDOSLIKE-V-01,DDoS,Normal,RF-v3,0.9806858185457316,0.004888600887126868,0.014425580567141438
881,F-A1-DDOSLIKE-V-01,DDoS,Normal,RF-v3,0.9290273882667826,0.07095405309859115,1.855863462625439e-05
882,F-A1-DDOSLIKE-V-01,DDoS,Normal,RF-v3,0.9806858185457316,0.004888600887126868,0.014425580567141438
883,F-A1-DDOSLIKE-V-01,DDoS,Normal,RF-v3,0.958638138112876,0.0409919013833391,0.0003699605037851329
884,F-A1-DDOSLIKE-V-01,DDoS,Normal,RF-v3,0.9754518352455974,0.005477648641374151,0.019070516113028017
885,F-A1-DDOSLIKE-V-01,DDoS,Normal,RF-v3,0.9575979574869491,0.04110208459465414,0.001299957918396928
886,F-A1-DDOSLIKE-V-01,DDoS,Normal,RF-v3,0.9806858185457316,0.004888600887126868,0.014425580567141438
887,F-A1-DDOSLIKE-V-01,DDoS,Normal,RF-v3,0.9240198645191016,0.0759615768462722,1.855863462625439e-05
888,F-A1-DDOSLIKE-V-01,DDoS,Normal,RF-v3,0.9861128393111163,0.004788929590339676,0.009098231098543762
889,F-A1-DDOSLIKE-V-01,DDoS,Normal,RF-v3,0.9135582794386277,0.08607176005758724,0.00036996050378513293
890,F-A1-DDOSLIKE-V-01,DDoS,Normal,RF-v3,0.9806858185457316,0.004888600887126868,0.014425580567141438
891,F-A1-DDOSLIKE-V-01,DDoS,Normal,RF-v3,0.9451649111211198,0.054438069435638455,0.000397019443241583
892,F-A1-DDOSLIKE-V-01,DDoS,Normal,RF-v3,0.9811128393111165,0.004788929590339676,0.014098231098543761
893,F-A1-DDOSLIKE-V-01,DDoS,Normal,RF-v3,0.9237408337510462,0.07624060761432766,1.855863462625439e-05
894,F-A1-DDOSLIKE-V-01,DDoS,Normal,RF-v3,0.9866053297058072,0.004788929590339676,0.00860574070385288
895,F-A1-DDOSLIKE-V-01,DDoS,Normal,RF-v3,0.9239096813077866,0.07607176005758724,1.855863462625439e-05
896,F-A1-DDOSLIKE-V-01,DDoS,Normal,RF-v3,0.9806858185457316,0.004888600887126868,0.014425580567141438
897,F-A1-DDOSLIKE-V-01,DDoS,Normal,RF-v3,0.918304533016717,0.07667690834865688,0.0050185586346262545
898,F-A1-DDOSLIKE-V-01,DDoS,Normal,RF-v3,0.9806858185457316,0.004888600887126868,0.014425580567141438
899,F-A1-DDOSLIKE-V-01,DDoS,Normal,RF-v3,0.9138205208698982,0.0860632467748525,0.00011623235524930599
900,F-A1-DDOSLIKE-V-01,DDoS,Normal,RF-v3,0.9806858185457316,0.004888600887126868,0.014425580567141438
901,F-A1-DDOSLIKE-V-01,DDoS,Normal,RF-v3,0.9589095552236051,0.04101191421373497,7.853056265994074e-05
902,F-A1-DDOSLIKE-V-01,DDoS,Normal,RF-v3,0.9864296287712279,0.004788929590339676,0.008781441638432318
903,F-A1-DDOSLIKE-V-01,DDoS,Normal,RF-v3,0.9232886089721448,0.07662103830478471,9.035272307046122e-05
904,F-A1-DDOSLIKE-V-01,DDoS,Normal,RF-v3,0.9808615194803109,0.004888600887126868,0.014249879632562
905,F-A1-DDOSLIKE-V-01,DDoS,Normal,RF-v3,0.9185344561354296,0.07621979155365023,0.005245752310920292
906,F-A1-DDOSLIKE-V-01,DDoS,Normal,RF-v3,0.9806858185457316,0.004888600887126868,0.014425580567141438
907,F-A1-DDOSLIKE-V-01,DDoS,Normal,RF-v3,0.9091080705792893,0.09077569706546124,0.00011623235524930599
908,F-A1-DDOSLIKE-V-01,DDoS,Normal,RF-v3,0.9866053297058072,0.004788929590339676,0.00860574070385288
909,F-A1-DDOSLIKE-V-01,DDoS,Normal,RF-v3,0.9183650492304112,0.07644069120038316,0.0051942595692056935
910,F-A1-DDOSLIKE-V-01,DDoS,Normal,RF-v3,0.9806858185457316,0.004888600887126868,0.014425580567141438
911,F-A1-DDOSLIKE-V-01,DDoS,Normal,RF-v3,0.9236316604827618,0.0762521071619888,0.00011623235524930599
912,F-A1-DDOSLIKE-V-01,DDoS,Normal,RF-v3,0.9811128393111165,0.004788929590339676,0.014098231098543761
913,F-A1-DDOSLIKE-V-01,DDoS,Normal,RF-v3,0.9058883734719068,0.09374166602430828,0.0003699605037851329
914,F-A1-DDOSLIKE-V-01,DDoS,Normal,RF-v3,0.9799583035343912,0.00514930428792791,0.014892392177680768
915,F-A1-DDOSLIKE-V-01,DDoS,Normal,RF-v3,0.9280977118775685,0.07155097950060603,0.0003513086218255694
916,F-A1-DDOSLIKE-V-01,DDoS,Normal,RF-v3,0.9806858185457316,0.004888600887126868,0.014425580567141438
917,F-A1-DDOSLIKE-V-01,DDoS,Normal,RF-v3,0.9240198645191016,0.0759615768462722,1.855863462625439e-05
918,F-A1-DDOSLIKE-V-01,DDoS,Normal,RF-v3,0.9806858185457316,0.004888600887126868,0.014425580567141438
919,F-A1-DDOSLIKE-V-01,DDoS,Normal,RF-v3,0.91345256451278,0.08652887685259389,1.855863462625439e-05
920,F-A1-DDOSLIKE-V-01,DDoS,Normal,RF-v3,0.9720866412586298,0.007428534242007741,0.020484824499362165
921,F-A1-DDOSLIKE-V-01,DDoS,Normal,RF-v3,0.9182170177343483,0.07658872269644616,0.0051942595692056935
922,F-A1-DDOSLIKE-V-01,DDoS,Normal,RF-v3,0.9706778735476397,0.0077065412279912,0.02161558522436876
923,F-A1-DDOSLIKE-V-01,DDoS,Normal,RF-v3,0.929006220062135,0.06592372856152424,0.0050700513763408525
924,F-A1-DDOSLIKE-V-01,DDoS,Normal,RF-v3,0.9866682474125008,0.004788929590339676,0.008542822997159288
925,F-A1-DDOSLIKE-V-01,DDoS,Normal,RF-v3,0.903692411270493,0.09614462820825716,0.0001629605212496837
926,F-A1-DDOSLIKE-V-01,DDoS,Normal,RF-v3,0.9799583035343912,0.00514930428792791,0.014892392177680768
927,F-A1-DDOSLIKE-V-01,DDoS,Normal,RF-v3,0.9091339502114683,0.09077569706546124,9.035272307046122e-05
928,F-A1-DDOSLIKE-V-01,DDoS,Normal,RF-v3,0.9806858185457316,0.004888600887126868,0.014425580567141438
929,F-A1-DDOSLIKE-V-01,DDoS,Normal,RF-v3,0.9034547494516031,0.09636964286115077,0.0001756076872461302
930,F-A1-DDOSLIKE-V-01,DDoS,Normal,RF-v3,0.9806858185457316,0.004888600887126868,0.014425580567141438
931,F-A1-DDOSLIKE-V-01,DDoS,Normal,RF-v3,0.9422307228510084,0.05651385074473305,0.0012554264042585195
932,F-A1-DDOSLIKE-V-01,DDoS,Normal,RF-v3,0.9806858185457316,0.004888600887126868,0.014425580567141438
933,F-A1-DDOSLIKE-V-01,DDoS,Normal,RF-v3,0.9496651672847272,0.04999416694658002,0.0003406657686926544
934,F-A1-DDOSLIKE-V-01,DDoS,Normal,RF-v3,0.9866053297058072,0.004788929590339676,0.00860574070385288
935,F-A1-DDOSLIKE-V-01,DDoS,Normal,RF-v3,0.9232627293399659,0.07662103830478471,0.00011623235524930599
936,F-A1-DDOSLIKE-V-01,DDoS,Normal,RF-v3,0.9808615194803109,0.004888600887126868,0.014249879632562
937,F-A1-DDOSLIKE-V-01,DDoS,Normal,RF-v3,0.9232886089721448,0.07662103830478471,9.035272307046122e-05
938,F-A1-DDOSLIKE-V-01,DDoS,Normal,RF-v3,0.9806858185457316,0.004888600887126868,0.014425580567141438
939,F-A1-DDOSLIKE-V-01,DDoS,Normal,RF-v3,0.9284559595481825,0.07125210716198879,0.00029193328982874523
940,F-A1-DDOSLIKE-V-01,DDoS,Normal,RF-v3,0.9811128393111165,0.004788929590339676,0.014098231098543761
941,F-A1-DDOSLIKE-V-01,DDoS,Normal,RF-v3,0.9153953608416494,0.08448840680310121,0.00011623235524930599
942,F-A1-DDOSLIKE-V-01,DDoS,Normal,RF-v3,0.981164332052831,0.004788929590339676,0.014046738356829163
943,F-A1-DDOSLIKE-V-01,DDoS,Normal,RF-v3,0.8991584079467522,0.10072535969799847,0.00011623235524930599
944,F-A1-DDOSLIKE-V-01,DDoS,Normal,RF-v3,0.9808615194803109,0.004888600887126868,0.014249879632562
945,F-A1-DDOSLIKE-V-01,DDoS,Normal,RF-v3,0.9542063522396229,0.04526242335445037,0.0005312244059266285
946,F-A1-DDOSLIKE-V-01,DDoS,Normal,RF-v3,0.9811128393111165,0.004788929590339676,0.014098231098543761
947,F-A1-DDOSLIKE-V-01,DDoS,Normal,RF-v3,0.9486162214559628,0.05091252606614413,0.00047125247789294215
948,F-A1-DDOSLIKE-V-01,DDoS,Normal,RF-v3,0.8937248947040919,0.05472692518708471,0.05154818010882299
949,F-A1-DDOSLIKE-V-01,DDoS,Normal,RF-v3,0.8987826725851502,0.10110109505960045,0.00011623235524930599
950,F-A1-DDOSLIKE-V-01,DDoS,Normal,RF-v3,0.9806858185457316,0.004888600887126868,0.014425580567141438
951,F-A1-DDOSLIKE-V-01,DDoS,Normal,RF-v3,0.918248235547989,0.08160203639694379,0.00014972805506728544
952,F-A1-DDOSLIKE-V-01,DDoS,Normal,RF-v3,0.9806858185457316,0.004888600887126868,0.014425580567141438
953,F-A1-DDOSLIKE-V-01,DDoS,Normal,RF-v3,0.9185199545122903,0.08136381313246036,0.00011623235524930599
954,F-A1-DDOSLIKE-V-01,DDoS,Normal,RF-v3,0.9861128393111163,0.004788929590339676,0.009098231098543762
955,F-A1-DDOSLIKE-V-01,DDoS,Normal,RF-v3,0.9235859488771443,0.07621979155365023,0.00019425956920569366
956,F-A1-DDOSLIKE-V-01,DDoS,Normal,RF-v3,0.980510117611152,0.004888600887126868,0.014601281501720877
957,F-A1-DDOSLIKE-V-01,DDoS,Normal,RF-v3,0.9565898542618061,0.04199523251699319,0.0014149132212005866
958,F-A1-DDOSLIKE-V-01,DDoS,Normal,RF-v3,0.9816167546707862,0.004788929590339676,0.013594315738873883
959,F-A1-DDOSLIKE-V-01,DDoS,Normal,RF-v3,0.9493275061922695,0.05014488765528839,0.0005276061524418709
960,F-A1-DDOSLIKE-V-01,DDoS,Normal,RF-v3,0.9806858185457316,0.004888600887126868,0.014425580567141438
961,F-A1-DDOSLIKE-V-01,DDoS,Normal,RF-v3,0.9631565340491802,0.03632709924754774,0.0005163667032720936
962,F-A1-DDOSLIKE-V-01,DDoS,Normal,RF-v3,0.9806858185457316,0.004888600887126868,0.014425580567141438
963,F-A1-DDOSLIKE-V-01,DDoS,Normal,RF-v3,0.9091080705792893,0.09077569706546124,0.00011623235524930599
964,F-A1-DDOSLIKE-V-01,DDoS,Normal,RF-v3,0.9780716220480116,0.00514930428792791,0.016779073664060225
965,F-A1-DDOSLIKE-V-01,DDoS,Normal,RF-v3,0.9586961320884592,0.04110960834233518,0.00019425956920569366
966,F-A1-DDOSLIKE-V-01,DDoS,Normal,RF-v3,0.9861128393111163,0.004788929590339676,0.009098231098543762
967,F-A1-DDOSLIKE-V-01,DDoS,Normal,RF-v3,0.9138205208698982,0.0860632467748525,0.00011623235524930599
968,F-A1-DDOSLIKE-V-01,DDoS,Normal,RF-v3,0.9242155909390851,0.041642143166613625,0.03414226589430113
969,F-A1-DDOSLIKE-V-01,DDoS,Normal,RF-v3,0.9286516733131578,0.07123209433159293,0.00011623235524930599
970,F-A1-DDOSLIKE-V-01,DDoS,Normal,RF-v3,0.9806858185457316,0.004888600887126868,0.014425580567141438
971,F-A1-DDOSLIKE-V-01,DDoS,Normal,RF-v3,0.9629903831883974,0.03659833626174345,0.0004112805498592558
972,F-A1-DDOSLIKE-V-01,DDoS,Normal,RF-v3,0.980510117611152,0.004888600887126868,0.014601281501720877
973,F-A1-DDOSLIKE-V-01,DDoS,Normal,RF-v3,0.9582314403174785,0.041162926316123324,0.0006056333663982584
974,F-A1-DDOSLIKE-V-01,DDoS,Normal,RF-v3,0.9811128393111165,0.004788929590339676,0.014098231098543761
975,F-A1-DDOSLIKE-V-01,DDoS,Normal,RF-v3,0.8937650190686723,0.10614462820825717,9.035272307046122e-05
976,F-A1-DDOSLIKE-V-01,DDoS,Normal,RF-v3,0.9806858185457316,0.004888600887126868,0.014425580567141438
977,F-A1-DDOSLIKE-V-01,DDoS,Normal,RF-v3,0.8935429351038138,0.10628145720894004,0.0001756076872461302
978,F-A1-DDOSLIKE-V-01,DDoS,Normal,RF-v3,0.9806858185457316,0.004888600887126868,0.014425580567141438
979,F-A1-DDOSLIKE-V-01,DDoS,Normal,RF-v3,0.9483159054065321,0.0459112394788094,0.00577285511465861
980,F-A1-DDOSLIKE-V-01,DDoS,Normal,RF-v3,0.9242155909390851,0.041642143166613625,0.03414226589430113
981,F-A1-DDOSLIKE-V-01,DDoS,Normal,RF-v3,0.9426548505926731,0.0560632467748525,0.0012819026324742263
982,F-A1-DDOSLIKE-V-01,DDoS,Normal,RF-v3,0.9799583035343912,0.00514930428792791,0.014892392177680768
983,F-A1-DDOSLIKE-V-01,DDoS,Normal,RF-v3,0.9643695265407557,0.0354919709685507,0.0001385024906936271
984,F-A1-DDOSLIKE-V-01,DDoS,Normal,RF-v3,0.9861128393111163,0.004788929590339676,0.009098231098543762
985,F-A1-DDOSLIKE-V-01,DDoS,Normal,RF-v3,0.9583305959810657,0.04120176979452601,0.0004676342244081845
986,F-A1-DDOSLIKE-V-01,DDoS,Normal,RF-v3,0.9754518352455974,0.005477648641374151,0.019070516113028017
987,F-A1-DDOSLIKE-V-01,DDoS,Normal,RF-v3,0.8984271319918183,0.1014825152851112,9.035272307046122e-05
988,F-A1-DDOSLIKE-V-01,DDoS,Normal,RF-v3,0.9770866412586298,0.00514930428792791,0.01776405445344199
989,F-A1-DDOSLIKE-V-01,DDoS,Normal,RF-v3,0.942630581980222,0.05690178379536989,0.0004676342244081845
990,F-A1-DDOSLIKE-V-01,DDoS,Normal,RF-v3,0.9780716220480116,0.00514930428792791,0.016779073664060225
991,F-A1-DDOSLIKE-V-01,DDoS,Normal,RF-v3,0.9129819838493808,0.08690178379536989,0.00011623235524930599
992,F-A1-DDOSLIKE-V-01,DDoS,Normal,RF-v3,0.980510117611152,0.004888600887126868,0.014601281501720877
993,F-A1-DDOSLIKE-V-01,DDoS,Normal,RF-v3,0.9236516733131578,0.07623209433159293,0.00011623235524930599
994,F-A1-DDOSLIKE-V-01,DDoS,Normal,RF-v3,0.9864296287712279,0.004788929590339676,0.008781441638432318
995,F-A1-DDOSLIKE-V-01,DDoS,Normal,RF-v3,0.9037826725851502,0.09610109505960045,0.00011623235524930599
996,F-A1-DDOSLIKE-V-01,DDoS,Normal,RF-v3,0.9866053297058072,0.004788929590339676,0.00860574070385288
997,F-A1-DDOSLIKE-V-01,DDoS,Normal,RF-v3,0.9080406464299269,0.09176509400086762,0.00019425956920569366
998,F-A1-DDOSLIKE-V-01,DDoS,Normal,RF-v3,0.9806858185457316,0.004888600887126868,0.014425580567141438
999,F-A1-DDOSLIKE-V-01,DDoS,Normal,RF-v3,0.9444222529361351,0.05535642855520256,0.0002213185086621438
1000,F-A1-DDOSLIKE-V-01,DDoS,Normal,RF-v3,0.9811128393111165,0.004788929590339676,0.014098231098543761
1001,F-A1-DDOSLIKE-V-01,DDoS,Normal,RF-v3,0.9288593439403238,0.07112209742505002,1.855863462625439e-05
1002,F-A1-DDOSLIKE-V-01,DDoS,Normal,RF-v3,0.9866053297058072,0.004788929590339676,0.00860574070385288
1003,F-A1-DDOSLIKE-V-01,DDoS,Normal,RF-v3,0.944777016059539,0.054706617237188775,0.0005163667032720936
1004,F-A1-DDOSLIKE-V-01,DDoS,Normal,RF-v3,0.9861128393111163,0.004788929590339676,0.009098231098543762
1005,F-A1-DDOSLIKE-V-01,DDoS,Normal,RF-v3,0.9239096813077866,0.07607176005758724,1.855863462625439e-05
1006,F-A1-DDOSLIKE-V-01,DDoS,Normal,RF-v3,0.9806858185457316,0.004888600887126868,0.014425580567141438
1007,F-A1-DDOSLIKE-V-01,DDoS,Normal,RF-v3,0.9311890293195604,0.06245104083400903,0.006359929846430614
1008,F-A1-DDOSLIKE-V-01,DDoS,Normal,RF-v3,0.957671753968483,0.04143118272399367,0.0008970633075234506
1009,F-A1-DDOSLIKE-V-01,DDoS,Normal,RF-v3,0.9193912918736644,0.041642143166613625,0.0389665649597217
1010,F-A1-DDOSLIKE-V-01,DDoS,Normal,RF-v3,0.9094094373628849,0.04387116380536769,0.04671939883174711
1011,F-A1-DDOSLIKE-V-01,DDoS,Normal,RF-v3,0.9580508252761584,0.04157921422005666,0.0003699605037851329
1012,F-A1-DDOSLIKE-V-01,DDoS,Normal,RF-v3,0.9806858185457316,0.004888600887126868,0.014425580567141438
1013,F-A1-DDOSLIKE-V-01,DDoS,Normal,RF-v3,0.9291080501713124,0.07087339119406147,1.855863462625439e-05
1014,F-A1-DDOSLIKE-V-01,DDoS,Normal,RF-v3,0.9806858185457316,0.004888600887126868,0.014425580567141438
1015,F-A1-DDOSLIKE-V-01,DDoS,Normal,RF-v3,0.9137146817012095,0.08619496557571994,9.035272307046122e-05
1016,F-A1-DDOSLIKE-V-01,DDoS,Normal,RF-v3,0.9806858185457316,0.004888600887126868,0.014425580567141438
1017,F-A1-DDOSLIKE-V-01,DDoS,Normal,RF-v3,0.9122672165469561,0.08690999906006652,0.0008227843929774416
1018,F-A1-DDOSLIKE-V-01,DDoS,Normal,RF-v3,0.9806858185457316,0.004888600887126868,0.014425580567141438
1019,F-A1-DDOSLIKE-V-01,DDoS,Normal,RF-v3,0.9183587552008503,0.08121979155365024,0.0004214532454997316
1020,F-A1-DDOSLIKE-V-01,DDoS,Normal,RF-v3,0.9806858185457316,0.004888600887126868,0.014425580567141438
1021,F-A1-DDOSLIKE-V-01,DDoS,Normal,RF-v3,0.9584286156174409,0.041279451092730346,0.00029193328982874523
1022,F-A1-DDOSLIKE-V-01,DDoS,Normal,RF-v3,0.9808615194803109,0.004888600887126868,0.014249879632562
1023,F-A1-DDOSLIKE-V-01,DDoS,Normal,RF-v3,0.9186219714177983,0.07630797720586097,0.0050700513763408525
1024,F-A1-DDOSLIKE-V-01,DDoS,Normal,RF-v3,0.9799583035343912,0.00514930428792791,0.014892392177680768
1025,F-A1-DDOSLIKE-V-01,DDoS,Normal,RF-v3,0.9068479480366974,0.09232926757032522,0.0008227843929774416
1026,F-A1-DDOSLIKE-V-01,DDoS,Normal,RF-v3,0.9806858185457316,0.004888600887126868,0.014425580567141438
1027,F-A1-DDOSLIKE-V-01,DDoS,Normal,RF-v3,0.9401649111211198,0.05943806943563845,0.000397019443241583
1028,F-A1-DDOSLIKE-V-01,DDoS,Normal,RF-v3,0.9811128393111165,0.004788929590339676,0.014098231098543761
1029,F-A1-DDOSLIKE-V-01,DDoS,Normal,RF-v3,0.9459535147736681,0.05205803055612953,0.001988454670202362
1030,F-A1-DDOSLIKE-V-01,DDoS,Normal,RF-v3,0.9806858185457316,0.004888600887126868,0.014425580567141438
1031,F-A1-DDOSLIKE-V-01,DDoS,Normal,RF-v3,0.9500530623463079,0.0497256191450297,0.0002213185086621438
1032,F-A1-DDOSLIKE-V-01,DDoS,Normal,RF-v3,0.9861128393111163,0.004788929590339676,0.009098231098543762
1033,F-A1-DDOSLIKE-V-01,DDoS,Normal,RF-v3,0.9491153120652682,0.05041343545683872,0.0004712524778929422
1034,F-A1-DDOSLIKE-V-01,DDoS,Normal,RF-v3,0.9811128393111165,0.004788929590339676,0.014098231098543761
1035,F-A1-DDOSLIKE-V-01,DDoS,Normal,RF-v3,0.9484691190007392,0.0510632467748525,0.0004676342244081845
1036,F-A1-DDOSLIKE-V-01,DDoS,Normal,RF-v3,0.9806858185457316,0.004888600887126868,0.014425580567141438
1037,F-A1-DDOSLIKE-V-01,DDoS,Normal,RF-v3,0.9089079119094259,0.09082603443292403,0.00026605365764990045
1038,F-A1-DDOSLIKE-V-01,DDoS,Normal,RF-v3,0.9756778735476397,0.005427311273911368,0.018894815178448578
1039,F-A1-DDOSLIKE-V-01,DDoS,Normal,RF-v3,0.9083364212001996,0.09151385074473303,0.00014972805506728544
1040,F-A1-DDOSLIKE-V-01,DDoS,Normal,RF-v3,0.9785568390401429,0.00514930428792791,0.016293856671928963
1041,F-A1-DDOSLIKE-V-01,DDoS,Normal,RF-v3,0.9289085259335349,0.06602142269012445,0.0050700513763408525
1042,F-A1-DDOSLIKE-V-01,DDoS,Normal,RF-v3,0.9799583035343912,0.00514930428792791,0.014892392177680768
1043,F-A1-DDOSLIKE-V-01,DDoS,Normal,RF-v3,0.9232827421703618,0.07660102547438885,0.00011623235524930599
1044,F-A1-DDOSLIKE-V-01,DDoS,Normal,RF-v3,0.9808615194803109,0.004888600887126868,0.014249879632562
1045,F-A1-DDOSLIKE-V-01,DDoS,Normal,RF-v3,0.9535828421866374,0.046162926316123315,0.00025423149723938
1046,F-A1-DDOSLIKE-V-01,DDoS,Normal,RF-v3,0.9811128393111165,0.004788929590339676,0.014098231098543761
1047,F-A1-DDOSLIKE-V-01,DDoS,Normal,RF-v3,0.9137146817012095,0.08619496557571994,9.035272307046122e-05
1048,F-A1-DDOSLIKE-V-01,DDoS,Normal,RF-v3,0.9806858185457316,0.004888600887126868,0.014425580567141438
1049,F-A1-DDOSLIKE-V-01,DDoS,Normal,RF-v3,0.9523211656805616,0.04675641149292879,0.0009224228265097029
1050,F-A1-DDOSLIKE-V-01,DDoS,Normal,RF-v3,0.9866682474125008,0.004788929590339676,0.008542822997159288
1051,F-A1-DDOSLIKE-V-01,DDoS,Normal,RF-v3,0.9335504012114115,0.06547198727358014,0.0009776115150079729
1052,F-A1-DDOSLIKE-V-01,DDoS,Normal,RF-v3,0.981164332052831,0.004788929590339676,0.014046738356829163
1053,F-A1-DDOSLIKE-V-01,DDoS,Normal,RF-v3,0.9091080705792893,0.09077569706546124,0.00011623235524930599
1054,F-A1-DDOSLIKE-V-01,DDoS,Normal,RF-v3,0.9806858185457316,0.004888600887126868,0.014425580567141438
1055,F-A1-DDOSLIKE-V-01,DDoS,Normal,RF-v3,0.8984515897271023,0.10143217791764841,0.00011623235524930599
1056,F-A1-DDOSLIKE-V-01,DDoS,Normal,RF-v3,0.9806858185457316,0.004888600887126868,0.014425580567141438
1057,F-A1-DDOSLIKE-V-01,DDoS,Normal,RF-v3,0.9351649111211198,0.06443806943563846,0.000397019443241583
1058,F-A1-DDOSLIKE-V-01,DDoS,Normal,RF-v3,0.981164332052831,0.004788929590339676,0.014046738356829163
1059,F-A1-DDOSLIKE-V-01,DDoS,Normal,RF-v3,0.9493969108768568,0.05026242335445036,0.0003406657686926544
1060,F-A1-DDOSLIKE-V-01,DDoS,Normal,RF-v3,0.9811903918157774,0.004788929590339676,0.014020678593882783
1061,F-A1-DDOSLIKE-V-01,DDoS,Normal,RF-v3,0.9070732837363582,0.09290815762901568,1.855863462625439e-05
1062,F-A1-DDOSLIKE-V-01,DDoS,Normal,RF-v3,0.9806858185457316,0.004888600887126868,0.014425580567141438
1063,F-A1-DDOSLIKE-V-01,DDoS,Normal,RF-v3,0.9597848059384377,0.03999387555290004,0.0002213185086621438
1064,F-A1-DDOSLIKE-V-01,DDoS,Normal,RF-v3,0.9863299574744405,0.004888600887126868,0.008781441638432318
1065,F-A1-DDOSLIKE-V-01,DDoS,Normal,RF-v3,0.9240577128038495,0.07592372856152424,1.855863462625439e-05
1066,F-A1-DDOSLIKE-V-01,DDoS,Normal,RF-v3,0.9806858185457316,0.004888600887126868,0.014425580567141438
1067,F-A1-DDOSLIKE-V-01,DDoS,Normal,RF-v3,0.9072672165469561,0.09190999906006653,0.0008227843929774416
1068,F-A1-DDOSLIKE-V-01,DDoS,Normal,RF-v3,0.9806858185457316,0.004888600887126868,0.014425580567141438
1069,F-A1-DDOSLIKE-V-01,DDoS,Normal,RF-v3,0.9237208209206503,0.07626062044472354,1.855863462625439e-05
1070,F-A1-DDOSLIKE-V-01,DDoS,Normal,RF-v3,0.9811128393111165,0.004788929590339676,0.014098231098543761
1071,F-A1-DDOSLIKE-V-01,DDoS,Normal,RF-v3,0.918409092568313,0.08116945418618746,0.0004214532454997316
1072,F-A1-DDOSLIKE-V-01,DDoS,Normal,RF-v3,0.9799583035343912,0.00514930428792791,0.014892392177680768
1073,F-A1-DDOSLIKE-V-01,DDoS,Normal,RF-v3,0.9289600186752495,0.07102142269012446,1.855863462625439e-05
1074,F-A1-DDOSLIKE-V-01,DDoS,Normal,RF-v3,0.9806858185457316,0.004888600887126868,0.014425580567141438
1075,F-A1-DDOSLIKE-V-01,DDoS,Normal,RF-v3,0.9640754415010803,0.0356703270016806,0.00025423149723938
1076,F-A1-DDOSLIKE-V-01,DDoS,Normal,RF-v3,0.9808615194803109,0.004888600887126868,0.014249879632562
1077,F-A1-DDOSLIKE-V-01,DDoS,Normal,RF-v3,0.96425379753421,0.0354919709685507,0.00025423149723938
1078,F-A1-DDOSLIKE-V-01,DDoS,Normal,RF-v3,0.9866053297058072,0.004788929590339676,0.00860574070385288
1079,F-A1-DDOSLIKE-V-01,DDoS,Normal,RF-v3,0.9237408337510462,0.07624060761432766,1.855863462625439e-05
1080,F-A1-DDOSLIKE-V-01,DDoS,Normal,RF-v3,0.9806858185457316,0.004888600887126868,0.014425580567141438
1081,F-A1-DDOSLIKE-V-01,DDoS,Normal,RF-v3,0.9088060270779212,0.09104424486701156,0.00014972805506728544
1082,F-A1-DDOSLIKE-V-01,DDoS,Normal,RF-v3,0.9799583035343912,0.00514930428792791,0.014892392177680768
1083,F-A1-DDOSLIKE-V-01,DDoS,Normal,RF-v3,0.9176989147917355,0.07728252657363835,0.0050185586346262545
1084,F-A1-DDOSLIKE-V-01,DDoS,Normal,RF-v3,0.9770866412586298,0.00514930428792791,0.01776405445344199
1085,F-A1-DDOSLIKE-V-01,DDoS,Normal,RF-v3,0.9133608789354836,0.08646351337727026,0.0001756076872461302
1086,F-A1-DDOSLIKE-V-01,DDoS,Normal,RF-v3,0.9806858185457316,0.004888600887126868,0.014425580567141438
1087,F-A1-DDOSLIKE-V-01,DDoS,Normal,RF-v3,0.9132557592956699,0.08659451264926271,0.00014972805506728544
1088,F-A1-DDOSLIKE-V-01,DDoS,Normal,RF-v3,0.9806858185457316,0.004888600887126868,0.014425580567141438
1089,F-A1-DDOSLIKE-V-01,DDoS,Normal,RF-v3,0.9290577128038495,0.07092372856152425,1.855863462625439e-05
1090,F-A1-DDOSLIKE-V-01,DDoS,Normal,RF-v3,0.9806858185457316,0.004888600887126868,0.014425580567141438
1091,F-A1-DDOSLIKE-V-01,DDoS,Normal,RF-v3,0.9240577128038495,0.07592372856152424,1.855863462625439e-05
1092,F-A1-DDOSLIKE-V-01,DDoS,Normal,RF-v3,0.9806858185457316,0.004888600887126868,0.014425580567141438
1093,F-A1-DDOSLIKE-V-01,DDoS,Normal,RF-v3,0.9126485774242729,0.08233286394110113,0.0050185586346262545
1094,F-A1-DDOSLIKE-V-01,DDoS,Normal,RF-v3,0.9799583035343912,0.00514930428792791,0.014892392177680768
1095,F-A1-DDOSLIKE-V-01,DDoS,Normal,RF-v3,0.9134925977363512,0.08633179457640283,0.0001756076872461302
1096,F-A1-DDOSLIKE-V-01,DDoS,Normal,RF-v3,0.9815542269821619,0.004888600887126868,0.01355717213071099
1097,F-A1-DDOSLIKE-V-01,DDoS,Normal,RF-v3,0.9501944398881254,0.04952426967517857,0.0002812904366958301
1098,F-A1-DDOSLIKE-V-01,DDoS,Normal,RF-v3,0.9866167546707862,0.004788929590339676,0.008594315738873886
1099,F-A1-DDOSLIKE-V-01,DDoS,Normal,RF-v3,0.8987826725851502,0.10110109505960045,0.00011623235524930599
1100,F-A1-DDOSLIKE-V-01,DDoS,Normal,RF-v3,0.9499578994012654,0.021702241587014545,0.028339859011719964
1101,F-A1-DDOSLIKE-V-01,DDoS,Normal,RF-v3,0.9586684626499428,0.04096157684627219,0.0003699605037851329
1102,F-A1-DDOSLIKE-V-01,DDoS,Normal,RF-v3,0.9815542269821619,0.004888600887126868,0.01355717213071099
1103,F-A1-DDOSLIKE-V-01,DDoS,Normal,RF-v3,0.9643695265407557,0.0354919709685507,0.0001385024906936271
1104,F-A1-DDOSLIKE-V-01,DDoS,Normal,RF-v3,0.9816059353192257,0.004888600887126868,0.013505463793647133
1105,F-A1-DDOSLIKE-V-01,DDoS,Normal,RF-v3,0.9588027699023204,0.04086018258247165,0.0003370475152078967
1106,F-A1-DDOSLIKE-V-01,DDoS,Normal,RF-v3,0.9806858185457316,0.004888600887126868,0.014425580567141438
1107,F-A1-DDOSLIKE-V-01,DDoS,Normal,RF-v3,0.9640102299585308,0.035911239478809406,7.853056265994074e-05
1108,F-A1-DDOSLIKE-V-01,DDoS,Normal,RF-v3,0.9806858185457316,0.004888600887126868,0.014425580567141438
1109,F-A1-DDOSLIKE-V-01,DDoS,Normal,RF-v3,0.9237208209206503,0.07626062044472354,1.855863462625439e-05
1110,F-A1-DDOSLIKE-V-01,DDoS,Normal,RF-v3,0.9864296287712279,0.004788929590339676,0.008781441638432318
1111,F-A1-DDOSLIKE-V-01,DDoS,Normal,RF-v3,0.7770830079743402,0.09486747081533582,0.12804952121032717
1112,F-A1-DDOSLIKE-V-01,DDoS,Normal,RF-v3,0.8127043617981574,0.11135213921571795,0.0759434989861257
1113,F-A1-DDOSLIKE-V-01,DDoS,Normal,RF-v3,0.7915165998607402,0.13339474351383382,0.07508865662542671
1114,F-A1-DDOSLIKE-V-01,DDoS,Normal,RF-v3,0.7883158810231046,0.1044594307638077,0.10722468821309084
1115,F-A1-DDOSLIKE-V-01,DDoS,Normal,RF-v3,0.7770830079743402,0.09486747081533582,0.12804952121032717
1116,F-A1-DDOSLIKE-V-01,DDoS,Normal,RF-v3,0.7770830079743402,0.09486747081533582,0.12804952121032717
1117,F-A1-DDOSLIKE-V-02,DDoS,Normal,RF-v3,0.8643792274825397,0.13497959298770892,0.0006411795297516427
1118,F-A1-DDOSLIKE-V-02,DDoS,Normal,RF-v3,0.9013954551571848,0.09846746395374449,0.0001370808890708389
1119,F-A1-DDOSLIKE-V-02,DDoS,Normal,RF-v3,0.9811128393111165,0.004788929590339676,0.014098231098543761
1120,F-A1-DDOSLIKE-V-02,DDoS,Normal,RF-v3,0.981164332052831,0.004788929590339676,0.014046738356829163
1121,F-A1-DDOSLIKE-V-02,DDoS,Normal,RF-v3,0.8666002179143797,0.13228845082345667,0.0011113312621637132
1122,F-A1-DDOSLIKE-V-02,DDoS,Normal,RF-v3,0.9490640884455773,0.050643978264593804,0.00029193328982874523
1123,F-A1-DDOSLIKE-V-02,DDoS,Normal,RF-v3,0.9866682474125008,0.004788929590339676,0.008542822997159288
1124,F-A1-DDOSLIKE-V-02,DDoS,Normal,RF-v3,0.9811128393111165,0.004788929590339676,0.014098231098543761
1125,F-A1-DDOSLIKE-V-02,DDoS,Normal,RF-v3,0.9126485774242729,0.08733286394110112,1.855863462625439e-05
1126,F-A1-DDOSLIKE-V-02,DDoS,Normal,RF-v3,0.9806858185457316,0.004888600887126868,0.014425580567141438
1127,F-A1-DDOSLIKE-V-02,DDoS,Normal,RF-v3,0.9076864850572147,0.09149073054980782,0.0008227843929774416
1128,F-A1-DDOSLIKE-V-02,DDoS,Normal,RF-v3,0.9806858185457316,0.004888600887126868,0.014425580567141438
1129,F-A1-DDOSLIKE-V-02,DDoS,Normal,RF-v3,0.9481655794970263,0.05148251528511119,0.00035190521786243156
1130,F-A1-DDOSLIKE-V-02,DDoS,Normal,RF-v3,0.7769563897024332,0.22251855590516312,0.0005250543924037579
1131,F-A1-DDOSLIKE-V-02,DDoS,Normal,RF-v3,0.9816167546707862,0.004788929590339676,0.013594315738873883
1132,F-A1-DDOSLIKE-V-02,DDoS,Normal,RF-v3,0.9799583035343912,0.00514930428792791,0.014892392177680768
1133,F-A1-DDOSLIKE-V-02,DDoS,Normal,RF-v3,0.9451649111211198,0.054438069435638455,0.000397019443241583
1134,F-A1-DDOSLIKE-V-02,DDoS,Normal,RF-v3,0.9811128393111165,0.004788929590339676,0.014098231098543761
1135,F-A1-DDOSLIKE-V-02,DDoS,Normal,RF-v3,0.9521134302185303,0.04663054678117419,0.0012560230002953818
1136,F-A1-DDOSLIKE-V-02,DDoS,Normal,RF-v3,0.9785568390401429,0.00514930428792791,0.016293856671928963
1137,F-A1-DDOSLIKE-V-02,DDoS,Normal,RF-v3,0.9459535147736681,0.05205803055612953,0.001988454670202362
1138,F-A1-DDOSLIKE-V-02,DDoS,Normal,RF-v3,0.9811128393111165,0.004788929590339676,0.014098231098543761
1139,F-A1-DDOSLIKE-V-02,DDoS,Normal,RF-v3,0.9587585431212169,0.041162926316123324,7.853056265994074e-05
1140,F-A1-DDOSLIKE-V-02,DDoS,Normal,RF-v3,0.9816167546707862,0.004788929590339676,0.013594315738873883
1141,F-A1-DDOSLIKE-V-02,DDoS,Normal,RF-v3,0.9134886433991674,0.08624530294318271,0.00026605365764990045
1142,F-A1-DDOSLIKE-V-02,DDoS,Normal,RF-v3,0.9240198645191016,0.0759615768462722,1.855863462625439e-05
1143,F-A1-DDOSLIKE-V-02,DDoS,Normal,RF-v3,0.9811128393111165,0.004788929590339676,0.014098231098543761
1144,F-A1-DDOSLIKE-V-02,DDoS,Normal,RF-v3,0.9754518352455974,0.005477648641374151,0.019070516113028017
1145,F-A1-DDOSLIKE-V-02,DDoS,Normal,RF-v3,0.9027167502460877,0.09726469111928628,1.855863462625439e-05
1146,F-A1-DDOSLIKE-V-02,DDoS,Normal,RF-v3,0.9806858185457316,0.004888600887126868,0.014425580567141438
1147,F-A1-DDOSLIKE-V-02,DDoS,Normal,RF-v3,0.9122672165469561,0.08690999906006652,0.0008227843929774416
1148,F-A1-DDOSLIKE-V-02,DDoS,Normal,RF-v3,0.9806858185457316,0.004888600887126868,0.014425580567141438
1149,F-A1-DDOSLIKE-V-02,DDoS,Normal,RF-v3,0.9410198296188499,0.05256874779300511,0.006411422588145212
1150,F-A1-DDOSLIKE-V-02,DDoS,Normal,RF-v3,0.9806858185457316,0.004888600887126868,0.014425580567141438
1151,F-A1-DDOSLIKE-V-02,DDoS,Normal,RF-v3,0.914714191157271,0.08499387555290004,0.00029193328982874523
1152,F-A1-DDOSLIKE-V-02,DDoS,Normal,RF-v3,0.9806858185457316,0.004888600887126868,0.014425580567141438
1153,F-A1-DDOSLIKE-V-02,DDoS,Normal,RF-v3,0.9238688524167132,0.07611258894866055,1.855863462625439e-05
1154,F-A1-DDOSLIKE-V-02,DDoS,Normal,RF-v3,0.9806858185457316,0.004888600887126868,0.014425580567141438
1155,F-A1-DDOSLIKE-V-02,DDoS,Normal,RF-v3,0.9122672165469561,0.08690999906006652,0.0008227843929774416
1156,F-A1-DDOSLIKE-V-02,DDoS,Normal,RF-v3,0.9806858185457316,0.004888600887126868,0.014425580567141438
1157,F-A1-DDOSLIKE-V-02,DDoS,Normal,RF-v3,0.9346259549407716,0.06471322300433148,0.0006608220548965287
1158,F-A1-DDOSLIKE-V-02,DDoS,Normal,RF-v3,0.981164332052831,0.004788929590339676,0.014046738356829163
1159,F-A1-DDOSLIKE-V-02,DDoS,Normal,RF-v3,0.9232627293399659,0.07662103830478471,0.00011623235524930599
1160,F-A1-DDOSLIKE-V-02,DDoS,Normal,RF-v3,0.9806858185457316,0.004888600887126868,0.014425580567141438
1161,F-A1-DDOSLIKE-V-02,DDoS,Normal,RF-v3,0.9136843571641425,0.08622529011278685,9.035272307046122e-05
1162,F-A1-DDOSLIKE-V-02,DDoS,Normal,RF-v3,0.9806858185457316,0.004888600887126868,0.014425580567141438
1163,F-A1-DDOSLIKE-V-02,DDoS,Normal,RF-v3,0.9185258213140731,0.08138382596285623,9.035272307046122e-05
1164,F-A1-DDOSLIKE-V-02,DDoS,Normal,RF-v3,0.9869445482736029,0.004788929590339676,0.008266522136057273
1165,F-A1-DDOSLIKE-V-02,DDoS,Normal,RF-v3,0.9476984486213216,0.05148251528511119,0.0008190360935670629
1166,F-A1-DDOSLIKE-V-02,DDoS,Normal,RF-v3,0.9806858185457316,0.004888600887126868,0.014425580567141438
1167,F-A1-DDOSLIKE-V-02,DDoS,Normal,RF-v3,0.9588056215698364,0.04078250128426731,0.000411877145896118
1168,F-A1-DDOSLIKE-V-02,DDoS,Normal,RF-v3,0.9863299574744405,0.004888600887126868,0.008781441638432318
1169,F-A1-DDOSLIKE-V-02,DDoS,Normal,RF-v3,0.924006220062135,0.07592372856152424,7.005137634085313e-05
1170,F-A1-DDOSLIKE-V-02,DDoS,Normal,RF-v3,0.9806858185457316,0.004888600887126868,0.014425580567141438
1171,F-A1-DDOSLIKE-V-02,DDoS,Normal,RF-v3,0.8990198645191018,0.10096157684627219,1.855863462625439e-05
1172,F-A1-DDOSLIKE-V-02,DDoS,Normal,RF-v3,0.980510117611152,0.004888600887126868,0.014601281501720877
1173,F-A1-DDOSLIKE-V-02,DDoS,Normal,RF-v3,0.9575029184568993,0.04102142269012445,0.001475658852976367
1174,F-A1-DDOSLIKE-V-02,DDoS,Normal,RF-v3,0.94500939214298,0.026702241587014543,0.028288366270005368
1175,F-A1-DDOSLIKE-V-02,DDoS,Normal,RF-v3,0.9486162214559628,0.05091252606614413,0.00047125247789294215
1176,F-A1-DDOSLIKE-V-02,DDoS,Normal,RF-v3,0.9866053297058072,0.004788929590339676,0.00860574070385288
1177,F-A1-DDOSLIKE-V-02,DDoS,Normal,RF-v3,0.9237711582881132,0.07621028307726076,1.855863462625439e-05
1178,F-A1-DDOSLIKE-V-02,DDoS,Normal,RF-v3,0.9811128393111165,0.004788929590339676,0.014098231098543761
1179,F-A1-DDOSLIKE-V-02,DDoS,Normal,RF-v3,0.9236931514821339,0.07611258894866055,0.00019425956920569366
1180,F-A1-DDOSLIKE-V-02,DDoS,Normal,RF-v3,0.9806858185457316,0.004888600887126868,0.014425580567141438
1181,F-A1-DDOSLIKE-V-02,DDoS,Normal,RF-v3,0.924006220062135,0.07592372856152424,7.005137634085313e-05
1182,F-A1-DDOSLIKE-V-02,DDoS,Normal,RF-v3,0.9808615194803109,0.004888600887126868,0.014249879632562
1183,F-A1-DDOSLIKE-V-02,DDoS,Normal,RF-v3,0.9138205208698982,0.0860632467748525,0.00011623235524930599
1184,F-A1-DDOSLIKE-V-02,DDoS,Normal,RF-v3,0.9808615194803109,0.004888600887126868,0.014249879632562
1185,F-A1-DDOSLIKE-V-02,DDoS,Normal,RF-v3,0.9138203402813241,0.08110960834233519,0.0050700513763408525
1186,F-A1-DDOSLIKE-V-02,DDoS,Normal,RF-v3,0.9780716220480116,0.00514930428792791,0.016779073664060225
1187,F-A1-DDOSLIKE-V-02,DDoS,Normal,RF-v3,0.942326927459126,0.056331794576402826,0.0013412779644710506
1188,F-A1-DDOSLIKE-V-02,DDoS,Normal,RF-v3,0.9537830362822368,0.0459112394788094,0.0003057242389539787
1189,F-A1-DDOSLIKE-V-02,DDoS,Normal,RF-v3,0.919268348837353,0.04159193385128785,0.03913971731135895
1190,F-A1-DDOSLIKE-V-02,DDoS,Normal,RF-v3,0.919268348837353,0.04159193385128785,0.03913971731135895
1191,F-A1-DDOSLIKE-V-02,DDoS,Normal,RF-v3,0.9076864850572147,0.09149073054980782,0.0008227843929774416
1192,F-A1-DDOSLIKE-V-02,DDoS,Normal,RF-v3,0.9806858185457316,0.004888600887126868,0.014425580567141438
1193,F-A1-DDOSLIKE-V-02,DDoS,Normal,RF-v3,0.8937146817012095,0.10619496557571993,9.035272307046122e-05
1194,F-A1-DDOSLIKE-V-02,DDoS,Normal,RF-v3,0.9806858185457316,0.004888600887126868,0.014425580567141438
1195,F-A1-DDOSLIKE-V-02,DDoS,Normal,RF-v3,0.9091080705792893,0.09077569706546124,0.00011623235524930599
1196,F-A1-DDOSLIKE-V-02,DDoS,Normal,RF-v3,0.9806858185457316,0.004888600887126868,0.014425580567141438
1197,F-A1-DDOSLIKE-V-02,DDoS,Normal,RF-v3,0.9632025773153987,0.03632978846019312,0.0004676342244081845
1198,F-A1-DDOSLIKE-V-02,DDoS,Normal,RF-v3,0.9806858185457316,0.004888600887126868,0.014425580567141438
1199,F-A1-DDOSLIKE-V-02,DDoS,Normal,RF-v3,0.9379179425667806,0.06082603443292403,0.0012560230002953818
1200,F-A1-DDOSLIKE-V-02,DDoS,Normal,RF-v3,0.9500933536327777,0.03471681819052599,0.015189828176695867
1201,F-A1-DDOSLIKE-V-02,DDoS,Normal,RF-v3,0.9121031106105373,0.08752692888567751,0.00036996050378513293
1202,F-A1-DDOSLIKE-V-02,DDoS,Normal,RF-v3,0.8919572371634584,0.10784850326733599,0.00019425956920569366
1203,F-A1-DDOSLIKE-V-02,DDoS,Normal,RF-v3,0.912267216546956,0.08690999906006652,0.0008227843929774416
1204,F-A1-DDOSLIKE-V-02,DDoS,Normal,RF-v3,0.9785568390401429,0.00514930428792791,0.016293856671928963
1205,F-A1-DDOSLIKE-V-02,DDoS,Normal,RF-v3,0.9307697608093018,0.06287030934426772,0.006359929846430614
1206,F-A1-DDOSLIKE-V-02,DDoS,Normal,RF-v3,0.9806858185457316,0.004888600887126868,0.014425580567141438
1207,F-A1-DDOSLIKE-V-02,DDoS,Normal,RF-v3,0.9177649411302637,0.08168939743137171,0.0005456614383645721
1208,F-A1-DDOSLIKE-V-02,DDoS,Normal,RF-v3,0.9864296287712279,0.004788929590339676,0.008781441638432318
1209,F-A1-DDOSLIKE-V-02,DDoS,Normal,RF-v3,0.9338782086647665,0.06582985804540475,0.00029193328982874523
1210,F-A1-DDOSLIKE-V-02,DDoS,Normal,RF-v3,0.9806858185457316,0.004888600887126868,0.014425580567141438
1211,F-A1-DDOSLIKE-V-02,DDoS,Normal,RF-v3,0.9289085259335349,0.06602142269012445,0.0050700513763408525
1212,F-A1-DDOSLIKE-V-02,DDoS,Normal,RF-v3,0.9806858185457316,0.004888600887126868,0.014425580567141438
1213,F-A1-DDOSLIKE-V-02,DDoS,Normal,RF-v3,0.9232827421703618,0.07660102547438885,0.00011623235524930599
1214,F-A1-DDOSLIKE-V-02,DDoS,Normal,RF-v3,0.9806858185457316,0.004888600887126868,0.014425580567141438
1215,F-A1-DDOSLIKE-V-02,DDoS,Normal,RF-v3,0.9338192691759116,0.06590003698342929,0.000280693840658968
1216,F-A1-DDOSLIKE-V-02,DDoS,Normal,RF-v3,0.9808615194803109,0.004888600887126868,0.014249879632562
1217,F-A1-DDOSLIKE-V-02,DDoS,Normal,RF-v3,0.9088060270779212,0.09104424486701156,0.00014972805506728544
1218,F-A1-DDOSLIKE-V-02,DDoS,Normal,RF-v3,0.9706778735476397,0.0077065412279912,0.02161558522436876
1219,F-A1-DDOSLIKE-V-02,DDoS,Normal,RF-v3,0.9137146817012095,0.08619496557571994,9.035272307046122e-05
1220,F-A1-DDOSLIKE-V-02,DDoS,Normal,RF-v3,0.9795043985184742,0.005698206300951545,0.014797395180574057
1221,F-A1-DDOSLIKE-V-02,DDoS,Normal,RF-v3,0.9401649111211198,0.05943806943563845,0.000397019443241583
1222,F-A1-DDOSLIKE-V-02,DDoS,Normal,RF-v3,0.981164332052831,0.004788929590339676,0.014046738356829163
1223,F-A1-DDOSLIKE-V-02,DDoS,Normal,RF-v3,0.9233587552008501,0.07121979155365024,0.005421453245499731
1224,F-A1-DDOSLIKE-V-02,DDoS,Normal,RF-v3,0.9799583035343912,0.00514930428792791,0.014892392177680768
1225,F-A1-DDOSLIKE-V-02,DDoS,Normal,RF-v3,0.9635747536478279,0.03602822690893051,0.00039701944324158306
1226,F-A1-DDOSLIKE-V-02,DDoS,Normal,RF-v3,0.9808615194803109,0.004888600887126868,0.014249879632562
1227,F-A1-DDOSLIKE-V-02,DDoS,Normal,RF-v3,0.9231280364146354,0.07652065496353912,0.0003513086218255694
1228,F-A1-DDOSLIKE-V-02,DDoS,Normal,RF-v3,0.9864296287712279,0.004788929590339676,0.008781441638432318
1229,F-A1-DDOSLIKE-V-02,DDoS,Normal,RF-v3,0.9072204883809557,0.09190999906006653,0.0008695125589778192
1230,F-A1-DDOSLIKE-V-02,DDoS,Normal,RF-v3,0.9806858185457316,0.004888600887126868,0.014425580567141438
1231,F-A1-DDOSLIKE-V-02,DDoS,Normal,RF-v3,0.9028704245239406,0.09693311925499173,0.00019645622106766314
1232,F-A1-DDOSLIKE-V-02,DDoS,Normal,RF-v3,0.9799583035343912,0.00514930428792791,0.014892392177680768
1233,F-A1-DDOSLIKE-V-02,DDoS,Normal,RF-v3,0.952766678959508,0.045873391194061454,0.0013599298464306141
1234,F-A1-DDOSLIKE-V-02,DDoS,Normal,RF-v3,0.9074166641949484,0.09256477717042545,1.855863462625439e-05
1235,F-A1-DDOSLIKE-V-02,DDoS,Normal,RF-v3,0.94500939214298,0.026702241587014543,0.028288366270005368
1236,F-A1-DDOSLIKE-V-02,DDoS,Normal,RF-v3,0.9138718330230386,0.08610960834233518,1.855863462625439e-05
1237,F-A1-DDOSLIKE-V-02,DDoS,Normal,RF-v3,0.9756778735476397,0.005427311273911368,0.018894815178448578
1238,F-A1-DDOSLIKE-V-02,DDoS,Normal,RF-v3,0.9239085259335349,0.07602142269012446,7.005137634085313e-05
1239,F-A1-DDOSLIKE-V-02,DDoS,Normal,RF-v3,0.9866053297058072,0.004788929590339676,0.00860574070385288
1240,F-A1-DDOSLIKE-V-02,DDoS,Normal,RF-v3,0.9589435207778536,0.04041314406315874,0.0006433351589876238
1241,F-A1-DDOSLIKE-V-02,DDoS,Normal,RF-v3,0.9806858185457316,0.004888600887126868,0.014425580567141438
1242,F-A1-DDOSLIKE-V-02,DDoS,Normal,RF-v3,0.9189096813077866,0.08107176005758725,1.855863462625439e-05
1243,F-A1-DDOSLIKE-V-02,DDoS,Normal,RF-v3,0.9806858185457316,0.004888600887126868,0.014425580567141438
1244,F-A1-DDOSLIKE-V-02,DDoS,Normal,RF-v3,0.8883867585676625,0.11146351337727026,0.00014972805506728544
1245,F-A1-DDOSLIKE-V-02,DDoS,Normal,RF-v3,0.9806858185457316,0.004888600887126868,0.014425580567141438
1246,F-A1-DDOSLIKE-V-02,DDoS,Normal,RF-v3,0.9122168791794932,0.0869603364275293,0.0008227843929774416
1247,F-A1-DDOSLIKE-V-02,DDoS,Normal,RF-v3,0.9806858185457316,0.004888600887126868,0.014425580567141438
1248,F-A1-DDOSLIKE-V-02,DDoS,Normal,RF-v3,0.9090836128440054,0.09082603443292403,9.035272307046122e-05
1249,F-A1-DDOSLIKE-V-02,DDoS,Normal,RF-v3,0.9806858185457316,0.004888600887126868,0.014425580567141438
1250,F-A1-DDOSLIKE-V-02,DDoS,Normal,RF-v3,0.9136140069662839,0.08629564031064549,9.035272307046122e-05
1251,F-A1-DDOSLIKE-V-02,DDoS,Normal,RF-v3,0.9806858185457316,0.004888600887126868,0.014425580567141438
1252,F-A1-DDOSLIKE-V-02,DDoS,Normal,RF-v3,0.9130992088582712,0.08675106308666151,0.00014972805506728544
1253,F-A1-DDOSLIKE-V-02,DDoS,Normal,RF-v3,0.9799583035343912,0.00514930428792791,0.014892392177680768
1254,F-A1-DDOSLIKE-V-02,DDoS,Normal,RF-v3,0.9341471923094588,0.06563148918187897,0.0002213185086621438
1255,F-A1-DDOSLIKE-V-02,DDoS,Normal,RF-v3,0.9794056181349978,0.005477648641374151,0.01511673322362769
1256,F-A1-DDOSLIKE-V-02,DDoS,Normal,RF-v3,0.9288820118692702,0.07092372856152425,0.00019425956920569366
1257,F-A1-DDOSLIKE-V-02,DDoS,Normal,RF-v3,0.9806858185457316,0.004888600887126868,0.014425580567141438
1258,F-A1-DDOSLIKE-V-02,DDoS,Normal,RF-v3,0.9240577128038495,0.07592372856152424,1.855863462625439e-05
1259,F-A1-DDOSLIKE-V-02,DDoS,Normal,RF-v3,0.9806858185457316,0.004888600887126868,0.014425580567141438
1260,F-A1-DDOSLIKE-V-02,DDoS,Normal,RF-v3,0.9088060270779212,0.09104424486701156,0.00014972805506728544
1261,F-A1-DDOSLIKE-V-02,DDoS,Normal,RF-v3,0.9806858185457316,0.004888600887126868,0.014425580567141438
1262,F-A1-DDOSLIKE-V-02,DDoS,Normal,RF-v3,0.9086384442935909,0.09134299707178294,1.855863462625439e-05
1263,F-A1-DDOSLIKE-V-02,DDoS,Normal,RF-v3,0.9790493294348337,0.00514930428792791,0.015801366277238077
1264,F-A1-DDOSLIKE-V-02,DDoS,Normal,RF-v3,0.9290273882667826,0.07095405309859115,1.855863462625439e-05
1265,F-A1-DDOSLIKE-V-02,DDoS,Normal,RF-v3,0.9799583035343912,0.00514930428792791,0.014892392177680768
1266,F-A1-DDOSLIKE-V-02,DDoS,Normal,RF-v3,0.8984012523596394,0.1014825152851112,0.00011623235524930599
1267,F-A1-DDOSLIKE-V-02,DDoS,Normal,RF-v3,0.9806858185457316,0.004888600887126868,0.014425580567141438
1268,F-A1-DDOSLIKE-V-02,DDoS,Normal,RF-v3,0.9525225151504126,0.04655506202307766,0.0009224228265097029
1269,F-A1-DDOSLIKE-V-02,DDoS,Normal,RF-v3,0.981164332052831,0.004788929590339676,0.014046738356829163
1270,F-A1-DDOSLIKE-V-02,DDoS,Normal,RF-v3,0.9076485774242729,0.09233286394110113,1.855863462625439e-05
1271,F-A1-DDOSLIKE-V-02,DDoS,Normal,RF-v3,0.9806858185457316,0.004888600887126868,0.014425580567141438
1272,F-A1-DDOSLIKE-V-02,DDoS,Normal,RF-v3,0.9523330956224406,0.04143118272399367,0.006235721653565773
1273,F-A1-DDOSLIKE-V-02,DDoS,Normal,RF-v3,0.9720866412586298,0.007428534242007741,0.020484824499362165
1274,F-A1-DDOSLIKE-V-02,DDoS,Normal,RF-v3,0.9451649111211198,0.054438069435638455,0.000397019443241583
1275,F-A1-DDOSLIKE-V-02,DDoS,Normal,RF-v3,0.9864296287712279,0.004788929590339676,0.008781441638432318
1276,F-A1-DDOSLIKE-V-02,DDoS,Normal,RF-v3,0.9236416587404193,0.07611258894866055,0.00024575231092029235
1277,F-A1-DDOSLIKE-V-02,DDoS,Normal,RF-v3,0.9806858185457316,0.004888600887126868,0.014425580567141438
1278,F-A1-DDOSLIKE-V-02,DDoS,Normal,RF-v3,0.912267216546956,0.08690999906006652,0.0008227843929774416
1279,F-A1-DDOSLIKE-V-02,DDoS,Normal,RF-v3,0.9806858185457316,0.004888600887126868,0.014425580567141438
1280,F-A1-DDOSLIKE-V-02,DDoS,Normal,RF-v3,0.9060150068931488,0.0896267826046611,0.004358210502189989
1281,F-A1-DDOSLIKE-V-02,DDoS,Normal,RF-v3,0.919268348837353,0.04159193385128785,0.03913971731135895
1282,F-A1-DDOSLIKE-V-02,DDoS,Normal,RF-v3,0.9425123647851761,0.05720939670977402,0.0002782385050500887
1283,F-A1-DDOSLIKE-V-02,DDoS,Normal,RF-v3,0.981164332052831,0.004788929590339676,0.014046738356829163
1284,F-A1-DDOSLIKE-V-02,DDoS,Normal,RF-v3,0.9333140512026982,0.06553263634771396,0.0011533124495874123
1285,F-A1-DDOSLIKE-V-02,DDoS,Normal,RF-v3,0.9870045202016365,0.004788929590339676,0.008206550208023586
1286,F-A1-DDOSLIKE-V-02,DDoS,Normal,RF-v3,0.9383140512026982,0.060532636347713956,0.0011533124495874123
1287,F-A1-DDOSLIKE-V-02,DDoS,Normal,RF-v3,0.9869445482736029,0.004788929590339676,0.008266522136057273
1288,F-A1-DDOSLIKE-V-02,DDoS,Normal,RF-v3,0.9234883243412898,0.07511336783745526,0.00139830782125465
1289,F-A1-DDOSLIKE-V-02,DDoS,Normal,RF-v3,0.9870045202016365,0.004788929590339676,0.008206550208023586
1290,F-A1-DDOSLIKE-V-02,DDoS,Normal,RF-v3,0.9336383276340389,0.06559073917660597,0.0007709331893548969
1291,F-A1-DDOSLIKE-V-02,DDoS,Normal,RF-v3,0.9866682474125008,0.004788929590339676,0.008542822997159288
1292,F-A1-DDOSLIKE-V-02,DDoS,Normal,RF-v3,0.9028056951660662,0.09544033448546704,0.0017539703484663594
1293,F-A1-DDOSLIKE-V-02,DDoS,Normal,RF-v3,0.9811128393111165,0.004788929590339676,0.014098231098543761
1294,F-A1-DDOSLIKE-V-02,DDoS,Normal,RF-v3,0.9069817467069214,0.09126428294461192,0.0017539703484663594
1295,F-A1-DDOSLIKE-V-02,DDoS,Normal,RF-v3,0.9870045202016365,0.004788929590339676,0.008206550208023586
1296,F-A1-DDOSLIKE-V-02,DDoS,Normal,RF-v3,0.9234165302528455,0.07511336783745526,0.0014701019096988565
1297,F-A1-DDOSLIKE-V-02,DDoS,Normal,RF-v3,0.9870045202016365,0.004788929590339676,0.008206550208023586
1298,F-A1-DDOSLIKE-V-02,DDoS,Normal,RF-v3,0.9173069706248528,0.08269302937514741,0.0
1299,F-A1-DDOSLIKE-V-02,DDoS,Normal,RF-v3,0.9869445482736029,0.004788929590339676,0.008266522136057273
1300,F-A1-DDOSLIKE-V-02,DDoS,Normal,RF-v3,0.9500135158114624,0.04957460704264134,0.000411877145896118
1301,F-A1-DDOSLIKE-V-02,DDoS,Normal,RF-v3,0.9864296287712279,0.004788929590339676,0.008781441638432318
1302,F-A1-DDOSLIKE-V-02,DDoS,Normal,RF-v3,0.9188593439403239,0.08112209742505001,1.855863462625439e-05
1303,F-A1-DDOSLIKE-V-02,DDoS,Normal,RF-v3,0.980510117611152,0.004888600887126868,0.014601281501720877
1304,F-A1-DDOSLIKE-V-02,DDoS,Normal,RF-v3,0.9237020106806206,0.07618175696413015,0.00011623235524930599
1305,F-A1-DDOSLIKE-V-02,DDoS,Normal,RF-v3,0.9808615194803109,0.004888600887126868,0.014249879632562
1306,F-A1-DDOSLIKE-V-02,DDoS,Normal,RF-v3,0.9232582844350778,0.07665136284185162,9.035272307046122e-05
1307,F-A1-DDOSLIKE-V-02,DDoS,Normal,RF-v3,0.9806858185457316,0.004888600887126868,0.014425580567141438
1308,F-A1-DDOSLIKE-V-02,DDoS,Normal,RF-v3,0.958407141252058,0.041162926316123324,0.00042993243181881926
1309,F-A1-DDOSLIKE-V-02,DDoS,Normal,RF-v3,0.981164332052831,0.004788929590339676,0.014046738356829163
1310,F-A1-DDOSLIKE-V-02,DDoS,Normal,RF-v3,0.9091080705792893,0.09077569706546124,0.00011623235524930599
1311,F-A1-DDOSLIKE-V-02,DDoS,Normal,RF-v3,0.9864296287712279,0.004788929590339676,0.008781441638432318
1312,F-A1-DDOSLIKE-V-02,DDoS,Normal,RF-v3,0.9399892101865404,0.05943806943563845,0.0005727203778210223
1313,F-A1-DDOSLIKE-V-02,DDoS,Normal,RF-v3,0.9811128393111165,0.004788929590339676,0.014098231098543761
1314,F-A1-DDOSLIKE-V-02,DDoS,Normal,RF-v3,0.9090836128440054,0.09082603443292403,9.035272307046122e-05
1315,F-A1-DDOSLIKE-V-02,DDoS,Normal,RF-v3,0.9799583035343912,0.00514930428792791,0.014892392177680768
1316,F-A1-DDOSLIKE-V-02,DDoS,Normal,RF-v3,0.958407141252058,0.041162926316123324,0.00042993243181881926
1317,F-A1-DDOSLIKE-V-02,DDoS,Normal,RF-v3,0.9811128393111165,0.004788929590339676,0.014098231098543761
1318,F-A1-DDOSLIKE-V-02,DDoS,Normal,RF-v3,0.9582546138507334,0.04143118272399367,0.0003142034252730663
1319,F-A1-DDOSLIKE-V-02,DDoS,Normal,RF-v3,0.9861128393111163,0.004788929590339676,0.009098231098543762
1320,F-A1-DDOSLIKE-V-02,DDoS,Normal,RF-v3,0.9134904127975279,0.08649102856784592,1.855863462625439e-05
1321,F-A1-DDOSLIKE-V-02,DDoS,Normal,RF-v3,0.9866053297058072,0.004788929590339676,0.00860574070385288
1322,F-A1-DDOSLIKE-V-02,DDoS,Normal,RF-v3,0.9183767946243555,0.08153285265257397,9.035272307046122e-05
1323,F-A1-DDOSLIKE-V-02,DDoS,Normal,RF-v3,0.9806858185457316,0.004888600887126868,0.014425580567141438
1324,F-A1-DDOSLIKE-V-02,DDoS,Normal,RF-v3,0.9133364212001996,0.08651385074473306,0.00014972805506728544
1325,F-A1-DDOSLIKE-V-02,DDoS,Normal,RF-v3,0.9799583035343912,0.00514930428792791,0.014892392177680768
1326,F-A1-DDOSLIKE-V-02,DDoS,Normal,RF-v3,0.9122672165469561,0.08690999906006652,0.0008227843929774416
1327,F-A1-DDOSLIKE-V-02,DDoS,Normal,RF-v3,0.9754518352455974,0.005477648641374151,0.019070516113028017
1328,F-A1-DDOSLIKE-V-02,DDoS,Normal,RF-v3,0.9120915156123766,0.08690999906006652,0.0009984853275568808
1329,F-A1-DDOSLIKE-V-02,DDoS,Normal,RF-v3,0.9806858185457316,0.004888600887126868,0.014425580567141438
1330,F-A1-DDOSLIKE-V-02,DDoS,Normal,RF-v3,0.8984515897271023,0.10143217791764841,0.00011623235524930599
1331,F-A1-DDOSLIKE-V-02,DDoS,Normal,RF-v3,0.9808615194803109,0.004888600887126868,0.014249879632562
1332,F-A1-DDOSLIKE-V-02,DDoS,Normal,RF-v3,0.9399892101865404,0.05943806943563845,0.0005727203778210223
1333,F-A1-DDOSLIKE-V-02,DDoS,Normal,RF-v3,0.9811128393111165,0.004788929590339676,0.014098231098543761
1334,F-A1-DDOSLIKE-V-02,DDoS,Normal,RF-v3,0.9072672165469561,0.09190999906006653,0.0008227843929774416
1335,F-A1-DDOSLIKE-V-02,DDoS,Normal,RF-v3,0.933982101279148,0.03708368325845396,0.028934215462397824
1336,F-A1-DDOSLIKE-V-02,DDoS,Normal,RF-v3,0.9076485774242729,0.09233286394110113,1.855863462625439e-05
1337,F-A1-DDOSLIKE-V-02,DDoS,Normal,RF-v3,0.980510117611152,0.004888600887126868,0.014601281501720877
1338,F-A1-DDOSLIKE-V-02,DDoS,Normal,RF-v3,0.918576158681536,0.08133348859539344,9.035272307046122e-05
1339,F-A1-DDOSLIKE-V-02,DDoS,Normal,RF-v3,0.9806858185457316,0.004888600887126868,0.014425580567141438
1340,F-A1-DDOSLIKE-V-02,DDoS,Normal,RF-v3,0.9186362862446071,0.08116945418618746,0.00019425956920569366
1341,F-A1-DDOSLIKE-V-02,DDoS,Normal,RF-v3,0.9780716220480116,0.00514930428792791,0.016779073664060225
1342,F-A1-DDOSLIKE-V-02,DDoS,Normal,RF-v3,0.9440343578745543,0.05562497635675288,0.0003406657686926543
1343,F-A1-DDOSLIKE-V-02,DDoS,Normal,RF-v3,0.981164332052831,0.004788929590339676,0.014046738356829163
1344,F-A1-DDOSLIKE-V-02,DDoS,Normal,RF-v3,0.929527318681571,0.07045412268380277,1.855863462625439e-05
1345,F-A1-DDOSLIKE-V-02,DDoS,Normal,RF-v3,0.9484691190007392,0.0510632467748525,0.0004676342244081845
1346,F-A1-DDOSLIKE-V-02,DDoS,Normal,RF-v3,0.9799583035343912,0.00514930428792791,0.014892392177680768
1347,F-A1-DDOSLIKE-V-02,DDoS,Normal,RF-v3,0.9806858185457316,0.004888600887126868,0.014425580567141438
1348,F-A1-DDOSLIKE-V-02,DDoS,Normal,RF-v3,0.9574429465288655,0.04102142269012445,0.0015356307810100534
1349,F-A1-DDOSLIKE-V-02,DDoS,Normal,RF-v3,0.9806858185457316,0.004888600887126868,0.014425580567141438
1350,F-A1-DDOSLIKE-V-02,DDoS,Normal,RF-v3,0.9071665418120304,0.09201067379499207,0.0008227843929774416
1351,F-A1-DDOSLIKE-V-02,DDoS,Normal,RF-v3,0.9864296287712279,0.004788929590339676,0.008781441638432318
1352,F-A1-DDOSLIKE-V-02,DDoS,Normal,RF-v3,0.8981236665935551,0.10170072571919875,0.0001756076872461302
1353,F-A1-DDOSLIKE-V-02,DDoS,Normal,RF-v3,0.9799583035343912,0.00514930428792791,0.014892392177680768
1354,F-A1-DDOSLIKE-V-02,DDoS,Normal,RF-v3,0.9579807486278265,0.041547998894280666,0.00047125247789294215
1355,F-A1-DDOSLIKE-V-02,DDoS,Normal,RF-v3,0.9816059353192257,0.004888600887126868,0.013505463793647133
1356,F-A1-DDOSLIKE-V-02,DDoS,Normal,RF-v3,0.9136643443337467,0.08624530294318271,9.035272307046122e-05
1357,F-A1-DDOSLIKE-V-02,DDoS,Normal,RF-v3,0.9806858185457316,0.004888600887126868,0.014425580567141438
1358,F-A1-DDOSLIKE-V-02,DDoS,Normal,RF-v3,0.9396259549407716,0.059713223004331475,0.0006608220548965287
1359,F-A1-DDOSLIKE-V-02,DDoS,Normal,RF-v3,0.9866053297058072,0.004788929590339676,0.00860574070385288
1360,F-A1-DDOSLIKE-V-02,DDoS,Normal,RF-v3,0.8984515897271023,0.10143217791764841,0.00011623235524930599
1361,F-A1-DDOSLIKE-V-02,DDoS,Normal,RF-v3,0.9816059353192257,0.004888600887126868,0.013505463793647133
1362,F-A1-DDOSLIKE-V-02,DDoS,Normal,RF-v3,0.9232582844350778,0.07665136284185162,9.035272307046122e-05
1363,F-A1-DDOSLIKE-V-02,DDoS,Normal,RF-v3,0.9806858185457316,0.004888600887126868,0.014425580567141438
1364,F-A1-DDOSLIKE-V-02,DDoS,Normal,RF-v3,0.9288290194032569,0.07115242196211694,1.855863462625439e-05
1365,F-A1-DDOSLIKE-V-02,DDoS,Normal,RF-v3,0.9806858185457316,0.004888600887126868,0.014425580567141438
1366,F-A1-DDOSLIKE-V-02,DDoS,Normal,RF-v3,0.8891080705792893,0.11077569706546124,0.00011623235524930599
1367,F-A1-DDOSLIKE-V-02,DDoS,Normal,RF-v3,0.9864296287712279,0.004788929590339676,0.008781441638432318
1368,F-A1-DDOSLIKE-V-02,DDoS,Normal,RF-v3,0.9344287982515398,0.059211271902029745,0.006359929846430614
1369,F-A1-DDOSLIKE-V-02,DDoS,Normal,RF-v3,0.9806858185457316,0.004888600887126868,0.014425580567141438
1370,F-A1-DDOSLIKE-V-02,DDoS,Normal,RF-v3,0.9132827421703618,0.08660102547438883,0.00011623235524930599
1371,F-A1-DDOSLIKE-V-02,DDoS,Normal,RF-v3,0.9866053297058072,0.004788929590339676,0.00860574070385288
1372,F-A1-DDOSLIKE-V-02,DDoS,Normal,RF-v3,0.9120108537078468,0.0869906609645962,0.0009984853275568808
1373,F-A1-DDOSLIKE-V-02,DDoS,Normal,RF-v3,0.9045851382974643,0.048871163805367684,0.04654369789716767
1374,F-A1-DDOSLIKE-V-02,DDoS,Normal,RF-v3,0.9396259549407716,0.059713223004331475,0.0006608220548965287
1375,F-A1-DDOSLIKE-V-02,DDoS,Normal,RF-v3,0.9811128393111165,0.004788929590339676,0.014098231098543761
1376,F-A1-DDOSLIKE-V-02,DDoS,Normal,RF-v3,0.9181978981805261,0.08165237376440655,0.00014972805506728544
1377,F-A1-DDOSLIKE-V-02,DDoS,Normal,RF-v3,0.980510117611152,0.004888600887126868,0.014601281501720877
1378,F-A1-DDOSLIKE-V-02,DDoS,Normal,RF-v3,0.9120411782449138,0.0869603364275293,0.0009984853275568808
1379,F-A1-DDOSLIKE-V-02,DDoS,Normal,RF-v3,0.9799583035343912,0.00514930428792791,0.014892392177680768
1380,F-A1-DDOSLIKE-V-02,DDoS,Normal,RF-v3,0.9240198645191016,0.0759615768462722,1.855863462625439e-05
1381,F-A1-DDOSLIKE-V-02,DDoS,Normal,RF-v3,0.9770866412586298,0.00514930428792791,0.01776405445344199
1382,F-A1-DDOSLIKE-V-02,DDoS,Normal,RF-v3,0.9176360883415579,0.07734535302381595,0.0050185586346262545
1383,F-A1-DDOSLIKE-V-02,DDoS,Normal,RF-v3,0.9806858185457316,0.004888600887126868,0.014425580567141438
1384,F-A1-DDOSLIKE-V-02,DDoS,Normal,RF-v3,0.9361841824063944,0.06250041926131344,0.0013153983322922059
1385,F-A1-DDOSLIKE-V-02,DDoS,Normal,RF-v3,0.721714125417934,0.11706745087387746,0.16121842370819123
1386,F-A1-DDOSLIKE-V-02,DDoS,Normal,RF-v3,0.9756778735476397,0.005427311273911368,0.018894815178448578
1387,F-A1-DDOSLIKE-V-02,DDoS,Normal,RF-v3,0.939777016059539,0.05970661723718877,0.0005163667032720936
1388,F-A1-DDOSLIKE-V-02,DDoS,Normal,RF-v3,0.9806858185457316,0.004888600887126868,0.014425580567141438
1389,F-A1-DDOSLIKE-V-02,DDoS,Normal,RF-v3,0.9496445846686664,0.049943538185437265,0.000411877145896118
1390,F-A1-DDOSLIKE-V-02,DDoS,Normal,RF-v3,0.9756778735476397,0.005427311273911368,0.018894815178448578
1391,F-A1-DDOSLIKE-V-02,DDoS,Normal,RF-v3,0.9074546762328931,0.09217536326332182,0.0003699605037851329
1392,F-A1-DDOSLIKE-V-02,DDoS,Normal,RF-v3,0.8120532006262913,0.1793791837893674,0.008567615584344383
1393,F-A1-DDOSLIKE-V-02,DDoS,Normal,RF-v3,0.9488579003145482,0.05061449353300986,0.0005276061524418709
1394,F-A1-DDOSLIKE-V-02,DDoS,Normal,RF-v3,0.981164332052831,0.004788929590339676,0.014046738356829163
1395,F-A1-DDOSLIKE-V-02,DDoS,Normal,RF-v3,0.9342380598791908,0.0649817708058818,0.0007801693149270394
1396,F-A1-DDOSLIKE-V-02,DDoS,Normal,RF-v3,0.980937138376537,0.004788929590339676,0.0142739320331232
1397,F-A1-DDOSLIKE-V-02,DDoS,Normal,RF-v3,0.9642738103646059,0.035471958138154826,0.00025423149723938
1398,F-A1-DDOSLIKE-V-02,DDoS,Normal,RF-v3,0.9866053297058072,0.004788929590339676,0.00860574070385288
1399,F-A1-DDOSLIKE-V-02,DDoS,Normal,RF-v3,0.9342071642374924,0.06563148918187897,0.00016134658062845746
1400,F-A1-DDOSLIKE-V-02,DDoS,Normal,RF-v3,0.9863299574744405,0.004888600887126868,0.008781441638432318
1401,F-A1-DDOSLIKE-V-02,DDoS,Normal,RF-v3,0.8935429351038138,0.10628145720894004,0.0001756076872461302
1402,F-A1-DDOSLIKE-V-02,DDoS,Normal,RF-v3,0.9806858185457316,0.004888600887126868,0.014425580567141438
1403,F-A1-DDOSLIKE-V-02,DDoS,Normal,RF-v3,0.9627043729583216,0.03664867362920623,0.0006469534124723814
1404,F-A1-DDOSLIKE-V-02,DDoS,Normal,RF-v3,0.9806858185457316,0.004888600887126868,0.014425580567141438
1405,F-A1-DDOSLIKE-V-02,DDoS,Normal,RF-v3,0.9184012523596394,0.08148251528511119,0.00011623235524930599
1406,F-A1-DDOSLIKE-V-02,DDoS,Normal,RF-v3,0.9797826025998116,0.00514930428792791,0.015068093112260207
1407,F-A1-DDOSLIKE-V-02,DDoS,Normal,RF-v3,0.945210025346499,0.054438069435638455,0.00035190521786243156
1408,F-A1-DDOSLIKE-V-02,DDoS,Normal,RF-v3,0.981164332052831,0.004788929590339676,0.014046738356829163
1409,F-A1-DDOSLIKE-V-02,DDoS,Normal,RF-v3,0.9240198645191016,0.0759615768462722,1.855863462625439e-05
1410,F-A1-DDOSLIKE-V-02,DDoS,Normal,RF-v3,0.9806858185457316,0.004888600887126868,0.014425580567141438
1411,F-A1-DDOSLIKE-V-02,DDoS,Normal,RF-v3,0.893870858237361,0.10601290940738972,0.00011623235524930599
1412,F-A1-DDOSLIKE-V-02,DDoS,Normal,RF-v3,0.980510117611152,0.004888600887126868,0.014601281501720877
1413,F-A1-DDOSLIKE-V-02,DDoS,Normal,RF-v3,0.9037826725851502,0.09610109505960045,0.00011623235524930599
1414,F-A1-DDOSLIKE-V-02,DDoS,Normal,RF-v3,0.9816059353192257,0.004888600887126868,0.013505463793647133
1415,F-A1-DDOSLIKE-V-02,DDoS,Normal,RF-v3,0.9481969529457043,0.05133179457640282,0.00047125247789294215
1416,F-A1-DDOSLIKE-V-02,DDoS,Normal,RF-v3,0.9861128393111163,0.004788929590339676,0.009098231098543762
1417,F-A1-DDOSLIKE-V-02,DDoS,Normal,RF-v3,0.9238203402813241,0.0761096083423352,7.005137634085313e-05
1418,F-A1-DDOSLIKE-V-02,DDoS,Normal,RF-v3,0.9808615194803109,0.004888600887126868,0.014249879632562
1419,F-A1-DDOSLIKE-V-02,DDoS,Normal,RF-v3,0.9012996211849179,0.09368182018045601,0.0050185586346262545
1420,F-A1-DDOSLIKE-V-02,DDoS,Normal,RF-v3,0.9861128393111163,0.004788929590339676,0.009098231098543762
1421,F-A1-DDOSLIKE-V-02,DDoS,Normal,RF-v3,0.917931646481918,0.08195212116283267,0.00011623235524930599
1422,F-A1-DDOSLIKE-V-02,DDoS,Normal,RF-v3,0.9806858185457316,0.004888600887126868,0.014425580567141438
1423,F-A1-DDOSLIKE-V-02,DDoS,Normal,RF-v3,0.9520630928510677,0.04668088414863697,0.0012560230002953818
1424,F-A1-DDOSLIKE-V-02,DDoS,Normal,RF-v3,0.9811128393111165,0.004788929590339676,0.014098231098543761
1425,F-A1-DDOSLIKE-V-02,DDoS,Normal,RF-v3,0.9642511424356596,0.0356703270016806,7.853056265994074e-05
1426,F-A1-DDOSLIKE-V-02,DDoS,Normal,RF-v3,0.9808615194803109,0.004888600887126868,0.014249879632562
1427,F-A1-DDOSLIKE-V-02,DDoS,Normal,RF-v3,0.9482569248737378,0.05133179457640282,0.0004112805498592558
1428,F-A1-DDOSLIKE-V-02,DDoS,Normal,RF-v3,0.9864296287712279,0.004788929590339676,0.008781441638432318
1429,F-A1-DDOSLIKE-V-02,DDoS,Normal,RF-v3,0.9575264677378792,0.04171873243338491,0.0007547998287359088
1430,F-A1-DDOSLIKE-V-02,DDoS,Normal,RF-v3,0.9864296287712279,0.004788929590339676,0.008781441638432318
1431,F-A1-DDOSLIKE-V-02,DDoS,Normal,RF-v3,0.952972818470179,0.046481520091456445,0.0005456614383645721
1432,F-A1-DDOSLIKE-V-02,DDoS,Normal,RF-v3,0.9806858185457316,0.004888600887126868,0.014425580567141438
1433,F-A1-DDOSLIKE-V-02,DDoS,Normal,RF-v3,0.9240577128038495,0.07592372856152424,1.855863462625439e-05
1434,F-A1-DDOSLIKE-V-02,DDoS,Normal,RF-v3,0.9806858185457316,0.004888600887126868,0.014425580567141438
1435,F-A1-DDOSLIKE-V-02,DDoS,Normal,RF-v3,0.8887391394364934,0.11114462820825716,0.00011623235524930599
1436,F-A1-DDOSLIKE-V-02,DDoS,Normal,RF-v3,0.9806858185457316,0.004888600887126868,0.014425580567141438
1437,F-A1-DDOSLIKE-V-02,DDoS,Normal,RF-v3,0.9286712376798486,0.07104806847949229,0.000280693840658968
1438,F-A1-DDOSLIKE-V-02,DDoS,Normal,RF-v3,0.9780716220480116,0.00514930428792791,0.016779073664060225
1439,F-A1-DDOSLIKE-V-02,DDoS,Normal,RF-v3,0.9281695059660128,0.07155097950060603,0.00027951453338136264
1440,F-A1-DDOSLIKE-V-02,DDoS,Normal,RF-v3,0.9866053297058072,0.004788929590339676,0.00860574070385288
1441,F-A1-DDOSLIKE-V-02,DDoS,Normal,RF-v3,0.9340166056002585,0.06563148918187897,0.00035190521786243156
1442,F-A1-DDOSLIKE-V-02,DDoS,Normal,RF-v3,0.9806858185457316,0.004888600887126868,0.014425580567141438
1443,F-A1-DDOSLIKE-V-02,DDoS,Normal,RF-v3,0.928519456368202,0.07101290940738972,0.0004676342244081845
1444,F-A1-DDOSLIKE-V-02,DDoS,Normal,RF-v3,0.9866053297058072,0.004788929590339676,0.00860574070385288
1445,F-A1-DDOSLIKE-V-02,DDoS,Normal,RF-v3,0.9290073754363867,0.07097406592898703,1.855863462625439e-05
1446,F-A1-DDOSLIKE-V-02,DDoS,Normal,RF-v3,0.9790493294348337,0.00514930428792791,0.015801366277238077
1447,F-A1-DDOSLIKE-V-02,DDoS,Normal,RF-v3,0.9343641068297063,0.06544163360108794,0.00019425956920569366
1448,F-A1-DDOSLIKE-V-02,DDoS,Normal,RF-v3,0.9756778735476397,0.005427311273911368,0.018894815178448578
1449,F-A1-DDOSLIKE-V-02,DDoS,Normal,RF-v3,0.9127414517553615,0.08693311925499174,0.00032542898964672465
1450,F-A1-DDOSLIKE-V-02,DDoS,Normal,RF-v3,0.9790493294348337,0.00514930428792791,0.015801366277238077
1451,F-A1-DDOSLIKE-V-02,DDoS,Normal,RF-v3,0.9076789019613397,0.09230253940403423,1.855863462625439e-05
1452,F-A1-DDOSLIKE-V-02,DDoS,Normal,RF-v3,0.9754518352455974,0.005477648641374151,0.019070516113028017
1453,F-A1-DDOSLIKE-V-02,DDoS,Normal,RF-v3,0.9580272400779059,0.04113993287940209,0.0008328270426922965
1454,F-A1-DDOSLIKE-V-02,DDoS,Normal,RF-v3,0.9806858185457316,0.004888600887126868,0.014425580567141438
1455,F-A1-DDOSLIKE-V-02,DDoS,Normal,RF-v3,0.9491347032267439,0.050643978264593804,0.0002213185086621438
1456,F-A1-DDOSLIKE-V-02,DDoS,Normal,RF-v3,0.9811128393111165,0.004788929590339676,0.014098231098543761
1457,F-A1-DDOSLIKE-V-02,DDoS,Normal,RF-v3,0.9482314607254555,0.0510652321875231,0.0007033070870213101
1458,F-A1-DDOSLIKE-V-02,DDoS,Normal,RF-v3,0.9861128393111163,0.004788929590339676,0.009098231098543762
1459,F-A1-DDOSLIKE-V-02,DDoS,Normal,RF-v3,0.9294347420188501,0.07034393947248772,0.0002213185086621438
1460,F-A1-DDOSLIKE-V-02,DDoS,Normal,RF-v3,0.9806858185457316,0.004888600887126868,0.014425580567141438
1461,F-A1-DDOSLIKE-V-02,DDoS,Normal,RF-v3,0.9472109287407977,0.051682869561307576,0.0011062016978947873
1462,F-A1-DDOSLIKE-V-02,DDoS,Normal,RF-v3,0.9720866412586298,0.007428534242007741,0.020484824499362165
1463,F-A1-DDOSLIKE-V-02,DDoS,Normal,RF-v3,0.9079264401595986,0.09187930027119583,0.00019425956920569366
1464,F-A1-DDOSLIKE-V-02,DDoS,Normal,RF-v3,0.9451649111211198,0.054438069435638455,0.000397019443241583
1465,F-A1-DDOSLIKE-V-02,DDoS,Normal,RF-v3,0.9811128393111165,0.004788929590339676,0.014098231098543761
1466,F-A1-DDOSLIKE-V-02,DDoS,Normal,RF-v3,0.9493588796409473,0.04999416694658002,0.0006469534124723815
1467,F-A1-DDOSLIKE-V-02,DDoS,Normal,RF-v3,0.981164332052831,0.004788929590339676,0.014046738356829163
1468,F-A1-DDOSLIKE-V-02,DDoS,Normal,RF-v3,0.9068479480366974,0.09232926757032522,0.0008227843929774416
1469,F-A1-DDOSLIKE-V-02,DDoS,Normal,RF-v3,0.980510117611152,0.004888600887126868,0.014601281501720877
1470,F-A1-DDOSLIKE-V-02,DDoS,Normal,RF-v3,0.9137146817012095,0.08619496557571994,9.035272307046122e-05
1471,F-A1-DDOSLIKE-V-02,DDoS,Normal,RF-v3,0.9866053297058072,0.004788929590339676,0.00860574070385288
1472,F-A1-DDOSLIKE-V-02,DDoS,Normal,RF-v3,0.8937650190686723,0.10614462820825717,9.035272307046122e-05
1473,F-A1-DDOSLIKE-V-02,DDoS,Normal,RF-v3,0.9808615194803109,0.004888600887126868,0.014249879632562
1474,F-A1-DDOSLIKE-V-02,DDoS,Normal,RF-v3,0.9544894703968231,0.04549197096855071,1.855863462625439e-05
1475,F-A1-DDOSLIKE-V-02,DDoS,Normal,RF-v3,0.9806858185457316,0.004888600887126868,0.014425580567141438
1476,F-A1-DDOSLIKE-V-02,DDoS,Normal,RF-v3,0.9448221302849181,0.054706617237188775,0.0004712524778929422
1477,F-A1-DDOSLIKE-V-02,DDoS,Normal,RF-v3,0.9811128393111165,0.004788929590339676,0.014098231098543761
1478,F-A1-DDOSLIKE-V-02,DDoS,Normal,RF-v3,0.9439448383194476,0.05586090211134663,0.00019425956920569366
1479,F-A1-DDOSLIKE-V-02,DDoS,Normal,RF-v3,0.9864296287712279,0.004788929590339676,0.008781441638432318
1480,F-A1-DDOSLIKE-V-02,DDoS,Normal,RF-v3,0.8987826725851502,0.10110109505960045,0.00011623235524930599
1481,F-A1-DDOSLIKE-V-02,DDoS,Normal,RF-v3,0.9806858185457316,0.004888600887126868,0.014425580567141438
1482,F-A1-DDOSLIKE-V-02,DDoS,Normal,RF-v3,0.9296638537898083,0.07004421292036284,0.00029193328982874523
1483,F-A1-DDOSLIKE-V-02,DDoS,Normal,RF-v3,0.9094094373628849,0.04387116380536769,0.04671939883174711
1484,F-A1-DDOSLIKE-V-02,DDoS,Normal,RF-v3,0.9134977632249336,0.08630797720586098,0.00019425956920569366
1485,F-A1-DDOSLIKE-V-02,DDoS,Normal,RF-v3,0.9806858185457316,0.004888600887126868,0.014425580567141438
1486,F-A1-DDOSLIKE-V-02,DDoS,Normal,RF-v3,0.9572365568680923,0.04157921422005666,0.001184228911851175
1487,F-A1-DDOSLIKE-V-02,DDoS,Normal,RF-v3,0.9754518352455974,0.005477648641374151,0.019070516113028017
1488,F-A1-DDOSLIKE-V-02,DDoS,Normal,RF-v3,0.9288234598788163,0.07077952067794197,0.000397019443241583
1489,F-A1-DDOSLIKE-V-02,DDoS,Normal,RF-v3,0.9808615194803109,0.004888600887126868,0.014249879632562
1490,F-A1-DDOSLIKE-V-02,DDoS,Normal,RF-v3,0.9539323492367329,0.045873391194061454,0.00019425956920569366
1491,F-A1-DDOSLIKE-V-02,DDoS,Normal,RF-v3,0.980510117611152,0.004888600887126868,0.014601281501720877
1492,F-A1-DDOSLIKE-V-02,DDoS,Normal,RF-v3,0.9470227194269119,0.05166188224079605,0.0013153983322922059
1493,F-A1-DDOSLIKE-V-02,DDoS,Normal,RF-v3,0.9866053297058072,0.004788929590339676,0.00860574070385288
1494,F-A1-DDOSLIKE-V-02,DDoS,Normal,RF-v3,0.8934112163029464,0.10641317600980749,0.0001756076872461302
1495,F-A1-DDOSLIKE-V-02,DDoS,Normal,RF-v3,0.9799583035343912,0.00514930428792791,0.014892392177680768
1496,F-A1-DDOSLIKE-V-02,DDoS,Normal,RF-v3,0.9520647565732239,0.0467690698008477,0.0011661736259284735
1497,F-A1-DDOSLIKE-V-02,DDoS,Normal,RF-v3,0.9806858185457316,0.004888600887126868,0.014425580567141438
1498,F-A1-DDOSLIKE-V-02,DDoS,Normal,RF-v3,0.947630581980222,0.05190178379536989,0.0004676342244081845
1499,F-A1-DDOSLIKE-V-02,DDoS,Normal,RF-v3,0.899645110225498,0.05387116380536768,0.04648372596913398
1500,F-A1-DDOSLIKE-V-02,DDoS,Normal,RF-v3,0.9578272529686791,0.041350092684268966,0.0008226543470518207
1501,F-A1-DDOSLIKE-V-02,DDoS,Normal,RF-v3,0.9806858185457316,0.004888600887126868,0.014425580567141438
1502,F-A1-DDOSLIKE-V-02,DDoS,Normal,RF-v3,0.9496445846686664,0.049943538185437265,0.000411877145896118
1503,F-A1-DDOSLIKE-V-02,DDoS,Normal,RF-v3,0.9795043985184742,0.005698206300951545,0.014797395180574057
1504,F-A1-DDOSLIKE-V-02,DDoS,Normal,RF-v3,0.9592234729971432,0.04052229550561761,0.00025423149723938
1505,F-A1-DDOSLIKE-V-02,DDoS,Normal,RF-v3,0.9870045202016365,0.004788929590339676,0.008206550208023586
1506,F-A1-DDOSLIKE-V-02,DDoS,Normal,RF-v3,0.9588382495671286,0.04080984521500886,0.00035190521786243156
1507,F-A1-DDOSLIKE-V-02,DDoS,Normal,RF-v3,0.8781977919003537,0.05472692518708471,0.06707528291256132
1508,F-A1-DDOSLIKE-V-02,DDoS,Normal,RF-v3,0.94485862347734,0.054438069435638455,0.0007033070870213101
1509,F-A1-DDOSLIKE-V-02,DDoS,Normal,RF-v3,0.9806858185457316,0.004888600887126868,0.014425580567141438
1510,F-A1-DDOSLIKE-V-02,DDoS,Normal,RF-v3,0.915169322539607,0.08453874417056399,0.00029193328982874523
1511,F-A1-DDOSLIKE-V-02,DDoS,Normal,RF-v3,0.9861128393111163,0.004788929590339676,0.009098231098543762
1512,F-A1-DDOSLIKE-V-02,DDoS,Normal,RF-v3,0.9430952486262275,0.056377145221330555,0.0005276061524418709
1513,F-A1-DDOSLIKE-V-02,DDoS,Normal,RF-v3,0.981164332052831,0.004788929590339676,0.014046738356829163
1514,F-A1-DDOSLIKE-V-02,DDoS,Normal,RF-v3,0.9022672165469561,0.09690999906006653,0.0008227843929774416
1515,F-A1-DDOSLIKE-V-02,DDoS,Normal,RF-v3,0.9806858185457316,0.004888600887126868,0.014425580567141438
1516,F-A1-DDOSLIKE-V-02,DDoS,Normal,RF-v3,0.9430212520111247,0.056331794576402826,0.0006469534124723814
1517,F-A1-DDOSLIKE-V-02,DDoS,Normal,RF-v3,0.9780716220480116,0.00514930428792791,0.016779073664060225
1518,F-A1-DDOSLIKE-V-02,DDoS,Normal,RF-v3,0.9343041349016726,0.06544163360108794,0.00025423149723938
1519,F-A1-DDOSLIKE-V-02,DDoS,Normal,RF-v3,0.9861128393111163,0.004788929590339676,0.009098231098543762
1520,F-A1-DDOSLIKE-V-02,DDoS,Normal,RF-v3,0.9336069716505707,0.06610109505960045,0.00029193328982874523
1521,F-A1-DDOSLIKE-V-02,DDoS,Normal,RF-v3,0.9806858185457316,0.004888600887126868,0.014425580567141438
1522,F-A1-DDOSLIKE-V-02,DDoS,Normal,RF-v3,0.9008110421526542,0.0983661734543684,0.0008227843929774416
1523,F-A1-DDOSLIKE-V-02,DDoS,Normal,RF-v3,0.899645110225498,0.05387116380536768,0.04648372596913398
1524,F-A1-DDOSLIKE-V-02,DDoS,Normal,RF-v3,0.9638997405665007,0.0356703270016806,0.0004299324318188192
1525,F-A1-DDOSLIKE-V-02,DDoS,Normal,RF-v3,0.9808615194803109,0.004888600887126868,0.014249879632562
1526,F-A1-DDOSLIKE-V-02,DDoS,Normal,RF-v3,0.9532295454984151,0.045873391194061454,0.0008970633075234506
1527,F-A1-DDOSLIKE-V-02,DDoS,Normal,RF-v3,0.9756778735476397,0.005427311273911368,0.018894815178448578
1528,F-A1-DDOSLIKE-V-02,DDoS,Normal,RF-v3,0.9240577128038495,0.07592372856152424,1.855863462625439e-05
1529,F-A1-DDOSLIKE-V-02,DDoS,Normal,RF-v3,0.9806858185457316,0.004888600887126868,0.014425580567141438
1530,F-A1-DDOSLIKE-V-02,DDoS,Normal,RF-v3,0.9601063803200961,0.039672301171241556,0.0002213185086621438
1531,F-A1-DDOSLIKE-V-02,DDoS,Normal,RF-v3,0.9811128393111165,0.004788929590339676,0.014098231098543761
1532,F-A1-DDOSLIKE-V-02,DDoS,Normal,RF-v3,0.9579765390133566,0.04138012582765591,0.0006433351589876238
1533,F-A1-DDOSLIKE-V-02,DDoS,Normal,RF-v3,0.9806858185457316,0.004888600887126868,0.014425580567141438
1534,F-A1-DDOSLIKE-V-02,DDoS,Normal,RF-v3,0.9027167502460877,0.09726469111928628,1.855863462625439e-05
1535,F-A1-DDOSLIKE-V-02,DDoS,Normal,RF-v3,0.9806858185457316,0.004888600887126868,0.014425580567141438
1536,F-A1-DDOSLIKE-V-02,DDoS,Normal,RF-v3,0.9188718330230387,0.08110960834233519,1.855863462625439e-05
1537,F-A1-DDOSLIKE-V-02,DDoS,Normal,RF-v3,0.980510117611152,0.004888600887126868,0.014601281501720877
1538,F-A1-DDOSLIKE-V-02,DDoS,Normal,RF-v3,0.9537566483021536,0.045873391194061454,0.0003699605037851329
1539,F-A1-DDOSLIKE-V-02,DDoS,Normal,RF-v3,0.9720866412586298,0.007428534242007741,0.020484824499362165
1540,F-A1-DDOSLIKE-V-02,DDoS,Normal,RF-v3,0.9334312707159913,0.06610109505960045,0.0004676342244081845
1541,F-A1-DDOSLIKE-V-02,DDoS,Normal,RF-v3,0.9806858185457316,0.004888600887126868,0.014425580567141438
1542,F-A1-DDOSLIKE-V-02,DDoS,Normal,RF-v3,0.9076864850572147,0.09149073054980782,0.0008227843929774416
1543,F-A1-DDOSLIKE-V-02,DDoS,Normal,RF-v3,0.9706778735476397,0.0077065412279912,0.02161558522436876
1544,F-A1-DDOSLIKE-V-02,DDoS,Normal,RF-v3,0.904133756208427,0.09563148918187897,0.00023475460969389053
1545,F-A1-DDOSLIKE-V-02,DDoS,Normal,RF-v3,0.9815542269821619,0.004888600887126868,0.01355717213071099
1546,F-A1-DDOSLIKE-V-02,DDoS,Normal,RF-v3,0.91345256451278,0.08652887685259389,1.855863462625439e-05
1547,F-A1-DDOSLIKE-V-02,DDoS,Normal,RF-v3,0.9866053297058072,0.004788929590339676,0.00860574070385288
1548,F-A1-DDOSLIKE-V-02,DDoS,Normal,RF-v3,0.9034547494516031,0.09636964286115077,0.0001756076872461302
1549,F-A1-DDOSLIKE-V-02,DDoS,Normal,RF-v3,0.9866053297058072,0.004788929590339676,0.00860574070385288
1550,F-A1-DDOSLIKE-V-02,DDoS,Normal,RF-v3,0.9076864850572147,0.09149073054980782,0.0008227843929774416
1551,F-A1-DDOSLIKE-V-02,DDoS,Normal,RF-v3,0.9816828822104682,0.004788929590339676,0.013528188199191899
1552,F-A1-DDOSLIKE-V-02,DDoS,Normal,RF-v3,0.9637104954847695,0.036008214078534634,0.0002812904366958301
1553,F-A1-DDOSLIKE-V-02,DDoS,Normal,RF-v3,0.9806858185457316,0.004888600887126868,0.014425580567141438
1554,F-A1-DDOSLIKE-V-02,DDoS,Normal,RF-v3,0.9233992465389917,0.07658219482638202,1.855863462625439e-05
1555,F-A1-DDOSLIKE-V-02,DDoS,Normal,RF-v3,0.9863299574744405,0.004888600887126868,0.008781441638432318
1556,F-A1-DDOSLIKE-V-02,DDoS,Normal,RF-v3,0.891680849928256,0.10830059143711783,1.855863462625439e-05
1557,F-A1-DDOSLIKE-V-02,DDoS,Normal,RF-v3,0.891680849928256,0.10830059143711783,1.855863462625439e-05
1558,F-A1-DDOSLIKE-V-02,DDoS,Normal,RF-v3,0.9232827421703618,0.07660102547438885,0.00011623235524930599
1559,F-A1-DDOSLIKE-V-02,DDoS,Normal,RF-v3,0.9795043985184742,0.005698206300951545,0.014797395180574057
1560,F-A1-DDOSLIKE-V-02,DDoS,Normal,RF-v3,0.9528920425266247,0.04592372856152425,0.001184228911851175
1561,F-A1-DDOSLIKE-V-02,DDoS,Normal,RF-v3,0.9866053297058072,0.004788929590339676,0.00860574070385288
1562,F-A1-DDOSLIKE-V-02,DDoS,Normal,RF-v3,0.9134271319918184,0.0864825152851112,9.035272307046122e-05
1563,F-A1-DDOSLIKE-V-02,DDoS,Normal,RF-v3,0.9813785260475825,0.004888600887126868,0.013732873065290429
1564,F-A1-DDOSLIKE-V-02,DDoS,Normal,RF-v3,0.944777016059539,0.054706617237188775,0.0005163667032720936
1565,F-A1-DDOSLIKE-V-02,DDoS,Normal,RF-v3,0.9864296287712279,0.004788929590339676,0.008781441638432318
1566,F-A1-DDOSLIKE-V-02,DDoS,Normal,RF-v3,0.9120915156123766,0.08690999906006652,0.0009984853275568808
1567,F-A1-DDOSLIKE-V-02,DDoS,Normal,RF-v3,0.9794056181349978,0.005477648641374151,0.01511673322362769
1568,F-A1-DDOSLIKE-V-02,DDoS,Normal,RF-v3,0.9187055189117043,0.08047169669531817,0.0008227843929774416
1569,F-A1-DDOSLIKE-V-02,DDoS,Normal,RF-v3,0.9864296287712279,0.004788929590339676,0.008781441638432318
1570,F-A1-DDOSLIKE-V-02,DDoS,Normal,RF-v3,0.9584515646021271,0.040960857317397216,0.0005875780804755572
1571,F-A1-DDOSLIKE-V-02,DDoS,Normal,RF-v3,0.9861128393111163,0.004788929590339676,0.009098231098543762
1572,F-A1-DDOSLIKE-V-02,DDoS,Normal,RF-v3,0.9039580660363566,0.09453345283538786,0.0015084811282554916
1573,F-A1-DDOSLIKE-V-02,DDoS,Normal,RF-v3,0.9811128393111165,0.004788929590339676,0.014098231098543761
1574,F-A1-DDOSLIKE-V-02,DDoS,Normal,RF-v3,0.9084147162280322,0.09156672513734182,1.855863462625439e-05
1575,F-A1-DDOSLIKE-V-02,DDoS,Normal,RF-v3,0.9813785260475825,0.004888600887126868,0.013732873065290429
1576,F-A1-DDOSLIKE-V-02,DDoS,Normal,RF-v3,0.9071486349443175,0.09271428416661187,0.0001370808890708389
1577,F-A1-DDOSLIKE-V-02,DDoS,Normal,RF-v3,0.9806858185457316,0.004888600887126868,0.014425580567141438
1578,F-A1-DDOSLIKE-V-02,DDoS,Normal,RF-v3,0.9395398077642858,0.060441633601087924,1.855863462625439e-05
1579,F-A1-DDOSLIKE-V-02,DDoS,Normal,RF-v3,0.9864296287712279,0.004788929590339676,0.008781441638432318
1580,F-A1-DDOSLIKE-V-02,DDoS,Normal,RF-v3,0.9291471923094587,0.07063148918187898,0.0002213185086621438
1581,F-A1-DDOSLIKE-V-02,DDoS,Normal,RF-v3,0.9866053297058072,0.004788929590339676,0.00860574070385288
1582,F-A1-DDOSLIKE-V-02,DDoS,Normal,RF-v3,0.9535828421866374,0.046162926316123315,0.00025423149723938
1583,F-A1-DDOSLIKE-V-02,DDoS,Normal,RF-v3,0.9808615194803109,0.004888600887126868,0.014249879632562
1584,F-A1-DDOSLIKE-V-02,DDoS,Normal,RF-v3,0.9444222529361351,0.05535642855520256,0.0002213185086621438
1585,F-A1-DDOSLIKE-V-02,DDoS,Normal,RF-v3,0.981164332052831,0.004788929590339676,0.014046738356829163
1586,F-A1-DDOSLIKE-V-02,DDoS,Normal,RF-v3,0.9396259549407716,0.059713223004331475,0.0006608220548965287
1587,F-A1-DDOSLIKE-V-02,DDoS,Normal,RF-v3,0.9866682474125008,0.004788929590339676,0.008542822997159288
1588,F-A1-DDOSLIKE-V-02,DDoS,Normal,RF-v3,0.9122672165469561,0.08690999906006652,0.0008227843929774416
1589,F-A1-DDOSLIKE-V-02,DDoS,Normal,RF-v3,0.9780716220480116,0.00514930428792791,0.016779073664060225
1590,F-A1-DDOSLIKE-V-02,DDoS,Normal,RF-v3,0.9122672165469561,0.08690999906006652,0.0008227843929774416
1591,F-A1-DDOSLIKE-V-02,DDoS,Normal,RF-v3,0.9444468138062686,0.03888748557365985,0.016665700620071146
1592,F-A1-DDOSLIKE-V-02,DDoS,Normal,RF-v3,0.9638385141504366,0.03588019541286752,0.0002812904366958301
1593,F-A1-DDOSLIKE-V-02,DDoS,Normal,RF-v3,0.9866053297058072,0.004788929590339676,0.00860574070385288
1594,F-A1-DDOSLIKE-V-02,DDoS,Normal,RF-v3,0.9571247285012575,0.04176906980084769,0.0011062016978947873
1595,F-A1-DDOSLIKE-V-02,DDoS,Normal,RF-v3,0.9811128393111165,0.004788929590339676,0.014098231098543761
1596,F-A1-DDOSLIKE-V-02,DDoS,Normal,RF-v3,0.9533506088114616,0.04618175696413013,0.0004676342244081845
1597,F-A1-DDOSLIKE-V-02,DDoS,Normal,RF-v3,0.9806858185457316,0.004888600887126868,0.014425580567141438
1598,F-A1-DDOSLIKE-V-02,DDoS,Normal,RF-v3,0.8987826725851502,0.10110109505960045,0.00011623235524930599
1599,F-A1-DDOSLIKE-V-02,DDoS,Normal,RF-v3,0.981164332052831,0.004788929590339676,0.014046738356829163
1600,F-A1-DDOSLIKE-V-02,DDoS,Normal,RF-v3,0.9532295454984151,0.045873391194061454,0.0008970633075234506
1601,F-A1-DDOSLIKE-V-02,DDoS,Normal,RF-v3,0.9815542269821619,0.004888600887126868,0.01355717213071099
1602,F-A1-DDOSLIKE-V-02,DDoS,Normal,RF-v3,0.9345398077642858,0.06544163360108794,1.855863462625439e-05
1603,F-A1-DDOSLIKE-V-02,DDoS,Normal,RF-v3,0.9864296287712279,0.004788929590339676,0.008781441638432318
1604,F-A1-DDOSLIKE-V-02,DDoS,Normal,RF-v3,0.9072672165469561,0.09190999906006653,0.0008227843929774416
1605,F-A1-DDOSLIKE-V-02,DDoS,Normal,RF-v3,0.9806858185457316,0.004888600887126868,0.014425580567141438
1606,F-A1-DDOSLIKE-V-02,DDoS,Normal,RF-v3,0.9491394991261369,0.05046348143062152,0.00039701944324158306
1607,F-A1-DDOSLIKE-V-02,DDoS,Normal,RF-v3,0.9866053297058072,0.004788929590339676,0.00860574070385288
1608,F-A1-DDOSLIKE-V-02,DDoS,Normal,RF-v3,0.910169322539607,0.089538744170564,0.00029193328982874523
1609,F-A1-DDOSLIKE-V-02,DDoS,Normal,RF-v3,0.9808615194803109,0.004888600887126868,0.014249879632562
1610,F-A1-DDOSLIKE-V-02,DDoS,Normal,RF-v3,0.9341471923094588,0.06563148918187897,0.0002213185086621438
1611,F-A1-DDOSLIKE-V-02,DDoS,Normal,RF-v3,0.9806858185457316,0.004888600887126868,0.014425580567141438
1612,F-A1-DDOSLIKE-V-02,DDoS,Normal,RF-v3,0.9080693748889087,0.09166457145344141,0.00026605365764990045
1613,F-A1-DDOSLIKE-V-02,DDoS,Normal,RF-v3,0.9794056181349978,0.005477648641374151,0.01511673322362769
1614,F-A1-DDOSLIKE-V-02,DDoS,Normal,RF-v3,0.9491347032267439,0.050643978264593804,0.0002213185086621438
1615,F-A1-DDOSLIKE-V-02,DDoS,Normal,RF-v3,0.9864296287712279,0.004788929590339676,0.008781441638432318
1616,F-A1-DDOSLIKE-V-02,DDoS,Normal,RF-v3,0.9087801474457423,0.09104424486701156,0.0001756076872461302
1617,F-A1-DDOSLIKE-V-02,DDoS,Normal,RF-v3,0.9706778735476397,0.0077065412279912,0.02161558522436876
1618,F-A1-DDOSLIKE-V-02,DDoS,Normal,RF-v3,0.9074978841796824,0.09235238776525044,0.00014972805506728544
1619,F-A1-DDOSLIKE-V-02,DDoS,Normal,RF-v3,0.9806858185457316,0.004888600887126868,0.014425580567141438
1620,F-A1-DDOSLIKE-V-02,DDoS,Normal,RF-v3,0.9341471923094588,0.06563148918187897,0.0002213185086621438
1621,F-A1-DDOSLIKE-V-02,DDoS,Normal,RF-v3,0.9861128393111163,0.004788929590339676,0.009098231098543762
1622,F-A1-DDOSLIKE-V-02,DDoS,Normal,RF-v3,0.9440605673259935,0.05586090211134663,7.853056265994074e-05
1623,F-A1-DDOSLIKE-V-02,DDoS,Normal,RF-v3,0.9806858185457316,0.004888600887126868,0.014425580567141438
1624,F-A1-DDOSLIKE-V-02,DDoS,Normal,RF-v3,0.9126485774242729,0.08733286394110112,1.855863462625439e-05
1625,F-A1-DDOSLIKE-V-02,DDoS,Normal,RF-v3,0.9806858185457316,0.004888600887126868,0.014425580567141438
1626,F-A1-DDOSLIKE-V-02,DDoS,Normal,RF-v3,0.95425379753421,0.04549197096855071,0.00025423149723938
1627,F-A1-DDOSLIKE-V-02,DDoS,Normal,RF-v3,0.9806858185457316,0.004888600887126868,0.014425580567141438
1628,F-A1-DDOSLIKE-V-02,DDoS,Normal,RF-v3,0.928611265751815,0.07104806847949229,0.0003406657686926543
1629,F-A1-DDOSLIKE-V-02,DDoS,Normal,RF-v3,0.9806858185457316,0.004888600887126868,0.014425580567141438
1630,F-A1-DDOSLIKE-V-02,DDoS,Normal,RF-v3,0.963416497500111,0.03588019541286752,0.0007033070870213101
1631,F-A1-DDOSLIKE-V-02,DDoS,Normal,RF-v3,0.9866053297058072,0.004788929590339676,0.00860574070385288
1632,F-A1-DDOSLIKE-V-02,DDoS,Normal,RF-v3,0.937627126649764,0.05602142269012445,0.006351450660111526
1633,F-A1-DDOSLIKE-V-02,DDoS,Normal,RF-v3,0.9074166641949484,0.09256477717042545,1.855863462625439e-05
1634,F-A1-DDOSLIKE-V-02,DDoS,Normal,RF-v3,0.9754518352455974,0.005477648641374151,0.019070516113028017
1635,F-A1-DDOSLIKE-V-02,DDoS,Normal,RF-v3,0.9535828421866374,0.046162926316123315,0.00025423149723938
1636,F-A1-DDOSLIKE-V-02,DDoS,Normal,RF-v3,0.9861128393111163,0.004788929590339676,0.009098231098543762
1637,F-A1-DDOSLIKE-V-02,DDoS,Normal,RF-v3,0.7769563897024332,0.22251855590516312,0.0005250543924037579
1638,F-A1-DDOSLIKE-V-02,DDoS,Normal,RF-v3,0.9240198645191016,0.0759615768462722,1.855863462625439e-05
1639,F-A1-DDOSLIKE-V-02,DDoS,Normal,RF-v3,0.9035005691170204,0.07470301087975256,0.021796420003226475
1640,F-A1-DDOSLIKE-V-02,DDoS,Normal,RF-v3,0.9806858185457316,0.004888600887126868,0.014425580567141438
1641,F-A1-DDOSLIKE-V-02,DDoS,Normal,RF-v3,0.9076485774242729,0.09233286394110113,1.855863462625439e-05
1642,F-A1-DDOSLIKE-V-02,DDoS,Normal,RF-v3,0.9799583035343912,0.00514930428792791,0.014892392177680768
1643,F-A1-DDOSLIKE-V-02,DDoS,Normal,RF-v3,0.9593419831864207,0.04040378531633999,0.00025423149723938
1644,F-A1-DDOSLIKE-V-02,DDoS,Normal,RF-v3,0.9811128393111165,0.004788929590339676,0.014098231098543761
1645,F-A1-DDOSLIKE-V-02,DDoS,Normal,RF-v3,0.9188888856550862,0.08099488198966447,0.00011623235524930599
1646,F-A1-DDOSLIKE-V-02,DDoS,Normal,RF-v3,0.980510117611152,0.004888600887126868,0.014601281501720877
1647,F-A1-DDOSLIKE-V-02,DDoS,Normal,RF-v3,0.9492401530772433,0.05045412268380276,0.0003057242389539787
1648,F-A1-DDOSLIKE-V-02,DDoS,Normal,RF-v3,0.9756778735476397,0.005427311273911368,0.018894815178448578
1649,F-A1-DDOSLIKE-V-02,DDoS,Normal,RF-v3,0.9184012523596394,0.08148251528511119,0.00011623235524930599
1650,F-A1-DDOSLIKE-V-02,DDoS,Normal,RF-v3,0.9711016604692481,0.007428534242007741,0.021469805288743937
1651,F-A1-DDOSLIKE-V-02,DDoS,Normal,RF-v3,0.9383877171593576,0.06124232233685738,0.0003699605037851329
1652,F-A1-DDOSLIKE-V-02,DDoS,Normal,RF-v3,0.9864296287712279,0.004788929590339676,0.008781441638432318
1653,F-A1-DDOSLIKE-V-02,DDoS,Normal,RF-v3,0.9133867585676625,0.08646351337727026,0.00014972805506728544
1654,F-A1-DDOSLIKE-V-02,DDoS,Normal,RF-v3,0.9806858185457316,0.004888600887126868,0.014425580567141438
1655,F-A1-DDOSLIKE-V-02,DDoS,Normal,RF-v3,0.9090836128440054,0.09082603443292403,9.035272307046122e-05
1656,F-A1-DDOSLIKE-V-02,DDoS,Normal,RF-v3,0.9806858185457316,0.004888600887126868,0.014425580567141438
1657,F-A1-DDOSLIKE-V-02,DDoS,Normal,RF-v3,0.9635921984346905,0.03588019541286752,0.0005276061524418709
1658,F-A1-DDOSLIKE-V-02,DDoS,Normal,RF-v3,0.9754518352455974,0.005477648641374151,0.019070516113028017
1659,F-A1-DDOSLIKE-V-02,DDoS,Normal,RF-v3,0.9180733292260923,0.08175106308666152,0.0001756076872461302
1660,F-A1-DDOSLIKE-V-02,DDoS,Normal,RF-v3,0.980510117611152,0.004888600887126868,0.014601281501720877
1661,F-A1-DDOSLIKE-V-02,DDoS,Normal,RF-v3,0.9634138424015607,0.036058551445997414,0.0005276061524418709
1662,F-A1-DDOSLIKE-V-02,DDoS,Normal,RF-v3,0.9866053297058072,0.004788929590339676,0.00860574070385288
1663,F-A1-DDOSLIKE-V-02,DDoS,Normal,RF-v3,0.9136643443337468,0.08624530294318271,9.035272307046122e-05
1664,F-A1-DDOSLIKE-V-02,DDoS,Normal,RF-v3,0.9806858185457316,0.004888600887126868,0.014425580567141438
1665,F-A1-DDOSLIKE-V-02,DDoS,Normal,RF-v3,0.9238203402813241,0.07110960834233519,0.0050700513763408525
1666,F-A1-DDOSLIKE-V-02,DDoS,Normal,RF-v3,0.9706778735476397,0.0077065412279912,0.02161558522436876
1667,F-A1-DDOSLIKE-V-02,DDoS,Normal,RF-v3,0.958407141252058,0.041162926316123324,0.00042993243181881926
1668,F-A1-DDOSLIKE-V-02,DDoS,Normal,RF-v3,0.9861128393111163,0.004788929590339676,0.009098231098543762
1669,F-A1-DDOSLIKE-V-02,DDoS,Normal,RF-v3,0.923939202614572,0.07604223875080189,1.855863462625439e-05
1670,F-A1-DDOSLIKE-V-02,DDoS,Normal,RF-v3,0.9806858185457316,0.004888600887126868,0.014425580567141438
1671,F-A1-DDOSLIKE-V-02,DDoS,Normal,RF-v3,0.94485862347734,0.054438069435638455,0.0007033070870213101
1672,F-A1-DDOSLIKE-V-02,DDoS,Normal,RF-v3,0.981164332052831,0.004788929590339676,0.014046738356829163
1673,F-A1-DDOSLIKE-V-02,DDoS,Normal,RF-v3,0.9342071642374924,0.06563148918187897,0.00016134658062845746
1674,F-A1-DDOSLIKE-V-02,DDoS,Normal,RF-v3,0.8716597231279658,0.12730073969831468,0.0010395371737195063
1675,F-A1-DDOSLIKE-V-02,DDoS,Normal,RF-v3,0.9806858185457316,0.004888600887126868,0.014425580567141438
1676,F-A1-DDOSLIKE-V-02,DDoS,Normal,RF-v3,0.9811128393111165,0.004788929590339676,0.014098231098543761
1677,F-A1-DDOSLIKE-V-02,DDoS,Normal,RF-v3,0.9138718330230386,0.08610960834233518,1.855863462625439e-05
1678,F-A1-DDOSLIKE-V-02,DDoS,Normal,RF-v3,0.9864296287712279,0.004788929590339676,0.008781441638432318
1679,F-A1-DDOSLIKE-V-02,DDoS,Normal,RF-v3,0.9076864850572147,0.09149073054980782,0.0008227843929774416
1680,F-A1-DDOSLIKE-V-02,DDoS,Normal,RF-v3,0.9806858185457316,0.004888600887126868,0.014425580567141438
1681,F-A1-DDOSLIKE-V-02,DDoS,Normal,RF-v3,0.9334312707159913,0.06610109505960045,0.0004676342244081845
1682,F-A1-DDOSLIKE-V-02,DDoS,Normal,RF-v3,0.9806858185457316,0.004888600887126868,0.014425580567141438
1683,F-A1-DDOSLIKE-V-02,DDoS,Normal,RF-v3,0.917086760709512,0.08273763160324192,0.0001756076872461302
1684,F-A1-DDOSLIKE-V-02,DDoS,Normal,RF-v3,0.928982101279148,0.03936291321253379,0.031654985508317995
1685,F-A1-DDOSLIKE-V-02,DDoS,Normal,RF-v3,0.9430577452035466,0.0560632467748525,0.0008790080216007492
1686,F-A1-DDOSLIKE-V-02,DDoS,Normal,RF-v3,0.9806858185457316,0.004888600887126868,0.014425580567141438
1687,F-A1-DDOSLIKE-V-02,DDoS,Normal,RF-v3,0.9624634604811927,0.03688958610633503,0.0006469534124723814
1688,F-A1-DDOSLIKE-V-02,DDoS,Normal,RF-v3,0.9864296287712279,0.004788929590339676,0.008781441638432318
1689,F-A1-DDOSLIKE-V-02,DDoS,Normal,RF-v3,0.9064061431181497,0.0930481954434858,0.0005456614383645721
1690,F-A1-DDOSLIKE-V-02,DDoS,Normal,RF-v3,0.9009065782322705,0.09809493644017271,0.0009984853275568808
1691,F-A1-DDOSLIKE-V-02,DDoS,Normal,RF-v3,0.9806858185457316,0.004888600887126868,0.014425580567141438
1692,F-A1-DDOSLIKE-V-02,DDoS,Normal,RF-v3,0.9806858185457316,0.004888600887126868,0.014425580567141438
1693,F-A1-DDOSLIKE-V-02,DDoS,Normal,RF-v3,0.9189221703905015,0.0760592709748724,0.0050185586346262545
1694,F-A1-DDOSLIKE-V-02,DDoS,Normal,RF-v3,0.9482961662062266,0.05148251528511119,0.0002213185086621438
1695,F-A1-DDOSLIKE-V-02,DDoS,Normal,RF-v3,0.899645110225498,0.05387116380536768,0.04648372596913398
1696,F-A1-DDOSLIKE-V-02,DDoS,Normal,RF-v3,0.6729059142719146,0.26340201877625213,0.06369206695183513
1697,F-A1-DDOSLIKE-V-02,DDoS,Normal,RF-v3,0.8984515897271023,0.10143217791764841,0.00011623235524930599
1698,F-A1-DDOSLIKE-V-02,DDoS,Normal,RF-v3,0.9811128393111165,0.004788929590339676,0.014098231098543761
1699,F-A1-DDOSLIKE-V-02,DDoS,Normal,RF-v3,0.9184841187679668,0.07627012892111301,0.005245752310920292
1700,F-A1-DDOSLIKE-V-02,DDoS,Normal,RF-v3,0.9499578994012654,0.021702241587014545,0.028339859011719964
1701,F-A1-DDOSLIKE-V-02,DDoS,Normal,RF-v3,0.9188706776487869,0.0760592709748724,0.0050700513763408525
1702,F-A1-DDOSLIKE-V-02,DDoS,Normal,RF-v3,0.9794056181349978,0.005477648641374151,0.01511673322362769
1703,F-A1-DDOSLIKE-V-02,DDoS,Normal,RF-v3,0.9234559595481825,0.0762521071619888,0.00029193328982874523
1704,F-A1-DDOSLIKE-V-02,DDoS,Normal,RF-v3,0.9806858185457316,0.004888600887126868,0.014425580567141438
1705,F-A1-DDOSLIKE-V-02,DDoS,Normal,RF-v3,0.8969197421251416,0.1023292675703252,0.0007509903045332348
1706,F-A1-DDOSLIKE-V-02,DDoS,Normal,RF-v3,0.9870045202016365,0.004788929590339676,0.008206550208023586
1707,F-A1-DDOSLIKE-V-02,DDoS,Normal,RF-v3,0.9526982160849922,0.04655506202307766,0.0007467218919302637
1708,F-A1-DDOSLIKE-V-02,DDoS,Normal,RF-v3,0.9811128393111165,0.004788929590339676,0.014098231098543761
1709,F-A1-DDOSLIKE-V-02,DDoS,Normal,RF-v3,0.9401649111211198,0.05943806943563845,0.000397019443241583
1710,F-A1-DDOSLIKE-V-02,DDoS,Normal,RF-v3,0.9811128393111165,0.004788929590339676,0.014098231098543761
1711,F-A1-DDOSLIKE-V-02,DDoS,Normal,RF-v3,0.9233992465389917,0.07658219482638202,1.855863462625439e-05
1712,F-A1-DDOSLIKE-V-02,DDoS,Normal,RF-v3,0.9811128393111165,0.004788929590339676,0.014098231098543761
1713,F-A1-DDOSLIKE-V-02,DDoS,Normal,RF-v3,0.9534424243479005,0.04601191421373497,0.0005456614383645721
1714,F-A1-DDOSLIKE-V-02,DDoS,Normal,RF-v3,0.9861128393111163,0.004788929590339676,0.009098231098543762
1715,F-A1-DDOSLIKE-V-02,DDoS,Normal,RF-v3,0.9240198645191016,0.0759615768462722,1.855863462625439e-05
1716,F-A1-DDOSLIKE-V-02,DDoS,Normal,RF-v3,0.9766682474125008,0.004788929590339676,0.018542822997159286
1717,F-A1-DDOSLIKE-V-02,DDoS,Normal,RF-v3,0.9525656224095017,0.04633625382940913,0.001098123761089142
1718,F-A1-DDOSLIKE-V-02,DDoS,Normal,RF-v3,0.981164332052831,0.004788929590339676,0.014046738356829163
1719,F-A1-DDOSLIKE-V-02,DDoS,Normal,RF-v3,0.9482912269745108,0.051427482588793344,0.0002812904366958301
1720,F-A1-DDOSLIKE-V-02,DDoS,Normal,RF-v3,0.9806858185457316,0.004888600887126868,0.014425580567141438
1721,F-A1-DDOSLIKE-V-02,DDoS,Normal,RF-v3,0.9549960710245996,0.04472263853870434,0.0002812904366958301
1722,F-A1-DDOSLIKE-V-02,DDoS,Normal,RF-v3,0.9866167546707862,0.004788929590339676,0.008594315738873886
1723,F-A1-DDOSLIKE-V-02,DDoS,Normal,RF-v3,0.9397878607166891,0.059639418905489586,0.0005727203778210223
1724,F-A1-DDOSLIKE-V-02,DDoS,Normal,RF-v3,0.9816167546707862,0.004788929590339676,0.013594315738873883
1725,F-A1-DDOSLIKE-V-02,DDoS,Normal,RF-v3,0.95753997387423,0.04153760329926026,0.0009224228265097029
1726,F-A1-DDOSLIKE-V-02,DDoS,Normal,RF-v3,0.981164332052831,0.004788929590339676,0.014046738356829163
1727,F-A1-DDOSLIKE-V-02,DDoS,Normal,RF-v3,0.9644495112991853,0.035471958138154826,7.853056265994074e-05
1728,F-A1-DDOSLIKE-V-02,DDoS,Normal,RF-v3,0.9806858185457316,0.004888600887126868,0.014425580567141438
1729,F-A1-DDOSLIKE-V-02,DDoS,Normal,RF-v3,0.9336287105386777,0.06590003698342929,0.00047125247789294215
1730,F-A1-DDOSLIKE-V-02,DDoS,Normal,RF-v3,0.9806858185457316,0.004888600887126868,0.014425580567141438
1731,F-A1-DDOSLIKE-V-02,DDoS,Normal,RF-v3,0.9033634040748916,0.09652036356985916,0.00011623235524930599
1732,F-A1-DDOSLIKE-V-02,DDoS,Normal,RF-v3,0.9754518352455974,0.005477648641374151,0.019070516113028017
1733,F-A1-DDOSLIKE-V-02,DDoS,Normal,RF-v3,0.9440605673259935,0.05586090211134663,7.853056265994074e-05
1734,F-A1-DDOSLIKE-V-02,DDoS,Normal,RF-v3,0.9806858185457316,0.004888600887126868,0.014425580567141438
1735,F-A1-DDOSLIKE-V-02,DDoS,Normal,RF-v3,0.9525656224095017,0.04633625382940913,0.001098123761089142
1736,F-A1-DDOSLIKE-V-02,DDoS,Normal,RF-v3,0.9811128393111165,0.004788929590339676,0.014098231098543761
1737,F-A1-DDOSLIKE-V-02,DDoS,Normal,RF-v3,0.9585609283843521,0.041098405846955066,0.0003406657686926544
1738,F-A1-DDOSLIKE-V-02,DDoS,Normal,RF-v3,0.9334491072035986,0.046442954732498286,0.020107938063902816
1739,F-A1-DDOSLIKE-V-02,DDoS,Normal,RF-v3,0.9398885354516147,0.05953874417056402,0.0005727203778210223
1740,F-A1-DDOSLIKE-V-02,DDoS,Normal,RF-v3,0.9486783413677317,0.033887485573659844,0.017434173058607966
1741,F-A1-DDOSLIKE-V-02,DDoS,Normal,RF-v3,0.9124603874069784,0.08734535302381595,0.00019425956920569366
1742,F-A1-DDOSLIKE-V-02,DDoS,Normal,RF-v3,0.9806858185457316,0.004888600887126868,0.014425580567141438
1743,F-A1-DDOSLIKE-V-02,DDoS,Normal,RF-v3,0.9239191897841761,0.07606225158119777,1.855863462625439e-05
1744,F-A1-DDOSLIKE-V-02,DDoS,Normal,RF-v3,0.9808615194803109,0.004888600887126868,0.014249879632562
1745,F-A1-DDOSLIKE-V-02,DDoS,Normal,RF-v3,0.9185407501649907,0.08144069120038315,1.855863462625439e-05
1746,F-A1-DDOSLIKE-V-02,DDoS,Normal,RF-v3,0.9806858185457316,0.004888600887126868,0.014425580567141438
1747,F-A1-DDOSLIKE-V-02,DDoS,Normal,RF-v3,0.9235194563682021,0.07601290940738972,0.0004676342244081845
1748,F-A1-DDOSLIKE-V-02,DDoS,Normal,RF-v3,0.9806858185457316,0.004888600887126868,0.014425580567141438
1749,F-A1-DDOSLIKE-V-02,DDoS,Normal,RF-v3,0.9496256207498815,0.04984315484419167,0.0005312244059266285
1750,F-A1-DDOSLIKE-V-02,DDoS,Normal,RF-v3,0.9242155909390851,0.041642143166613625,0.03414226589430113
1751,F-A1-DDOSLIKE-V-02,DDoS,Normal,RF-v3,0.9076864850572147,0.09149073054980782,0.0008227843929774416
1752,F-A1-DDOSLIKE-V-02,DDoS,Normal,RF-v3,0.9799583035343912,0.00514930428792791,0.014892392177680768
1753,F-A1-DDOSLIKE-V-02,DDoS,Normal,RF-v3,0.9588088804886797,0.04111258894866054,7.853056265994074e-05
1754,F-A1-DDOSLIKE-V-02,DDoS,Normal,RF-v3,0.9866053297058072,0.004788929590339676,0.00860574070385288
1755,F-A1-DDOSLIKE-V-02,DDoS,Normal,RF-v3,0.8274297283830091,0.1711639853465481,0.0014062862704428804
1756,F-A1-DDOSLIKE-V-02,DDoS,Normal,RF-v3,0.9240198645191016,0.0759615768462722,1.855863462625439e-05
1757,F-A1-DDOSLIKE-V-02,DDoS,Normal,RF-v3,0.9866682474125008,0.004788929590339676,0.008542822997159288
1758,F-A1-DDOSLIKE-V-02,DDoS,Normal,RF-v3,0.9808615194803109,0.004888600887126868,0.014249879632562
1759,F-A1-DDOSLIKE-V-02,DDoS,Normal,RF-v3,0.9062019270563176,0.08877951430905621,0.0050185586346262545
1760,F-A1-DDOSLIKE-V-02,DDoS,Normal,RF-v3,0.9866053297058072,0.004788929590339676,0.00860574070385288
1761,F-A1-DDOSLIKE-V-02,DDoS,Normal,RF-v3,0.9183205904551097,0.08156317718964087,0.00011623235524930599
1762,F-A1-DDOSLIKE-V-02,DDoS,Normal,RF-v3,0.9799583035343912,0.00514930428792791,0.014892392177680768
1763,F-A1-DDOSLIKE-V-02,DDoS,Normal,RF-v3,0.9126989147917355,0.08228252657363834,0.0050185586346262545
1764,F-A1-DDOSLIKE-V-02,DDoS,Normal,RF-v3,0.9806858185457316,0.004888600887126868,0.014425580567141438
1765,F-A1-DDOSLIKE-V-02,DDoS,Normal,RF-v3,0.9125383942129577,0.08744304715241617,1.855863462625439e-05
1766,F-A1-DDOSLIKE-V-02,DDoS,Normal,RF-v3,0.9806858185457316,0.004888600887126868,0.014425580567141438
1767,F-A1-DDOSLIKE-V-02,DDoS,Normal,RF-v3,0.9126485774242729,0.08733286394110112,1.855863462625439e-05
1768,F-A1-DDOSLIKE-V-02,DDoS,Normal,RF-v3,0.9806858185457316,0.004888600887126868,0.014425580567141438
1769,F-A1-DDOSLIKE-V-02,DDoS,Normal,RF-v3,0.9441205392540272,0.05586090211134663,1.855863462625439e-05
1770,F-A1-DDOSLIKE-V-02,DDoS,Normal,RF-v3,0.9864296287712279,0.004788929590339676,0.008781441638432318
1771,F-A1-DDOSLIKE-V-02,DDoS,Normal,RF-v3,0.9240198645191016,0.0759615768462722,1.855863462625439e-05
1772,F-A1-DDOSLIKE-V-02,DDoS,Normal,RF-v3,0.9806858185457316,0.004888600887126868,0.014425580567141438
1773,F-A1-DDOSLIKE-V-02,DDoS,Normal,RF-v3,0.9128164779550154,0.0870337939899173,0.00014972805506728544
1774,F-A1-DDOSLIKE-V-02,DDoS,Normal,RF-v3,0.980510117611152,0.004888600887126868,0.014601281501720877
1775,F-A1-DDOSLIKE-V-02,DDoS,Normal,RF-v3,0.9277487859887844,0.07143217791764842,0.0008190360935670629
1776,F-A1-DDOSLIKE-V-02,DDoS,Normal,RF-v3,0.9806858185457316,0.004888600887126868,0.014425580567141438
1777,F-A1-DDOSLIKE-V-02,DDoS,Normal,RF-v3,0.9125687187500247,0.08741272261534927,1.855863462625439e-05
1778,F-A1-DDOSLIKE-V-02,DDoS,Normal,RF-v3,0.980510117611152,0.004888600887126868,0.014601281501720877
1779,F-A1-DDOSLIKE-V-02,DDoS,Normal,RF-v3,0.9122168791794932,0.0869603364275293,0.0008227843929774416
1780,F-A1-DDOSLIKE-V-02,DDoS,Normal,RF-v3,0.9806858185457316,0.004888600887126868,0.014425580567141438
1781,F-A1-DDOSLIKE-V-02,DDoS,Normal,RF-v3,0.9126864257090207,0.08729501565635318,1.855863462625439e-05
1782,F-A1-DDOSLIKE-V-02,DDoS,Normal,RF-v3,0.9806858185457316,0.004888600887126868,0.014425580567141438
1783,F-A1-DDOSLIKE-V-02,DDoS,Normal,RF-v3,0.9587242197284547,0.0409615768462722,0.0003142034252730663
1784,F-A1-DDOSLIKE-V-02,DDoS,Normal,RF-v3,0.9811128393111165,0.004788929590339676,0.014098231098543761
1785,F-A1-DDOSLIKE-V-02,DDoS,Normal,RF-v3,0.9236836430057445,0.07612209742505002,0.00019425956920569366
1786,F-A1-DDOSLIKE-V-02,DDoS,Normal,RF-v3,0.9806858185457316,0.004888600887126868,0.014425580567141438
1787,F-A1-DDOSLIKE-V-02,DDoS,Normal,RF-v3,0.9179406420648433,0.07668939743137171,0.0053699605037851325
1788,F-A1-DDOSLIKE-V-02,DDoS,Normal,RF-v3,0.9806858185457316,0.004888600887126868,0.014425580567141438
1789,F-A1-DDOSLIKE-V-02,DDoS,Normal,RF-v3,0.9548378148768829,0.044574607042641344,0.0005875780804755572
1790,F-A1-DDOSLIKE-V-02,DDoS,Normal,RF-v3,0.9816059353192257,0.004888600887126868,0.013505463793647133
1791,F-A1-DDOSLIKE-V-02,DDoS,Normal,RF-v3,0.9601944398881254,0.03952426967517857,0.0002812904366958301
1792,F-A1-DDOSLIKE-V-02,DDoS,Normal,RF-v3,0.9193912918736644,0.041642143166613625,0.0389665649597217
1793,F-A1-DDOSLIKE-V-02,DDoS,Normal,RF-v3,0.9287339803732073,0.07107176005758724,0.00019425956920569366
1794,F-A1-DDOSLIKE-V-02,DDoS,Normal,RF-v3,0.9806858185457316,0.004888600887126868,0.014425580567141438
1795,F-A1-DDOSLIKE-V-02,DDoS,Normal,RF-v3,0.9236598197025462,0.07127012892111302,0.0050700513763408525
1796,F-A1-DDOSLIKE-V-02,DDoS,Normal,RF-v3,0.9799583035343912,0.00514930428792791,0.014892392177680768
1797,F-A1-DDOSLIKE-V-02,DDoS,Normal,RF-v3,0.9076864850572147,0.09149073054980782,0.0008227843929774416
1798,F-A1-DDOSLIKE-V-02,DDoS,Normal,RF-v3,0.9806858185457316,0.004888600887126868,0.014425580567141438
1799,F-A1-DDOSLIKE-V-02,DDoS,Normal,RF-v3,0.9446464293503386,0.054706617237188775,0.0006469534124723815
1800,F-A1-DDOSLIKE-V-02,DDoS,Normal,RF-v3,0.9866053297058072,0.004788929590339676,0.00860574070385288
1801,F-A1-DDOSLIKE-V-02,DDoS,Normal,RF-v3,0.9025782272264141,0.09740321413895976,1.855863462625439e-05
1802,F-A1-DDOSLIKE-V-02,DDoS,Normal,RF-v3,0.9866053297058072,0.004788929590339676,0.00860574070385288
1803,F-A1-DDOSLIKE-V-02,DDoS,Normal,RF-v3,0.9072168791794932,0.0919603364275293,0.0008227843929774416
1804,F-A1-DDOSLIKE-V-02,DDoS,Normal,RF-v3,0.9806858185457316,0.004888600887126868,0.014425580567141438
1805,F-A1-DDOSLIKE-V-02,DDoS,Normal,RF-v3,0.9238888652471091,0.07609257611826467,1.855863462625439e-05
1806,F-A1-DDOSLIKE-V-02,DDoS,Normal,RF-v3,0.9806858185457316,0.004888600887126868,0.014425580567141438
1807,F-A1-DDOSLIKE-V-02,DDoS,Normal,RF-v3,0.9196382052545367,0.08024556239021396,0.00011623235524930599
1808,F-A1-DDOSLIKE-V-02,DDoS,Normal,RF-v3,0.981164332052831,0.004788929590339676,0.014046738356829163
1809,F-A1-DDOSLIKE-V-02,DDoS,Normal,RF-v3,0.940139262585848,0.059639418905489586,0.0002213185086621438
1810,F-A1-DDOSLIKE-V-02,DDoS,Normal,RF-v3,0.9808615194803109,0.004888600887126868,0.014249879632562
1811,F-A1-DDOSLIKE-V-02,DDoS,Normal,RF-v3,0.9334312707159913,0.06610109505960045,0.0004676342244081845
1812,F-A1-DDOSLIKE-V-02,DDoS,Normal,RF-v3,0.9806858185457316,0.004888600887126868,0.014425580567141438
1813,F-A1-DDOSLIKE-V-02,DDoS,Normal,RF-v3,0.9454124061441435,0.054438069435638455,0.00014952442021793697
1814,F-A1-DDOSLIKE-V-02,DDoS,Normal,RF-v3,0.981164332052831,0.004788929590339676,0.014046738356829163
1815,F-A1-DDOSLIKE-V-02,DDoS,Normal,RF-v3,0.9036584775319638,0.09622529011278685,0.00011623235524930599
1816,F-A1-DDOSLIKE-V-02,DDoS,Normal,RF-v3,0.9806858185457316,0.004888600887126868,0.014425580567141438
1817,F-A1-DDOSLIKE-V-02,DDoS,Normal,RF-v3,0.9399892101865404,0.05943806943563845,0.0005727203778210223
1818,F-A1-DDOSLIKE-V-02,DDoS,Normal,RF-v3,0.9816059353192257,0.004888600887126868,0.013505463793647133
1819,F-A1-DDOSLIKE-V-02,DDoS,Normal,RF-v3,0.933425037644295,0.06542164990611736,0.0011533124495874123
1820,F-A1-DDOSLIKE-V-02,DDoS,Normal,RF-v3,0.981164332052831,0.004788929590339676,0.014046738356829163
1821,F-A1-DDOSLIKE-V-02,DDoS,Normal,RF-v3,0.939777016059539,0.05970661723718877,0.0005163667032720936
1822,F-A1-DDOSLIKE-V-02,DDoS,Normal,RF-v3,0.9799583035343912,0.00514930428792791,0.014892392177680768
1823,F-A1-DDOSLIKE-V-02,DDoS,Normal,RF-v3,0.9193862680237239,0.08026242335445037,0.0003513086218255694
1824,F-A1-DDOSLIKE-V-02,DDoS,Normal,RF-v3,0.9806858185457316,0.004888600887126868,0.014425580567141438
1825,F-A1-DDOSLIKE-V-02,DDoS,Normal,RF-v3,0.9290273882667826,0.07095405309859115,1.855863462625439e-05
1826,F-A1-DDOSLIKE-V-02,DDoS,Normal,RF-v3,0.9806858185457316,0.004888600887126868,0.014425580567141438
1827,F-A1-DDOSLIKE-V-02,DDoS,Normal,RF-v3,0.9490288082043625,0.05080984521500886,0.00016134658062845746
1828,F-A1-DDOSLIKE-V-02,DDoS,Normal,RF-v3,0.9799583035343912,0.00514930428792791,0.014892392177680768
1829,F-A1-DDOSLIKE-V-02,DDoS,Normal,RF-v3,0.9023175539144188,0.09685966169260375,0.0008227843929774416
1830,F-A1-DDOSLIKE-V-02,DDoS,Normal,RF-v3,0.9806858185457316,0.004888600887126868,0.014425580567141438
1831,F-A1-DDOSLIKE-V-02,DDoS,Normal,RF-v3,0.912793525825212,0.08575736837852942,0.0014491057962586673
1832,F-A1-DDOSLIKE-V-02,DDoS,Normal,RF-v3,0.9866053297058072,0.004788929590339676,0.00860574070385288
1833,F-A1-DDOSLIKE-V-02,DDoS,Normal,RF-v3,0.9002038594732766,0.09977758189209712,1.855863462625439e-05
1834,F-A1-DDOSLIKE-V-02,DDoS,Normal,RF-v3,0.9434189810568699,0.056229113725267565,0.00035190521786243156
1835,F-A1-DDOSLIKE-V-02,DDoS,Normal,RF-v3,0.9806858185457316,0.004888600887126868,0.014425580567141438
1836,F-A1-DDOSLIKE-V-02,DDoS,Normal,RF-v3,0.9070732837363582,0.09290815762901568,1.855863462625439e-05
1837,F-A1-DDOSLIKE-V-02,DDoS,Normal,RF-v3,0.9799583035343912,0.00514930428792791,0.014892392177680768
1838,F-A1-DDOSLIKE-V-02,DDoS,Normal,RF-v3,0.9540302427889266,0.04589122664841353,7.853056265994074e-05
1839,F-A1-DDOSLIKE-V-02,DDoS,Normal,RF-v3,0.9806858185457316,0.004888600887126868,0.014425580567141438
1840,F-A1-DDOSLIKE-V-02,DDoS,Normal,RF-v3,0.9397878607166891,0.059639418905489586,0.0005727203778210223
1841,F-A1-DDOSLIKE-V-02,DDoS,Normal,RF-v3,0.9811128393111165,0.004788929590339676,0.014098231098543761
1842,F-A1-DDOSLIKE-V-02,DDoS,Normal,RF-v3,0.9644894703968231,0.0354919709685507,1.855863462625439e-05
1843,F-A1-DDOSLIKE-V-02,DDoS,Normal,RF-v3,0.9863299574744405,0.004888600887126868,0.008781441638432318
1844,F-A1-DDOSLIKE-V-02,DDoS,Normal,RF-v3,0.9188203402813241,0.0761096083423352,0.0050700513763408525
1845,F-A1-DDOSLIKE-V-02,DDoS,Normal,RF-v3,0.9806858185457316,0.004888600887126868,0.014425580567141438
1846,F-A1-DDOSLIKE-V-02,DDoS,Normal,RF-v3,0.9181666803668855,0.08163906006390893,0.00019425956920569366
1847,F-A1-DDOSLIKE-V-02,DDoS,Normal,RF-v3,0.9861128393111163,0.004788929590339676,0.009098231098543762
1848,F-A1-DDOSLIKE-V-02,DDoS,Normal,RF-v3,0.8984515897271023,0.10143217791764841,0.00011623235524930599
1849,F-A1-DDOSLIKE-V-02,DDoS,Normal,RF-v3,0.9806858185457316,0.004888600887126868,0.014425580567141438
1850,F-A1-DDOSLIKE-V-02,DDoS,Normal,RF-v3,0.9394707284157592,0.05970661723718877,0.0008226543470518207
1851,F-A1-DDOSLIKE-V-02,DDoS,Normal,RF-v3,0.9811128393111165,0.004788929590339676,0.014098231098543761
1852,F-A1-DDOSLIKE-V-02,DDoS,Normal,RF-v3,0.9076864850572147,0.09149073054980782,0.0008227843929774416
1853,F-A1-DDOSLIKE-V-02,DDoS,Normal,RF-v3,0.9815542269821619,0.004888600887126868,0.01355717213071099
1854,F-A1-DDOSLIKE-V-02,DDoS,Normal,RF-v3,0.9076864850572147,0.09149073054980782,0.0008227843929774416
1855,F-A1-DDOSLIKE-V-02,DDoS,Normal,RF-v3,0.9864296287712279,0.004788929590339676,0.008781441638432318
1856,F-A1-DDOSLIKE-V-02,DDoS,Normal,RF-v3,0.9240577128038495,0.07592372856152424,1.855863462625439e-05
1857,F-A1-DDOSLIKE-V-02,DDoS,Normal,RF-v3,0.9770866412586298,0.00514930428792791,0.01776405445344199
1858,F-A1-DDOSLIKE-V-02,DDoS,Normal,RF-v3,0.9643137694622436,0.0354919709685507,0.00019425956920569366
1859,F-A1-DDOSLIKE-V-02,DDoS,Normal,RF-v3,0.9808615194803109,0.004888600887126868,0.014249879632562
1860,F-A1-DDOSLIKE-V-02,DDoS,Normal,RF-v3,0.9147488439327691,0.08507554837998468,0.0001756076872461302
1861,F-A1-DDOSLIKE-V-02,DDoS,Normal,RF-v3,0.9866053297058072,0.004788929590339676,0.00860574070385288
1862,F-A1-DDOSLIKE-V-02,DDoS,Normal,RF-v3,0.9637745570959175,0.035911239478809406,0.0003142034252730663
1863,F-A1-DDOSLIKE-V-02,DDoS,Normal,RF-v3,0.9813785260475825,0.004888600887126868,0.013732873065290429
1864,F-A1-DDOSLIKE-V-02,DDoS,Normal,RF-v3,0.9579170242786607,0.04133625382940913,0.0007467218919302637
1865,F-A1-DDOSLIKE-V-02,DDoS,Normal,RF-v3,0.980937138376537,0.004788929590339676,0.0142739320331232
1866,F-A1-DDOSLIKE-V-02,DDoS,Normal,RF-v3,0.94485862347734,0.054438069435638455,0.0007033070870213101
1867,F-A1-DDOSLIKE-V-02,DDoS,Normal,RF-v3,0.981164332052831,0.004788929590339676,0.014046738356829163
1868,F-A1-DDOSLIKE-V-02,DDoS,Normal,RF-v3,0.9411015462697311,0.05690999906006653,0.001988454670202362
1869,F-A1-DDOSLIKE-V-02,DDoS,Normal,RF-v3,0.9866053297058072,0.004788929590339676,0.00860574070385288
1870,F-A1-DDOSLIKE-V-02,DDoS,Normal,RF-v3,0.9076864850572147,0.09149073054980782,0.0008227843929774416
1871,F-A1-DDOSLIKE-V-02,DDoS,Normal,RF-v3,0.9806858185457316,0.004888600887126868,0.014425580567141438
1872,F-A1-DDOSLIKE-V-02,DDoS,Normal,RF-v3,0.893870858237361,0.10601290940738972,0.00011623235524930599
1873,F-A1-DDOSLIKE-V-02,DDoS,Normal,RF-v3,0.980510117611152,0.004888600887126868,0.014601281501720877
1874,F-A1-DDOSLIKE-V-02,DDoS,Normal,RF-v3,0.9585828421866374,0.041162926316123324,0.00025423149723938
1875,F-A1-DDOSLIKE-V-02,DDoS,Normal,RF-v3,0.9866053297058072,0.004788929590339676,0.00860574070385288
1876,F-A1-DDOSLIKE-V-02,DDoS,Normal,RF-v3,0.9500530623463079,0.0497256191450297,0.0002213185086621438
1877,F-A1-DDOSLIKE-V-02,DDoS,Normal,RF-v3,0.9866053297058072,0.004788929590339676,0.00860574070385288
1878,F-A1-DDOSLIKE-V-02,DDoS,Normal,RF-v3,0.9443037306816906,0.05535642855520256,0.0003398407631067283
1879,F-A1-DDOSLIKE-V-02,DDoS,Normal,RF-v3,0.9811128393111165,0.004788929590339676,0.014098231098543761
1880,F-A1-DDOSLIKE-V-02,DDoS,Normal,RF-v3,0.9634641797690234,0.036008214078534634,0.0005276061524418709
1881,F-A1-DDOSLIKE-V-02,DDoS,Normal,RF-v3,0.981164332052831,0.004788929590339676,0.014046738356829163
1882,F-A1-DDOSLIKE-V-02,DDoS,Normal,RF-v3,0.9091339502114683,0.09077569706546124,9.035272307046122e-05
1883,F-A1-DDOSLIKE-V-02,DDoS,Normal,RF-v3,0.9806858185457316,0.004888600887126868,0.014425580567141438
1884,F-A1-DDOSLIKE-V-02,DDoS,Normal,RF-v3,0.9290577128038495,0.07092372856152425,1.855863462625439e-05
1885,F-A1-DDOSLIKE-V-02,DDoS,Normal,RF-v3,0.9864296287712279,0.004788929590339676,0.008781441638432318
1886,F-A1-DDOSLIKE-V-02,DDoS,Normal,RF-v3,0.9037826725851502,0.09610109505960045,0.00011623235524930599
1887,F-A1-DDOSLIKE-V-02,DDoS,Normal,RF-v3,0.9806858185457316,0.004888600887126868,0.014425580567141438
1888,F-A1-DDOSLIKE-V-02,DDoS,Normal,RF-v3,0.9633922069117934,0.03632709924754774,0.000280693840658968
1889,F-A1-DDOSLIKE-V-02,DDoS,Normal,RF-v3,0.9811128393111165,0.004788929590339676,0.014098231098543761
1890,F-A1-DDOSLIKE-V-02,DDoS,Normal,RF-v3,0.8984515897271023,0.10143217791764841,0.00011623235524930599
1891,F-A1-DDOSLIKE-V-02,DDoS,Normal,RF-v3,0.9808615194803109,0.004888600887126868,0.014249879632562
1892,F-A1-DDOSLIKE-V-02,DDoS,Normal,RF-v3,0.9082827421703619,0.09160102547438884,0.00011623235524930599
1893,F-A1-DDOSLIKE-V-02,DDoS,Normal,RF-v3,0.9815542269821619,0.004888600887126868,0.01355717213071099
1894,F-A1-DDOSLIKE-V-02,DDoS,Normal,RF-v3,0.9232627293399659,0.07662103830478471,0.00011623235524930599
1895,F-A1-DDOSLIKE-V-02,DDoS,Normal,RF-v3,0.9806858185457316,0.004888600887126868,0.014425580567141438
1896,F-A1-DDOSLIKE-V-02,DDoS,Normal,RF-v3,0.9535322265066568,0.045880195412867524,0.0005875780804755572
1897,F-A1-DDOSLIKE-V-02,DDoS,Normal,RF-v3,0.9808615194803109,0.004888600887126868,0.014249879632562
1898,F-A1-DDOSLIKE-V-02,DDoS,Normal,RF-v3,0.9491347032267439,0.050643978264593804,0.0002213185086621438
1899,F-A1-DDOSLIKE-V-02,DDoS,Normal,RF-v3,0.9799583035343912,0.00514930428792791,0.014892392177680768
1900,F-A1-DDOSLIKE-V-02,DDoS,Normal,RF-v3,0.9127414517553615,0.08693311925499174,0.00032542898964672465
1901,F-A1-DDOSLIKE-V-02,DDoS,Normal,RF-v3,0.9806858185457316,0.004888600887126868,0.014425580567141438
1902,F-A1-DDOSLIKE-V-02,DDoS,Normal,RF-v3,0.9384009461789243,0.06113141959666734,0.0004676342244081845
1903,F-A1-DDOSLIKE-V-02,DDoS,Normal,RF-v3,0.9813785260475825,0.004888600887126868,0.013732873065290429
1904,F-A1-DDOSLIKE-V-02,DDoS,Normal,RF-v3,0.9438504549348081,0.05582431971039431,0.0003252253547973762
1905,F-A1-DDOSLIKE-V-02,DDoS,Normal,RF-v3,0.9811128393111165,0.004788929590339676,0.014098231098543761
1906,F-A1-DDOSLIKE-V-02,DDoS,Normal,RF-v3,0.9497467747025281,0.0497256191450297,0.0005276061524418709
1907,F-A1-DDOSLIKE-V-02,DDoS,Normal,RF-v3,0.9811128393111165,0.004788929590339676,0.014098231098543761
1908,F-A1-DDOSLIKE-V-02,DDoS,Normal,RF-v3,0.9076864850572147,0.09149073054980782,0.0008227843929774416
1909,F-A1-DDOSLIKE-V-02,DDoS,Normal,RF-v3,0.9806858185457316,0.004888600887126868,0.014425580567141438
1910,F-A1-DDOSLIKE-V-02,DDoS,Normal,RF-v3,0.9236321502640298,0.07612209742505002,0.00024575231092029235
1911,F-A1-DDOSLIKE-V-02,DDoS,Normal,RF-v3,0.9808615194803109,0.004888600887126868,0.014249879632562
1912,F-A1-DDOSLIKE-V-02,DDoS,Normal,RF-v3,0.9394798358362522,0.060441633601087924,7.853056265994074e-05
1913,F-A1-DDOSLIKE-V-02,DDoS,Normal,RF-v3,0.9806858185457316,0.004888600887126868,0.014425580567141438
1914,F-A1-DDOSLIKE-V-02,DDoS,Normal,RF-v3,0.9088060270779212,0.09104424486701156,0.00014972805506728544
1915,F-A1-DDOSLIKE-V-02,DDoS,Normal,RF-v3,0.9806858185457316,0.004888600887126868,0.014425580567141438
1916,F-A1-DDOSLIKE-V-02,DDoS,Normal,RF-v3,0.963629502433778,0.03607856427639329,0.00029193328982874523
1917,F-A1-DDOSLIKE-V-02,DDoS,Normal,RF-v3,0.9861128393111163,0.004788929590339676,0.009098231098543762
1918,F-A1-DDOSLIKE-V-02,DDoS,Normal,RF-v3,0.9336287105386777,0.06590003698342929,0.00047125247789294215
1919,F-A1-DDOSLIKE-V-02,DDoS,Normal,RF-v3,0.9811128393111165,0.004788929590339676,0.014098231098543761
1920,F-A1-DDOSLIKE-V-02,DDoS,Normal,RF-v3,0.9453406120556993,0.054438069435638455,0.0002213185086621438
1921,F-A1-DDOSLIKE-V-02,DDoS,Normal,RF-v3,0.9811128393111165,0.004788929590339676,0.014098231098543761
1922,F-A1-DDOSLIKE-V-02,DDoS,Normal,RF-v3,0.9072168791794932,0.0919603364275293,0.0008227843929774416
1923,F-A1-DDOSLIKE-V-02,DDoS,Normal,RF-v3,0.9806858185457316,0.004888600887126868,0.014425580567141438
1924,F-A1-DDOSLIKE-V-02,DDoS,Normal,RF-v3,0.9636872374647403,0.035960857317397205,0.00035190521786243156
1925,F-A1-DDOSLIKE-V-02,DDoS,Normal,RF-v3,0.9861128393111163,0.004788929590339676,0.009098231098543762
1926,F-A1-DDOSLIKE-V-02,DDoS,Normal,RF-v3,0.8992098394997237,0.10010927261826713,0.0006808878820090855
1927,F-A1-DDOSLIKE-V-02,DDoS,Normal,RF-v3,0.9811128393111165,0.004788929590339676,0.014098231098543761
1928,F-A1-DDOSLIKE-V-02,DDoS,Normal,RF-v3,0.9517403277172208,0.04691537384274506,0.0013442984400339852
1929,F-A1-DDOSLIKE-V-02,DDoS,Normal,RF-v3,0.9866682474125008,0.004788929590339676,0.008542822997159288
1930,F-A1-DDOSLIKE-V-02,DDoS,Normal,RF-v3,0.938183464493498,0.060532636347713956,0.0012838991587877002
1931,F-A1-DDOSLIKE-V-02,DDoS,Normal,RF-v3,0.9870045202016365,0.004788929590339676,0.008206550208023586
1932,F-A1-DDOSLIKE-V-02,DDoS,Normal,RF-v3,0.9500530623463079,0.0497256191450297,0.0002213185086621438
1933,F-A1-DDOSLIKE-V-02,DDoS,Normal,RF-v3,0.9866682474125008,0.004788929590339676,0.008542822997159288
1934,F-A1-DDOSLIKE-V-02,DDoS,Normal,RF-v3,0.8781507712976189,0.12098984663789357,0.0008593820644873565
1935,F-A1-DDOSLIKE-V-02,DDoS,Normal,RF-v3,0.9869445482736029,0.004788929590339676,0.008266522136057273
1936,F-A1-DDOSLIKE-V-02,DDoS,Normal,RF-v3,0.9034491679986568,0.09527616896812724,0.0012746630332155578
1937,F-A1-DDOSLIKE-V-02,DDoS,Normal,RF-v3,0.9867646324895017,0.004788929590339676,0.008446437920158333
1938,F-A1-DDOSLIKE-V-02,DDoS,Normal,RF-v3,0.8978056951660662,0.10044033448546705,0.0017539703484663594
1939,F-A1-DDOSLIKE-V-02,DDoS,Normal,RF-v3,0.9870045202016365,0.004788929590339676,0.008206550208023586
1940,F-A1-DDOSLIKE-V-02,DDoS,Normal,RF-v3,0.9239090206475364,0.07511336783745526,0.0009776115150079729
1941,F-A1-DDOSLIKE-V-02,DDoS,Normal,RF-v3,0.9816167546707862,0.004788929590339676,0.013594315738873883
1942,F-A1-DDOSLIKE-V-02,DDoS,Normal,RF-v3,0.9281507666471717,0.07033157827154281,0.0015176550812851606
1943,F-A1-DDOSLIKE-V-02,DDoS,Normal,RF-v3,0.9870045202016365,0.004788929590339676,0.008206550208023586
1944,F-A1-DDOSLIKE-V-02,DDoS,Normal,RF-v3,0.8923500825618494,0.10679053537366304,0.0008593820644873565
1945,F-A1-DDOSLIKE-V-02,DDoS,Normal,RF-v3,0.9870045202016365,0.004788929590339676,0.008206550208023586
1946,F-A1-DDOSLIKE-V-02,DDoS,Normal,RF-v3,0.9076864850572147,0.09149073054980782,0.0008227843929774416
1947,F-A1-DDOSLIKE-V-02,DDoS,Normal,RF-v3,0.9797826025998116,0.00514930428792791,0.015068093112260207
1948,F-A1-DDOSLIKE-V-02,DDoS,Normal,RF-v3,0.9238214956555758,0.07615994570979798,1.855863462625439e-05
1949,F-A1-DDOSLIKE-V-02,DDoS,Normal,RF-v3,0.9193912918736644,0.041642143166613625,0.0389665649597217
1950,F-A1-DDOSLIKE-V-02,DDoS,Normal,RF-v3,0.9501649111211198,0.04943806943563845,0.000397019443241583
1951,F-A1-DDOSLIKE-V-02,DDoS,Normal,RF-v3,0.981164332052831,0.004788929590339676,0.014046738356829163
1952,F-A1-DDOSLIKE-V-02,DDoS,Normal,RF-v3,0.8981236665935551,0.10170072571919875,0.0001756076872461302
1953,F-A1-DDOSLIKE-V-02,DDoS,Normal,RF-v3,0.9863299574744405,0.004888600887126868,0.008781441638432318
1954,F-A1-DDOSLIKE-V-02,DDoS,Normal,RF-v3,0.944777016059539,0.054706617237188775,0.0005163667032720936
1955,F-A1-DDOSLIKE-V-02,DDoS,Normal,RF-v3,0.9811128393111165,0.004788929590339676,0.014098231098543761
1956,F-A1-DDOSLIKE-V-02,DDoS,Normal,RF-v3,0.9240198645191016,0.0759615768462722,1.855863462625439e-05
1957,F-A1-DDOSLIKE-V-02,DDoS,Normal,RF-v3,0.9870045202016365,0.004788929590339676,0.008206550208023586
1958,F-A1-DDOSLIKE-V-02,DDoS,Normal,RF-v3,0.5354821411963426,0.4047118860520537,0.059805972751603764
1959,F-A1-DDOSLIKE-V-02,DDoS,Normal,RF-v3,0.9806858185457316,0.004888600887126868,0.014425580567141438
1960,F-A1-DDOSLIKE-V-02,DDoS,Normal,RF-v3,0.5579722595451545,0.4017089418582589,0.04031879859658665
1961,F-A1-DDOSLIKE-V-02,DDoS,Normal,RF-v3,0.9806858185457316,0.004888600887126868,0.014425580567141438
1962,F-A1-DDOSLIKE-V-02,DDoS,Normal,RF-v3,0.9138205208698982,0.0860632467748525,0.00011623235524930599
1963,F-A1-DDOSLIKE-V-02,DDoS,Normal,RF-v3,0.980510117611152,0.004888600887126868,0.014601281501720877
1964,F-A1-DDOSLIKE-V-02,DDoS,Normal,RF-v3,0.9033634040748916,0.09652036356985916,0.00011623235524930599
1965,F-A1-DDOSLIKE-V-02,DDoS,Normal,RF-v3,0.9799583035343912,0.00514930428792791,0.014892392177680768
1966,F-A1-DDOSLIKE-V-02,DDoS,Normal,RF-v3,0.9091080705792893,0.09077569706546124,0.00011623235524930599
1967,F-A1-DDOSLIKE-V-02,DDoS,Normal,RF-v3,0.9806858185457316,0.004888600887126868,0.014425580567141438
1968,F-A1-DDOSLIKE-V-02,DDoS,Normal,RF-v3,0.9526982160849922,0.04655506202307766,0.0007467218919302637
1969,F-A1-DDOSLIKE-V-02,DDoS,Normal,RF-v3,0.981164332052831,0.004788929590339676,0.014046738356829163
1970,F-A1-DDOSLIKE-V-02,DDoS,Normal,RF-v3,0.8912791106916343,0.10835092880458061,0.00036996050378513293
1971,F-A1-DDOSLIKE-V-02,DDoS,Normal,RF-v3,0.9138205208698982,0.0860632467748525,0.00011623235524930599
1972,F-A1-DDOSLIKE-V-02,DDoS,Normal,RF-v3,0.9806858185457316,0.004888600887126868,0.014425580567141438
1973,F-A1-DDOSLIKE-V-02,DDoS,Normal,RF-v3,0.9240198645191016,0.0759615768462722,1.855863462625439e-05
1974,F-A1-DDOSLIKE-V-02,DDoS,Normal,RF-v3,0.981164332052831,0.004788929590339676,0.014046738356829163
1975,F-A1-DDOSLIKE-V-02,DDoS,Normal,RF-v3,0.9485321433266006,0.050891518042093506,0.00057633863130578
1976,F-A1-DDOSLIKE-V-02,DDoS,Normal,RF-v3,0.9811128393111165,0.004788929590339676,0.014098231098543761
1977,F-A1-DDOSLIKE-V-02,DDoS,Normal,RF-v3,0.5628556181512201,0.3941641885382699,0.04298019331051
1978,F-A1-DDOSLIKE-V-02,DDoS,Normal,RF-v3,0.9861128393111163,0.004788929590339676,0.009098231098543762
1979,F-A1-DDOSLIKE-V-02,DDoS,Normal,RF-v3,0.8966430016435081,0.10333843972186578,1.855863462625439e-05
1980,F-A1-DDOSLIKE-V-02,DDoS,Normal,RF-v3,0.9138119871791865,0.08616945418618745,1.855863462625439e-05
1981,F-A1-DDOSLIKE-V-02,DDoS,Normal,RF-v3,0.9711016604692481,0.007428534242007741,0.021469805288743937
1982,F-A1-DDOSLIKE-V-02,DDoS,Normal,RF-v3,0.9171286935272824,0.08204852207974005,0.0008227843929774416
1983,F-A1-DDOSLIKE-V-02,DDoS,Normal,RF-v3,0.981164332052831,0.004788929590339676,0.014046738356829163
1984,F-A1-DDOSLIKE-V-02,DDoS,Normal,RF-v3,0.9101088204432269,0.08969691998756744,0.00019425956920569366
1985,F-A1-DDOSLIKE-V-02,DDoS,Normal,RF-v3,0.9523211656805616,0.04675641149292879,0.0009224228265097029
1986,F-A1-DDOSLIKE-V-02,DDoS,Normal,RF-v3,0.981164332052831,0.004788929590339676,0.014046738356829163
1987,F-A1-DDOSLIKE-V-02,DDoS,Normal,RF-v3,0.5625529910348958,0.3971282103685176,0.04031879859658665
1988,F-A1-DDOSLIKE-V-02,DDoS,Normal,RF-v3,0.9770866412586298,0.00514930428792791,0.01776405445344199
1989,F-A1-DDOSLIKE-V-02,DDoS,Normal,RF-v3,0.903570291879753,0.09631347576499757,0.00011623235524930599
1990,F-A1-DDOSLIKE-V-02,DDoS,Normal,RF-v3,0.9806858185457316,0.004888600887126868,0.014425580567141438
1991,F-A1-DDOSLIKE-V-02,DDoS,Normal,RF-v3,0.8981236665935551,0.10170072571919875,0.0001756076872461302
1992,F-A1-DDOSLIKE-V-02,DDoS,Normal,RF-v3,0.9806858185457316,0.004888600887126868,0.014425580567141438
1993,F-A1-DDOSLIKE-V-02,DDoS,Normal,RF-v3,0.9150767670663161,0.08480700057843435,0.00011623235524930599
1994,F-A1-DDOSLIKE-V-02,DDoS,Normal,RF-v3,0.981164332052831,0.004788929590339676,0.014046738356829163
1995,F-A1-DDOSLIKE-V-02,DDoS,Normal,RF-v3,0.8883867585676625,0.11146351337727026,0.00014972805506728544
1996,F-A1-DDOSLIKE-V-02,DDoS,Normal,RF-v3,0.9806858185457316,0.004888600887126868,0.014425580567141438
1997,F-A1-DDOSLIKE-V-02,DDoS,Normal,RF-v3,0.91181006751941,0.08781997197680497,0.00036996050378513293
1998,F-A1-DDOSLIKE-V-02,DDoS,Normal,RF-v3,0.9806858185457316,0.004888600887126868,0.014425580567141438
1999,F-A1-DDOSLIKE-V-02,DDoS,Normal,RF-v3,0.9232627293399659,0.07662103830478471,0.00011623235524930599
2000,F-A1-DDOSLIKE-V-02,DDoS,Normal,RF-v3,0.9806858185457316,0.004888600887126868,0.014425580567141438
2001,F-A1-DDOSLIKE-V-02,DDoS,Normal,RF-v3,0.9136888020690307,0.08619496557571994,0.00011623235524930599
2002,F-A1-DDOSLIKE-V-02,DDoS,Normal,RF-v3,0.9806858185457316,0.004888600887126868,0.014425580567141438
2003,F-A1-DDOSLIKE-V-02,DDoS,Normal,RF-v3,0.9232827421703618,0.07660102547438885,0.00011623235524930599
2004,F-A1-DDOSLIKE-V-02,DDoS,Normal,RF-v3,0.9756778735476397,0.005427311273911368,0.018894815178448578
2005,F-A1-DDOSLIKE-V-02,DDoS,Normal,RF-v3,0.5394010872735241,0.39579293997487225,0.06480597275160377
2006,F-A1-DDOSLIKE-V-02,DDoS,Normal,RF-v3,0.9811128393111165,0.004788929590339676,0.014098231098543761
2007,F-A1-DDOSLIKE-V-02,DDoS,Normal,RF-v3,0.9450343244119195,0.054438069435638455,0.0005276061524418709
2008,F-A1-DDOSLIKE-V-02,DDoS,Normal,RF-v3,0.9866053297058072,0.004788929590339676,0.00860574070385288
2009,F-A1-DDOSLIKE-V-02,DDoS,Normal,RF-v3,0.9076864850572147,0.09149073054980782,0.0008227843929774416
2010,F-A1-DDOSLIKE-V-02,DDoS,Normal,RF-v3,0.980510117611152,0.004888600887126868,0.014601281501720877
2011,F-A1-DDOSLIKE-V-02,DDoS,Normal,RF-v3,0.912917152689941,0.08693311925499174,0.00014972805506728544
2012,F-A1-DDOSLIKE-V-02,DDoS,Normal,RF-v3,0.9815542269821619,0.004888600887126868,0.01355717213071099
2013,F-A1-DDOSLIKE-V-02,DDoS,Normal,RF-v3,0.8883867585676625,0.11146351337727026,0.00014972805506728544
2014,F-A1-DDOSLIKE-V-02,DDoS,Normal,RF-v3,0.9806858185457316,0.004888600887126868,0.014425580567141438
2015,F-A1-DDOSLIKE-V-02,DDoS,Normal,RF-v3,0.9127649411302637,0.08668939743137172,0.0005456614383645721
2016,F-A1-DDOSLIKE-V-02,DDoS,Normal,RF-v3,0.9806858185457316,0.004888600887126868,0.014425580567141438
2017,F-A1-DDOSLIKE-V-02,DDoS,Normal,RF-v3,0.9126540607158337,0.08717033159692023,0.0001756076872461302
2018,F-A1-DDOSLIKE-V-02,DDoS,Normal,RF-v3,0.9866053297058072,0.004788929590339676,0.00860574070385288
2019,F-A1-DDOSLIKE-V-02,DDoS,Normal,RF-v3,0.9588382495671286,0.04080984521500886,0.00035190521786243156
2020,F-A1-DDOSLIKE-V-02,DDoS,Normal,RF-v3,0.9806858185457316,0.004888600887126868,0.014425580567141438
2021,F-A1-DDOSLIKE-V-02,DDoS,Normal,RF-v3,0.5049411077604016,0.443274872442291,0.05178401979730754
2022,F-A1-DDOSLIKE-V-02,DDoS,Normal,RF-v3,0.9806858185457316,0.004888600887126868,0.014425580567141438
2023,F-A1-DDOSLIKE-V-02,DDoS,Normal,RF-v3,0.9087801474457423,0.09104424486701156,0.0001756076872461302
2024,F-A1-DDOSLIKE-V-02,DDoS,Normal,RF-v3,0.9806858185457316,0.004888600887126868,0.014425580567141438
2025,F-A1-DDOSLIKE-V-02,DDoS,Normal,RF-v3,0.9125183813825619,0.08746305998281205,1.855863462625439e-05
2026,F-A1-DDOSLIKE-V-02,DDoS,Normal,RF-v3,0.9864296287712279,0.004788929590339676,0.008781441638432318
2027,F-A1-DDOSLIKE-V-02,DDoS,Normal,RF-v3,0.9528266508875416,0.045873391194061454,0.001299957918396928
2028,F-A1-DDOSLIKE-V-02,DDoS,Normal,RF-v3,0.919268348837353,0.04159193385128785,0.03913971731135895
2029,F-A1-DDOSLIKE-V-02,DDoS,Normal,RF-v3,0.9088060270779212,0.09104424486701156,0.00014972805506728544
2030,F-A1-DDOSLIKE-V-02,DDoS,Normal,RF-v3,0.9806858185457316,0.004888600887126868,0.014425580567141438
2031,F-A1-DDOSLIKE-V-02,DDoS,Normal,RF-v3,0.9078668153224783,0.09198345662245452,0.00014972805506728544
2032,F-A1-DDOSLIKE-V-02,DDoS,Normal,RF-v3,0.9806858185457316,0.004888600887126868,0.014425580567141438
2033,F-A1-DDOSLIKE-V-02,DDoS,Normal,RF-v3,0.5361003795796221,0.3920903801248,0.07180924029557798
2034,F-A1-DDOSLIKE-V-02,DDoS,Normal,RF-v3,0.9780716220480116,0.00514930428792791,0.016779073664060225
2035,F-A1-DDOSLIKE-V-02,DDoS,Normal,RF-v3,0.9590592497843993,0.04041314406315874,0.0005276061524418709
2036,F-A1-DDOSLIKE-V-02,DDoS,Normal,RF-v3,0.981164332052831,0.004788929590339676,0.014046738356829163
2037,F-A1-DDOSLIKE-V-02,DDoS,Normal,RF-v3,0.9338872035019189,0.06545197444318426,0.0006608220548965287
2038,F-A1-DDOSLIKE-V-02,DDoS,Normal,RF-v3,0.9866682474125008,0.004788929590339676,0.008542822997159288
2039,F-A1-DDOSLIKE-V-02,DDoS,Normal,RF-v3,0.9444222529361351,0.05535642855520256,0.0002213185086621438
2040,F-A1-DDOSLIKE-V-02,DDoS,Normal,RF-v3,0.9866682474125008,0.004788929590339676,0.008542822997159288
2041,F-A1-DDOSLIKE-V-02,DDoS,Normal,RF-v3,0.9240198645191016,0.0759615768462722,1.855863462625439e-05
2042,F-A1-DDOSLIKE-V-02,DDoS,Normal,RF-v3,0.9806858185457316,0.004888600887126868,0.014425580567141438
2043,F-A1-DDOSLIKE-V-02,DDoS,Normal,RF-v3,0.9235194563682021,0.07601290940738972,0.0004676342244081845
2044,F-A1-DDOSLIKE-V-02,DDoS,Normal,RF-v3,0.9799583035343912,0.00514930428792791,0.014892392177680768
2045,F-A1-DDOSLIKE-V-02,DDoS,Normal,RF-v3,0.785340714935034,0.10149770261798098,0.11316158244698818
2046,F-A1-DDOSLIKE-V-02,DDoS,Normal,RF-v3,0.7883158810231046,0.1044594307638077,0.10722468821309084
2047,F-A1-DDOSLIKE-V-02,DDoS,Normal,RF-v3,0.8836533641823172,0.10916087113690967,0.007185764680776535
2048,F-A1-DDOSLIKE-V-02,DDoS,Normal,RF-v3,0.7115812182197234,0.1847560814627327,0.10366270031754468
2049,F-A1-DDOSLIKE-V-02,DDoS,Normal,RF-v3,0.7801932634967027,0.10147116043200534,0.11833557607129523
2050,F-A1-DDOSLIKE-V-02,DDoS,Normal,RF-v3,0.7770830079743402,0.09486747081533582,0.12804952121032717
2051,F-A1-DDOSLIKE-V-02,DDoS,Normal,RF-v3,0.7820220680333345,0.14333029929563895,0.07464763267102714
2052,F-A1-DDOSLIKE-V-02,DDoS,Normal,RF-v3,0.7804158428122718,0.10142257474074313,0.11816158244698817
2053,F-A1-DDOSLIKE-V-02,DDoS,Normal,RF-v3,0.7801932634967027,0.10147116043200534,0.11833557607129523
2054,F-A1-DDOSLIKE-V-02,DDoS,Normal,RF-v3,0.7804158428122718,0.10142257474074313,0.11816158244698817
2055,F-A1-DDOSLIKE-V-02,DDoS,Normal,RF-v3,0.7770830079743402,0.09486747081533582,0.12804952121032717
2056,F-A1-DDOSLIKE-V-02,DDoS,Normal,RF-v3,0.7121235457966921,0.19566402939601857,0.09221242480728993
2057,F-A1-DDOSLIKE-V-02,DDoS,Normal,RF-v3,0.8127176325702744,0.10430688902252486,0.08297547840720391
2058,F-A1-DDOSLIKE-V-02,DDoS,Normal,RF-v3,0.5449462236893194,0.3384301560360234,0.11662362027466124
2059,F-A1-DDOSLIKE-V-03,DDoS,Normal,RF-v3,0.9543709481423786,0.04549197096855071,0.0001370808890708389
2060,F-A1-DDOSLIKE-V-03,DDoS,Normal,RF-v3,0.9866682474125008,0.004788929590339676,0.008542822997159288
2061,F-A1-DDOSLIKE-V-03,DDoS,Normal,RF-v3,0.9482255514250599,0.05148251528511119,0.00029193328982874523
2062,F-A1-DDOSLIKE-V-03,DDoS,Normal,RF-v3,0.9870045202016365,0.004788929590339676,0.008206550208023586
2063,F-A1-DDOSLIKE-V-03,DDoS,Normal,RF-v3,0.9024653527420123,0.09734038768878216,0.00019425956920569366
2064,F-A1-DDOSLIKE-V-03,DDoS,Normal,RF-v3,0.9012339198643754,0.09789656757664693,0.0008695125589778192
2065,F-A1-DDOSLIKE-V-03,DDoS,Normal,RF-v3,0.9806858185457316,0.004888600887126868,0.014425580567141438
2066,F-A1-DDOSLIKE-V-03,DDoS,Normal,RF-v3,0.9813785260475825,0.004888600887126868,0.013732873065290429
2067,F-A1-DDOSLIKE-V-03,DDoS,Normal,RF-v3,0.939777016059539,0.05970661723718877,0.0005163667032720936
2068,F-A1-DDOSLIKE-V-03,DDoS,Normal,RF-v3,0.9811128393111165,0.004788929590339676,0.014098231098543761
2069,F-A1-DDOSLIKE-V-03,DDoS,Normal,RF-v3,0.9076789019613397,0.09230253940403423,1.855863462625439e-05
2070,F-A1-DDOSLIKE-V-03,DDoS,Normal,RF-v3,0.9242155909390851,0.041642143166613625,0.03414226589430113
2071,F-A1-DDOSLIKE-V-03,DDoS,Normal,RF-v3,0.9394798358362522,0.060441633601087924,7.853056265994074e-05
2072,F-A1-DDOSLIKE-V-03,DDoS,Normal,RF-v3,0.943884866391414,0.05586090211134663,0.00025423149723938
2073,F-A1-DDOSLIKE-V-03,DDoS,Normal,RF-v3,0.9864296287712279,0.004788929590339676,0.008781441638432318
2074,F-A1-DDOSLIKE-V-03,DDoS,Normal,RF-v3,0.9806858185457316,0.004888600887126868,0.014425580567141438
2075,F-A1-DDOSLIKE-V-03,DDoS,Normal,RF-v3,0.8987826725851502,0.10110109505960045,0.00011623235524930599
2076,F-A1-DDOSLIKE-V-03,DDoS,Normal,RF-v3,0.9861128393111163,0.004788929590339676,0.009098231098543762
2077,F-A1-DDOSLIKE-V-03,DDoS,Normal,RF-v3,0.9290577128038495,0.07092372856152425,1.855863462625439e-05
2078,F-A1-DDOSLIKE-V-03,DDoS,Normal,RF-v3,0.9806858185457316,0.004888600887126868,0.014425580567141438
2079,F-A1-DDOSLIKE-V-03,DDoS,Normal,RF-v3,0.9311131412678919,0.06252692888567749,0.006359929846430614
2080,F-A1-DDOSLIKE-V-03,DDoS,Normal,RF-v3,0.8991116797807518,0.10072535969799847,0.0001629605212496837
2081,F-A1-DDOSLIKE-V-03,DDoS,Normal,RF-v3,0.80924367601137,0.18948879527660456,0.001267528712025593
2082,F-A1-DDOSLIKE-V-03,DDoS,Normal,RF-v3,0.9866053297058072,0.004788929590339676,0.00860574070385288
2083,F-A1-DDOSLIKE-V-03,DDoS,Normal,RF-v3,0.9811128393111165,0.004788929590339676,0.014098231098543761
2084,F-A1-DDOSLIKE-V-03,DDoS,Normal,RF-v3,0.9129171526899408,0.08693311925499174,0.00014972805506728544
2085,F-A1-DDOSLIKE-V-03,DDoS,Normal,RF-v3,0.9770866412586298,0.00514930428792791,0.01776405445344199
2086,F-A1-DDOSLIKE-V-03,DDoS,Normal,RF-v3,0.8984515897271023,0.10143217791764841,0.00011623235524930599
2087,F-A1-DDOSLIKE-V-03,DDoS,Normal,RF-v3,0.9806858185457316,0.004888600887126868,0.014425580567141438
2088,F-A1-DDOSLIKE-V-03,DDoS,Normal,RF-v3,0.9134925977363512,0.08633179457640283,0.0001756076872461302
2089,F-A1-DDOSLIKE-V-03,DDoS,Normal,RF-v3,0.9806858185457316,0.004888600887126868,0.014425580567141438
2090,F-A1-DDOSLIKE-V-03,DDoS,Normal,RF-v3,0.9451649111211198,0.054438069435638455,0.000397019443241583
2091,F-A1-DDOSLIKE-V-03,DDoS,Normal,RF-v3,0.9811128393111165,0.004788929590339676,0.014098231098543761
2092,F-A1-DDOSLIKE-V-03,DDoS,Normal,RF-v3,0.907540743130793,0.09191359543084243,0.0005456614383645721
2093,F-A1-DDOSLIKE-V-03,DDoS,Normal,RF-v3,0.9806858185457316,0.004888600887126868,0.014425580567141438
2094,F-A1-DDOSLIKE-V-03,DDoS,Normal,RF-v3,0.9012996211849179,0.09868182018045601,1.855863462625439e-05
2095,F-A1-DDOSLIKE-V-03,DDoS,Normal,RF-v3,0.9806858185457316,0.004888600887126868,0.014425580567141438
2096,F-A1-DDOSLIKE-V-03,DDoS,Normal,RF-v3,0.9644495112991853,0.035471958138154826,7.853056265994074e-05
2097,F-A1-DDOSLIKE-V-03,DDoS,Normal,RF-v3,0.9706778735476397,0.0077065412279912,0.02161558522436876
2098,F-A1-DDOSLIKE-V-03,DDoS,Normal,RF-v3,0.9184012523596394,0.08148251528511119,0.00011623235524930599
2099,F-A1-DDOSLIKE-V-03,DDoS,Normal,RF-v3,0.9806858185457316,0.004888600887126868,0.014425580567141438
2100,F-A1-DDOSLIKE-V-03,DDoS,Normal,RF-v3,0.9076485774242729,0.09233286394110113,1.855863462625439e-05
2101,F-A1-DDOSLIKE-V-03,DDoS,Normal,RF-v3,0.9754518352455974,0.005477648641374151,0.019070516113028017
2102,F-A1-DDOSLIKE-V-03,DDoS,Normal,RF-v3,0.947350642560459,0.05139333443924572,0.0012560230002953818
2103,F-A1-DDOSLIKE-V-03,DDoS,Normal,RF-v3,0.9785568390401429,0.00514930428792791,0.016293856671928963
2104,F-A1-DDOSLIKE-V-03,DDoS,Normal,RF-v3,0.9570348791268906,0.04176906980084771,0.0011960510722616954
2105,F-A1-DDOSLIKE-V-03,DDoS,Normal,RF-v3,0.9811128393111165,0.004788929590339676,0.014098231098543761
2106,F-A1-DDOSLIKE-V-03,DDoS,Normal,RF-v3,0.9232827421703618,0.07660102547438885,0.00011623235524930599
2107,F-A1-DDOSLIKE-V-03,DDoS,Normal,RF-v3,0.9806858185457316,0.004888600887126868,0.014425580567141438
2108,F-A1-DDOSLIKE-V-03,DDoS,Normal,RF-v3,0.9362181984823755,0.05737037892947934,0.006411422588145212
2109,F-A1-DDOSLIKE-V-03,DDoS,Normal,RF-v3,0.9806858185457316,0.004888600887126868,0.014425580567141438
2110,F-A1-DDOSLIKE-V-03,DDoS,Normal,RF-v3,0.9086888020690307,0.09119496557571993,0.00011623235524930599
2111,F-A1-DDOSLIKE-V-03,DDoS,Normal,RF-v3,0.9866053297058072,0.004788929590339676,0.00860574070385288
2112,F-A1-DDOSLIKE-V-03,DDoS,Normal,RF-v3,0.9071486349443175,0.09271428416661187,0.0001370808890708389
2113,F-A1-DDOSLIKE-V-03,DDoS,Normal,RF-v3,0.9806858185457316,0.004888600887126868,0.014425580567141438
2114,F-A1-DDOSLIKE-V-03,DDoS,Normal,RF-v3,0.912267216546956,0.08690999906006652,0.0008227843929774416
2115,F-A1-DDOSLIKE-V-03,DDoS,Normal,RF-v3,0.9806858185457316,0.004888600887126868,0.014425580567141438
2116,F-A1-DDOSLIKE-V-03,DDoS,Normal,RF-v3,0.9635322265066568,0.03588019541286752,0.0005875780804755572
2117,F-A1-DDOSLIKE-V-03,DDoS,Normal,RF-v3,0.9806858185457316,0.004888600887126868,0.014425580567141438
2118,F-A1-DDOSLIKE-V-03,DDoS,Normal,RF-v3,0.9134383060317045,0.08629564031064549,0.00026605365764990045
2119,F-A1-DDOSLIKE-V-03,DDoS,Normal,RF-v3,0.9815542269821619,0.004888600887126868,0.01355717213071099
2120,F-A1-DDOSLIKE-V-03,DDoS,Normal,RF-v3,0.9015715723671923,0.09742994230525079,0.0009984853275568808
2121,F-A1-DDOSLIKE-V-03,DDoS,Normal,RF-v3,0.9815542269821619,0.004888600887126868,0.01355717213071099
2122,F-A1-DDOSLIKE-V-03,DDoS,Normal,RF-v3,0.9232827421703618,0.07660102547438885,0.00011623235524930599
2123,F-A1-DDOSLIKE-V-03,DDoS,Normal,RF-v3,0.9806858185457316,0.004888600887126868,0.014425580567141438
2124,F-A1-DDOSLIKE-V-03,DDoS,Normal,RF-v3,0.9185258213140731,0.08138382596285623,9.035272307046122e-05
2125,F-A1-DDOSLIKE-V-03,DDoS,Normal,RF-v3,0.9808615194803109,0.004888600887126868,0.014249879632562
2126,F-A1-DDOSLIKE-V-03,DDoS,Normal,RF-v3,0.9240198645191016,0.0759615768462722,1.855863462625439e-05
2127,F-A1-DDOSLIKE-V-03,DDoS,Normal,RF-v3,0.9491953479350032,0.033887485573659844,0.016917166491336396
2128,F-A1-DDOSLIKE-V-03,DDoS,Normal,RF-v3,0.9453406120556993,0.054438069435638455,0.0002213185086621438
2129,F-A1-DDOSLIKE-V-03,DDoS,Normal,RF-v3,0.981164332052831,0.004788929590339676,0.014046738356829163
2130,F-A1-DDOSLIKE-V-03,DDoS,Normal,RF-v3,0.9149760923313908,0.08490767531335992,0.00011623235524930599
2131,F-A1-DDOSLIKE-V-03,DDoS,Normal,RF-v3,0.9866053297058072,0.004788929590339676,0.00860574070385288
2132,F-A1-DDOSLIKE-V-03,DDoS,Normal,RF-v3,0.9573004294358369,0.04176906980084769,0.0009305007633153481
2133,F-A1-DDOSLIKE-V-03,DDoS,Normal,RF-v3,0.9869445482736029,0.004788929590339676,0.008266522136057273
2134,F-A1-DDOSLIKE-V-03,DDoS,Normal,RF-v3,0.9075410493115083,0.09226469111928629,0.00019425956920569366
2135,F-A1-DDOSLIKE-V-03,DDoS,Normal,RF-v3,0.9756778735476397,0.005427311273911368,0.018894815178448578
2136,F-A1-DDOSLIKE-V-03,DDoS,Normal,RF-v3,0.9577413233440812,0.04133625382940913,0.0009224228265097029
2137,F-A1-DDOSLIKE-V-03,DDoS,Normal,RF-v3,0.9811128393111165,0.004788929590339676,0.014098231098543761
2138,F-A1-DDOSLIKE-V-03,DDoS,Normal,RF-v3,0.9078668153224781,0.09198345662245451,0.00014972805506728544
2139,F-A1-DDOSLIKE-V-03,DDoS,Normal,RF-v3,0.9864296287712279,0.004788929590339676,0.008781441638432318
2140,F-A1-DDOSLIKE-V-03,DDoS,Normal,RF-v3,0.9453406120556993,0.054438069435638455,0.0002213185086621438
2141,F-A1-DDOSLIKE-V-03,DDoS,Normal,RF-v3,0.9806858185457316,0.004888600887126868,0.014425580567141438
2142,F-A1-DDOSLIKE-V-03,DDoS,Normal,RF-v3,0.9238688524167132,0.07611258894866055,1.855863462625439e-05
2143,F-A1-DDOSLIKE-V-03,DDoS,Normal,RF-v3,0.9811128393111165,0.004788929590339676,0.014098231098543761
2144,F-A1-DDOSLIKE-V-03,DDoS,Normal,RF-v3,0.9180733292260923,0.08175106308666152,0.0001756076872461302
2145,F-A1-DDOSLIKE-V-03,DDoS,Normal,RF-v3,0.9797826025998116,0.00514930428792791,0.015068093112260207
2146,F-A1-DDOSLIKE-V-03,DDoS,Normal,RF-v3,0.9397878607166891,0.059639418905489586,0.0005727203778210223
2147,F-A1-DDOSLIKE-V-03,DDoS,Normal,RF-v3,0.9811128393111165,0.004788929590339676,0.014098231098543761
2148,F-A1-DDOSLIKE-V-03,DDoS,Normal,RF-v3,0.9618525624462225,0.03703761760239802,0.001109819951379545
2149,F-A1-DDOSLIKE-V-03,DDoS,Normal,RF-v3,0.981164332052831,0.004788929590339676,0.014046738356829163
2150,F-A1-DDOSLIKE-V-03,DDoS,Normal,RF-v3,0.9497467747025281,0.0497256191450297,0.0005276061524418709
2151,F-A1-DDOSLIKE-V-03,DDoS,Normal,RF-v3,0.9806858185457316,0.004888600887126868,0.014425580567141438
2152,F-A1-DDOSLIKE-V-03,DDoS,Normal,RF-v3,0.9588382495671286,0.04080984521500886,0.00035190521786243156
2153,F-A1-DDOSLIKE-V-03,DDoS,Normal,RF-v3,0.9706778735476397,0.0077065412279912,0.02161558522436876
2154,F-A1-DDOSLIKE-V-03,DDoS,Normal,RF-v3,0.9637472093927739,0.035960857317397205,0.00029193328982874523
2155,F-A1-DDOSLIKE-V-03,DDoS,Normal,RF-v3,0.981164332052831,0.004788929590339676,0.014046738356829163
2156,F-A1-DDOSLIKE-V-03,DDoS,Normal,RF-v3,0.9082827421703619,0.09160102547438884,0.00011623235524930599
2157,F-A1-DDOSLIKE-V-03,DDoS,Normal,RF-v3,0.9806858185457316,0.004888600887126868,0.014425580567141438
2158,F-A1-DDOSLIKE-V-03,DDoS,Normal,RF-v3,0.9589992778563656,0.04041314406315874,0.0005875780804755572
2159,F-A1-DDOSLIKE-V-03,DDoS,Normal,RF-v3,0.9811128393111165,0.004788929590339676,0.014098231098543761
2160,F-A1-DDOSLIKE-V-03,DDoS,Normal,RF-v3,0.9187328249989554,0.07602142269012446,0.005245752310920292
2161,F-A1-DDOSLIKE-V-03,DDoS,Normal,RF-v3,0.9866053297058072,0.004788929590339676,0.00860574070385288
2162,F-A1-DDOSLIKE-V-03,DDoS,Normal,RF-v3,0.9595072201723533,0.040212085986987584,0.000280693840658968
2163,F-A1-DDOSLIKE-V-03,DDoS,Normal,RF-v3,0.9045851382974643,0.048871163805367684,0.04654369789716767
2164,F-A1-DDOSLIKE-V-03,DDoS,Normal,RF-v3,0.9244725903035981,0.07530609118773977,0.0002213185086621438
2165,F-A1-DDOSLIKE-V-03,DDoS,Normal,RF-v3,0.980937138376537,0.004788929590339676,0.0142739320331232
2166,F-A1-DDOSLIKE-V-03,DDoS,Normal,RF-v3,0.9139096813077866,0.08607176005758724,1.855863462625439e-05
2167,F-A1-DDOSLIKE-V-03,DDoS,Normal,RF-v3,0.9754518352455974,0.005477648641374151,0.019070516113028017
2168,F-A1-DDOSLIKE-V-03,DDoS,Normal,RF-v3,0.9138205208698982,0.0860632467748525,0.00011623235524930599
2169,F-A1-DDOSLIKE-V-03,DDoS,Normal,RF-v3,0.9756778735476397,0.005427311273911368,0.018894815178448578
2170,F-A1-DDOSLIKE-V-03,DDoS,Normal,RF-v3,0.9585828421866374,0.041162926316123324,0.00025423149723938
2171,F-A1-DDOSLIKE-V-03,DDoS,Normal,RF-v3,0.9720866412586298,0.007428534242007741,0.020484824499362165
2172,F-A1-DDOSLIKE-V-03,DDoS,Normal,RF-v3,0.9342071642374924,0.06563148918187897,0.00016134658062845746
2173,F-A1-DDOSLIKE-V-03,DDoS,Normal,RF-v3,0.9806858185457316,0.004888600887126868,0.014425580567141438
2174,F-A1-DDOSLIKE-V-03,DDoS,Normal,RF-v3,0.9642234729971432,0.03552229550561761,0.00025423149723938
2175,F-A1-DDOSLIKE-V-03,DDoS,Normal,RF-v3,0.9811128393111165,0.004788929590339676,0.014098231098543761
2176,F-A1-DDOSLIKE-V-03,DDoS,Normal,RF-v3,0.9481655794970264,0.05148251528511119,0.00035190521786243156
2177,F-A1-DDOSLIKE-V-03,DDoS,Normal,RF-v3,0.980510117611152,0.004888600887126868,0.014601281501720877
2178,F-A1-DDOSLIKE-V-03,DDoS,Normal,RF-v3,0.9547697516668175,0.044893200817974474,0.0003370475152078967
2179,F-A1-DDOSLIKE-V-03,DDoS,Normal,RF-v3,0.9756778735476397,0.005427311273911368,0.018894815178448578
2180,F-A1-DDOSLIKE-V-03,DDoS,Normal,RF-v3,0.9443991618665555,0.055403785316339986,0.0001970528171045253
2181,F-A1-DDOSLIKE-V-03,DDoS,Normal,RF-v3,0.981164332052831,0.004788929590339676,0.014046738356829163
2182,F-A1-DDOSLIKE-V-03,DDoS,Normal,RF-v3,0.9451649111211198,0.054438069435638455,0.000397019443241583
2183,F-A1-DDOSLIKE-V-03,DDoS,Normal,RF-v3,0.981164332052831,0.004788929590339676,0.014046738356829163
2184,F-A1-DDOSLIKE-V-03,DDoS,Normal,RF-v3,0.9400856931071756,0.0595890815380268,0.0003252253547973762
2185,F-A1-DDOSLIKE-V-03,DDoS,Normal,RF-v3,0.9861128393111163,0.004788929590339676,0.009098231098543762
2186,F-A1-DDOSLIKE-V-03,DDoS,Normal,RF-v3,0.9524968666151409,0.04675641149292879,0.0007467218919302637
2187,F-A1-DDOSLIKE-V-03,DDoS,Normal,RF-v3,0.9806858185457316,0.004888600887126868,0.014425580567141438
2188,F-A1-DDOSLIKE-V-03,DDoS,Normal,RF-v3,0.9185258213140731,0.08138382596285623,9.035272307046122e-05
2189,F-A1-DDOSLIKE-V-03,DDoS,Normal,RF-v3,0.9816059353192257,0.004888600887126868,0.013505463793647133
2190,F-A1-DDOSLIKE-V-03,DDoS,Normal,RF-v3,0.929206686430513,0.07013249151459017,0.0006608220548965287
2191,F-A1-DDOSLIKE-V-03,DDoS,Normal,RF-v3,0.980937138376537,0.004788929590339676,0.0142739320331232
2192,F-A1-DDOSLIKE-V-03,DDoS,Normal,RF-v3,0.9134012523596394,0.0864825152851112,0.00011623235524930599
2193,F-A1-DDOSLIKE-V-03,DDoS,Normal,RF-v3,0.9799583035343912,0.00514930428792791,0.014892392177680768
2194,F-A1-DDOSLIKE-V-03,DDoS,Normal,RF-v3,0.9232627293399659,0.07662103830478471,0.00011623235524930599
2195,F-A1-DDOSLIKE-V-03,DDoS,Normal,RF-v3,0.9816059353192257,0.004888600887126868,0.013505463793647133
2196,F-A1-DDOSLIKE-V-03,DDoS,Normal,RF-v3,0.96425379753421,0.0354919709685507,0.00025423149723938
2197,F-A1-DDOSLIKE-V-03,DDoS,Normal,RF-v3,0.9806858185457316,0.004888600887126868,0.014425580567141438
2198,F-A1-DDOSLIKE-V-03,DDoS,Normal,RF-v3,0.9232627293399659,0.07662103830478471,0.00011623235524930599
2199,F-A1-DDOSLIKE-V-03,DDoS,Normal,RF-v3,0.9811128393111165,0.004788929590339676,0.014098231098543761
2200,F-A1-DDOSLIKE-V-03,DDoS,Normal,RF-v3,0.9482157153590631,0.0512132636835861,0.0005710209573508245
2201,F-A1-DDOSLIKE-V-03,DDoS,Normal,RF-v3,0.9811128393111165,0.004788929590339676,0.014098231098543761
2202,F-A1-DDOSLIKE-V-03,DDoS,Normal,RF-v3,0.9537188000174056,0.0459112394788094,0.0003699605037851329
2203,F-A1-DDOSLIKE-V-03,DDoS,Normal,RF-v3,0.9806858185457316,0.004888600887126868,0.014425580567141438
2204,F-A1-DDOSLIKE-V-03,DDoS,Normal,RF-v3,0.9453620687766806,0.05448840680310123,0.00014952442021793697
2205,F-A1-DDOSLIKE-V-03,DDoS,Normal,RF-v3,0.9815542269821619,0.004888600887126868,0.01355717213071099
2206,F-A1-DDOSLIKE-V-03,DDoS,Normal,RF-v3,0.9397878607166891,0.059639418905489586,0.0005727203778210223
2207,F-A1-DDOSLIKE-V-03,DDoS,Normal,RF-v3,0.9806858185457316,0.004888600887126868,0.014425580567141438
2208,F-A1-DDOSLIKE-V-03,DDoS,Normal,RF-v3,0.9546681478910526,0.04499118634025466,0.0003406657686926544
2209,F-A1-DDOSLIKE-V-03,DDoS,Normal,RF-v3,0.9806858185457316,0.004888600887126868,0.014425580567141438
2210,F-A1-DDOSLIKE-V-03,DDoS,Normal,RF-v3,0.940236705209564,0.05943806943563845,0.0003252253547973762
2211,F-A1-DDOSLIKE-V-03,DDoS,Normal,RF-v3,0.9870045202016365,0.004788929590339676,0.008206550208023586
2212,F-A1-DDOSLIKE-V-03,DDoS,Normal,RF-v3,0.9393999656551082,0.059907966707039906,0.000692067637851533
2213,F-A1-DDOSLIKE-V-03,DDoS,Normal,RF-v3,0.9806858185457316,0.004888600887126868,0.014425580567141438
2214,F-A1-DDOSLIKE-V-03,DDoS,Normal,RF-v3,0.9641434882387133,0.03554230833601349,0.0003142034252730663
2215,F-A1-DDOSLIKE-V-03,DDoS,Normal,RF-v3,0.9021036082734252,0.09787783309194877,1.855863462625439e-05
2216,F-A1-DDOSLIKE-V-03,DDoS,Normal,RF-v3,0.9861128393111163,0.004788929590339676,0.009098231098543762
2217,F-A1-DDOSLIKE-V-03,DDoS,Normal,RF-v3,0.9651336003358447,0.014423011632934713,0.02044338803122035
2218,F-A1-DDOSLIKE-V-03,DDoS,Normal,RF-v3,0.9190007002927111,0.08054230833601349,0.00045699137127526933
2219,F-A1-DDOSLIKE-V-03,DDoS,Normal,RF-v3,0.9808615194803109,0.004888600887126868,0.014249879632562
2220,F-A1-DDOSLIKE-V-03,DDoS,Normal,RF-v3,0.9244725903035981,0.07530609118773977,0.0002213185086621438
2221,F-A1-DDOSLIKE-V-03,DDoS,Normal,RF-v3,0.9811903918157774,0.004788929590339676,0.014020678593882783
2222,F-A1-DDOSLIKE-V-03,DDoS,Normal,RF-v3,0.9636347255758615,0.03602822690893051,0.0003370475152078967
2223,F-A1-DDOSLIKE-V-03,DDoS,Normal,RF-v3,0.9806858185457316,0.004888600887126868,0.014425580567141438
2224,F-A1-DDOSLIKE-V-03,DDoS,Normal,RF-v3,0.9294347420188501,0.07034393947248772,0.0002213185086621438
2225,F-A1-DDOSLIKE-V-03,DDoS,Normal,RF-v3,0.9864296287712279,0.004788929590339676,0.008781441638432318
2226,F-A1-DDOSLIKE-V-03,DDoS,Normal,RF-v3,0.9586451038456865,0.04095787671107185,0.00039701944324158306
2227,F-A1-DDOSLIKE-V-03,DDoS,Normal,RF-v3,0.9806858185457316,0.004888600887126868,0.014425580567141438
2228,F-A1-DDOSLIKE-V-03,DDoS,Normal,RF-v3,0.9444222529361351,0.05535642855520256,0.0002213185086621438
2229,F-A1-DDOSLIKE-V-03,DDoS,Normal,RF-v3,0.9806858185457316,0.004888600887126868,0.014425580567141438
2230,F-A1-DDOSLIKE-V-03,DDoS,Normal,RF-v3,0.9382995315071468,0.06133050798906811,0.0003699605037851329
2231,F-A1-DDOSLIKE-V-03,DDoS,Normal,RF-v3,0.975627536180177,0.005477648641374151,0.018894815178448578
2232,F-A1-DDOSLIKE-V-03,DDoS,Normal,RF-v3,0.9087801474457423,0.09104424486701156,0.0001756076872461302
2233,F-A1-DDOSLIKE-V-03,DDoS,Normal,RF-v3,0.9045851382974643,0.048871163805367684,0.04654369789716767
2234,F-A1-DDOSLIKE-V-03,DDoS,Normal,RF-v3,0.9401649111211198,0.05943806943563845,0.000397019443241583
2235,F-A1-DDOSLIKE-V-03,DDoS,Normal,RF-v3,0.981164332052831,0.004788929590339676,0.014046738356829163
2236,F-A1-DDOSLIKE-V-03,DDoS,Normal,RF-v3,0.9236316604827618,0.0762521071619888,0.00011623235524930599
2237,F-A1-DDOSLIKE-V-03,DDoS,Normal,RF-v3,0.9806858185457316,0.004888600887126868,0.014425580567141438
2238,F-A1-DDOSLIKE-V-03,DDoS,Normal,RF-v3,0.9290544538850065,0.07059364089713102,0.00035190521786243156
2239,F-A1-DDOSLIKE-V-03,DDoS,Normal,RF-v3,0.981164332052831,0.004788929590339676,0.014046738356829163
2240,F-A1-DDOSLIKE-V-03,DDoS,Normal,RF-v3,0.9451649111211198,0.054438069435638455,0.000397019443241583
2241,F-A1-DDOSLIKE-V-03,DDoS,Normal,RF-v3,0.9866053297058072,0.004788929590339676,0.00860574070385288
2242,F-A1-DDOSLIKE-V-03,DDoS,Normal,RF-v3,0.9339703757556441,0.0655726328730804,0.00045699137127526933
2243,F-A1-DDOSLIKE-V-03,DDoS,Normal,RF-v3,0.975627536180177,0.005477648641374151,0.018894815178448578
2244,F-A1-DDOSLIKE-V-03,DDoS,Normal,RF-v3,0.9290468469572692,0.07061248727403804,0.0003406657686926543
2245,F-A1-DDOSLIKE-V-03,DDoS,Normal,RF-v3,0.9811128393111165,0.004788929590339676,0.014098231098543761
2246,F-A1-DDOSLIKE-V-03,DDoS,Normal,RF-v3,0.9083867585676625,0.09146351337727027,0.00014972805506728544
2247,F-A1-DDOSLIKE-V-03,DDoS,Normal,RF-v3,0.9866053297058072,0.004788929590339676,0.00860574070385288
2248,F-A1-DDOSLIKE-V-03,DDoS,Normal,RF-v3,0.9191405188298261,0.08034393947248772,0.0005155416976861675
2249,F-A1-DDOSLIKE-V-03,DDoS,Normal,RF-v3,0.9811128393111165,0.004788929590339676,0.014098231098543761
2250,F-A1-DDOSLIKE-V-03,DDoS,Normal,RF-v3,0.9440020169995826,0.05586090211134663,0.0001370808890708389
2251,F-A1-DDOSLIKE-V-03,DDoS,Normal,RF-v3,0.9806858185457316,0.004888600887126868,0.014425580567141438
2252,F-A1-DDOSLIKE-V-03,DDoS,Normal,RF-v3,0.9451649111211198,0.054438069435638455,0.000397019443241583
2253,F-A1-DDOSLIKE-V-03,DDoS,Normal,RF-v3,0.9866053297058072,0.004788929590339676,0.00860574070385288
2254,F-A1-DDOSLIKE-V-03,DDoS,Normal,RF-v3,0.9451649111211198,0.054438069435638455,0.000397019443241583
2255,F-A1-DDOSLIKE-V-03,DDoS,Normal,RF-v3,0.9861128393111163,0.004788929590339676,0.009098231098543762
2256,F-A1-DDOSLIKE-V-03,DDoS,Normal,RF-v3,0.9232627293399659,0.07662103830478471,0.00011623235524930599
2257,F-A1-DDOSLIKE-V-03,DDoS,Normal,RF-v3,0.9794056181349978,0.005477648641374151,0.01511673322362769
2258,F-A1-DDOSLIKE-V-03,DDoS,Normal,RF-v3,0.9024653527420123,0.09734038768878216,0.00019425956920569366
2259,F-A1-DDOSLIKE-V-03,DDoS,Normal,RF-v3,0.9808615194803109,0.004888600887126868,0.014249879632562
2260,F-A1-DDOSLIKE-V-03,DDoS,Normal,RF-v3,0.9453406120556993,0.054438069435638455,0.0002213185086621438
2261,F-A1-DDOSLIKE-V-03,DDoS,Normal,RF-v3,0.9861128393111163,0.004788929590339676,0.009098231098543762
2262,F-A1-DDOSLIKE-V-03,DDoS,Normal,RF-v3,0.9498773614117284,0.0497256191450297,0.000397019443241583
2263,F-A1-DDOSLIKE-V-03,DDoS,Normal,RF-v3,0.9811128393111165,0.004788929590339676,0.014098231098543761
2264,F-A1-DDOSLIKE-V-03,DDoS,Normal,RF-v3,0.9330439657454934,0.06661536848581398,0.0003406657686926543
2265,F-A1-DDOSLIKE-V-03,DDoS,Normal,RF-v3,0.9811128393111165,0.004788929590339676,0.014098231098543761
2266,F-A1-DDOSLIKE-V-03,DDoS,Normal,RF-v3,0.9171286935272824,0.08204852207974005,0.0008227843929774416
2267,F-A1-DDOSLIKE-V-03,DDoS,Normal,RF-v3,0.9806858185457316,0.004888600887126868,0.014425580567141438
2268,F-A1-DDOSLIKE-V-03,DDoS,Normal,RF-v3,0.9640102299585308,0.035911239478809406,7.853056265994074e-05
2269,F-A1-DDOSLIKE-V-03,DDoS,Normal,RF-v3,0.9795043985184742,0.005698206300951545,0.014797395180574057
2270,F-A1-DDOSLIKE-V-03,DDoS,Normal,RF-v3,0.9500530623463079,0.0497256191450297,0.0002213185086621438
2271,F-A1-DDOSLIKE-V-03,DDoS,Normal,RF-v3,0.9861128393111163,0.004788929590339676,0.009098231098543762
2272,F-A1-DDOSLIKE-V-03,DDoS,Normal,RF-v3,0.9341471923094588,0.06563148918187897,0.0002213185086621438
2273,F-A1-DDOSLIKE-V-03,DDoS,Normal,RF-v3,0.9864296287712279,0.004788929590339676,0.008781441638432318
2274,F-A1-DDOSLIKE-V-03,DDoS,Normal,RF-v3,0.9451649111211198,0.054438069435638455,0.000397019443241583
2275,F-A1-DDOSLIKE-V-03,DDoS,Normal,RF-v3,0.9869445482736029,0.004788929590339676,0.008266522136057273
2276,F-A1-DDOSLIKE-V-03,DDoS,Normal,RF-v3,0.9134886433991674,0.08624530294318271,0.00026605365764990045
2277,F-A1-DDOSLIKE-V-03,DDoS,Normal,RF-v3,0.9766682474125008,0.004788929590339676,0.018542822997159286
2278,F-A1-DDOSLIKE-V-03,DDoS,Normal,RF-v3,0.9134925977363512,0.08633179457640283,0.0001756076872461302
2279,F-A1-DDOSLIKE-V-03,DDoS,Normal,RF-v3,0.9864296287712279,0.004788929590339676,0.008781441638432318
2280,F-A1-DDOSLIKE-V-03,DDoS,Normal,RF-v3,0.9483275396549042,0.05133179457640282,0.0003406657686926543
2281,F-A1-DDOSLIKE-V-03,DDoS,Normal,RF-v3,0.907788587509767,0.09184145198644789,0.00036996050378513293
2282,F-A1-DDOSLIKE-V-03,DDoS,Normal,RF-v3,0.9094094373628849,0.04387116380536769,0.04671939883174711
2283,F-A1-DDOSLIKE-V-03,DDoS,Normal,RF-v3,0.9451649111211198,0.054438069435638455,0.000397019443241583
2284,F-A1-DDOSLIKE-V-03,DDoS,Normal,RF-v3,0.9811903918157774,0.004788929590339676,0.014020678593882783
2285,F-A1-DDOSLIKE-V-03,DDoS,Normal,RF-v3,0.9122672165469561,0.08690999906006652,0.0008227843929774416
2286,F-A1-DDOSLIKE-V-03,DDoS,Normal,RF-v3,0.9799583035343912,0.00514930428792791,0.014892392177680768
2287,F-A1-DDOSLIKE-V-03,DDoS,Normal,RF-v3,0.9568574855604168,0.04143118272399367,0.0017113317155894926
2288,F-A1-DDOSLIKE-V-03,DDoS,Normal,RF-v3,0.9811128393111165,0.004788929590339676,0.014098231098543761
2289,F-A1-DDOSLIKE-V-03,DDoS,Normal,RF-v3,0.9397878607166891,0.059639418905489586,0.0005727203778210223
2290,F-A1-DDOSLIKE-V-03,DDoS,Normal,RF-v3,0.9811128393111165,0.004788929590339676,0.014098231098543761
2291,F-A1-DDOSLIKE-V-03,DDoS,Normal,RF-v3,0.9138205208698982,0.0860632467748525,0.00011623235524930599
2292,F-A1-DDOSLIKE-V-03,DDoS,Normal,RF-v3,0.9806858185457316,0.004888600887126868,0.014425580567141438
2293,F-A1-DDOSLIKE-V-03,DDoS,Normal,RF-v3,0.9037826725851502,0.09610109505960045,0.00011623235524930599
2294,F-A1-DDOSLIKE-V-03,DDoS,Normal,RF-v3,0.9770866412586298,0.00514930428792791,0.01776405445344199
2295,F-A1-DDOSLIKE-V-03,DDoS,Normal,RF-v3,0.9636122112650863,0.035860182582471645,0.0005276061524418709
2296,F-A1-DDOSLIKE-V-03,DDoS,Normal,RF-v3,0.9806858185457316,0.004888600887126868,0.014425580567141438
2297,F-A1-DDOSLIKE-V-03,DDoS,Normal,RF-v3,0.9334312707159913,0.06610109505960045,0.0004676342244081845
2298,F-A1-DDOSLIKE-V-03,DDoS,Normal,RF-v3,0.9806858185457316,0.004888600887126868,0.014425580567141438
2299,F-A1-DDOSLIKE-V-03,DDoS,Normal,RF-v3,0.9588641764149182,0.04094156401587631,0.00019425956920569366
2300,F-A1-DDOSLIKE-V-03,DDoS,Normal,RF-v3,0.9861128393111163,0.004788929590339676,0.009098231098543762
2301,F-A1-DDOSLIKE-V-03,DDoS,Normal,RF-v3,0.9634641797690234,0.036008214078534634,0.0005276061524418709
2302,F-A1-DDOSLIKE-V-03,DDoS,Normal,RF-v3,0.980510117611152,0.004888600887126868,0.014601281501720877
2303,F-A1-DDOSLIKE-V-03,DDoS,Normal,RF-v3,0.9527655235852562,0.04082305382659868,0.006411422588145212
2304,F-A1-DDOSLIKE-V-03,DDoS,Normal,RF-v3,0.9806858185457316,0.004888600887126868,0.014425580567141438
2305,F-A1-DDOSLIKE-V-03,DDoS,Normal,RF-v3,0.9091080705792893,0.09077569706546124,0.00011623235524930599
2306,F-A1-DDOSLIKE-V-03,DDoS,Normal,RF-v3,0.9806858185457316,0.004888600887126868,0.014425580567141438
2307,F-A1-DDOSLIKE-V-03,DDoS,Normal,RF-v3,0.8981236665935551,0.10170072571919875,0.0001756076872461302
2308,F-A1-DDOSLIKE-V-03,DDoS,Normal,RF-v3,0.9811128393111165,0.004788929590339676,0.014098231098543761
2309,F-A1-DDOSLIKE-V-03,DDoS,Normal,RF-v3,0.9570193777645366,0.04169871960298904,0.0012819026324742263
2310,F-A1-DDOSLIKE-V-03,DDoS,Normal,RF-v3,0.980937138376537,0.004788929590339676,0.0142739320331232
2311,F-A1-DDOSLIKE-V-03,DDoS,Normal,RF-v3,0.9076789019613397,0.09230253940403423,1.855863462625439e-05
2312,F-A1-DDOSLIKE-V-03,DDoS,Normal,RF-v3,0.9067597301519471,0.09287030934426774,0.00036996050378513293
2313,F-A1-DDOSLIKE-V-03,DDoS,Normal,RF-v3,0.9806858185457316,0.004888600887126868,0.014425580567141438
2314,F-A1-DDOSLIKE-V-03,DDoS,Normal,RF-v3,0.9754518352455974,0.005477648641374151,0.019070516113028017
2315,F-A1-DDOSLIKE-V-03,DDoS,Normal,RF-v3,0.9394953682315713,0.059713223004331475,0.0007914087640968165
2316,F-A1-DDOSLIKE-V-03,DDoS,Normal,RF-v3,0.981164332052831,0.004788929590339676,0.014046738356829163
2317,F-A1-DDOSLIKE-V-03,DDoS,Normal,RF-v3,0.9291080501713124,0.07087339119406147,1.855863462625439e-05
2318,F-A1-DDOSLIKE-V-03,DDoS,Normal,RF-v3,0.9806858185457316,0.004888600887126868,0.014425580567141438
2319,F-A1-DDOSLIKE-V-03,DDoS,Normal,RF-v3,0.9119047417470115,0.08272529774920327,0.0053699605037851325
2320,F-A1-DDOSLIKE-V-03,DDoS,Normal,RF-v3,0.9123350238398618,0.0822950156563532,0.0053699605037851325
2321,F-A1-DDOSLIKE-V-03,DDoS,Normal,RF-v3,0.9806858185457316,0.004888600887126868,0.014425580567141438
2322,F-A1-DDOSLIKE-V-03,DDoS,Normal,RF-v3,0.9137146817012095,0.08619496557571994,9.035272307046122e-05
2323,F-A1-DDOSLIKE-V-03,DDoS,Normal,RF-v3,0.9806858185457316,0.004888600887126868,0.014425580567141438
2324,F-A1-DDOSLIKE-V-03,DDoS,Normal,RF-v3,0.928858188566072,0.06607176005758725,0.0050700513763408525
2325,F-A1-DDOSLIKE-V-03,DDoS,Normal,RF-v3,0.9754518352455974,0.005477648641374151,0.019070516113028017
2326,F-A1-DDOSLIKE-V-03,DDoS,Normal,RF-v3,0.9138718330230386,0.08610960834233518,1.855863462625439e-05
2327,F-A1-DDOSLIKE-V-03,DDoS,Normal,RF-v3,0.980510117611152,0.004888600887126868,0.014601281501720877
2328,F-A1-DDOSLIKE-V-03,DDoS,Normal,RF-v3,0.9330433756544104,0.06636964286115077,0.0005869814844386951
2329,F-A1-DDOSLIKE-V-03,DDoS,Normal,RF-v3,0.9806858185457316,0.004888600887126868,0.014425580567141438
2330,F-A1-DDOSLIKE-V-03,DDoS,Normal,RF-v3,0.933759297247878,0.06590003698342929,0.0003406657686926543
2331,F-A1-DDOSLIKE-V-03,DDoS,Normal,RF-v3,0.9806858185457316,0.004888600887126868,0.014425580567141438
2332,F-A1-DDOSLIKE-V-03,DDoS,Normal,RF-v3,0.9236316604827618,0.0762521071619888,0.00011623235524930599
2333,F-A1-DDOSLIKE-V-03,DDoS,Normal,RF-v3,0.9866053297058072,0.004788929590339676,0.00860574070385288
2334,F-A1-DDOSLIKE-V-03,DDoS,Normal,RF-v3,0.9336069716505707,0.06610109505960045,0.00029193328982874523
2335,F-A1-DDOSLIKE-V-03,DDoS,Normal,RF-v3,0.9193912918736644,0.041642143166613625,0.0389665649597217
2336,F-A1-DDOSLIKE-V-03,DDoS,Normal,RF-v3,0.9286316604827618,0.07125210716198879,0.00011623235524930599
2337,F-A1-DDOSLIKE-V-03,DDoS,Normal,RF-v3,0.9863299574744405,0.004888600887126868,0.008781441638432318
2338,F-A1-DDOSLIKE-V-03,DDoS,Normal,RF-v3,0.9185502790493572,0.08133348859539344,0.00011623235524930599
2339,F-A1-DDOSLIKE-V-03,DDoS,Normal,RF-v3,0.9811128393111165,0.004788929590339676,0.014098231098543761
2340,F-A1-DDOSLIKE-V-03,DDoS,Normal,RF-v3,0.9138203402813241,0.08610960834233518,7.005137634085313e-05
2341,F-A1-DDOSLIKE-V-03,DDoS,Normal,RF-v3,0.9770866412586298,0.00514930428792791,0.01776405445344199
2342,F-A1-DDOSLIKE-V-03,DDoS,Normal,RF-v3,0.9453406120556993,0.054438069435638455,0.0002213185086621438
2343,F-A1-DDOSLIKE-V-03,DDoS,Normal,RF-v3,0.9806858185457316,0.004888600887126868,0.014425580567141438
2344,F-A1-DDOSLIKE-V-03,DDoS,Normal,RF-v3,0.9171286935272824,0.08204852207974005,0.0008227843929774416
2345,F-A1-DDOSLIKE-V-03,DDoS,Normal,RF-v3,0.980510117611152,0.004888600887126868,0.014601281501720877
2346,F-A1-DDOSLIKE-V-03,DDoS,Normal,RF-v3,0.9121865546424263,0.0869906609645962,0.0008227843929774416
2347,F-A1-DDOSLIKE-V-03,DDoS,Normal,RF-v3,0.9806858185457316,0.004888600887126868,0.014425580567141438
2348,F-A1-DDOSLIKE-V-03,DDoS,Normal,RF-v3,0.9071031106105373,0.09252692888567751,0.00036996050378513293
2349,F-A1-DDOSLIKE-V-03,DDoS,Normal,RF-v3,0.7813438909839582,0.21830675555821774,0.0003493534578243186
2350,F-A1-DDOSLIKE-V-03,DDoS,Normal,RF-v3,0.9762299546109017,0.014822583727282535,0.00894746166181572
2351,F-A1-DDOSLIKE-V-03,DDoS,Normal,RF-v3,0.9091080705792893,0.09077569706546124,0.00011623235524930599
2352,F-A1-DDOSLIKE-V-03,DDoS,Normal,RF-v3,0.9806858185457316,0.004888600887126868,0.014425580567141438
2353,F-A1-DDOSLIKE-V-03,DDoS,Normal,RF-v3,0.9010171991449579,0.0984371394166776,0.0005456614383645721
2354,F-A1-DDOSLIKE-V-03,DDoS,Normal,RF-v3,0.9870045202016365,0.004788929590339676,0.008206550208023586
2355,F-A1-DDOSLIKE-V-03,DDoS,Normal,RF-v3,0.9401649111211198,0.05943806943563845,0.000397019443241583
2356,F-A1-DDOSLIKE-V-03,DDoS,Normal,RF-v3,0.9866053297058072,0.004788929590339676,0.00860574070385288
2357,F-A1-DDOSLIKE-V-03,DDoS,Normal,RF-v3,0.9186824876314926,0.08107176005758725,0.00024575231092029235
2358,F-A1-DDOSLIKE-V-03,DDoS,Normal,RF-v3,0.9806858185457316,0.004888600887126868,0.014425580567141438
2359,F-A1-DDOSLIKE-V-03,DDoS,Normal,RF-v3,0.9179909794323059,0.07663906006390894,0.0053699605037851325
2360,F-A1-DDOSLIKE-V-03,DDoS,Normal,RF-v3,0.9806858185457316,0.004888600887126868,0.014425580567141438
2361,F-A1-DDOSLIKE-V-03,DDoS,Normal,RF-v3,0.9238888652471091,0.07609257611826467,1.855863462625439e-05
2362,F-A1-DDOSLIKE-V-03,DDoS,Normal,RF-v3,0.9864296287712279,0.004788929590339676,0.008781441638432318
2363,F-A1-DDOSLIKE-V-03,DDoS,Normal,RF-v3,0.940210025346499,0.05943806943563845,0.00035190521786243156
2364,F-A1-DDOSLIKE-V-03,DDoS,Normal,RF-v3,0.9866053297058072,0.004788929590339676,0.00860574070385288
2365,F-A1-DDOSLIKE-V-03,DDoS,Normal,RF-v3,0.9576994234069994,0.04157921422005666,0.0007213623729440113
2366,F-A1-DDOSLIKE-V-03,DDoS,Normal,RF-v3,0.919268348837353,0.04159193385128785,0.03913971731135895
2367,F-A1-DDOSLIKE-V-03,DDoS,Normal,RF-v3,0.9119047417470115,0.08272529774920327,0.0053699605037851325
2368,F-A1-DDOSLIKE-V-03,DDoS,Normal,RF-v3,0.9426548505926731,0.0560632467748525,0.0012819026324742263
2369,F-A1-DDOSLIKE-V-03,DDoS,Normal,RF-v3,0.9867646324895017,0.004788929590339676,0.008446437920158333
2370,F-A1-DDOSLIKE-V-03,DDoS,Normal,RF-v3,0.9585828421866374,0.041162926316123324,0.00025423149723938
2371,F-A1-DDOSLIKE-V-03,DDoS,Normal,RF-v3,0.9867646324895017,0.004788929590339676,0.008446437920158333
2372,F-A1-DDOSLIKE-V-03,DDoS,Normal,RF-v3,0.9136140069662839,0.08629564031064549,9.035272307046122e-05
2373,F-A1-DDOSLIKE-V-03,DDoS,Normal,RF-v3,0.9806858185457316,0.004888600887126868,0.014425580567141438
2374,F-A1-DDOSLIKE-V-03,DDoS,Normal,RF-v3,0.9122672165469561,0.08690999906006652,0.0008227843929774416
2375,F-A1-DDOSLIKE-V-03,DDoS,Normal,RF-v3,0.9806858185457316,0.004888600887126868,0.014425580567141438
2376,F-A1-DDOSLIKE-V-03,DDoS,Normal,RF-v3,0.9450343244119195,0.054438069435638455,0.0005276061524418709
2377,F-A1-DDOSLIKE-V-03,DDoS,Normal,RF-v3,0.9811128393111165,0.004788929590339676,0.014098231098543761
2378,F-A1-DDOSLIKE-V-03,DDoS,Normal,RF-v3,0.9336287105386777,0.06590003698342929,0.00047125247789294215
2379,F-A1-DDOSLIKE-V-03,DDoS,Normal,RF-v3,0.9866053297058072,0.004788929590339676,0.00860574070385288
2380,F-A1-DDOSLIKE-V-03,DDoS,Normal,RF-v3,0.9540198645191016,0.04596157684627219,1.855863462625439e-05
2381,F-A1-DDOSLIKE-V-03,DDoS,Normal,RF-v3,0.9811128393111165,0.004788929590339676,0.014098231098543761
2382,F-A1-DDOSLIKE-V-03,DDoS,Normal,RF-v3,0.9188205208698982,0.0810632467748525,0.00011623235524930599
2383,F-A1-DDOSLIKE-V-03,DDoS,Normal,RF-v3,0.9864296287712279,0.004788929590339676,0.008781441638432318
2384,F-A1-DDOSLIKE-V-03,DDoS,Normal,RF-v3,0.9401649111211198,0.05943806943563845,0.00039701944324158306
2385,F-A1-DDOSLIKE-V-03,DDoS,Normal,RF-v3,0.981164332052831,0.004788929590339676,0.014046738356829163
2386,F-A1-DDOSLIKE-V-03,DDoS,Normal,RF-v3,0.9171286935272824,0.08204852207974005,0.0008227843929774416
2387,F-A1-DDOSLIKE-V-03,DDoS,Normal,RF-v3,0.9808615194803109,0.004888600887126868,0.014249879632562
2388,F-A1-DDOSLIKE-V-03,DDoS,Normal,RF-v3,0.9180733292260923,0.08175106308666152,0.0001756076872461302
2389,F-A1-DDOSLIKE-V-03,DDoS,Normal,RF-v3,0.9811128393111165,0.004788929590339676,0.014098231098543761
2390,F-A1-DDOSLIKE-V-03,DDoS,Normal,RF-v3,0.9449527169941184,0.054706617237188775,0.0003406657686926544
2391,F-A1-DDOSLIKE-V-03,DDoS,Normal,RF-v3,0.9866053297058072,0.004788929590339676,0.00860574070385288
2392,F-A1-DDOSLIKE-V-03,DDoS,Normal,RF-v3,0.9188205208698982,0.0810632467748525,0.00011623235524930599
2393,F-A1-DDOSLIKE-V-03,DDoS,Normal,RF-v3,0.9754518352455974,0.005477648641374151,0.019070516113028017
2394,F-A1-DDOSLIKE-V-03,DDoS,Normal,RF-v3,0.9547045565967001,0.04494353818543726,0.00035190521786243156
2395,F-A1-DDOSLIKE-V-03,DDoS,Normal,RF-v3,0.9815542269821619,0.004888600887126868,0.01355717213071099
2396,F-A1-DDOSLIKE-V-03,DDoS,Normal,RF-v3,0.9075107841226352,0.09149073054980784,0.0009984853275568808
2397,F-A1-DDOSLIKE-V-03,DDoS,Normal,RF-v3,0.980510117611152,0.004888600887126868,0.014601281501720877
2398,F-A1-DDOSLIKE-V-03,DDoS,Normal,RF-v3,0.9078090980030505,0.09217234336232329,1.855863462625439e-05
2399,F-A1-DDOSLIKE-V-03,DDoS,Normal,RF-v3,0.94500939214298,0.026702241587014543,0.028288366270005368
2400,F-A1-DDOSLIKE-V-03,DDoS,Normal,RF-v3,0.9122168791794932,0.0869603364275293,0.0008227843929774416
2401,F-A1-DDOSLIKE-V-03,DDoS,Normal,RF-v3,0.9870045202016365,0.004788929590339676,0.008206550208023586
2402,F-A1-DDOSLIKE-V-03,DDoS,Normal,RF-v3,0.9529791941119069,0.046201769794526004,0.0008190360935670629
2403,F-A1-DDOSLIKE-V-03,DDoS,Normal,RF-v3,0.9816059353192257,0.004888600887126868,0.013505463793647133
2404,F-A1-DDOSLIKE-V-03,DDoS,Normal,RF-v3,0.9478908871523728,0.045873391194061454,0.006235721653565773
2405,F-A1-DDOSLIKE-V-03,DDoS,Normal,RF-v3,0.6788660309397295,0.1464024639844329,0.1747315050758399
2406,F-A1-DDOSLIKE-V-03,DDoS,Normal,RF-v3,0.9026789019613397,0.09730253940403422,1.855863462625439e-05
2407,F-A1-DDOSLIKE-V-03,DDoS,Normal,RF-v3,0.9816059353192257,0.004888600887126868,0.013505463793647133
2408,F-A1-DDOSLIKE-V-03,DDoS,Normal,RF-v3,0.9233086218025407,0.07660102547438885,9.035272307046122e-05
2409,F-A1-DDOSLIKE-V-03,DDoS,Normal,RF-v3,0.9806858185457316,0.004888600887126868,0.014425580567141438
2410,F-A1-DDOSLIKE-V-03,DDoS,Normal,RF-v3,0.9083364212001996,0.09151385074473303,0.00014972805506728544
2411,F-A1-DDOSLIKE-V-03,DDoS,Normal,RF-v3,0.9806858185457316,0.004888600887126868,0.014425580567141438
2412,F-A1-DDOSLIKE-V-03,DDoS,Normal,RF-v3,0.9099514034991997,0.08975666321097156,0.00029193328982874523
2413,F-A1-DDOSLIKE-V-03,DDoS,Normal,RF-v3,0.9816059353192257,0.004888600887126868,0.013505463793647133
2414,F-A1-DDOSLIKE-V-03,DDoS,Normal,RF-v3,0.9083364212001996,0.09151385074473303,0.00014972805506728544
2415,F-A1-DDOSLIKE-V-03,DDoS,Normal,RF-v3,0.9706778735476397,0.0077065412279912,0.02161558522436876
2416,F-A1-DDOSLIKE-V-03,DDoS,Normal,RF-v3,0.9090836128440054,0.09082603443292403,9.035272307046122e-05
2417,F-A1-DDOSLIKE-V-03,DDoS,Normal,RF-v3,0.9785568390401429,0.00514930428792791,0.016293856671928963
2418,F-A1-DDOSLIKE-V-03,DDoS,Normal,RF-v3,0.9589992778563656,0.04041314406315874,0.0005875780804755572
2419,F-A1-DDOSLIKE-V-03,DDoS,Normal,RF-v3,0.9806858185457316,0.004888600887126868,0.014425580567141438
2420,F-A1-DDOSLIKE-V-03,DDoS,Normal,RF-v3,0.9493969108768568,0.05026242335445036,0.0003406657686926544
2421,F-A1-DDOSLIKE-V-03,DDoS,Normal,RF-v3,0.9866053297058072,0.004788929590339676,0.00860574070385288
2422,F-A1-DDOSLIKE-V-03,DDoS,Normal,RF-v3,0.9028197738988486,0.09663456466278696,0.0005456614383645721
2423,F-A1-DDOSLIKE-V-03,DDoS,Normal,RF-v3,0.9811128393111165,0.004788929590339676,0.014098231098543761
2424,F-A1-DDOSLIKE-V-03,DDoS,Normal,RF-v3,0.9037391394364934,0.09614462820825716,0.00011623235524930599
2425,F-A1-DDOSLIKE-V-03,DDoS,Normal,RF-v3,0.9806858185457316,0.004888600887126868,0.014425580567141438
2426,F-A1-DDOSLIKE-V-03,DDoS,Normal,RF-v3,0.9585485187938754,0.0409615768462722,0.0004899043598525056
2427,F-A1-DDOSLIKE-V-03,DDoS,Normal,RF-v3,0.9811128393111165,0.004788929590339676,0.014098231098543761
2428,F-A1-DDOSLIKE-V-03,DDoS,Normal,RF-v3,0.9139096813077866,0.08607176005758724,1.855863462625439e-05
2429,F-A1-DDOSLIKE-V-03,DDoS,Normal,RF-v3,0.9242155909390851,0.041642143166613625,0.03414226589430113
2430,F-A1-DDOSLIKE-V-03,DDoS,Normal,RF-v3,0.9024653527420123,0.09734038768878216,0.00019425956920569366
2431,F-A1-DDOSLIKE-V-03,DDoS,Normal,RF-v3,0.9806858185457316,0.004888600887126868,0.014425580567141438
2432,F-A1-DDOSLIKE-V-03,DDoS,Normal,RF-v3,0.9584927617153634,0.04096157684627219,0.0005456614383645721
2433,F-A1-DDOSLIKE-V-03,DDoS,Normal,RF-v3,0.9811128393111165,0.004788929590339676,0.014098231098543761
2434,F-A1-DDOSLIKE-V-03,DDoS,Normal,RF-v3,0.9589962793208491,0.04052229550561761,0.00048142517353341795
2435,F-A1-DDOSLIKE-V-03,DDoS,Normal,RF-v3,0.9806858185457316,0.004888600887126868,0.014425580567141438
2436,F-A1-DDOSLIKE-V-03,DDoS,Normal,RF-v3,0.9639281334694371,0.035910519949934425,0.00016134658062845746
2437,F-A1-DDOSLIKE-V-03,DDoS,Normal,RF-v3,0.9806858185457316,0.004888600887126868,0.014425580567141438
2438,F-A1-DDOSLIKE-V-03,DDoS,Normal,RF-v3,0.9582338137387721,0.04133625382940913,0.00042993243181881926
2439,F-A1-DDOSLIKE-V-03,DDoS,Normal,RF-v3,0.9811128393111165,0.004788929590339676,0.014098231098543761
2440,F-A1-DDOSLIKE-V-03,DDoS,Normal,RF-v3,0.9180488714908084,0.08180140045412429,0.00014972805506728544
2441,F-A1-DDOSLIKE-V-03,DDoS,Normal,RF-v3,0.9754518352455974,0.005477648641374151,0.019070516113028017
2442,F-A1-DDOSLIKE-V-03,DDoS,Normal,RF-v3,0.9090836128440054,0.09082603443292403,9.035272307046122e-05
2443,F-A1-DDOSLIKE-V-03,DDoS,Normal,RF-v3,0.980510117611152,0.004888600887126868,0.014601281501720877
2444,F-A1-DDOSLIKE-V-03,DDoS,Normal,RF-v3,0.9033634040748916,0.09652036356985916,0.00011623235524930599
2445,F-A1-DDOSLIKE-V-03,DDoS,Normal,RF-v3,0.9815542269821619,0.004888600887126868,0.01355717213071099
2446,F-A1-DDOSLIKE-V-03,DDoS,Normal,RF-v3,0.9235943019792819,0.07115994570979797,0.005245752310920292
2447,F-A1-DDOSLIKE-V-03,DDoS,Normal,RF-v3,0.9068975550728028,0.08755678348883258,0.0055456614383645715
2448,F-A1-DDOSLIKE-V-03,DDoS,Normal,RF-v3,0.9806858185457316,0.004888600887126868,0.014425580567141438
2449,F-A1-DDOSLIKE-V-03,DDoS,Normal,RF-v3,0.9236321502640298,0.07612209742505002,0.00024575231092029235
2450,F-A1-DDOSLIKE-V-03,DDoS,Normal,RF-v3,0.9754518352455974,0.005477648641374151,0.019070516113028017
2451,F-A1-DDOSLIKE-V-03,DDoS,Normal,RF-v3,0.9486684626499428,0.050961576846272186,0.0003699605037851329
2452,F-A1-DDOSLIKE-V-03,DDoS,Normal,RF-v3,0.980510117611152,0.004888600887126868,0.014601281501720877
2453,F-A1-DDOSLIKE-V-03,DDoS,Normal,RF-v3,0.958407141252058,0.041162926316123324,0.00042993243181881926
2454,F-A1-DDOSLIKE-V-03,DDoS,Normal,RF-v3,0.9811128393111165,0.004788929590339676,0.014098231098543761
2455,F-A1-DDOSLIKE-V-03,DDoS,Normal,RF-v3,0.9564399096820526,0.042188338311106396,0.0013717520068411346
2456,F-A1-DDOSLIKE-V-03,DDoS,Normal,RF-v3,0.9813785260475825,0.004888600887126868,0.013732873065290429
2457,F-A1-DDOSLIKE-V-03,DDoS,Normal,RF-v3,0.9566059760560611,0.04213800094364361,0.0012560230002953818
2458,F-A1-DDOSLIKE-V-03,DDoS,Normal,RF-v3,0.9866053297058072,0.004788929590339676,0.00860574070385288
2459,F-A1-DDOSLIKE-V-03,DDoS,Normal,RF-v3,0.9590550021709373,0.040690766331823364,0.00025423149723938
2460,F-A1-DDOSLIKE-V-03,DDoS,Normal,RF-v3,0.980510117611152,0.004888600887126868,0.014601281501720877
2461,F-A1-DDOSLIKE-V-03,DDoS,Normal,RF-v3,0.9523657663525924,0.04698728023493524,0.0006469534124723814
2462,F-A1-DDOSLIKE-V-03,DDoS,Normal,RF-v3,0.981164332052831,0.004788929590339676,0.014046738356829163
2463,F-A1-DDOSLIKE-V-03,DDoS,Normal,RF-v3,0.9538712219344475,0.04082305382659868,0.0053057242389539785
2464,F-A1-DDOSLIKE-V-03,DDoS,Normal,RF-v3,0.9770866412586298,0.00514930428792791,0.01776405445344199
2465,F-A1-DDOSLIKE-V-03,DDoS,Normal,RF-v3,0.9335618574251916,0.06610109505960045,0.0003370475152078967
2466,F-A1-DDOSLIKE-V-03,DDoS,Normal,RF-v3,0.9806858185457316,0.004888600887126868,0.014425580567141438
2467,F-A1-DDOSLIKE-V-03,DDoS,Normal,RF-v3,0.9634138424015607,0.036058551445997414,0.0005276061524418709
2468,F-A1-DDOSLIKE-V-03,DDoS,Normal,RF-v3,0.9794056181349978,0.005477648641374151,0.01511673322362769
2469,F-A1-DDOSLIKE-V-03,DDoS,Normal,RF-v3,0.9122745076261676,0.08753123280462688,0.00019425956920569366
2470,F-A1-DDOSLIKE-V-03,DDoS,Normal,RF-v3,0.9816059353192257,0.004888600887126868,0.013505463793647133
2471,F-A1-DDOSLIKE-V-03,DDoS,Normal,RF-v3,0.9185502790493572,0.08133348859539344,0.00011623235524930599
2472,F-A1-DDOSLIKE-V-03,DDoS,Normal,RF-v3,0.9861128393111163,0.004788929590339676,0.009098231098543762
2473,F-A1-DDOSLIKE-V-03,DDoS,Normal,RF-v3,0.9644294984687894,0.0354919709685507,7.853056265994074e-05
2474,F-A1-DDOSLIKE-V-03,DDoS,Normal,RF-v3,0.9799583035343912,0.00514930428792791,0.014892392177680768
2475,F-A1-DDOSLIKE-V-03,DDoS,Normal,RF-v3,0.9134012523596394,0.0864825152851112,0.00011623235524930599
2476,F-A1-DDOSLIKE-V-03,DDoS,Normal,RF-v3,0.8777386509842259,0.05508300877909872,0.06717834023667527
2477,F-A1-DDOSLIKE-V-03,DDoS,Normal,RF-v3,0.9144221308958014,0.08522656048237304,0.0003513086218255694
2478,F-A1-DDOSLIKE-V-03,DDoS,Normal,RF-v3,0.9864296287712279,0.004788929590339676,0.008781441638432318
2479,F-A1-DDOSLIKE-V-03,DDoS,Normal,RF-v3,0.9138205208698982,0.0860632467748525,0.00011623235524930599
2480,F-A1-DDOSLIKE-V-03,DDoS,Normal,RF-v3,0.9806858185457316,0.004888600887126868,0.014425580567141438
2481,F-A1-DDOSLIKE-V-03,DDoS,Normal,RF-v3,0.9453406120556993,0.054438069435638455,0.0002213185086621438
2482,F-A1-DDOSLIKE-V-03,DDoS,Normal,RF-v3,0.980510117611152,0.004888600887126868,0.014601281501720877
2483,F-A1-DDOSLIKE-V-03,DDoS,Normal,RF-v3,0.9012996211849179,0.09868182018045601,1.855863462625439e-05
2484,F-A1-DDOSLIKE-V-03,DDoS,Normal,RF-v3,0.9242155909390851,0.041642143166613625,0.03414226589430113
2485,F-A1-DDOSLIKE-V-03,DDoS,Normal,RF-v3,0.8922892340971056,0.10706958637314312,0.0006411795297516427
2486,F-A1-DDOSLIKE-V-03,DDoS,Normal,RF-v3,0.9811128393111165,0.004788929590339676,0.014098231098543761
2487,F-A1-DDOSLIKE-V-03,DDoS,Normal,RF-v3,0.9627632959747442,0.0367690698008477,0.0004676342244081845
2488,F-A1-DDOSLIKE-V-03,DDoS,Normal,RF-v3,0.9799583035343912,0.00514930428792791,0.014892392177680768
2489,F-A1-DDOSLIKE-V-03,DDoS,Normal,RF-v3,0.9340765775282922,0.06563148918187897,0.00029193328982874523
2490,F-A1-DDOSLIKE-V-03,DDoS,Normal,RF-v3,0.9756778735476397,0.005427311273911368,0.018894815178448578
2491,F-A1-DDOSLIKE-V-03,DDoS,Normal,RF-v3,0.9636098207498439,0.0361088888134602,0.0002812904366958301
2492,F-A1-DDOSLIKE-V-03,DDoS,Normal,RF-v3,0.9754518352455974,0.005477648641374151,0.019070516113028017
2493,F-A1-DDOSLIKE-V-03,DDoS,Normal,RF-v3,0.911801219870697,0.08732926757032523,0.0008695125589778192
2494,F-A1-DDOSLIKE-V-03,DDoS,Normal,RF-v3,0.9806858185457316,0.004888600887126868,0.014425580567141438
2495,F-A1-DDOSLIKE-V-03,DDoS,Normal,RF-v3,0.9021790308947452,0.09699818471227725,0.0008227843929774416
2496,F-A1-DDOSLIKE-V-03,DDoS,Normal,RF-v3,0.9806858185457316,0.004888600887126868,0.014425580567141438
2497,F-A1-DDOSLIKE-V-03,DDoS,Normal,RF-v3,0.9586240883614155,0.04086316318879701,0.000512748449787336
2498,F-A1-DDOSLIKE-V-03,DDoS,Normal,RF-v3,0.9861128393111163,0.004788929590339676,0.009098231098543762
2499,F-A1-DDOSLIKE-V-03,DDoS,Normal,RF-v3,0.9636601581173068,0.036058551445997414,0.0002812904366958301
2500,F-A1-DDOSLIKE-V-03,DDoS,Normal,RF-v3,0.9866053297058072,0.004788929590339676,0.00860574070385288
2501,F-A1-DDOSLIKE-V-03,DDoS,Normal,RF-v3,0.9565556386885983,0.042188338311106396,0.0012560230002953818
2502,F-A1-DDOSLIKE-V-03,DDoS,Normal,RF-v3,0.9806858185457316,0.004888600887126868,0.014425580567141438
2503,F-A1-DDOSLIKE-V-03,DDoS,Normal,RF-v3,0.9451649111211198,0.054438069435638455,0.000397019443241583
2504,F-A1-DDOSLIKE-V-03,DDoS,Normal,RF-v3,0.9806858185457316,0.004888600887126868,0.014425580567141438
2505,F-A1-DDOSLIKE-V-03,DDoS,Normal,RF-v3,0.9232324048028989,0.07665136284185162,0.00011623235524930599
2506,F-A1-DDOSLIKE-V-03,DDoS,Normal,RF-v3,0.9806858185457316,0.004888600887126868,0.014425580567141438
2507,F-A1-DDOSLIKE-V-03,DDoS,Normal,RF-v3,0.9486162214559628,0.05091252606614413,0.00047125247789294215
2508,F-A1-DDOSLIKE-V-03,DDoS,Normal,RF-v3,0.9816059353192257,0.004888600887126868,0.013505463793647133
2509,F-A1-DDOSLIKE-V-03,DDoS,Normal,RF-v3,0.944777016059539,0.054706617237188775,0.0005163667032720936
2510,F-A1-DDOSLIKE-V-03,DDoS,Normal,RF-v3,0.9811128393111165,0.004788929590339676,0.014098231098543761
2511,F-A1-DDOSLIKE-V-03,DDoS,Normal,RF-v3,0.9075223419149663,0.09230205039778766,0.0001756076872461302
2512,F-A1-DDOSLIKE-V-03,DDoS,Normal,RF-v3,0.908269533558772,0.09161423408597864,0.00011623235524930599
2513,F-A1-DDOSLIKE-V-03,DDoS,Normal,RF-v3,0.7043941205751196,0.23556823620753753,0.06003764321734525
2514,F-A1-DDOSLIKE-V-03,DDoS,Normal,RF-v3,0.9870045202016365,0.004788929590339676,0.008206550208023586
2515,F-A1-DDOSLIKE-V-03,DDoS,Normal,RF-v3,0.9523211656805616,0.04675641149292879,0.0009224228265097029
2516,F-A1-DDOSLIKE-V-03,DDoS,Normal,RF-v3,0.981164332052831,0.004788929590339676,0.014046738356829163
2517,F-A1-DDOSLIKE-V-03,DDoS,Normal,RF-v3,0.9234165302528455,0.07511336783745526,0.0014701019096988565
2518,F-A1-DDOSLIKE-V-03,DDoS,Normal,RF-v3,0.9870045202016365,0.004788929590339676,0.008206550208023586
2519,F-A1-DDOSLIKE-V-03,DDoS,Normal,RF-v3,0.9136404037819911,0.08521551989399344,0.0011440763240152699
2520,F-A1-DDOSLIKE-V-03,DDoS,Normal,RF-v3,0.9870045202016365,0.004788929590339676,0.008206550208023586
2521,F-A1-DDOSLIKE-V-03,DDoS,Normal,RF-v3,0.9334816080834542,0.06605075769213767,0.0004676342244081845
2522,F-A1-DDOSLIKE-V-03,DDoS,Normal,RF-v3,0.899645110225498,0.05387116380536768,0.04648372596913398
2523,F-A1-DDOSLIKE-V-03,DDoS,Normal,RF-v3,0.9292784805189572,0.07013249151459017,0.0005890279664523218
2524,F-A1-DDOSLIKE-V-03,DDoS,Normal,RF-v3,0.981164332052831,0.004788929590339676,0.014046738356829163
2525,F-A1-DDOSLIKE-V-03,DDoS,Normal,RF-v3,0.8681507712976189,0.13098984663789356,0.0008593820644873565
2526,F-A1-DDOSLIKE-V-03,DDoS,Normal,RF-v3,0.9811128393111165,0.004788929590339676,0.014098231098543761
2527,F-A1-DDOSLIKE-V-03,DDoS,Normal,RF-v3,0.8835192864316257,0.11491308551767097,0.0015676280507032519
2528,F-A1-DDOSLIKE-V-03,DDoS,Normal,RF-v3,0.9861128393111163,0.004788929590339676,0.009098231098543762
2529,F-A1-DDOSLIKE-V-03,DDoS,Normal,RF-v3,0.9234883243412898,0.07511336783745526,0.00139830782125465
2530,F-A1-DDOSLIKE-V-03,DDoS,Normal,RF-v3,0.9870045202016365,0.004788929590339676,0.008206550208023586
2531,F-A1-DDOSLIKE-V-03,DDoS,Normal,RF-v3,0.903398830631194,0.09532650633559003,0.0012746630332155578
2532,F-A1-DDOSLIKE-V-03,DDoS,Normal,RF-v3,0.9870045202016365,0.004788929590339676,0.008206550208023586
2533,F-A1-DDOSLIKE-V-03,DDoS,Normal,RF-v3,0.9079755090133108,0.09178891137140946,0.00023557961527981655
2534,F-A1-DDOSLIKE-V-03,DDoS,Normal,RF-v3,0.9815542269821619,0.004888600887126868,0.01355717213071099
2535,F-A1-DDOSLIKE-V-03,DDoS,Normal,RF-v3,0.9240577128038495,0.07592372856152424,1.855863462625439e-05
2536,F-A1-DDOSLIKE-V-03,DDoS,Normal,RF-v3,0.9806858185457316,0.004888600887126868,0.014425580567141438
2537,F-A1-DDOSLIKE-V-03,DDoS,Normal,RF-v3,0.9631225925569692,0.036349801290589,0.0005276061524418709
2538,F-A1-DDOSLIKE-V-03,DDoS,Normal,RF-v3,0.9866053297058072,0.004788929590339676,0.00860574070385288
2539,F-A1-DDOSLIKE-V-03,DDoS,Normal,RF-v3,0.9021036082734252,0.09787783309194877,1.855863462625439e-05
2540,F-A1-DDOSLIKE-V-03,DDoS,Normal,RF-v3,0.9806858185457316,0.004888600887126868,0.014425580567141438
2541,F-A1-DDOSLIKE-V-03,DDoS,Normal,RF-v3,0.9083364212001996,0.09151385074473303,0.00014972805506728544
2542,F-A1-DDOSLIKE-V-03,DDoS,Normal,RF-v3,0.9806858185457316,0.004888600887126868,0.014425580567141438
2543,F-A1-DDOSLIKE-V-03,DDoS,Normal,RF-v3,0.9636547384062574,0.036008214078534634,0.0003370475152078967
2544,F-A1-DDOSLIKE-V-03,DDoS,Normal,RF-v3,0.9808615194803109,0.004888600887126868,0.014249879632562
2545,F-A1-DDOSLIKE-V-03,DDoS,Normal,RF-v3,0.9453406120556993,0.054438069435638455,0.0002213185086621438
2546,F-A1-DDOSLIKE-V-03,DDoS,Normal,RF-v3,0.9861128393111163,0.004788929590339676,0.009098231098543762
2547,F-A1-DDOSLIKE-V-03,DDoS,Normal,RF-v3,0.9498881522443456,0.04952426967517857,0.0005875780804755572
2548,F-A1-DDOSLIKE-V-03,DDoS,Normal,RF-v3,0.981164332052831,0.004788929590339676,0.014046738356829163
2549,F-A1-DDOSLIKE-V-03,DDoS,Normal,RF-v3,0.9544294984687893,0.04549197096855071,7.853056265994074e-05
2550,F-A1-DDOSLIKE-V-03,DDoS,Normal,RF-v3,0.9811128393111165,0.004788929590339676,0.014098231098543761
2551,F-A1-DDOSLIKE-V-03,DDoS,Normal,RF-v3,0.9291471923094587,0.07063148918187898,0.0002213185086621438
2552,F-A1-DDOSLIKE-V-03,DDoS,Normal,RF-v3,0.9811128393111165,0.004788929590339676,0.014098231098543761
2553,F-A1-DDOSLIKE-V-03,DDoS,Normal,RF-v3,0.5204419826751114,0.41957634363870544,0.05998167368618321
2554,F-A1-DDOSLIKE-V-03,DDoS,Normal,RF-v3,0.9706778735476397,0.0077065412279912,0.02161558522436876
2555,F-A1-DDOSLIKE-V-03,DDoS,Normal,RF-v3,0.5625627638814561,0.3944570428080339,0.04298019331051
2556,F-A1-DDOSLIKE-V-03,DDoS,Normal,RF-v3,0.9864296287712279,0.004788929590339676,0.008781441638432318
2557,F-A1-DDOSLIKE-V-03,DDoS,Normal,RF-v3,0.9138203402813241,0.08110960834233519,0.0050700513763408525
2558,F-A1-DDOSLIKE-V-03,DDoS,Normal,RF-v3,0.9806858185457316,0.004888600887126868,0.014425580567141438
2559,F-A1-DDOSLIKE-V-03,DDoS,Normal,RF-v3,0.9134012523596394,0.0864825152851112,0.00011623235524930599
2560,F-A1-DDOSLIKE-V-03,DDoS,Normal,RF-v3,0.9806858185457316,0.004888600887126868,0.014425580567141438
2561,F-A1-DDOSLIKE-V-03,DDoS,Normal,RF-v3,0.923968371777387,0.0759615768462722,7.005137634085313e-05
2562,F-A1-DDOSLIKE-V-03,DDoS,Normal,RF-v3,0.9806858185457316,0.004888600887126868,0.014425580567141438
2563,F-A1-DDOSLIKE-V-03,DDoS,Normal,RF-v3,0.9076789019613397,0.09230253940403423,1.855863462625439e-05
2564,F-A1-DDOSLIKE-V-03,DDoS,Normal,RF-v3,0.9806858185457316,0.004888600887126868,0.014425580567141438
2565,F-A1-DDOSLIKE-V-03,DDoS,Normal,RF-v3,0.5310700550425552,0.39712070466186694,0.07180924029557798
2566,F-A1-DDOSLIKE-V-03,DDoS,Normal,RF-v3,0.980510117611152,0.004888600887126868,0.014601281501720877
2567,F-A1-DDOSLIKE-V-03,DDoS,Normal,RF-v3,0.8937650190686723,0.10614462820825717,9.035272307046122e-05
2568,F-A1-DDOSLIKE-V-03,DDoS,Normal,RF-v3,0.9806858185457316,0.004888600887126868,0.014425580567141438
2569,F-A1-DDOSLIKE-V-03,DDoS,Normal,RF-v3,0.5678556181512201,0.3918849585841901,0.04025942326458983
2570,F-A1-DDOSLIKE-V-03,DDoS,Normal,RF-v3,0.9864296287712279,0.004788929590339676,0.008781441638432318
2571,F-A1-DDOSLIKE-V-03,DDoS,Normal,RF-v3,0.9138718330230386,0.08610960834233518,1.855863462625439e-05
2572,F-A1-DDOSLIKE-V-03,DDoS,Normal,RF-v3,0.9811128393111165,0.004788929590339676,0.014098231098543761
2573,F-A1-DDOSLIKE-V-03,DDoS,Normal,RF-v3,0.9189096813077866,0.08107176005758725,1.855863462625439e-05
2574,F-A1-DDOSLIKE-V-03,DDoS,Normal,RF-v3,0.9806858185457316,0.004888600887126868,0.014425580567141438
2575,F-A1-DDOSLIKE-V-03,DDoS,Normal,RF-v3,0.5310700550425552,0.39712070466186694,0.07180924029557798
2576,F-A1-DDOSLIKE-V-03,DDoS,Normal,RF-v3,0.9806858185457316,0.004888600887126868,0.014425580567141438
2577,F-A1-DDOSLIKE-V-03,DDoS,Normal,RF-v3,0.9399892101865404,0.05943806943563845,0.0005727203778210223
2578,F-A1-DDOSLIKE-V-03,DDoS,Normal,RF-v3,0.981164332052831,0.004788929590339676,0.014046738356829163
2579,F-A1-DDOSLIKE-V-03,DDoS,Normal,RF-v3,0.9180688843212043,0.08178138762372843,0.00014972805506728544
2580,F-A1-DDOSLIKE-V-03,DDoS,Normal,RF-v3,0.933982101279148,0.03708368325845396,0.028934215462397824
2581,F-A1-DDOSLIKE-V-03,DDoS,Normal,RF-v3,0.9090836128440054,0.09082603443292403,9.035272307046122e-05
2582,F-A1-DDOSLIKE-V-03,DDoS,Normal,RF-v3,0.9785568390401429,0.00514930428792791,0.016293856671928963
2583,F-A1-DDOSLIKE-V-03,DDoS,Normal,RF-v3,0.562880914168443,0.39685966256696725,0.04025942326458983
2584,F-A1-DDOSLIKE-V-03,DDoS,Normal,RF-v3,0.9806858185457316,0.004888600887126868,0.014425580567141438
2585,F-A1-DDOSLIKE-V-03,DDoS,Normal,RF-v3,0.9072204883809557,0.09190999906006653,0.0008695125589778192
2586,F-A1-DDOSLIKE-V-03,DDoS,Normal,RF-v3,0.9806858185457316,0.004888600887126868,0.014425580567141438
2587,F-A1-DDOSLIKE-V-03,DDoS,Normal,RF-v3,0.9076864850572147,0.09149073054980782,0.0008227843929774416
2588,F-A1-DDOSLIKE-V-03,DDoS,Normal,RF-v3,0.9866053297058072,0.004788929590339676,0.00860574070385288
2589,F-A1-DDOSLIKE-V-03,DDoS,Normal,RF-v3,0.9586658075513925,0.04113993287940209,0.00019425956920569366
2590,F-A1-DDOSLIKE-V-03,DDoS,Normal,RF-v3,0.9864296287712279,0.004788929590339676,0.008781441638432318
2591,F-A1-DDOSLIKE-V-03,DDoS,Normal,RF-v3,0.9240198645191016,0.0759615768462722,1.855863462625439e-05
2592,F-A1-DDOSLIKE-V-03,DDoS,Normal,RF-v3,0.9866053297058072,0.004788929590339676,0.00860574070385288
2593,F-A1-DDOSLIKE-V-03,DDoS,Normal,RF-v3,0.9086888020690307,0.09119496557571993,0.00011623235524930599
2594,F-A1-DDOSLIKE-V-03,DDoS,Normal,RF-v3,0.9806858185457316,0.004888600887126868,0.014425580567141438
2595,F-A1-DDOSLIKE-V-03,DDoS,Normal,RF-v3,0.9091080705792893,0.09077569706546124,0.00011623235524930599
2596,F-A1-DDOSLIKE-V-03,DDoS,Normal,RF-v3,0.9806858185457316,0.004888600887126868,0.014425580567141438
2597,F-A1-DDOSLIKE-V-03,DDoS,Normal,RF-v3,0.9058380361044438,0.09379200339177104,0.00036996050378513293
2598,F-A1-DDOSLIKE-V-03,DDoS,Normal,RF-v3,0.9806858185457316,0.004888600887126868,0.014425580567141438
2599,F-A1-DDOSLIKE-V-03,DDoS,Normal,RF-v3,0.9367491426516733,0.06171522656731665,0.0015356307810100534
2600,F-A1-DDOSLIKE-V-03,DDoS,Normal,RF-v3,0.981164332052831,0.004788929590339676,0.014046738356829163
2601,F-A1-DDOSLIKE-V-03,DDoS,Normal,RF-v3,0.9541719802554286,0.04052229550561761,0.0053057242389539785
2602,F-A1-DDOSLIKE-V-03,DDoS,Normal,RF-v3,0.9811128393111165,0.004788929590339676,0.014098231098543761
2603,F-A1-DDOSLIKE-V-03,DDoS,Normal,RF-v3,0.959895115233934,0.03994353818543726,0.00016134658062845746
2604,F-A1-DDOSLIKE-V-03,DDoS,Normal,RF-v3,0.9806858185457316,0.004888600887126868,0.014425580567141438
2605,F-A1-DDOSLIKE-V-03,DDoS,Normal,RF-v3,0.9237711582881132,0.07621028307726076,1.855863462625439e-05
2606,F-A1-DDOSLIKE-V-03,DDoS,Normal,RF-v3,0.980510117611152,0.004888600887126868,0.014601281501720877
2607,F-A1-DDOSLIKE-V-03,DDoS,Normal,RF-v3,0.9126296029805497,0.08722066896438302,0.00014972805506728544
2608,F-A1-DDOSLIKE-V-03,DDoS,Normal,RF-v3,0.9806858185457316,0.004888600887126868,0.014425580567141438
2609,F-A1-DDOSLIKE-V-03,DDoS,Normal,RF-v3,0.9134977632249336,0.08630797720586098,0.00019425956920569366
2610,F-A1-DDOSLIKE-V-03,DDoS,Normal,RF-v3,0.9806858185457316,0.004888600887126868,0.014425580567141438
2611,F-A1-DDOSLIKE-V-03,DDoS,Normal,RF-v3,0.907240963260369,0.09256477717042545,0.00019425956920569366
2612,F-A1-DDOSLIKE-V-03,DDoS,Normal,RF-v3,0.9137339803732071,0.08607176005758724,0.00019425956920569366
2613,F-A1-DDOSLIKE-V-03,DDoS,Normal,RF-v3,0.9808615194803109,0.004888600887126868,0.014249879632562
2614,F-A1-DDOSLIKE-V-03,DDoS,Normal,RF-v3,0.9078668153224783,0.09198345662245452,0.00014972805506728544
2615,F-A1-DDOSLIKE-V-03,DDoS,Normal,RF-v3,0.9806858185457316,0.004888600887126868,0.014425580567141438
2616,F-A1-DDOSLIKE-V-03,DDoS,Normal,RF-v3,0.783688447559731,0.21560482108124168,0.0007067313590274404
2617,F-A1-DDOSLIKE-V-03,DDoS,Normal,RF-v3,0.9021036082734252,0.09787783309194877,1.855863462625439e-05
2618,F-A1-DDOSLIKE-V-03,DDoS,Normal,RF-v3,0.9816167546707862,0.004788929590339676,0.013594315738873883
2619,F-A1-DDOSLIKE-V-03,DDoS,Normal,RF-v3,0.9806858185457316,0.004888600887126868,0.014425580567141438
2620,F-A1-DDOSLIKE-V-03,DDoS,Normal,RF-v3,0.9122672165469561,0.08690999906006652,0.0008227843929774416
2621,F-A1-DDOSLIKE-V-03,DDoS,Normal,RF-v3,0.9806858185457316,0.004888600887126868,0.014425580567141438
2622,F-A1-DDOSLIKE-V-03,DDoS,Normal,RF-v3,0.9594785182946579,0.03999387555290004,0.0005276061524418709
2623,F-A1-DDOSLIKE-V-03,DDoS,Normal,RF-v3,0.9780716220480116,0.00514930428792791,0.016779073664060225
2624,F-A1-DDOSLIKE-V-03,DDoS,Normal,RF-v3,0.9491347032267439,0.050643978264593804,0.0002213185086621438
2625,F-A1-DDOSLIKE-V-03,DDoS,Normal,RF-v3,0.981164332052831,0.004788929590339676,0.014046738356829163
2626,F-A1-DDOSLIKE-V-03,DDoS,Normal,RF-v3,0.9240577128038495,0.07592372856152424,1.855863462625439e-05
2627,F-A1-DDOSLIKE-V-03,DDoS,Normal,RF-v3,0.9808615194803109,0.004888600887126868,0.014249879632562
2628,F-A1-DDOSLIKE-V-03,DDoS,Normal,RF-v3,0.9026160755111622,0.09736536585421185,1.855863462625439e-05
2629,F-A1-DDOSLIKE-V-03,DDoS,Normal,RF-v3,0.9866053297058072,0.004788929590339676,0.00860574070385288
2630,F-A1-DDOSLIKE-V-03,DDoS,Normal,RF-v3,0.915127104433779,0.08475666321097157,0.00011623235524930599
2631,F-A1-DDOSLIKE-V-03,DDoS,Normal,RF-v3,0.9864296287712279,0.004788929590339676,0.008781441638432318
2632,F-A1-DDOSLIKE-V-03,DDoS,Normal,RF-v3,0.9042055502968712,0.09563148918187897,0.0001629605212496837
2633,F-A1-DDOSLIKE-V-03,DDoS,Normal,RF-v3,0.9861128393111163,0.004788929590339676,0.009098231098543762
2634,F-A1-DDOSLIKE-V-03,DDoS,Normal,RF-v3,0.9189096813077866,0.08107176005758725,1.855863462625439e-05
2635,F-A1-DDOSLIKE-V-03,DDoS,Normal,RF-v3,0.980510117611152,0.004888600887126868,0.014601281501720877
2636,F-A1-DDOSLIKE-V-03,DDoS,Normal,RF-v3,0.9184012523596394,0.08148251528511119,0.00011623235524930599
2637,F-A1-DDOSLIKE-V-03,DDoS,Normal,RF-v3,0.9806858185457316,0.004888600887126868,0.014425580567141438
2638,F-A1-DDOSLIKE-V-03,DDoS,Normal,RF-v3,0.907240963260369,0.09256477717042545,0.00019425956920569366
2639,F-A1-DDOSLIKE-V-03,DDoS,Normal,RF-v3,0.9138718330230386,0.08610960834233518,1.855863462625439e-05
2640,F-A1-DDOSLIKE-V-03,DDoS,Normal,RF-v3,0.9754518352455974,0.005477648641374151,0.019070516113028017
2641,F-A1-DDOSLIKE-V-03,DDoS,Normal,RF-v3,0.9072672165469561,0.09190999906006653,0.0008227843929774416
2642,F-A1-DDOSLIKE-V-03,DDoS,Normal,RF-v3,0.9806858185457316,0.004888600887126868,0.014425580567141438
2643,F-A1-DDOSLIKE-V-03,DDoS,Normal,RF-v3,0.937649991361267,0.06109458223447436,0.0012554264042585195
2644,F-A1-DDOSLIKE-V-03,DDoS,Normal,RF-v3,0.9186321502640298,0.07612209742505002,0.005245752310920292
2645,F-A1-DDOSLIKE-V-03,DDoS,Normal,RF-v3,0.9706778735476397,0.0077065412279912,0.02161558522436876
2646,F-A1-DDOSLIKE-V-03,DDoS,Normal,RF-v3,0.9811128393111165,0.004788929590339676,0.014098231098543761
2647,F-A1-DDOSLIKE-V-03,DDoS,Normal,RF-v3,0.9392380598791908,0.059981770805881796,0.0007801693149270394
2648,F-A1-DDOSLIKE-V-03,DDoS,Normal,RF-v3,0.9811128393111165,0.004788929590339676,0.014098231098543761
2649,F-A1-DDOSLIKE-V-03,DDoS,Normal,RF-v3,0.8984515897271023,0.10143217791764841,0.00011623235524930599
2650,F-A1-DDOSLIKE-V-03,DDoS,Normal,RF-v3,0.9806858185457316,0.004888600887126868,0.014425580567141438
2651,F-A1-DDOSLIKE-V-03,DDoS,Normal,RF-v3,0.8984774693592812,0.10143217791764841,9.035272307046122e-05
2652,F-A1-DDOSLIKE-V-03,DDoS,Normal,RF-v3,0.9790493294348337,0.00514930428792791,0.015801366277238077
2653,F-A1-DDOSLIKE-V-03,DDoS,Normal,RF-v3,0.913821495655576,0.08615994570979797,1.855863462625439e-05
2654,F-A1-DDOSLIKE-V-03,DDoS,Normal,RF-v3,0.980510117611152,0.004888600887126868,0.014601281501720877
2655,F-A1-DDOSLIKE-V-03,DDoS,Normal,RF-v3,0.9240577128038495,0.07592372856152424,1.855863462625439e-05
2656,F-A1-DDOSLIKE-V-03,DDoS,Normal,RF-v3,0.9806858185457316,0.004888600887126868,0.014425580567141438
2657,F-A1-DDOSLIKE-V-03,DDoS,Normal,RF-v3,0.9332798828658779,0.06582305382659868,0.0008970633075234506
2658,F-A1-DDOSLIKE-V-03,DDoS,Normal,RF-v3,0.9808615194803109,0.004888600887126868,0.014249879632562
2659,F-A1-DDOSLIKE-V-03,DDoS,Normal,RF-v3,0.9231327168988079,0.07627012892111301,0.0005971541800791709
2660,F-A1-DDOSLIKE-V-03,DDoS,Normal,RF-v3,0.9866053297058072,0.004788929590339676,0.00860574070385288
2661,F-A1-DDOSLIKE-V-03,DDoS,Normal,RF-v3,0.9134012523596394,0.0864825152851112,0.00011623235524930599
2662,F-A1-DDOSLIKE-V-03,DDoS,Normal,RF-v3,0.9806858185457316,0.004888600887126868,0.014425580567141438
2663,F-A1-DDOSLIKE-V-03,DDoS,Normal,RF-v3,0.9136340197966798,0.08627562748024963,9.035272307046122e-05
2664,F-A1-DDOSLIKE-V-03,DDoS,Normal,RF-v3,0.9816059353192257,0.004888600887126868,0.013505463793647133
2665,F-A1-DDOSLIKE-V-03,DDoS,Normal,RF-v3,0.907917152689941,0.09193311925499174,0.00014972805506728544
2666,F-A1-DDOSLIKE-V-03,DDoS,Normal,RF-v3,0.9806858185457316,0.004888600887126868,0.014425580567141438
2667,F-A1-DDOSLIKE-V-03,DDoS,Normal,RF-v3,0.9395398077642858,0.060441633601087924,1.855863462625439e-05
2668,F-A1-DDOSLIKE-V-03,DDoS,Normal,RF-v3,0.9811128393111165,0.004788929590339676,0.014098231098543761
2669,F-A1-DDOSLIKE-V-03,DDoS,Normal,RF-v3,0.9338192691759116,0.06590003698342929,0.000280693840658968
2670,F-A1-DDOSLIKE-V-03,DDoS,Normal,RF-v3,0.9806858185457316,0.004888600887126868,0.014425580567141438
2671,F-A1-DDOSLIKE-V-03,DDoS,Normal,RF-v3,0.9566659479840948,0.04213800094364361,0.0011960510722616954
2672,F-A1-DDOSLIKE-V-03,DDoS,Normal,RF-v3,0.9806858185457316,0.004888600887126868,0.014425580567141438
2673,F-A1-DDOSLIKE-V-03,DDoS,Normal,RF-v3,0.9134925977363512,0.08633179457640283,0.0001756076872461302
2674,F-A1-DDOSLIKE-V-03,DDoS,Normal,RF-v3,0.9806858185457316,0.004888600887126868,0.014425580567141438
2675,F-A1-DDOSLIKE-V-03,DDoS,Normal,RF-v3,0.9487468081651632,0.05091252606614413,0.0003406657686926543
2676,F-A1-DDOSLIKE-V-03,DDoS,Normal,RF-v3,0.9806858185457316,0.004888600887126868,0.014425580567141438
2677,F-A1-DDOSLIKE-V-03,DDoS,Normal,RF-v3,0.9189096813077866,0.08107176005758725,1.855863462625439e-05
2678,F-A1-DDOSLIKE-V-03,DDoS,Normal,RF-v3,0.9806858185457316,0.004888600887126868,0.014425580567141438
2679,F-A1-DDOSLIKE-V-03,DDoS,Normal,RF-v3,0.912535550526556,0.08728884178619785,0.0001756076872461302
2680,F-A1-DDOSLIKE-V-03,DDoS,Normal,RF-v3,0.9806858185457316,0.004888600887126868,0.014425580567141438
2681,F-A1-DDOSLIKE-V-03,DDoS,Normal,RF-v3,0.9070732837363582,0.08790815762901567,0.0050185586346262545
2682,F-A1-DDOSLIKE-V-03,DDoS,Normal,RF-v3,0.9806858185457316,0.004888600887126868,0.014425580567141438
2683,F-A1-DDOSLIKE-V-03,DDoS,Normal,RF-v3,0.9476984486213216,0.05148251528511119,0.0008190360935670629
2684,F-A1-DDOSLIKE-V-03,DDoS,Normal,RF-v3,0.9806858185457316,0.004888600887126868,0.014425580567141438
2685,F-A1-DDOSLIKE-V-03,DDoS,Normal,RF-v3,0.9171790308947452,0.08199818471227725,0.0008227843929774416
2686,F-A1-DDOSLIKE-V-03,DDoS,Normal,RF-v3,0.9799583035343912,0.00514930428792791,0.014892392177680768
2687,F-A1-DDOSLIKE-V-03,DDoS,Normal,RF-v3,0.9091339502114683,0.09077569706546124,9.035272307046122e-05
2688,F-A1-DDOSLIKE-V-03,DDoS,Normal,RF-v3,0.9799583035343912,0.00514930428792791,0.014892392177680768
2689,F-A1-DDOSLIKE-V-03,DDoS,Normal,RF-v3,0.9185458341444691,0.08136381313246036,9.035272307046122e-05
2690,F-A1-DDOSLIKE-V-03,DDoS,Normal,RF-v3,0.9806858185457316,0.004888600887126868,0.014425580567141438
2691,F-A1-DDOSLIKE-V-03,DDoS,Normal,RF-v3,0.9334312707159913,0.06610109505960045,0.0004676342244081845
2692,F-A1-DDOSLIKE-V-03,DDoS,Normal,RF-v3,0.9806858185457316,0.004888600887126868,0.014425580567141438
2693,F-A1-DDOSLIKE-V-03,DDoS,Normal,RF-v3,0.9451649111211198,0.054438069435638455,0.000397019443241583
2694,F-A1-DDOSLIKE-V-03,DDoS,Normal,RF-v3,0.9811128393111165,0.004788929590339676,0.014098231098543761
2695,F-A1-DDOSLIKE-V-03,DDoS,Normal,RF-v3,0.9484329097186851,0.05122642451262218,0.0003406657686926543
2696,F-A1-DDOSLIKE-V-03,DDoS,Normal,RF-v3,0.9816059353192257,0.004888600887126868,0.013505463793647133
2697,F-A1-DDOSLIKE-V-03,DDoS,Normal,RF-v3,0.9337188000174055,0.06591123947880942,0.0003699605037851329
2698,F-A1-DDOSLIKE-V-03,DDoS,Normal,RF-v3,0.9799583035343912,0.00514930428792791,0.014892392177680768
2699,F-A1-DDOSLIKE-V-03,DDoS,Normal,RF-v3,0.9356720666807016,0.05796800347286793,0.006359929846430614
2700,F-A1-DDOSLIKE-V-03,DDoS,Normal,RF-v3,0.9794056181349978,0.005477648641374151,0.01511673322362769
2701,F-A1-DDOSLIKE-V-03,DDoS,Normal,RF-v3,0.9122672165469561,0.08690999906006652,0.0008227843929774416
2702,F-A1-DDOSLIKE-V-03,DDoS,Normal,RF-v3,0.9794056181349978,0.005477648641374151,0.01511673322362769
2703,F-A1-DDOSLIKE-V-03,DDoS,Normal,RF-v3,0.9091080705792893,0.09077569706546124,0.00011623235524930599
2704,F-A1-DDOSLIKE-V-03,DDoS,Normal,RF-v3,0.9806858185457316,0.004888600887126868,0.014425580567141438
2705,F-A1-DDOSLIKE-V-03,DDoS,Normal,RF-v3,0.957766678959508,0.040873391194061456,0.0013599298464306141
2706,F-A1-DDOSLIKE-V-03,DDoS,Normal,RF-v3,0.9806858185457316,0.004888600887126868,0.014425580567141438
2707,F-A1-DDOSLIKE-V-03,DDoS,Normal,RF-v3,0.9073663268274856,0.09261511453788822,1.855863462625439e-05
2708,F-A1-DDOSLIKE-V-03,DDoS,Normal,RF-v3,0.9289406104869848,0.07077952067794197,0.000279868835073042
2709,F-A1-DDOSLIKE-V-03,DDoS,Normal,RF-v3,0.9811128393111165,0.004788929590339676,0.014098231098543761
2710,F-A1-DDOSLIKE-V-03,DDoS,Normal,RF-v3,0.9573211656805616,0.04175641149292879,0.0009224228265097029
2711,F-A1-DDOSLIKE-V-03,DDoS,Normal,RF-v3,0.981164332052831,0.004788929590339676,0.014046738356829163
2712,F-A1-DDOSLIKE-V-03,DDoS,Normal,RF-v3,0.9473584159251868,0.052170331596920215,0.00047125247789294215
2713,F-A1-DDOSLIKE-V-03,DDoS,Normal,RF-v3,0.9866053297058072,0.004788929590339676,0.00860574070385288
2714,F-A1-DDOSLIKE-V-03,DDoS,Normal,RF-v3,0.9091339502114683,0.09077569706546124,9.035272307046122e-05
2715,F-A1-DDOSLIKE-V-03,DDoS,Normal,RF-v3,0.9806858185457316,0.004888600887126868,0.014425580567141438
2716,F-A1-DDOSLIKE-V-03,DDoS,Normal,RF-v3,0.9239085259335349,0.07102142269012446,0.0050700513763408525
2717,F-A1-DDOSLIKE-V-03,DDoS,Normal,RF-v3,0.9711016604692481,0.007428534242007741,0.021469805288743937
2718,F-A1-DDOSLIKE-V-03,DDoS,Normal,RF-v3,0.9236457947209965,0.07615994570979798,0.00019425956920569366
2719,F-A1-DDOSLIKE-V-03,DDoS,Normal,RF-v3,0.980510117611152,0.004888600887126868,0.014601281501720877
2720,F-A1-DDOSLIKE-V-03,DDoS,Normal,RF-v3,0.9180992088582712,0.08175106308666152,0.00014972805506728544
2721,F-A1-DDOSLIKE-V-03,DDoS,Normal,RF-v3,0.980510117611152,0.004888600887126868,0.014601281501720877
2722,F-A1-DDOSLIKE-V-03,DDoS,Normal,RF-v3,0.9197488439327691,0.08007554837998469,0.0001756076872461302
2723,F-A1-DDOSLIKE-V-03,DDoS,Normal,RF-v3,0.9866053297058072,0.004788929590339676,0.00860574070385288
2724,F-A1-DDOSLIKE-V-03,DDoS,Normal,RF-v3,0.9099514034991997,0.08975666321097156,0.00029193328982874523
2725,F-A1-DDOSLIKE-V-03,DDoS,Normal,RF-v3,0.9780716220480116,0.00514930428792791,0.016779073664060225
2726,F-A1-DDOSLIKE-V-03,DDoS,Normal,RF-v3,0.93307217200945,0.06641146128727778,0.0005163667032720936
2727,F-A1-DDOSLIKE-V-03,DDoS,Normal,RF-v3,0.9816828822104682,0.004788929590339676,0.013528188199191899
2728,F-A1-DDOSLIKE-V-03,DDoS,Normal,RF-v3,0.9236013359456949,0.07628243169905571,0.00011623235524930599
2729,F-A1-DDOSLIKE-V-03,DDoS,Normal,RF-v3,0.9864296287712279,0.004788929590339676,0.008781441638432318
2730,F-A1-DDOSLIKE-V-03,DDoS,Normal,RF-v3,0.9400343244119195,0.05943806943563845,0.0005276061524418709
2731,F-A1-DDOSLIKE-V-03,DDoS,Normal,RF-v3,0.9795043985184742,0.005698206300951545,0.014797395180574057
2732,F-A1-DDOSLIKE-V-03,DDoS,Normal,RF-v3,0.9091339502114683,0.09077569706546124,9.035272307046122e-05
2733,F-A1-DDOSLIKE-V-03,DDoS,Normal,RF-v3,0.9866053297058072,0.004788929590339676,0.00860574070385288
2734,F-A1-DDOSLIKE-V-03,DDoS,Normal,RF-v3,0.912917152689941,0.08693311925499174,0.00014972805506728544
2735,F-A1-DDOSLIKE-V-03,DDoS,Normal,RF-v3,0.9806858185457316,0.004888600887126868,0.014425580567141438
2736,F-A1-DDOSLIKE-V-03,DDoS,Normal,RF-v3,0.9184012523596394,0.08148251528511119,0.00011623235524930599
2737,F-A1-DDOSLIKE-V-03,DDoS,Normal,RF-v3,0.9806858185457316,0.004888600887126868,0.014425580567141438
2738,F-A1-DDOSLIKE-V-03,DDoS,Normal,RF-v3,0.9240577128038495,0.07592372856152424,1.855863462625439e-05
2739,F-A1-DDOSLIKE-V-03,DDoS,Normal,RF-v3,0.9806858185457316,0.004888600887126868,0.014425580567141438
2740,F-A1-DDOSLIKE-V-03,DDoS,Normal,RF-v3,0.9452152484885825,0.05438773206817567,0.000397019443241583
2741,F-A1-DDOSLIKE-V-03,DDoS,Normal,RF-v3,0.9866053297058072,0.004788929590339676,0.00860574070385288
2742,F-A1-DDOSLIKE-V-03,DDoS,Normal,RF-v3,0.9451649111211198,0.054438069435638455,0.000397019443241583
2743,F-A1-DDOSLIKE-V-03,DDoS,Normal,RF-v3,0.9811128393111165,0.004788929590339676,0.014098231098543761
2744,F-A1-DDOSLIKE-V-03,DDoS,Normal,RF-v3,0.953364033992969,0.046381734509791855,0.00025423149723938
2745,F-A1-DDOSLIKE-V-03,DDoS,Normal,RF-v3,0.9811128393111165,0.004788929590339676,0.014098231098543761
2746,F-A1-DDOSLIKE-V-03,DDoS,Normal,RF-v3,0.9544894663501476,0.044994166946580025,0.0005163667032720936
2747,F-A1-DDOSLIKE-V-03,DDoS,Normal,RF-v3,0.9446729736205944,0.03888748557365985,0.01643954080574516
2748,F-A1-DDOSLIKE-V-03,DDoS,Normal,RF-v3,0.9234495839064546,0.07653185745891924,1.855863462625439e-05
2749,F-A1-DDOSLIKE-V-03,DDoS,Normal,RF-v3,0.9808615194803109,0.004888600887126868,0.014249879632562
2750,F-A1-DDOSLIKE-V-03,DDoS,Normal,RF-v3,0.9033867585676625,0.09646351337727026,0.00014972805506728544
2751,F-A1-DDOSLIKE-V-03,DDoS,Normal,RF-v3,0.9806858185457316,0.004888600887126868,0.014425580567141438
2752,F-A1-DDOSLIKE-V-03,DDoS,Normal,RF-v3,0.9076864850572147,0.09149073054980782,0.0008227843929774416
2753,F-A1-DDOSLIKE-V-03,DDoS,Normal,RF-v3,0.9780716220480116,0.00514930428792791,0.016779073664060225
2754,F-A1-DDOSLIKE-V-03,DDoS,Normal,RF-v3,0.9340166056002585,0.06563148918187897,0.00035190521786243156
2755,F-A1-DDOSLIKE-V-03,DDoS,Normal,RF-v3,0.9806858185457316,0.004888600887126868,0.014425580567141438
2756,F-A1-DDOSLIKE-V-03,DDoS,Normal,RF-v3,0.9582772277673276,0.041001409859728576,0.0007213623729440113
2757,F-A1-DDOSLIKE-V-03,DDoS,Normal,RF-v3,0.9806858185457316,0.004888600887126868,0.014425580567141438
2758,F-A1-DDOSLIKE-V-03,DDoS,Normal,RF-v3,0.9084147162280322,0.09156672513734182,1.855863462625439e-05
2759,F-A1-DDOSLIKE-V-03,DDoS,Normal,RF-v3,0.9806858185457316,0.004888600887126868,0.014425580567141438
2760,F-A1-DDOSLIKE-V-03,DDoS,Normal,RF-v3,0.9341471923094588,0.06563148918187897,0.0002213185086621438
2761,F-A1-DDOSLIKE-V-03,DDoS,Normal,RF-v3,0.9866053297058072,0.004788929590339676,0.00860574070385288
2762,F-A1-DDOSLIKE-V-03,DDoS,Normal,RF-v3,0.9178289670377302,0.08202130490720247,0.00014972805506728544
2763,F-A1-DDOSLIKE-V-03,DDoS,Normal,RF-v3,0.9808615194803109,0.004888600887126868,0.014249879632562
2764,F-A1-DDOSLIKE-V-03,DDoS,Normal,RF-v3,0.9080406464299269,0.09176509400086762,0.00019425956920569366
2765,F-A1-DDOSLIKE-V-03,DDoS,Normal,RF-v3,0.9806858185457316,0.004888600887126868,0.014425580567141438
2766,F-A1-DDOSLIKE-V-03,DDoS,Normal,RF-v3,0.91345256451278,0.08652887685259389,1.855863462625439e-05
2767,F-A1-DDOSLIKE-V-03,DDoS,Normal,RF-v3,0.9866053297058072,0.004788929590339676,0.00860574070385288
2768,F-A1-DDOSLIKE-V-03,DDoS,Normal,RF-v3,0.9527356265362275,0.0466210383047847,0.0006433351589876238
2769,F-A1-DDOSLIKE-V-03,DDoS,Normal,RF-v3,0.981164332052831,0.004788929590339676,0.014046738356829163
2770,F-A1-DDOSLIKE-V-03,DDoS,Normal,RF-v3,0.907492552246617,0.09248888911875698,1.855863462625439e-05
2771,F-A1-DDOSLIKE-V-03,DDoS,Normal,RF-v3,0.981164332052831,0.004788929590339676,0.014046738356829163
2772,F-A1-DDOSLIKE-V-03,DDoS,Normal,RF-v3,0.9232627293399659,0.07662103830478471,0.00011623235524930599
2773,F-A1-DDOSLIKE-V-03,DDoS,Normal,RF-v3,0.9806858185457316,0.004888600887126868,0.014425580567141438
2774,F-A1-DDOSLIKE-V-03,DDoS,Normal,RF-v3,0.9485848480072849,0.0510632467748525,0.00035190521786243156
2775,F-A1-DDOSLIKE-V-03,DDoS,Normal,RF-v3,0.9811128393111165,0.004788929590339676,0.014098231098543761
2776,F-A1-DDOSLIKE-V-03,DDoS,Normal,RF-v3,0.9288290194032569,0.07115242196211694,1.855863462625439e-05
2777,F-A1-DDOSLIKE-V-03,DDoS,Normal,RF-v3,0.9806858185457316,0.004888600887126868,0.014425580567141438
2778,F-A1-DDOSLIKE-V-03,DDoS,Normal,RF-v3,0.8981236665935551,0.10170072571919875,0.0001756076872461302
2779,F-A1-DDOSLIKE-V-03,DDoS,Normal,RF-v3,0.9808615194803109,0.004888600887126868,0.014249879632562
2780,F-A1-DDOSLIKE-V-03,DDoS,Normal,RF-v3,0.9399892101865404,0.05943806943563845,0.0005727203778210223
2781,F-A1-DDOSLIKE-V-03,DDoS,Normal,RF-v3,0.9863299574744405,0.004888600887126868,0.008781441638432318
2782,F-A1-DDOSLIKE-V-03,DDoS,Normal,RF-v3,0.9072788115451168,0.09252692888567751,0.00019425956920569366
2783,F-A1-DDOSLIKE-V-03,DDoS,Normal,RF-v3,0.9136643443337468,0.08624530294318271,9.035272307046122e-05
2784,F-A1-DDOSLIKE-V-03,DDoS,Normal,RF-v3,0.9806858185457316,0.004888600887126868,0.014425580567141438
2785,F-A1-DDOSLIKE-V-03,DDoS,Normal,RF-v3,0.9232827421703618,0.07660102547438885,0.00011623235524930599
2786,F-A1-DDOSLIKE-V-03,DDoS,Normal,RF-v3,0.9816059353192257,0.004888600887126868,0.013505463793647133
2787,F-A1-DDOSLIKE-V-03,DDoS,Normal,RF-v3,0.945210025346499,0.054438069435638455,0.00035190521786243156
2788,F-A1-DDOSLIKE-V-03,DDoS,Normal,RF-v3,0.9811128393111165,0.004788929590339676,0.014098231098543761
2789,F-A1-DDOSLIKE-V-03,DDoS,Normal,RF-v3,0.9187328249989554,0.07602142269012446,0.005245752310920292
2790,F-A1-DDOSLIKE-V-03,DDoS,Normal,RF-v3,0.9806858185457316,0.004888600887126868,0.014425580567141438
2791,F-A1-DDOSLIKE-V-03,DDoS,Normal,RF-v3,0.9076864850572147,0.09149073054980782,0.0008227843929774416
2792,F-A1-DDOSLIKE-V-03,DDoS,Normal,RF-v3,0.9806858185457316,0.004888600887126868,0.014425580567141438
2793,F-A1-DDOSLIKE-V-03,DDoS,Normal,RF-v3,0.9570608559335128,0.04157921422005666,0.0013599298464306141
2794,F-A1-DDOSLIKE-V-03,DDoS,Normal,RF-v3,0.981164332052831,0.004788929590339676,0.014046738356829163
2795,F-A1-DDOSLIKE-V-03,DDoS,Normal,RF-v3,0.91345256451278,0.08652887685259389,1.855863462625439e-05
2796,F-A1-DDOSLIKE-V-03,DDoS,Normal,RF-v3,0.919268348837353,0.04159193385128785,0.03913971731135895
2797,F-A1-DDOSLIKE-V-03,DDoS,Normal,RF-v3,0.954905030850245,0.044873650641092694,0.0002213185086621438
2798,F-A1-DDOSLIKE-V-03,DDoS,Normal,RF-v3,0.980937138376537,0.004788929590339676,0.0142739320331232
2799,F-A1-DDOSLIKE-V-03,DDoS,Normal,RF-v3,0.958372817859296,0.0409615768462722,0.0006656052944319447
2800,F-A1-DDOSLIKE-V-03,DDoS,Normal,RF-v3,0.9816828822104682,0.004788929590339676,0.013528188199191899
2801,F-A1-DDOSLIKE-V-03,DDoS,Normal,RF-v3,0.9577356265362276,0.04162103830478471,0.0006433351589876238
2802,F-A1-DDOSLIKE-V-03,DDoS,Normal,RF-v3,0.9864296287712279,0.004788929590339676,0.008781441638432318
2803,F-A1-DDOSLIKE-V-03,DDoS,Normal,RF-v3,0.9451649111211198,0.054438069435638455,0.000397019443241583
2804,F-A1-DDOSLIKE-V-03,DDoS,Normal,RF-v3,0.9806858185457316,0.004888600887126868,0.014425580567141438
2805,F-A1-DDOSLIKE-V-03,DDoS,Normal,RF-v3,0.9136643443337467,0.08624530294318271,9.035272307046122e-05
2806,F-A1-DDOSLIKE-V-03,DDoS,Normal,RF-v3,0.980510117611152,0.004888600887126868,0.014601281501720877
2807,F-A1-DDOSLIKE-V-03,DDoS,Normal,RF-v3,0.9188205208698982,0.0810632467748525,0.00011623235524930599
2808,F-A1-DDOSLIKE-V-03,DDoS,Normal,RF-v3,0.9780716220480116,0.00514930428792791,0.016779073664060225
2809,F-A1-DDOSLIKE-V-03,DDoS,Normal,RF-v3,0.918304533016717,0.07667690834865688,0.0050185586346262545
2810,F-A1-DDOSLIKE-V-03,DDoS,Normal,RF-v3,0.9754518352455974,0.005477648641374151,0.019070516113028017
2811,F-A1-DDOSLIKE-V-03,DDoS,Normal,RF-v3,0.928654818192976,0.06592372856152424,0.005421453245499731
2812,F-A1-DDOSLIKE-V-03,DDoS,Normal,RF-v3,0.9808615194803109,0.004888600887126868,0.014249879632562
2813,F-A1-DDOSLIKE-V-03,DDoS,Normal,RF-v3,0.9579262016458937,0.04143046319511869,0.0006433351589876238
2814,F-A1-DDOSLIKE-V-03,DDoS,Normal,RF-v3,0.9861128393111163,0.004788929590339676,0.009098231098543762
2815,F-A1-DDOSLIKE-V-03,DDoS,Normal,RF-v3,0.9526774640172269,0.04097108532266167,0.006351450660111526
2816,F-A1-DDOSLIKE-V-03,DDoS,Normal,RF-v3,0.9866682474125008,0.004788929590339676,0.008542822997159288
2817,F-A1-DDOSLIKE-V-03,DDoS,Normal,RF-v3,0.9184564493294503,0.07612209742505002,0.005421453245499731
2818,F-A1-DDOSLIKE-V-03,DDoS,Normal,RF-v3,0.9806858185457316,0.004888600887126868,0.014425580567141438
2819,F-A1-DDOSLIKE-V-03,DDoS,Normal,RF-v3,0.9536684626499428,0.04596157684627219,0.0003699605037851329
2820,F-A1-DDOSLIKE-V-03,DDoS,Normal,RF-v3,0.9811128393111165,0.004788929590339676,0.014098231098543761
2821,F-A1-DDOSLIKE-V-03,DDoS,Normal,RF-v3,0.9330433756544104,0.06636964286115077,0.0005869814844386951
2822,F-A1-DDOSLIKE-V-03,DDoS,Normal,RF-v3,0.9806858185457316,0.004888600887126868,0.014425580567141438
2823,F-A1-DDOSLIKE-V-03,DDoS,Normal,RF-v3,0.9431177171315802,0.0560632467748525,0.0008190360935670629
2824,F-A1-DDOSLIKE-V-03,DDoS,Normal,RF-v3,0.981164332052831,0.004788929590339676,0.014046738356829163
2825,F-A1-DDOSLIKE-V-03,DDoS,Normal,RF-v3,0.8984515897271023,0.10143217791764841,0.00011623235524930599
2826,F-A1-DDOSLIKE-V-03,DDoS,Normal,RF-v3,0.933982101279148,0.03708368325845396,0.028934215462397824
2827,F-A1-DDOSLIKE-V-03,DDoS,Normal,RF-v3,0.9122672165469561,0.08690999906006652,0.0008227843929774416
2828,F-A1-DDOSLIKE-V-03,DDoS,Normal,RF-v3,0.9806858185457316,0.004888600887126868,0.014425580567141438
2829,F-A1-DDOSLIKE-V-03,DDoS,Normal,RF-v3,0.9122672165469561,0.08690999906006652,0.0008227843929774416
2830,F-A1-DDOSLIKE-V-03,DDoS,Normal,RF-v3,0.980510117611152,0.004888600887126868,0.014601281501720877
2831,F-A1-DDOSLIKE-V-03,DDoS,Normal,RF-v3,0.9236316604827618,0.0762521071619888,0.00011623235524930599
2832,F-A1-DDOSLIKE-V-03,DDoS,Normal,RF-v3,0.981164332052831,0.004788929590339676,0.014046738356829163
2833,F-A1-DDOSLIKE-V-03,DDoS,Normal,RF-v3,0.9238214956555758,0.07615994570979798,1.855863462625439e-05
2834,F-A1-DDOSLIKE-V-03,DDoS,Normal,RF-v3,0.9806858185457316,0.004888600887126868,0.014425580567141438
2835,F-A1-DDOSLIKE-V-03,DDoS,Normal,RF-v3,0.9076864850572147,0.09149073054980782,0.0008227843929774416
2836,F-A1-DDOSLIKE-V-03,DDoS,Normal,RF-v3,0.9806858185457316,0.004888600887126868,0.014425580567141438
2837,F-A1-DDOSLIKE-V-03,DDoS,Normal,RF-v3,0.9071162044445675,0.09206101116245488,0.0008227843929774416
2838,F-A1-DDOSLIKE-V-03,DDoS,Normal,RF-v3,0.9866053297058072,0.004788929590339676,0.00860574070385288
2839,F-A1-DDOSLIKE-V-03,DDoS,Normal,RF-v3,0.9133867585676625,0.08646351337727026,0.00014972805506728544
2840,F-A1-DDOSLIKE-V-03,DDoS,Normal,RF-v3,0.9806858185457316,0.004888600887126868,0.014425580567141438
2841,F-A1-DDOSLIKE-V-03,DDoS,Normal,RF-v3,0.9076485774242729,0.09233286394110113,1.855863462625439e-05
2842,F-A1-DDOSLIKE-V-03,DDoS,Normal,RF-v3,0.9754518352455974,0.005477648641374151,0.019070516113028017
2843,F-A1-DDOSLIKE-V-03,DDoS,Normal,RF-v3,0.9136643443337468,0.08624530294318271,9.035272307046122e-05
2844,F-A1-DDOSLIKE-V-03,DDoS,Normal,RF-v3,0.9806858185457316,0.004888600887126868,0.014425580567141438
2845,F-A1-DDOSLIKE-V-03,DDoS,Normal,RF-v3,0.8984515897271023,0.10143217791764841,0.00011623235524930599
2846,F-A1-DDOSLIKE-V-03,DDoS,Normal,RF-v3,0.9706778735476397,0.0077065412279912,0.02161558522436876
2847,F-A1-DDOSLIKE-V-03,DDoS,Normal,RF-v3,0.8937650190686723,0.10614462820825717,9.035272307046122e-05
2848,F-A1-DDOSLIKE-V-03,DDoS,Normal,RF-v3,0.9806858185457316,0.004888600887126868,0.014425580567141438
2849,F-A1-DDOSLIKE-V-03,DDoS,Normal,RF-v3,0.9189600186752495,0.08102142269012445,1.855863462625439e-05
2850,F-A1-DDOSLIKE-V-03,DDoS,Normal,RF-v3,0.9806858185457316,0.004888600887126868,0.014425580567141438
2851,F-A1-DDOSLIKE-V-03,DDoS,Normal,RF-v3,0.9133364212001996,0.08651385074473306,0.00014972805506728544
2852,F-A1-DDOSLIKE-V-03,DDoS,Normal,RF-v3,0.9806858185457316,0.004888600887126868,0.014425580567141438
2853,F-A1-DDOSLIKE-V-03,DDoS,Normal,RF-v3,0.918248235547989,0.08160203639694379,0.00014972805506728544
2854,F-A1-DDOSLIKE-V-03,DDoS,Normal,RF-v3,0.9806858185457316,0.004888600887126868,0.014425580567141438
2855,F-A1-DDOSLIKE-V-03,DDoS,Normal,RF-v3,0.942411283016994,0.056482515285111196,0.0011062016978947873
2856,F-A1-DDOSLIKE-V-03,DDoS,Normal,RF-v3,0.9806858185457316,0.004888600887126868,0.014425580567141438
2857,F-A1-DDOSLIKE-V-03,DDoS,Normal,RF-v3,0.9340166056002585,0.06563148918187897,0.00035190521786243156
2858,F-A1-DDOSLIKE-V-03,DDoS,Normal,RF-v3,0.9806858185457316,0.004888600887126868,0.014425580567141438
2859,F-A1-DDOSLIKE-V-03,DDoS,Normal,RF-v3,0.9121534479780001,0.08247659151821471,0.0053699605037851325
2860,F-A1-DDOSLIKE-V-03,DDoS,Normal,RF-v3,0.9074166641949484,0.09256477717042545,1.855863462625439e-05
2861,F-A1-DDOSLIKE-V-03,DDoS,Normal,RF-v3,0.908490412797528,0.09149102856784594,1.855863462625439e-05
2862,F-A1-DDOSLIKE-V-03,DDoS,Normal,RF-v3,0.9808615194803109,0.004888600887126868,0.014249879632562
2863,F-A1-DDOSLIKE-V-03,DDoS,Normal,RF-v3,0.8984515897271023,0.10143217791764841,0.00011623235524930599
2864,F-A1-DDOSLIKE-V-03,DDoS,Normal,RF-v3,0.9864296287712279,0.004788929590339676,0.008781441638432318
2865,F-A1-DDOSLIKE-V-03,DDoS,Normal,RF-v3,0.9630345329889398,0.036497832786651994,0.0004676342244081845
2866,F-A1-DDOSLIKE-V-03,DDoS,Normal,RF-v3,0.9811128393111165,0.004788929590339676,0.014098231098543761
2867,F-A1-DDOSLIKE-V-03,DDoS,Normal,RF-v3,0.9536902180710656,0.045957876711071856,0.00035190521786243156
2868,F-A1-DDOSLIKE-V-03,DDoS,Normal,RF-v3,0.9864296287712279,0.004788929590339676,0.008781441638432318
2869,F-A1-DDOSLIKE-V-03,DDoS,Normal,RF-v3,0.9351649111211198,0.06443806943563846,0.000397019443241583
2870,F-A1-DDOSLIKE-V-03,DDoS,Normal,RF-v3,0.9866053297058072,0.004788929590339676,0.00860574070385288
2871,F-A1-DDOSLIKE-V-03,DDoS,Normal,RF-v3,0.9076485774242729,0.09233286394110113,1.855863462625439e-05
2872,F-A1-DDOSLIKE-V-03,DDoS,Normal,RF-v3,0.9780716220480116,0.00514930428792791,0.016779073664060225
2873,F-A1-DDOSLIKE-V-03,DDoS,Normal,RF-v3,0.9239600186752495,0.07602142269012446,1.855863462625439e-05
2874,F-A1-DDOSLIKE-V-03,DDoS,Normal,RF-v3,0.9799583035343912,0.00514930428792791,0.014892392177680768
2875,F-A1-DDOSLIKE-V-03,DDoS,Normal,RF-v3,0.893870858237361,0.10601290940738972,0.00011623235524930599
2876,F-A1-DDOSLIKE-V-03,DDoS,Normal,RF-v3,0.9806858185457316,0.004888600887126868,0.014425580567141438
2877,F-A1-DDOSLIKE-V-03,DDoS,Normal,RF-v3,0.9108380361044438,0.08379200339177105,0.0053699605037851325
2878,F-A1-DDOSLIKE-V-03,DDoS,Normal,RF-v3,0.9780716220480116,0.00514930428792791,0.016779073664060225
2879,F-A1-DDOSLIKE-V-03,DDoS,Normal,RF-v3,0.9082954131909509,0.09161423408597864,9.035272307046122e-05
2880,F-A1-DDOSLIKE-V-03,DDoS,Normal,RF-v3,0.9866053297058072,0.004788929590339676,0.00860574070385288
2881,F-A1-DDOSLIKE-V-03,DDoS,Normal,RF-v3,0.933037142582714,0.06569019770766768,0.001272659709617923
2882,F-A1-DDOSLIKE-V-03,DDoS,Normal,RF-v3,0.981164332052831,0.004788929590339676,0.014046738356829163
2883,F-A1-DDOSLIKE-V-03,DDoS,Normal,RF-v3,0.9187313252746567,0.08125011609071714,1.855863462625439e-05
2884,F-A1-DDOSLIKE-V-03,DDoS,Normal,RF-v3,0.9866053297058072,0.004788929590339676,0.00860574070385288
2885,F-A1-DDOSLIKE-V-03,DDoS,Normal,RF-v3,0.8929674900574038,0.10688278188752896,0.00014972805506728544
2886,F-A1-DDOSLIKE-V-03,DDoS,Normal,RF-v3,0.9816059353192257,0.004888600887126868,0.013505463793647133
2887,F-A1-DDOSLIKE-V-03,DDoS,Normal,RF-v3,0.9236013359456949,0.07628243169905571,0.00011623235524930599
2888,F-A1-DDOSLIKE-V-03,DDoS,Normal,RF-v3,0.9863299574744405,0.004888600887126868,0.008781441638432318
2889,F-A1-DDOSLIKE-V-03,DDoS,Normal,RF-v3,0.9346259549407716,0.06471322300433148,0.0006608220548965287
2890,F-A1-DDOSLIKE-V-03,DDoS,Normal,RF-v3,0.9806858185457316,0.004888600887126868,0.014425580567141438
2891,F-A1-DDOSLIKE-V-03,DDoS,Normal,RF-v3,0.9290273882667826,0.07095405309859115,1.855863462625439e-05
2892,F-A1-DDOSLIKE-V-03,DDoS,Normal,RF-v3,0.9806858185457316,0.004888600887126868,0.014425580567141438
2893,F-A1-DDOSLIKE-V-03,DDoS,Normal,RF-v3,0.8984012523596394,0.1014825152851112,0.00011623235524930599
2894,F-A1-DDOSLIKE-V-03,DDoS,Normal,RF-v3,0.9806858185457316,0.004888600887126868,0.014425580567141438
2895,F-A1-DDOSLIKE-V-03,DDoS,Normal,RF-v3,0.9091080705792893,0.09077569706546124,0.00011623235524930599
2896,F-A1-DDOSLIKE-V-03,DDoS,Normal,RF-v3,0.9806858185457316,0.004888600887126868,0.014425580567141438
2897,F-A1-DDOSLIKE-V-03,DDoS,Normal,RF-v3,0.9587242197284547,0.0409615768462722,0.0003142034252730663
2898,F-A1-DDOSLIKE-V-03,DDoS,Normal,RF-v3,0.9863299574744405,0.004888600887126868,0.008781441638432318
2899,F-A1-DDOSLIKE-V-03,DDoS,Normal,RF-v3,0.8936888020690307,0.10619496557571993,0.00011623235524930599
2900,F-A1-DDOSLIKE-V-03,DDoS,Normal,RF-v3,0.9806858185457316,0.004888600887126868,0.014425580567141438
2901,F-A1-DDOSLIKE-V-03,DDoS,Normal,RF-v3,0.9132827421703618,0.08660102547438883,0.00011623235524930599
2902,F-A1-DDOSLIKE-V-03,DDoS,Normal,RF-v3,0.9866053297058072,0.004788929590339676,0.00860574070385288
2903,F-A1-DDOSLIKE-V-03,DDoS,Normal,RF-v3,0.9091080705792893,0.09077569706546124,0.00011623235524930599
2904,F-A1-DDOSLIKE-V-03,DDoS,Normal,RF-v3,0.9806858185457316,0.004888600887126868,0.014425580567141438
2905,F-A1-DDOSLIKE-V-03,DDoS,Normal,RF-v3,0.9638345290239514,0.035911239478809406,0.00025423149723938
2906,F-A1-DDOSLIKE-V-03,DDoS,Normal,RF-v3,0.9861128393111163,0.004788929590339676,0.009098231098543762
2907,F-A1-DDOSLIKE-V-03,DDoS,Normal,RF-v3,0.9184271319918182,0.08148251528511119,9.035272307046122e-05
2908,F-A1-DDOSLIKE-V-03,DDoS,Normal,RF-v3,0.9806858185457316,0.004888600887126868,0.014425580567141438
2909,F-A1-DDOSLIKE-V-03,DDoS,Normal,RF-v3,0.9451649111211198,0.054438069435638455,0.000397019443241583
2910,F-A1-DDOSLIKE-V-03,DDoS,Normal,RF-v3,0.9811128393111165,0.004788929590339676,0.014098231098543761
2911,F-A1-DDOSLIKE-V-03,DDoS,Normal,RF-v3,0.9598351433059004,0.03994353818543726,0.0002213185086621438
2912,F-A1-DDOSLIKE-V-03,DDoS,Normal,RF-v3,0.9864296287712279,0.004788929590339676,0.008781441638432318
2913,F-A1-DDOSLIKE-V-03,DDoS,Normal,RF-v3,0.9122672165469561,0.08690999906006652,0.0008227843929774416
2914,F-A1-DDOSLIKE-V-03,DDoS,Normal,RF-v3,0.9808615194803109,0.004888600887126868,0.014249879632562
2915,F-A1-DDOSLIKE-V-03,DDoS,Normal,RF-v3,0.9581548950464862,0.04120176979452601,0.0006433351589876238
2916,F-A1-DDOSLIKE-V-03,DDoS,Normal,RF-v3,0.9866053297058072,0.004788929590339676,0.00860574070385288
2917,F-A1-DDOSLIKE-V-03,DDoS,Normal,RF-v3,0.8923175539144188,0.10685966169260375,0.0008227843929774416
2918,F-A1-DDOSLIKE-V-03,DDoS,Normal,RF-v3,0.9806858185457316,0.004888600887126868,0.014425580567141438
2919,F-A1-DDOSLIKE-V-03,DDoS,Normal,RF-v3,0.9365208147799899,0.06149073054980784,0.001988454670202362
2920,F-A1-DDOSLIKE-V-03,DDoS,Normal,RF-v3,0.9806858185457316,0.004888600887126868,0.014425580567141438
2921,F-A1-DDOSLIKE-V-03,DDoS,Normal,RF-v3,0.9036584775319638,0.09622529011278685,0.00011623235524930599
2922,F-A1-DDOSLIKE-V-03,DDoS,Normal,RF-v3,0.9806858185457316,0.004888600887126868,0.014425580567141438
2923,F-A1-DDOSLIKE-V-03,DDoS,Normal,RF-v3,0.9072672165469561,0.09190999906006653,0.0008227843929774416
2924,F-A1-DDOSLIKE-V-03,DDoS,Normal,RF-v3,0.9815542269821619,0.004888600887126868,0.01355717213071099
2925,F-A1-DDOSLIKE-V-03,DDoS,Normal,RF-v3,0.8984515897271023,0.10143217791764841,0.00011623235524930599
2926,F-A1-DDOSLIKE-V-03,DDoS,Normal,RF-v3,0.9806858185457316,0.004888600887126868,0.014425580567141438
2927,F-A1-DDOSLIKE-V-03,DDoS,Normal,RF-v3,0.912917152689941,0.08693311925499174,0.00014972805506728544
2928,F-A1-DDOSLIKE-V-03,DDoS,Normal,RF-v3,0.9806858185457316,0.004888600887126868,0.014425580567141438
2929,F-A1-DDOSLIKE-V-03,DDoS,Normal,RF-v3,0.9240577128038495,0.07592372856152424,1.855863462625439e-05
2930,F-A1-DDOSLIKE-V-03,DDoS,Normal,RF-v3,0.9806858185457316,0.004888600887126868,0.014425580567141438
2931,F-A1-DDOSLIKE-V-03,DDoS,Normal,RF-v3,0.912917152689941,0.08693311925499174,0.00014972805506728544
2932,F-A1-DDOSLIKE-V-03,DDoS,Normal,RF-v3,0.9806858185457316,0.004888600887126868,0.014425580567141438
2933,F-A1-DDOSLIKE-V-03,DDoS,Normal,RF-v3,0.9229348062064189,0.07688958610633503,0.0001756076872461302
2934,F-A1-DDOSLIKE-V-03,DDoS,Normal,RF-v3,0.9806858185457316,0.004888600887126868,0.014425580567141438
2935,F-A1-DDOSLIKE-V-03,DDoS,Normal,RF-v3,0.920127104433779,0.07975666321097158,0.00011623235524930599
2936,F-A1-DDOSLIKE-V-03,DDoS,Normal,RF-v3,0.9811128393111165,0.004788929590339676,0.014098231098543761
2937,F-A1-DDOSLIKE-V-03,DDoS,Normal,RF-v3,0.9129819838493808,0.08690178379536989,0.00011623235524930599
2938,F-A1-DDOSLIKE-V-03,DDoS,Normal,RF-v3,0.980510117611152,0.004888600887126868,0.014601281501720877
2939,F-A1-DDOSLIKE-V-03,DDoS,Normal,RF-v3,0.9493137694622437,0.05049197096855071,0.00019425956920569366
2940,F-A1-DDOSLIKE-V-03,DDoS,Normal,RF-v3,0.9754518352455974,0.005477648641374151,0.019070516113028017
2941,F-A1-DDOSLIKE-V-03,DDoS,Normal,RF-v3,0.9488067800931969,0.05091252606614413,0.000280693840658968
2942,F-A1-DDOSLIKE-V-03,DDoS,Normal,RF-v3,0.980510117611152,0.004888600887126868,0.014601281501720877
2943,F-A1-DDOSLIKE-V-03,DDoS,Normal,RF-v3,0.9533673981482467,0.0459112394788094,0.0007213623729440113
2944,F-A1-DDOSLIKE-V-03,DDoS,Normal,RF-v3,0.9806858185457316,0.004888600887126868,0.014425580567141438
2945,F-A1-DDOSLIKE-V-03,DDoS,Normal,RF-v3,0.9021486349443175,0.09771428416661188,0.0001370808890708389
2946,F-A1-DDOSLIKE-V-03,DDoS,Normal,RF-v3,0.9806858185457316,0.004888600887126868,0.014425580567141438
2947,F-A1-DDOSLIKE-V-03,DDoS,Normal,RF-v3,0.9121534479780001,0.08247659151821471,0.0053699605037851325
2948,F-A1-DDOSLIKE-V-03,DDoS,Normal,RF-v3,0.9188718330230387,0.08110960834233519,1.855863462625439e-05
2949,F-A1-DDOSLIKE-V-03,DDoS,Normal,RF-v3,0.9756778735476397,0.005427311273911368,0.018894815178448578
2950,F-A1-DDOSLIKE-V-03,DDoS,Normal,RF-v3,0.96425379753421,0.0354919709685507,0.00025423149723938
2951,F-A1-DDOSLIKE-V-03,DDoS,Normal,RF-v3,0.9863299574744405,0.004888600887126868,0.008781441638432318
2952,F-A1-DDOSLIKE-V-03,DDoS,Normal,RF-v3,0.918945089824332,0.08096455745259755,9.035272307046122e-05
2953,F-A1-DDOSLIKE-V-03,DDoS,Normal,RF-v3,0.9866053297058072,0.004788929590339676,0.00860574070385288
2954,F-A1-DDOSLIKE-V-03,DDoS,Normal,RF-v3,0.96425379753421,0.0354919709685507,0.00025423149723938
2955,F-A1-DDOSLIKE-V-03,DDoS,Normal,RF-v3,0.9806858185457316,0.004888600887126868,0.014425580567141438
2956,F-A1-DDOSLIKE-V-03,DDoS,Normal,RF-v3,0.918217911010922,0.08163236093401069,0.00014972805506728544
2957,F-A1-DDOSLIKE-V-03,DDoS,Normal,RF-v3,0.9806858185457316,0.004888600887126868,0.014425580567141438
2958,F-A1-DDOSLIKE-V-03,DDoS,Normal,RF-v3,0.9138205208698982,0.0860632467748525,0.00011623235524930599
2959,F-A1-DDOSLIKE-V-03,DDoS,Normal,RF-v3,0.9706778735476397,0.0077065412279912,0.02161558522436876
2960,F-A1-DDOSLIKE-V-03,DDoS,Normal,RF-v3,0.8986843571641425,0.10122529011278684,9.035272307046122e-05
2961,F-A1-DDOSLIKE-V-03,DDoS,Normal,RF-v3,0.9806858185457316,0.004888600887126868,0.014425580567141438
2962,F-A1-DDOSLIKE-V-03,DDoS,Normal,RF-v3,0.9181666803668855,0.08163906006390893,0.00019425956920569366
2963,F-A1-DDOSLIKE-V-03,DDoS,Normal,RF-v3,0.9806858185457316,0.004888600887126868,0.014425580567141438
2964,F-A1-DDOSLIKE-V-03,DDoS,Normal,RF-v3,0.923939202614572,0.07604223875080189,1.855863462625439e-05
2965,F-A1-DDOSLIKE-V-03,DDoS,Normal,RF-v3,0.9806858185457316,0.004888600887126868,0.014425580567141438
2966,F-A1-DDOSLIKE-V-03,DDoS,Normal,RF-v3,0.949503207126849,0.05014488765528839,0.00035190521786243156
2967,F-A1-DDOSLIKE-V-03,DDoS,Normal,RF-v3,0.9806858185457316,0.004888600887126868,0.014425580567141438
2968,F-A1-DDOSLIKE-V-03,DDoS,Normal,RF-v3,0.9575264677378792,0.04171873243338491,0.0007547998287359088
2969,F-A1-DDOSLIKE-V-03,DDoS,Normal,RF-v3,0.9808615194803109,0.004888600887126868,0.014249879632562
2970,F-A1-DDOSLIKE-V-03,DDoS,Normal,RF-v3,0.9138718330230386,0.08610960834233518,1.855863462625439e-05
2971,F-A1-DDOSLIKE-V-03,DDoS,Normal,RF-v3,0.8206673459886444,0.1781080447075364,0.001224609303819198
2972,F-A1-DDOSLIKE-V-03,DDoS,Normal,RF-v3,0.9811128393111165,0.004788929590339676,0.014098231098543761
2973,F-A1-DDOSLIKE-V-03,DDoS,Normal,RF-v3,0.9811128393111165,0.004788929590339676,0.014098231098543761
2974,F-A1-DDOSLIKE-V-03,DDoS,Normal,RF-v3,0.929006220062135,0.06592372856152424,0.0050700513763408525
2975,F-A1-DDOSLIKE-V-03,DDoS,Normal,RF-v3,0.9806858185457316,0.004888600887126868,0.014425580567141438
2976,F-A1-DDOSLIKE-V-03,DDoS,Normal,RF-v3,0.9136643443337467,0.08624530294318271,9.035272307046122e-05
2977,F-A1-DDOSLIKE-V-03,DDoS,Normal,RF-v3,0.980510117611152,0.004888600887126868,0.014601281501720877
2978,F-A1-DDOSLIKE-V-03,DDoS,Normal,RF-v3,0.9138464005020771,0.0860632467748525,9.035272307046122e-05
2979,F-A1-DDOSLIKE-V-03,DDoS,Normal,RF-v3,0.9706778735476397,0.0077065412279912,0.02161558522436876
2980,F-A1-DDOSLIKE-V-03,DDoS,Normal,RF-v3,0.9135836824292172,0.08632596484771239,9.035272307046122e-05
2981,F-A1-DDOSLIKE-V-03,DDoS,Normal,RF-v3,0.9806858185457316,0.004888600887126868,0.014425580567141438
2982,F-A1-DDOSLIKE-V-03,DDoS,Normal,RF-v3,0.785340714935034,0.10149770261798098,0.11316158244698818
2983,F-A1-DDOSLIKE-V-03,DDoS,Normal,RF-v3,0.7770830079743402,0.09486747081533582,0.12804952121032717
2984,F-A1-DDOSLIKE-V-03,DDoS,Normal,RF-v3,0.750603009679693,0.09547866723146578,0.15391832308884448
2985,F-A1-DDOSLIKE-V-03,DDoS,Normal,RF-v3,0.7770830079743402,0.09486747081533582,0.12804952121032717
2986,F-A1-DDOSLIKE-V-03,DDoS,Normal,RF-v3,0.8697407742498544,0.12055349493804123,0.009705730812108033
2987,F-A1-DDOSLIKE-V-03,DDoS,Normal,RF-v3,0.7770830079743402,0.09486747081533582,0.12804952121032717
2988,F-A1-DDOSLIKE-V-03,DDoS,Normal,RF-v3,0.7878233906284139,0.1044594307638077,0.1077171786077817
2989,F-A1-DDOSLIKE-V-03,DDoS,Normal,RF-v3,0.7770830079743402,0.09486747081533582,0.12804952121032717
2990,F-A1-DDOSLIKE-V-03,DDoS,Normal,RF-v3,0.817688889841508,0.10420721772573768,0.07810389243275745
2991,F-A1-DDOSLIKE-V-03,DDoS,Normal,RF-v3,0.7337938816887521,0.1748721660645584,0.0913339522466908
2992,F-A1-DDOSLIKE-V-03,DDoS,Normal,RF-v3,0.7770830079743402,0.09486747081533582,0.12804952121032717
2993,F-A1-DDOSLIKE-V-03,DDoS,Normal,RF-v3,0.6789548393807285,0.22022261735631526,0.10082254326295656
2994,F-A1-DDOSLIKE-V-03,DDoS,Normal,RF-v3,0.785340714935034,0.10149770261798098,0.11316158244698818
2995,F-A1-DDOSLIKE-V-03,DDoS,Normal,RF-v3,0.785340714935034,0.10149770261798098,0.11316158244698818
2996,F-A1-DDOSLIKE-V-03,DDoS,Normal,RF-v3,0.707399853419694,0.19487192482807272,0.097728221752234
2997,F-A1-DDOSLIKE-V-03,DDoS,Normal,RF-v3,0.785340714935034,0.10149770261798098,0.11316158244698818
2998,F-A1-DDOSLIKE-V-03,DDoS,Normal,RF-v3,0.7046697996579165,0.14408334028378886,0.15124686005829763
2999,F-A1-PORTSCAN-V-01,PortScan,PortScan,RF-v3,0.007765084980849341,0.0016101204881968916,0.9906247945309538
3000,F-A1-PORTSCAN-V-01,PortScan,PortScan,RF-v3,0.007765084980849341,0.0016101204881968916,0.9906247945309538
3001,F-A1-PORTSCAN-V-01,PortScan,PortScan,RF-v3,0.00966971850722246,0.0034906074112497276,0.9868396740815275
3002,F-A1-PORTSCAN-V-01,PortScan,PortScan,RF-v3,0.007765084980849341,0.0016101204881968916,0.9906247945309538
3003,F-A1-PORTSCAN-V-01,PortScan,PortScan,RF-v3,0.007765084980849341,0.0016101204881968916,0.9906247945309538
3004,F-A1-PORTSCAN-V-01,PortScan,PortScan,RF-v3,0.00966971850722246,0.0034906074112497276,0.9868396740815275
3005,F-A1-PORTSCAN-V-01,PortScan,PortScan,RF-v3,0.007932008187120117,0.0016101204881968916,0.9904578713246829
3006,F-A1-PORTSCAN-V-01,PortScan,PortScan,RF-v3,0.007765084980849341,0.0016101204881968916,0.9906247945309538
3007,F-A1-PORTSCAN-V-01,PortScan,PortScan,RF-v3,0.007765084980849341,0.0016101204881968916,0.9906247945309538
3008,F-A1-PORTSCAN-V-01,PortScan,PortScan,RF-v3,0.00966971850722246,0.0034906074112497276,0.9868396740815275
3009,F-A1-PORTSCAN-V-01,PortScan,PortScan,RF-v3,0.007765084980849341,0.0016101204881968916,0.9906247945309538
3010,F-A1-PORTSCAN-V-01,PortScan,PortScan,RF-v3,0.007765084980849341,0.0016101204881968916,0.9906247945309538
3011,F-A1-PORTSCAN-V-01,PortScan,PortScan,RF-v3,0.007932008187120117,0.0016101204881968916,0.9904578713246829
3012,F-A1-PORTSCAN-V-01,PortScan,PortScan,RF-v3,0.00966971850722246,0.0034906074112497276,0.9868396740815275
3013,F-A1-PORTSCAN-V-01,PortScan,PortScan,RF-v3,0.007932008187120117,0.0016101204881968916,0.9904578713246829
3014,F-A1-PORTSCAN-V-01,PortScan,PortScan,RF-v3,0.007765084980849341,0.0016101204881968916,0.9906247945309538
3015,F-A1-PORTSCAN-V-01,PortScan,PortScan,RF-v3,0.007932008187120117,0.0016101204881968916,0.9904578713246829
3016,F-A1-PORTSCAN-V-01,PortScan,PortScan,RF-v3,0.007765084980849341,0.0016101204881968916,0.9906247945309538
3017,F-A1-PORTSCAN-V-01,PortScan,PortScan,RF-v3,0.00966971850722246,0.0034906074112497276,0.9868396740815275
3018,F-A1-PORTSCAN-V-01,PortScan,PortScan,RF-v3,0.00966971850722246,0.0034906074112497276,0.9868396740815275
3019,F-A1-PORTSCAN-V-01,PortScan,PortScan,RF-v3,0.007765084980849341,0.0016101204881968916,0.9906247945309538
3020,F-A1-PORTSCAN-V-01,PortScan,PortScan,RF-v3,0.007932008187120117,0.0016101204881968916,0.9904578713246829
3021,F-A1-PORTSCAN-V-01,PortScan,PortScan,RF-v3,0.007932008187120117,0.0016101204881968916,0.9904578713246829
3022,F-A1-PORTSCAN-V-01,PortScan,PortScan,RF-v3,0.007932008187120117,0.0016101204881968916,0.9904578713246829
3023,F-A1-PORTSCAN-V-01,PortScan,PortScan,RF-v3,0.00966971850722246,0.0034906074112497276,0.9868396740815275
3024,F-A1-PORTSCAN-V-01,PortScan,PortScan,RF-v3,0.00966971850722246,0.0034906074112497276,0.9868396740815275
3025,F-A1-PORTSCAN-V-01,PortScan,PortScan,RF-v3,0.00966971850722246,0.0034906074112497276,0.9868396740815275
3026,F-A1-PORTSCAN-V-01,PortScan,PortScan,RF-v3,0.00966971850722246,0.0034906074112497276,0.9868396740815275
3027,F-A1-PORTSCAN-V-01,PortScan,PortScan,RF-v3,0.007765084980849341,0.0016101204881968916,0.9906247945309538
3028,F-A1-PORTSCAN-V-01,PortScan,PortScan,RF-v3,0.007765084980849341,0.0016101204881968916,0.9906247945309538
3029,F-A1-PORTSCAN-V-01,PortScan,PortScan,RF-v3,0.007932008187120117,0.0016101204881968916,0.9904578713246829
3030,F-A1-PORTSCAN-V-01,PortScan,PortScan,RF-v3,0.007932008187120117,0.0016101204881968916,0.9904578713246829
3031,F-A1-PORTSCAN-V-01,PortScan,PortScan,RF-v3,0.007932008187120117,0.0016101204881968916,0.9904578713246829
3032,F-A1-PORTSCAN-V-01,PortScan,PortScan,RF-v3,0.007765084980849341,0.0016101204881968916,0.9906247945309538
3033,F-A1-PORTSCAN-V-01,PortScan,PortScan,RF-v3,0.007932008187120117,0.0016101204881968916,0.9904578713246829
3034,F-A1-PORTSCAN-V-01,PortScan,PortScan,RF-v3,0.007932008187120117,0.0016101204881968916,0.9904578713246829
3035,F-A1-PORTSCAN-V-01,PortScan,PortScan,RF-v3,0.00966971850722246,0.0034906074112497276,0.9868396740815275
3036,F-A1-PORTSCAN-V-01,PortScan,PortScan,RF-v3,0.007765084980849341,0.0016101204881968916,0.9906247945309538
3037,F-A1-PORTSCAN-V-01,PortScan,PortScan,RF-v3,0.007765084980849341,0.0016101204881968916,0.9906247945309538
3038,F-A1-PORTSCAN-V-01,PortScan,PortScan,RF-v3,0.00966971850722246,0.0034906074112497276,0.9868396740815275
3039,F-A1-PORTSCAN-V-01,PortScan,PortScan,RF-v3,0.00966971850722246,0.0034906074112497276,0.9868396740815275
3040,F-A1-PORTSCAN-V-01,PortScan,PortScan,RF-v3,0.007765084980849341,0.0016101204881968916,0.9906247945309538
3041,F-A1-PORTSCAN-V-01,PortScan,PortScan,RF-v3,0.007765084980849341,0.0016101204881968916,0.9906247945309538
3042,F-A1-PORTSCAN-V-01,PortScan,PortScan,RF-v3,0.00966971850722246,0.0034906074112497276,0.9868396740815275
3043,F-A1-PORTSCAN-V-01,PortScan,PortScan,RF-v3,0.00966971850722246,0.0034906074112497276,0.9868396740815275
3044,F-A1-PORTSCAN-V-01,PortScan,PortScan,RF-v3,0.007765084980849341,0.0016101204881968916,0.9906247945309538
3045,F-A1-PORTSCAN-V-01,PortScan,PortScan,RF-v3,0.007765084980849341,0.0016101204881968916,0.9906247945309538
3046,F-A1-PORTSCAN-V-01,PortScan,PortScan,RF-v3,0.007765084980849341,0.0016101204881968916,0.9906247945309538
3047,F-A1-PORTSCAN-V-01,PortScan,PortScan,RF-v3,0.007765084980849341,0.0016101204881968916,0.9906247945309538
3048,F-A1-PORTSCAN-V-01,PortScan,PortScan,RF-v3,0.00966971850722246,0.0034906074112497276,0.9868396740815275
3049,F-A1-PORTSCAN-V-01,PortScan,PortScan,RF-v3,0.007765084980849341,0.0016101204881968916,0.9906247945309538
3050,F-A1-PORTSCAN-V-01,PortScan,PortScan,RF-v3,0.007932008187120117,0.0016101204881968916,0.9904578713246829
3051,F-A1-PORTSCAN-V-01,PortScan,PortScan,RF-v3,0.011733400820822368,0.0016101204881968916,0.9866564786909806
3052,F-A1-PORTSCAN-V-01,PortScan,PortScan,RF-v3,0.00966971850722246,0.0034906074112497276,0.9868396740815275
3053,F-A1-PORTSCAN-V-01,PortScan,PortScan,RF-v3,0.007765084980849341,0.0016101204881968916,0.9906247945309538
3054,F-A1-PORTSCAN-V-01,PortScan,PortScan,RF-v3,0.007932008187120117,0.0016101204881968916,0.9904578713246829
3055,F-A1-PORTSCAN-V-01,PortScan,PortScan,RF-v3,0.007765084980849341,0.0016101204881968916,0.9906247945309538
3056,F-A1-PORTSCAN-V-01,PortScan,PortScan,RF-v3,0.007765084980849341,0.0016101204881968916,0.9906247945309538
3057,F-A1-PORTSCAN-V-01,PortScan,PortScan,RF-v3,0.00966971850722246,0.0034906074112497276,0.9868396740815275
3058,F-A1-PORTSCAN-V-01,PortScan,PortScan,RF-v3,0.00966971850722246,0.0034906074112497276,0.9868396740815275
3059,F-A1-PORTSCAN-V-01,PortScan,PortScan,RF-v3,0.00966971850722246,0.0034906074112497276,0.9868396740815275
3060,F-A1-PORTSCAN-V-01,PortScan,PortScan,RF-v3,0.007765084980849341,0.0016101204881968916,0.9906247945309538
3061,F-A1-PORTSCAN-V-01,PortScan,PortScan,RF-v3,0.007765084980849341,0.0016101204881968916,0.9906247945309538
3062,F-A1-PORTSCAN-V-01,PortScan,PortScan,RF-v3,0.00966971850722246,0.0034906074112497276,0.9868396740815275
3063,F-A1-PORTSCAN-V-01,PortScan,PortScan,RF-v3,0.007765084980849341,0.0016101204881968916,0.9906247945309538
3064,F-A1-PORTSCAN-V-01,PortScan,PortScan,RF-v3,0.00966971850722246,0.0034906074112497276,0.9868396740815275
3065,F-A1-PORTSCAN-V-01,PortScan,PortScan,RF-v3,0.007765084980849341,0.0016101204881968916,0.9906247945309538
3066,F-A1-PORTSCAN-V-01,PortScan,PortScan,RF-v3,0.007765084980849341,0.0016101204881968916,0.9906247945309538
3067,F-A1-PORTSCAN-V-01,PortScan,PortScan,RF-v3,0.007932008187120117,0.0016101204881968916,0.9904578713246829
3068,F-A1-PORTSCAN-V-01,PortScan,PortScan,RF-v3,0.007765084980849341,0.0016101204881968916,0.9906247945309538
3069,F-A1-PORTSCAN-V-01,PortScan,PortScan,RF-v3,0.00966971850722246,0.0034906074112497276,0.9868396740815275
3070,F-A1-PORTSCAN-V-01,PortScan,PortScan,RF-v3,0.00966971850722246,0.0034906074112497276,0.9868396740815275
3071,F-A1-PORTSCAN-V-01,PortScan,PortScan,RF-v3,0.00966971850722246,0.0034906074112497276,0.9868396740815275
3072,F-A1-PORTSCAN-V-01,PortScan,PortScan,RF-v3,0.007765084980849341,0.0016101204881968916,0.9906247945309538
3073,F-A1-PORTSCAN-V-01,PortScan,PortScan,RF-v3,0.007765084980849341,0.0016101204881968916,0.9906247945309538
3074,F-A1-PORTSCAN-V-01,PortScan,PortScan,RF-v3,0.007765084980849341,0.0016101204881968916,0.9906247945309538
3075,F-A1-PORTSCAN-V-01,PortScan,PortScan,RF-v3,0.00966971850722246,0.0034906074112497276,0.9868396740815275
3076,F-A1-PORTSCAN-V-01,PortScan,PortScan,RF-v3,0.00966971850722246,0.0034906074112497276,0.9868396740815275
3077,F-A1-PORTSCAN-V-01,PortScan,PortScan,RF-v3,0.007932008187120117,0.0016101204881968916,0.9904578713246829
3078,F-A1-PORTSCAN-V-01,PortScan,PortScan,RF-v3,0.007765084980849341,0.0016101204881968916,0.9906247945309538
3079,F-A1-PORTSCAN-V-01,PortScan,PortScan,RF-v3,0.007932008187120117,0.0016101204881968916,0.9904578713246829
3080,F-A1-PORTSCAN-V-01,PortScan,PortScan,RF-v3,0.007765084980849341,0.0016101204881968916,0.9906247945309538
3081,F-A1-PORTSCAN-V-01,PortScan,PortScan,RF-v3,0.00966971850722246,0.0034906074112497276,0.9868396740815275
3082,F-A1-PORTSCAN-V-01,PortScan,PortScan,RF-v3,0.007932008187120117,0.0016101204881968916,0.9904578713246829
3083,F-A1-PORTSCAN-V-01,PortScan,PortScan,RF-v3,0.007765084980849341,0.0016101204881968916,0.9906247945309538
3084,F-A1-PORTSCAN-V-01,PortScan,PortScan,RF-v3,0.007765084980849341,0.0016101204881968916,0.9906247945309538
3085,F-A1-PORTSCAN-V-01,PortScan,PortScan,RF-v3,0.007765084980849341,0.0016101204881968916,0.9906247945309538
3086,F-A1-PORTSCAN-V-01,PortScan,PortScan,RF-v3,0.007765084980849341,0.0016101204881968916,0.9906247945309538
3087,F-A1-PORTSCAN-V-01,PortScan,PortScan,RF-v3,0.007765084980849341,0.0016101204881968916,0.9906247945309538
3088,F-A1-PORTSCAN-V-01,PortScan,PortScan,RF-v3,0.007765084980849341,0.0016101204881968916,0.9906247945309538
3089,F-A1-PORTSCAN-V-01,PortScan,PortScan,RF-v3,0.00966971850722246,0.0034906074112497276,0.9868396740815275
3090,F-A1-PORTSCAN-V-01,PortScan,PortScan,RF-v3,0.007765084980849341,0.0016101204881968916,0.9906247945309538
3091,F-A1-PORTSCAN-V-01,PortScan,PortScan,RF-v3,0.00966971850722246,0.0034906074112497276,0.9868396740815275
3092,F-A1-PORTSCAN-V-01,PortScan,PortScan,RF-v3,0.00966971850722246,0.0034906074112497276,0.9868396740815275
3093,F-A1-PORTSCAN-V-01,PortScan,PortScan,RF-v3,0.007932008187120117,0.0016101204881968916,0.9904578713246829
3094,F-A1-PORTSCAN-V-01,PortScan,PortScan,RF-v3,0.007765084980849341,0.0016101204881968916,0.9906247945309538
3095,F-A1-PORTSCAN-V-01,PortScan,PortScan,RF-v3,0.007765084980849341,0.0016101204881968916,0.9906247945309538
3096,F-A1-PORTSCAN-V-01,PortScan,PortScan,RF-v3,0.007765084980849341,0.0016101204881968916,0.9906247945309538
3097,F-A1-PORTSCAN-V-01,PortScan,PortScan,RF-v3,0.00966971850722246,0.0034906074112497276,0.9868396740815275
3098,F-A1-PORTSCAN-V-01,PortScan,PortScan,RF-v3,0.00966971850722246,0.0034906074112497276,0.9868396740815275
3099,F-A1-PORTSCAN-V-01,PortScan,PortScan,RF-v3,0.007765084980849341,0.0016101204881968916,0.9906247945309538
3100,F-A1-PORTSCAN-V-01,PortScan,PortScan,RF-v3,0.007765084980849341,0.0016101204881968916,0.9906247945309538
3101,F-A1-PORTSCAN-V-01,PortScan,PortScan,RF-v3,0.007765084980849341,0.0016101204881968916,0.9906247945309538
3102,F-A1-PORTSCAN-V-01,PortScan,PortScan,RF-v3,0.007765084980849341,0.0016101204881968916,0.9906247945309538
3103,F-A1-PORTSCAN-V-01,PortScan,PortScan,RF-v3,0.007765084980849341,0.0016101204881968916,0.9906247945309538
3104,F-A1-PORTSCAN-V-01,PortScan,PortScan,RF-v3,0.007932008187120117,0.0016101204881968916,0.9904578713246829
3105,F-A1-PORTSCAN-V-01,PortScan,PortScan,RF-v3,0.00966971850722246,0.0034906074112497276,0.9868396740815275
3106,F-A1-PORTSCAN-V-01,PortScan,PortScan,RF-v3,0.007765084980849341,0.0016101204881968916,0.9906247945309538
3107,F-A1-PORTSCAN-V-01,PortScan,PortScan,RF-v3,0.007932008187120117,0.0016101204881968916,0.9904578713246829
3108,F-A1-PORTSCAN-V-01,PortScan,PortScan,RF-v3,0.00966971850722246,0.0034906074112497276,0.9868396740815275
3109,F-A1-PORTSCAN-V-01,PortScan,PortScan,RF-v3,0.007932008187120117,0.0016101204881968916,0.9904578713246829
3110,F-A1-PORTSCAN-V-01,PortScan,PortScan,RF-v3,0.007765084980849341,0.0016101204881968916,0.9906247945309538
3111,F-A1-PORTSCAN-V-01,PortScan,PortScan,RF-v3,0.00966971850722246,0.0034906074112497276,0.9868396740815275
3112,F-A1-PORTSCAN-V-01,PortScan,PortScan,RF-v3,0.007765084980849341,0.0016101204881968916,0.9906247945309538
3113,F-A1-PORTSCAN-V-01,PortScan,PortScan,RF-v3,0.007765084980849341,0.0016101204881968916,0.9906247945309538
3114,F-A1-PORTSCAN-V-01,PortScan,PortScan,RF-v3,0.00966971850722246,0.0034906074112497276,0.9868396740815275
3115,F-A1-PORTSCAN-V-01,PortScan,PortScan,RF-v3,0.00966971850722246,0.0034906074112497276,0.9868396740815275
3116,F-A1-PORTSCAN-V-01,PortScan,PortScan,RF-v3,0.007765084980849341,0.0016101204881968916,0.9906247945309538
3117,F-A1-PORTSCAN-V-01,PortScan,PortScan,RF-v3,0.007765084980849341,0.0016101204881968916,0.9906247945309538
3118,F-A1-PORTSCAN-V-01,PortScan,PortScan,RF-v3,0.007765084980849341,0.0016101204881968916,0.9906247945309538
3119,F-A1-PORTSCAN-V-01,PortScan,PortScan,RF-v3,0.007932008187120117,0.0016101204881968916,0.9904578713246829
3120,F-A1-PORTSCAN-V-01,PortScan,PortScan,RF-v3,0.007932008187120117,0.0016101204881968916,0.9904578713246829
3121,F-A1-PORTSCAN-V-01,PortScan,PortScan,RF-v3,0.007765084980849341,0.0016101204881968916,0.9906247945309538
3122,F-A1-PORTSCAN-V-01,PortScan,PortScan,RF-v3,0.007932008187120117,0.0016101204881968916,0.9904578713246829
3123,F-A1-PORTSCAN-V-01,PortScan,PortScan,RF-v3,0.007765084980849341,0.0016101204881968916,0.9906247945309538
3124,F-A1-PORTSCAN-V-01,PortScan,PortScan,RF-v3,0.00966971850722246,0.0034906074112497276,0.9868396740815275
3125,F-A1-PORTSCAN-V-01,PortScan,PortScan,RF-v3,0.007765084980849341,0.0016101204881968916,0.9906247945309538
3126,F-A1-PORTSCAN-V-01,PortScan,PortScan,RF-v3,0.0070646848036685795,0.0016198991628057163,0.9913154160335257
3127,F-A1-PORTSCAN-V-01,PortScan,PortScan,RF-v3,0.007765084980849341,0.0016101204881968916,0.9906247945309538
3128,F-A1-PORTSCAN-V-01,PortScan,PortScan,RF-v3,0.00966971850722246,0.0034906074112497276,0.9868396740815275
3129,F-A1-PORTSCAN-V-01,PortScan,PortScan,RF-v3,0.007765084980849341,0.0016101204881968916,0.9906247945309538
3130,F-A1-PORTSCAN-V-01,PortScan,PortScan,RF-v3,0.007765084980849341,0.0016101204881968916,0.9906247945309538
3131,F-A1-PORTSCAN-V-01,PortScan,PortScan,RF-v3,0.007765084980849341,0.0016101204881968916,0.9906247945309538
3132,F-A1-PORTSCAN-V-01,PortScan,PortScan,RF-v3,0.007765084980849341,0.0016101204881968916,0.9906247945309538
3133,F-A1-PORTSCAN-V-01,PortScan,PortScan,RF-v3,0.007765084980849341,0.0016101204881968916,0.9906247945309538
3134,F-A1-PORTSCAN-V-01,PortScan,PortScan,RF-v3,0.00966971850722246,0.0034906074112497276,0.9868396740815275
3135,F-A1-PORTSCAN-V-01,PortScan,PortScan,RF-v3,0.00966971850722246,0.0034906074112497276,0.9868396740815275
3136,F-A1-PORTSCAN-V-01,PortScan,PortScan,RF-v3,0.00966971850722246,0.0034906074112497276,0.9868396740815275
3137,F-A1-PORTSCAN-V-01,PortScan,PortScan,RF-v3,0.007765084980849341,0.0016101204881968916,0.9906247945309538
3138,F-A1-PORTSCAN-V-01,PortScan,PortScan,RF-v3,0.00966971850722246,0.0034906074112497276,0.9868396740815275
3139,F-A1-PORTSCAN-V-01,PortScan,PortScan,RF-v3,0.007765084980849341,0.0016101204881968916,0.9906247945309538
3140,F-A1-PORTSCAN-V-01,PortScan,PortScan,RF-v3,0.007765084980849341,0.0016101204881968916,0.9906247945309538
3141,F-A1-PORTSCAN-V-01,PortScan,PortScan,RF-v3,0.007765084980849341,0.0016101204881968916,0.9906247945309538
3142,F-A1-PORTSCAN-V-01,PortScan,PortScan,RF-v3,0.007765084980849341,0.0016101204881968916,0.9906247945309538
3143,F-A1-PORTSCAN-V-01,PortScan,PortScan,RF-v3,0.007765084980849341,0.0016101204881968916,0.9906247945309538
3144,F-A1-PORTSCAN-V-01,PortScan,PortScan,RF-v3,0.007765084980849341,0.0016101204881968916,0.9906247945309538
3145,F-A1-PORTSCAN-V-01,PortScan,PortScan,RF-v3,0.007765084980849341,0.0016101204881968916,0.9906247945309538
3146,F-A1-PORTSCAN-V-01,PortScan,PortScan,RF-v3,0.0062030803769152956,0.0016198991628057163,0.9921770204602791
3147,F-A1-PORTSCAN-V-01,PortScan,PortScan,RF-v3,0.007765084980849341,0.0016101204881968916,0.9906247945309538
3148,F-A1-PORTSCAN-V-01,PortScan,PortScan,RF-v3,0.007932008187120117,0.0016101204881968916,0.9904578713246829
3149,F-A1-PORTSCAN-V-01,PortScan,PortScan,RF-v3,0.007765084980849341,0.0016101204881968916,0.9906247945309538
3150,F-A1-PORTSCAN-V-01,PortScan,PortScan,RF-v3,0.00966971850722246,0.0034906074112497276,0.9868396740815275
3151,F-A1-PORTSCAN-V-01,PortScan,PortScan,RF-v3,0.007765084980849341,0.0016101204881968916,0.9906247945309538
3152,F-A1-PORTSCAN-V-01,PortScan,PortScan,RF-v3,0.007932008187120117,0.0016101204881968916,0.9904578713246829
3153,F-A1-PORTSCAN-V-01,PortScan,PortScan,RF-v3,0.007765084980849341,0.0016101204881968916,0.9906247945309538
3154,F-A1-PORTSCAN-V-01,PortScan,PortScan,RF-v3,0.00966971850722246,0.0034906074112497276,0.9868396740815275
3155,F-A1-PORTSCAN-V-01,PortScan,PortScan,RF-v3,0.007765084980849341,0.0016101204881968916,0.9906247945309538
3156,F-A1-PORTSCAN-V-01,PortScan,PortScan,RF-v3,0.00966971850722246,0.0034906074112497276,0.9868396740815275
3157,F-A1-PORTSCAN-V-01,PortScan,PortScan,RF-v3,0.00966971850722246,0.0034906074112497276,0.9868396740815275
3158,F-A1-PORTSCAN-V-01,PortScan,PortScan,RF-v3,0.006428711988070115,0.0016198991628057163,0.9919513888491243
3159,F-A1-PORTSCAN-V-01,PortScan,PortScan,RF-v3,0.007765084980849341,0.0016101204881968916,0.9906247945309538
3160,F-A1-PORTSCAN-V-01,PortScan,PortScan,RF-v3,0.00966971850722246,0.0034906074112497276,0.9868396740815275
3161,F-A1-PORTSCAN-V-01,PortScan,PortScan,RF-v3,0.007765084980849341,0.0016101204881968916,0.9906247945309538
3162,F-A1-PORTSCAN-V-01,PortScan,PortScan,RF-v3,0.007765084980849341,0.0016101204881968916,0.9906247945309538
3163,F-A1-PORTSCAN-V-01,PortScan,PortScan,RF-v3,0.007765084980849341,0.0016101204881968916,0.9906247945309538
3164,F-A1-PORTSCAN-V-01,PortScan,PortScan,RF-v3,0.007765084980849341,0.0016101204881968916,0.9906247945309538
3165,F-A1-PORTSCAN-V-01,PortScan,PortScan,RF-v3,0.007765084980849341,0.0016101204881968916,0.9906247945309538
3166,F-A1-PORTSCAN-V-01,PortScan,PortScan,RF-v3,0.007765084980849341,0.0016101204881968916,0.9906247945309538
3167,F-A1-PORTSCAN-V-01,PortScan,PortScan,RF-v3,0.00966971850722246,0.0034906074112497276,0.9868396740815275
3168,F-A1-PORTSCAN-V-01,PortScan,PortScan,RF-v3,0.00966971850722246,0.0034906074112497276,0.9868396740815275
3169,F-A1-PORTSCAN-V-01,PortScan,PortScan,RF-v3,0.007765084980849341,0.0016101204881968916,0.9906247945309538
3170,F-A1-PORTSCAN-V-01,PortScan,PortScan,RF-v3,0.007765084980849341,0.0016101204881968916,0.9906247945309538
3171,F-A1-PORTSCAN-V-01,PortScan,PortScan,RF-v3,0.00966971850722246,0.0034906074112497276,0.9868396740815275
3172,F-A1-PORTSCAN-V-01,PortScan,PortScan,RF-v3,0.007765084980849341,0.0016101204881968916,0.9906247945309538
3173,F-A1-PORTSCAN-V-01,PortScan,PortScan,RF-v3,0.00966971850722246,0.0034906074112497276,0.9868396740815275
3174,F-A1-PORTSCAN-V-01,PortScan,PortScan,RF-v3,0.00966971850722246,0.0034906074112497276,0.9868396740815275
3175,F-A1-PORTSCAN-V-01,PortScan,PortScan,RF-v3,0.007765084980849341,0.0016101204881968916,0.9906247945309538
3176,F-A1-PORTSCAN-V-01,PortScan,PortScan,RF-v3,0.007765084980849341,0.0016101204881968916,0.9906247945309538
3177,F-A1-PORTSCAN-V-01,PortScan,PortScan,RF-v3,0.007765084980849341,0.0016101204881968916,0.9906247945309538
3178,F-A1-PORTSCAN-V-01,PortScan,PortScan,RF-v3,0.007765084980849341,0.0016101204881968916,0.9906247945309538
3179,F-A1-PORTSCAN-V-01,PortScan,PortScan,RF-v3,0.007765084980849341,0.0016101204881968916,0.9906247945309538
3180,F-A1-PORTSCAN-V-01,PortScan,PortScan,RF-v3,0.007932008187120117,0.0016101204881968916,0.9904578713246829
3181,F-A1-PORTSCAN-V-01,PortScan,PortScan,RF-v3,0.00966971850722246,0.0034906074112497276,0.9868396740815275
3182,F-A1-PORTSCAN-V-01,PortScan,PortScan,RF-v3,0.007765084980849341,0.0016101204881968916,0.9906247945309538
3183,F-A1-PORTSCAN-V-01,PortScan,PortScan,RF-v3,0.00966971850722246,0.0034906074112497276,0.9868396740815275
3184,F-A1-PORTSCAN-V-01,PortScan,PortScan,RF-v3,0.007932008187120117,0.0016101204881968916,0.9904578713246829
3185,F-A1-PORTSCAN-V-01,PortScan,PortScan,RF-v3,0.007765084980849341,0.0016101204881968916,0.9906247945309538
3186,F-A1-PORTSCAN-V-01,PortScan,PortScan,RF-v3,0.00966971850722246,0.0034906074112497276,0.9868396740815275
3187,F-A1-PORTSCAN-V-01,PortScan,PortScan,RF-v3,0.007932008187120117,0.0016101204881968916,0.9904578713246829
3188,F-A1-PORTSCAN-V-01,PortScan,PortScan,RF-v3,0.007765084980849341,0.0016101204881968916,0.9906247945309538
3189,F-A1-PORTSCAN-V-01,PortScan,PortScan,RF-v3,0.007765084980849341,0.0016101204881968916,0.9906247945309538
3190,F-A1-PORTSCAN-V-01,PortScan,PortScan,RF-v3,0.00966971850722246,0.0034906074112497276,0.9868396740815275
3191,F-A1-PORTSCAN-V-01,PortScan,PortScan,RF-v3,0.007932008187120117,0.0016101204881968916,0.9904578713246829
3192,F-A1-PORTSCAN-V-01,PortScan,PortScan,RF-v3,0.00966971850722246,0.0034906074112497276,0.9868396740815275
3193,F-A1-PORTSCAN-V-01,PortScan,PortScan,RF-v3,0.007765084980849341,0.0016101204881968916,0.9906247945309538
3194,F-A1-PORTSCAN-V-01,PortScan,PortScan,RF-v3,0.007765084980849341,0.0016101204881968916,0.9906247945309538
3195,F-A1-PORTSCAN-V-01,PortScan,PortScan,RF-v3,0.007765084980849341,0.0016101204881968916,0.9906247945309538
3196,F-A1-PORTSCAN-V-01,PortScan,PortScan,RF-v3,0.007765084980849341,0.0016101204881968916,0.9906247945309538
3197,F-A1-PORTSCAN-V-01,PortScan,PortScan,RF-v3,0.007932008187120117,0.0016101204881968916,0.9904578713246829
3198,F-A1-PORTSCAN-V-01,PortScan,PortScan,RF-v3,0.007765084980849341,0.0016101204881968916,0.9906247945309538
3199,F-A1-PORTSCAN-V-01,PortScan,PortScan,RF-v3,0.007765084980849341,0.0016101204881968916,0.9906247945309538
3200,F-A1-PORTSCAN-V-01,PortScan,PortScan,RF-v3,0.007765084980849341,0.0016101204881968916,0.9906247945309538
3201,F-A1-PORTSCAN-V-01,PortScan,PortScan,RF-v3,0.007932008187120117,0.0016101204881968916,0.9904578713246829
3202,F-A1-PORTSCAN-V-01,PortScan,PortScan,RF-v3,0.007765084980849341,0.0016101204881968916,0.9906247945309538
3203,F-A1-PORTSCAN-V-01,PortScan,PortScan,RF-v3,0.007765084980849341,0.0016101204881968916,0.9906247945309538
3204,F-A1-PORTSCAN-V-01,PortScan,PortScan,RF-v3,0.00966971850722246,0.0034906074112497276,0.9868396740815275
3205,F-A1-PORTSCAN-V-01,PortScan,PortScan,RF-v3,0.00966971850722246,0.0034906074112497276,0.9868396740815275
3206,F-A1-PORTSCAN-V-01,PortScan,PortScan,RF-v3,0.007765084980849341,0.0016101204881968916,0.9906247945309538
3207,F-A1-PORTSCAN-V-01,PortScan,PortScan,RF-v3,0.007765084980849341,0.0016101204881968916,0.9906247945309538
3208,F-A1-PORTSCAN-V-01,PortScan,PortScan,RF-v3,0.00966971850722246,0.0034906074112497276,0.9868396740815275
3209,F-A1-PORTSCAN-V-01,PortScan,PortScan,RF-v3,0.00966971850722246,0.0034906074112497276,0.9868396740815275
3210,F-A1-PORTSCAN-V-01,PortScan,PortScan,RF-v3,0.007765084980849341,0.0016101204881968916,0.9906247945309538
3211,F-A1-PORTSCAN-V-01,PortScan,PortScan,RF-v3,0.007765084980849341,0.0016101204881968916,0.9906247945309538
3212,F-A1-PORTSCAN-V-01,PortScan,PortScan,RF-v3,0.00966971850722246,0.0034906074112497276,0.9868396740815275
3213,F-A1-PORTSCAN-V-01,PortScan,PortScan,RF-v3,0.007765084980849341,0.0016101204881968916,0.9906247945309538
3214,F-A1-PORTSCAN-V-01,PortScan,PortScan,RF-v3,0.007765084980849341,0.0016101204881968916,0.9906247945309538
3215,F-A1-PORTSCAN-V-01,PortScan,PortScan,RF-v3,0.00966971850722246,0.0034906074112497276,0.9868396740815275
3216,F-A1-PORTSCAN-V-01,PortScan,PortScan,RF-v3,0.007932008187120117,0.0016101204881968916,0.9904578713246829
3217,F-A1-PORTSCAN-V-01,PortScan,PortScan,RF-v3,0.006428711988070115,0.0016198991628057163,0.9919513888491243
3218,F-A1-PORTSCAN-V-01,PortScan,PortScan,RF-v3,0.00966971850722246,0.0034906074112497276,0.9868396740815275
3219,F-A1-PORTSCAN-V-01,PortScan,PortScan,RF-v3,0.00966971850722246,0.0034906074112497276,0.9868396740815275
3220,F-A1-PORTSCAN-V-01,PortScan,PortScan,RF-v3,0.007765084980849341,0.0016101204881968916,0.9906247945309538
3221,F-A1-PORTSCAN-V-01,PortScan,PortScan,RF-v3,0.00966971850722246,0.0034906074112497276,0.9868396740815275
3222,F-A1-PORTSCAN-V-01,PortScan,PortScan,RF-v3,0.007765084980849341,0.0016101204881968916,0.9906247945309538
3223,F-A1-PORTSCAN-V-01,PortScan,PortScan,RF-v3,0.011733400820822368,0.0016101204881968916,0.9866564786909806
3224,F-A1-PORTSCAN-V-01,PortScan,PortScan,RF-v3,0.007765084980849341,0.0016101204881968916,0.9906247945309538
3225,F-A1-PORTSCAN-V-01,PortScan,PortScan,RF-v3,0.00966971850722246,0.0034906074112497276,0.9868396740815275
3226,F-A1-PORTSCAN-V-01,PortScan,PortScan,RF-v3,0.007765084980849341,0.0016101204881968916,0.9906247945309538
3227,F-A1-PORTSCAN-V-01,PortScan,PortScan,RF-v3,0.007765084980849341,0.0016101204881968916,0.9906247945309538
3228,F-A1-PORTSCAN-V-01,PortScan,PortScan,RF-v3,0.007765084980849341,0.0016101204881968916,0.9906247945309538
3229,F-A1-PORTSCAN-V-01,PortScan,PortScan,RF-v3,0.007765084980849341,0.0016101204881968916,0.9906247945309538
3230,F-A1-PORTSCAN-V-01,PortScan,PortScan,RF-v3,0.007765084980849341,0.0016101204881968916,0.9906247945309538
3231,F-A1-PORTSCAN-V-01,PortScan,PortScan,RF-v3,0.007765084980849341,0.0016101204881968916,0.9906247945309538
3232,F-A1-PORTSCAN-V-01,PortScan,PortScan,RF-v3,0.007932008187120117,0.0016101204881968916,0.9904578713246829
3233,F-A1-PORTSCAN-V-01,PortScan,PortScan,RF-v3,0.00966971850722246,0.0034906074112497276,0.9868396740815275
3234,F-A1-PORTSCAN-V-01,PortScan,PortScan,RF-v3,0.007765084980849341,0.0016101204881968916,0.9906247945309538
3235,F-A1-PORTSCAN-V-01,PortScan,PortScan,RF-v3,0.007765084980849341,0.0016101204881968916,0.9906247945309538
3236,F-A1-PORTSCAN-V-01,PortScan,PortScan,RF-v3,0.00966971850722246,0.0034906074112497276,0.9868396740815275
3237,F-A1-PORTSCAN-V-01,PortScan,PortScan,RF-v3,0.00966971850722246,0.0034906074112497276,0.9868396740815275
3238,F-A1-PORTSCAN-V-01,PortScan,PortScan,RF-v3,0.007765084980849341,0.0016101204881968916,0.9906247945309538
3239,F-A1-PORTSCAN-V-01,PortScan,PortScan,RF-v3,0.007932008187120117,0.0016101204881968916,0.9904578713246829
3240,F-A1-PORTSCAN-V-01,PortScan,PortScan,RF-v3,0.007765084980849341,0.0016101204881968916,0.9906247945309538
3241,F-A1-PORTSCAN-V-01,PortScan,PortScan,RF-v3,0.01094407964216144,0.0016198991628057163,0.9874360211950329
3242,F-A1-PORTSCAN-V-01,PortScan,PortScan,RF-v3,0.007765084980849341,0.0016101204881968916,0.9906247945309538
3243,F-A1-PORTSCAN-V-01,PortScan,PortScan,RF-v3,0.007932008187120117,0.0016101204881968916,0.9904578713246829
3244,F-A1-PORTSCAN-V-01,PortScan,PortScan,RF-v3,0.007765084980849341,0.0016101204881968916,0.9906247945309538
3245,F-A1-PORTSCAN-V-01,PortScan,PortScan,RF-v3,0.007765084980849341,0.0016101204881968916,0.9906247945309538
3246,F-A1-PORTSCAN-V-01,PortScan,PortScan,RF-v3,0.007932008187120117,0.0016101204881968916,0.9904578713246829
3247,F-A1-PORTSCAN-V-01,PortScan,PortScan,RF-v3,0.00966971850722246,0.0034906074112497276,0.9868396740815275
3248,F-A1-PORTSCAN-V-01,PortScan,PortScan,RF-v3,0.007765084980849341,0.0016101204881968916,0.9906247945309538
3249,F-A1-PORTSCAN-V-01,PortScan,PortScan,RF-v3,0.00966971850722246,0.0034906074112497276,0.9868396740815275
3250,F-A1-PORTSCAN-V-01,PortScan,PortScan,RF-v3,0.007765084980849341,0.0016101204881968916,0.9906247945309538
3251,F-A1-PORTSCAN-V-01,PortScan,PortScan,RF-v3,0.00966971850722246,0.0034906074112497276,0.9868396740815275
3252,F-A1-PORTSCAN-V-01,PortScan,PortScan,RF-v3,0.007932008187120117,0.0016101204881968916,0.9904578713246829
3253,F-A1-PORTSCAN-V-01,PortScan,PortScan,RF-v3,0.007765084980849341,0.0016101204881968916,0.9906247945309538
3254,F-A1-PORTSCAN-V-01,PortScan,PortScan,RF-v3,0.007932008187120117,0.0016101204881968916,0.9904578713246829
3255,F-A1-PORTSCAN-V-01,PortScan,PortScan,RF-v3,0.00966971850722246,0.0034906074112497276,0.9868396740815275
3256,F-A1-PORTSCAN-V-01,PortScan,PortScan,RF-v3,0.007932008187120117,0.0016101204881968916,0.9904578713246829
3257,F-A1-PORTSCAN-V-01,PortScan,PortScan,RF-v3,0.007932008187120117,0.0016101204881968916,0.9904578713246829
3258,F-A1-PORTSCAN-V-01,PortScan,PortScan,RF-v3,0.007932008187120117,0.0016101204881968916,0.9904578713246829
3259,F-A1-PORTSCAN-V-01,PortScan,PortScan,RF-v3,0.007765084980849341,0.0016101204881968916,0.9906247945309538
3260,F-A1-PORTSCAN-V-01,PortScan,PortScan,RF-v3,0.00966971850722246,0.0034906074112497276,0.9868396740815275
3261,F-A1-PORTSCAN-V-01,PortScan,PortScan,RF-v3,0.007765084980849341,0.0016101204881968916,0.9906247945309538
3262,F-A1-PORTSCAN-V-01,PortScan,PortScan,RF-v3,0.00966971850722246,0.0034906074112497276,0.9868396740815275
3263,F-A1-PORTSCAN-V-01,PortScan,PortScan,RF-v3,0.00966971850722246,0.0034906074112497276,0.9868396740815275
3264,F-A1-PORTSCAN-V-01,PortScan,PortScan,RF-v3,0.014177228112531574,0.0034906074112497276,0.9823321644762184
3265,F-A1-PORTSCAN-V-01,PortScan,PortScan,RF-v3,0.007765084980849341,0.0016101204881968916,0.9906247945309538
3266,F-A1-PORTSCAN-V-01,PortScan,PortScan,RF-v3,0.007765084980849341,0.0016101204881968916,0.9906247945309538
3267,F-A1-PORTSCAN-V-01,PortScan,PortScan,RF-v3,0.00966971850722246,0.0034906074112497276,0.9868396740815275
3268,F-A1-PORTSCAN-V-01,PortScan,PortScan,RF-v3,0.007932008187120117,0.0016101204881968916,0.9904578713246829
3269,F-A1-PORTSCAN-V-01,PortScan,PortScan,RF-v3,0.007765084980849341,0.0016101204881968916,0.9906247945309538
3270,F-A1-PORTSCAN-V-01,PortScan,PortScan,RF-v3,0.007765084980849341,0.0016101204881968916,0.9906247945309538
3271,F-A1-PORTSCAN-V-01,PortScan,PortScan,RF-v3,0.007765084980849341,0.0016101204881968916,0.9906247945309538
3272,F-A1-PORTSCAN-V-01,PortScan,PortScan,RF-v3,0.00966971850722246,0.0034906074112497276,0.9868396740815275
3273,F-A1-PORTSCAN-V-01,PortScan,PortScan,RF-v3,0.00966971850722246,0.0034906074112497276,0.9868396740815275
3274,F-A1-PORTSCAN-V-01,PortScan,PortScan,RF-v3,0.007932008187120117,0.0016101204881968916,0.9904578713246829
3275,F-A1-PORTSCAN-V-01,PortScan,PortScan,RF-v3,0.007932008187120117,0.0016101204881968916,0.9904578713246829
3276,F-A1-PORTSCAN-V-01,PortScan,PortScan,RF-v3,0.00966971850722246,0.0034906074112497276,0.9868396740815275
3277,F-A1-PORTSCAN-V-01,PortScan,PortScan,RF-v3,0.00966971850722246,0.0034906074112497276,0.9868396740815275
3278,F-A1-PORTSCAN-V-01,PortScan,PortScan,RF-v3,0.007765084980849341,0.0016101204881968916,0.9906247945309538
3279,F-A1-PORTSCAN-V-01,PortScan,PortScan,RF-v3,0.007932008187120117,0.0016101204881968916,0.9904578713246829
3280,F-A1-PORTSCAN-V-01,PortScan,PortScan,RF-v3,0.007765084980849341,0.0016101204881968916,0.9906247945309538
3281,F-A1-PORTSCAN-V-01,PortScan,PortScan,RF-v3,0.007765084980849341,0.0016101204881968916,0.9906247945309538
3282,F-A1-PORTSCAN-V-01,PortScan,PortScan,RF-v3,0.007765084980849341,0.0016101204881968916,0.9906247945309538
3283,F-A1-PORTSCAN-V-01,PortScan,PortScan,RF-v3,0.007932008187120117,0.0016101204881968916,0.9904578713246829
3284,F-A1-PORTSCAN-V-01,PortScan,PortScan,RF-v3,0.00966971850722246,0.0034906074112497276,0.9868396740815275
3285,F-A1-PORTSCAN-V-01,PortScan,PortScan,RF-v3,0.00966971850722246,0.0034906074112497276,0.9868396740815275
3286,F-A1-PORTSCAN-V-01,PortScan,PortScan,RF-v3,0.00966971850722246,0.0034906074112497276,0.9868396740815275
3287,F-A1-PORTSCAN-V-01,PortScan,PortScan,RF-v3,0.007765084980849341,0.0016101204881968916,0.9906247945309538
3288,F-A1-PORTSCAN-V-01,PortScan,PortScan,RF-v3,0.007765084980849341,0.0016101204881968916,0.9906247945309538
3289,F-A1-PORTSCAN-V-01,PortScan,PortScan,RF-v3,0.00966971850722246,0.0034906074112497276,0.9868396740815275
3290,F-A1-PORTSCAN-V-01,PortScan,PortScan,RF-v3,0.007765084980849341,0.0016101204881968916,0.9906247945309538
3291,F-A1-PORTSCAN-V-01,PortScan,PortScan,RF-v3,0.007765084980849341,0.0016101204881968916,0.9906247945309538
3292,F-A1-PORTSCAN-V-01,PortScan,PortScan,RF-v3,0.007932008187120117,0.0016101204881968916,0.9904578713246829
3293,F-A1-PORTSCAN-V-01,PortScan,PortScan,RF-v3,0.00966971850722246,0.0034906074112497276,0.9868396740815275
3294,F-A1-PORTSCAN-V-01,PortScan,PortScan,RF-v3,0.007765084980849341,0.0016101204881968916,0.9906247945309538
3295,F-A1-PORTSCAN-V-01,PortScan,PortScan,RF-v3,0.007765084980849341,0.0016101204881968916,0.9906247945309538
3296,F-A1-PORTSCAN-V-01,PortScan,PortScan,RF-v3,0.00966971850722246,0.0034906074112497276,0.9868396740815275
3297,F-A1-PORTSCAN-V-01,PortScan,PortScan,RF-v3,0.00966971850722246,0.0034906074112497276,0.9868396740815275
3298,F-A1-PORTSCAN-V-01,PortScan,PortScan,RF-v3,0.007932008187120117,0.0016101204881968916,0.9904578713246829
3299,F-A1-PORTSCAN-V-01,PortScan,PortScan,RF-v3,0.00966971850722246,0.0034906074112497276,0.9868396740815275
3300,F-A1-PORTSCAN-V-01,PortScan,PortScan,RF-v3,0.007765084980849341,0.0016101204881968916,0.9906247945309538
3301,F-A1-PORTSCAN-V-01,PortScan,PortScan,RF-v3,0.00966971850722246,0.0034906074112497276,0.9868396740815275
3302,F-A1-PORTSCAN-V-01,PortScan,PortScan,RF-v3,0.007765084980849341,0.0016101204881968916,0.9906247945309538
3303,F-A1-PORTSCAN-V-01,PortScan,PortScan,RF-v3,0.007765084980849341,0.0016101204881968916,0.9906247945309538
3304,F-A1-PORTSCAN-V-01,PortScan,PortScan,RF-v3,0.014177228112531574,0.0034906074112497276,0.9823321644762184
3305,F-A1-PORTSCAN-V-01,PortScan,PortScan,RF-v3,0.007765084980849341,0.0016101204881968916,0.9906247945309538
3306,F-A1-PORTSCAN-V-01,PortScan,PortScan,RF-v3,0.00966971850722246,0.0034906074112497276,0.9868396740815275
3307,F-A1-PORTSCAN-V-01,PortScan,PortScan,RF-v3,0.007765084980849341,0.0016101204881968916,0.9906247945309538
3308,F-A1-PORTSCAN-V-01,PortScan,PortScan,RF-v3,0.007765084980849341,0.0016101204881968916,0.9906247945309538
3309,F-A1-PORTSCAN-V-01,PortScan,PortScan,RF-v3,0.007932008187120117,0.0016101204881968916,0.9904578713246829
3310,F-A1-PORTSCAN-V-01,PortScan,PortScan,RF-v3,0.007765084980849341,0.0016101204881968916,0.9906247945309538
3311,F-A1-PORTSCAN-V-01,PortScan,PortScan,RF-v3,0.007765084980849341,0.0016101204881968916,0.9906247945309538
3312,F-A1-PORTSCAN-V-01,PortScan,PortScan,RF-v3,0.00966971850722246,0.0034906074112497276,0.9868396740815275
3313,F-A1-PORTSCAN-V-01,PortScan,PortScan,RF-v3,0.007765084980849341,0.0016101204881968916,0.9906247945309538
3314,F-A1-PORTSCAN-V-01,PortScan,PortScan,RF-v3,0.007765084980849341,0.0016101204881968916,0.9906247945309538
3315,F-A1-PORTSCAN-V-01,PortScan,PortScan,RF-v3,0.007932008187120117,0.0016101204881968916,0.9904578713246829
3316,F-A1-PORTSCAN-V-01,PortScan,PortScan,RF-v3,0.007765084980849341,0.0016101204881968916,0.9906247945309538
3317,F-A1-PORTSCAN-V-01,PortScan,PortScan,RF-v3,0.007765084980849341,0.0016101204881968916,0.9906247945309538
3318,F-A1-PORTSCAN-V-01,PortScan,PortScan,RF-v3,0.007765084980849341,0.0016101204881968916,0.9906247945309538
3319,F-A1-PORTSCAN-V-01,PortScan,PortScan,RF-v3,0.012506084246095481,0.0016101204881968916,0.9858837952657076
3320,F-A1-PORTSCAN-V-01,PortScan,PortScan,RF-v3,0.007765084980849341,0.0016101204881968916,0.9906247945309538
3321,F-A1-PORTSCAN-V-01,PortScan,PortScan,RF-v3,0.00966971850722246,0.0034906074112497276,0.9868396740815275
3322,F-A1-PORTSCAN-V-01,PortScan,PortScan,RF-v3,0.00966971850722246,0.0034906074112497276,0.9868396740815275
3323,F-A1-PORTSCAN-V-01,PortScan,PortScan,RF-v3,0.007932008187120117,0.0016101204881968916,0.9904578713246829
3324,F-A1-PORTSCAN-V-01,PortScan,PortScan,RF-v3,0.007765084980849341,0.0016101204881968916,0.9906247945309538
3325,F-A1-PORTSCAN-V-01,PortScan,PortScan,RF-v3,0.00966971850722246,0.0034906074112497276,0.9868396740815275
3326,F-A1-PORTSCAN-V-01,PortScan,PortScan,RF-v3,0.007765084980849341,0.0016101204881968916,0.9906247945309538
3327,F-A1-PORTSCAN-V-01,PortScan,PortScan,RF-v3,0.007932008187120117,0.0016101204881968916,0.9904578713246829
3328,F-A1-PORTSCAN-V-01,PortScan,PortScan,RF-v3,0.00966971850722246,0.0034906074112497276,0.9868396740815275
3329,F-A1-PORTSCAN-V-01,PortScan,PortScan,RF-v3,0.00966971850722246,0.0034906074112497276,0.9868396740815275
3330,F-A1-PORTSCAN-V-01,PortScan,PortScan,RF-v3,0.007932008187120117,0.0016101204881968916,0.9904578713246829
3331,F-A1-PORTSCAN-V-01,PortScan,PortScan,RF-v3,0.007765084980849341,0.0016101204881968916,0.9906247945309538
3332,F-A1-PORTSCAN-V-01,PortScan,PortScan,RF-v3,0.007932008187120117,0.0016101204881968916,0.9904578713246829
3333,F-A1-PORTSCAN-V-01,PortScan,PortScan,RF-v3,0.007765084980849341,0.0016101204881968916,0.9906247945309538
3334,F-A1-PORTSCAN-V-01,PortScan,PortScan,RF-v3,0.007765084980849341,0.0016101204881968916,0.9906247945309538
3335,F-A1-PORTSCAN-V-01,PortScan,PortScan,RF-v3,0.007765084980849341,0.0016101204881968916,0.9906247945309538
3336,F-A1-PORTSCAN-V-01,PortScan,PortScan,RF-v3,0.007932008187120117,0.0016101204881968916,0.9904578713246829
3337,F-A1-PORTSCAN-V-01,PortScan,PortScan,RF-v3,0.007932008187120117,0.0016101204881968916,0.9904578713246829
3338,F-A1-PORTSCAN-V-01,PortScan,PortScan,RF-v3,0.00966971850722246,0.0034906074112497276,0.9868396740815275
3339,F-A1-PORTSCAN-V-01,PortScan,PortScan,RF-v3,0.007932008187120117,0.0016101204881968916,0.9904578713246829
3340,F-A1-PORTSCAN-V-01,PortScan,PortScan,RF-v3,0.007765084980849341,0.0016101204881968916,0.9906247945309538
3341,F-A1-PORTSCAN-V-01,PortScan,PortScan,RF-v3,0.007765084980849341,0.0016101204881968916,0.9906247945309538
3342,F-A1-PORTSCAN-V-01,PortScan,PortScan,RF-v3,0.00966971850722246,0.0034906074112497276,0.9868396740815275
3343,F-A1-PORTSCAN-V-01,PortScan,PortScan,RF-v3,0.007932008187120117,0.0016101204881968916,0.9904578713246829
3344,F-A1-PORTSCAN-V-01,PortScan,PortScan,RF-v3,0.007932008187120117,0.0016101204881968916,0.9904578713246829
3345,F-A1-PORTSCAN-V-01,PortScan,PortScan,RF-v3,0.00966971850722246,0.0034906074112497276,0.9868396740815275
3346,F-A1-PORTSCAN-V-01,PortScan,PortScan,RF-v3,0.00966971850722246,0.0034906074112497276,0.9868396740815275
3347,F-A1-PORTSCAN-V-01,PortScan,PortScan,RF-v3,0.007765084980849341,0.0016101204881968916,0.9906247945309538
3348,F-A1-PORTSCAN-V-01,PortScan,PortScan,RF-v3,0.007765084980849341,0.0016101204881968916,0.9906247945309538
3349,F-A1-PORTSCAN-V-01,PortScan,PortScan,RF-v3,0.007765084980849341,0.0016101204881968916,0.9906247945309538
3350,F-A1-PORTSCAN-V-01,PortScan,PortScan,RF-v3,0.007765084980849341,0.0016101204881968916,0.9906247945309538
3351,F-A1-PORTSCAN-V-01,PortScan,PortScan,RF-v3,0.007765084980849341,0.0016101204881968916,0.9906247945309538
3352,F-A1-PORTSCAN-V-01,PortScan,PortScan,RF-v3,0.007932008187120117,0.0016101204881968916,0.9904578713246829
3353,F-A1-PORTSCAN-V-01,PortScan,PortScan,RF-v3,0.007765084980849341,0.0016101204881968916,0.9906247945309538
3354,F-A1-PORTSCAN-V-01,PortScan,PortScan,RF-v3,0.007765084980849341,0.0016101204881968916,0.9906247945309538
3355,F-A1-PORTSCAN-V-01,PortScan,PortScan,RF-v3,0.00966971850722246,0.0034906074112497276,0.9868396740815275
3356,F-A1-PORTSCAN-V-01,PortScan,PortScan,RF-v3,0.00966971850722246,0.0034906074112497276,0.9868396740815275
3357,F-A1-PORTSCAN-V-01,PortScan,PortScan,RF-v3,0.00966971850722246,0.0034906074112497276,0.9868396740815275
3358,F-A1-PORTSCAN-V-01,PortScan,PortScan,RF-v3,0.007765084980849341,0.0016101204881968916,0.9906247945309538
3359,F-A1-PORTSCAN-V-01,PortScan,PortScan,RF-v3,0.00966971850722246,0.0034906074112497276,0.9868396740815275
3360,F-A1-PORTSCAN-V-01,PortScan,PortScan,RF-v3,0.007765084980849341,0.0016101204881968916,0.9906247945309538
3361,F-A1-PORTSCAN-V-01,PortScan,PortScan,RF-v3,0.00966971850722246,0.0034906074112497276,0.9868396740815275
3362,F-A1-PORTSCAN-V-01,PortScan,PortScan,RF-v3,0.007765084980849341,0.0016101204881968916,0.9906247945309538
3363,F-A1-PORTSCAN-V-01,PortScan,PortScan,RF-v3,0.00966971850722246,0.0034906074112497276,0.9868396740815275
3364,F-A1-PORTSCAN-V-01,PortScan,PortScan,RF-v3,0.01116971125331626,0.0016198991628057163,0.9872103895838781
3365,F-A1-PORTSCAN-V-01,PortScan,PortScan,RF-v3,0.00966971850722246,0.0034906074112497276,0.9868396740815275
3366,F-A1-PORTSCAN-V-01,PortScan,PortScan,RF-v3,0.00966971850722246,0.0034906074112497276,0.9868396740815275
3367,F-A1-PORTSCAN-V-01,PortScan,PortScan,RF-v3,0.007932008187120117,0.0016101204881968916,0.9904578713246829
3368,F-A1-PORTSCAN-V-01,PortScan,PortScan,RF-v3,0.00966971850722246,0.0034906074112497276,0.9868396740815275
3369,F-A1-PORTSCAN-V-01,PortScan,PortScan,RF-v3,0.007765084980849341,0.0016101204881968916,0.9906247945309538
3370,F-A1-PORTSCAN-V-01,PortScan,PortScan,RF-v3,0.007765084980849341,0.0016101204881968916,0.9906247945309538
3371,F-A1-PORTSCAN-V-01,PortScan,PortScan,RF-v3,0.007765084980849341,0.0016101204881968916,0.9906247945309538
3372,F-A1-PORTSCAN-V-01,PortScan,PortScan,RF-v3,0.007765084980849341,0.0016101204881968916,0.9906247945309538
3373,F-A1-PORTSCAN-V-01,PortScan,PortScan,RF-v3,0.007765084980849341,0.0016101204881968916,0.9906247945309538
3374,F-A1-PORTSCAN-V-01,PortScan,PortScan,RF-v3,0.00966971850722246,0.0034906074112497276,0.9868396740815275
3375,F-A1-PORTSCAN-V-01,PortScan,PortScan,RF-v3,0.007765084980849341,0.0016101204881968916,0.9906247945309538
3376,F-A1-PORTSCAN-V-01,PortScan,PortScan,RF-v3,0.007765084980849341,0.0016101204881968916,0.9906247945309538
3377,F-A1-PORTSCAN-V-01,PortScan,PortScan,RF-v3,0.00966971850722246,0.0034906074112497276,0.9868396740815275
3378,F-A1-PORTSCAN-V-01,PortScan,PortScan,RF-v3,0.00966971850722246,0.0034906074112497276,0.9868396740815275
3379,F-A1-PORTSCAN-V-01,PortScan,PortScan,RF-v3,0.007932008187120117,0.0016101204881968916,0.9904578713246829
3380,F-A1-PORTSCAN-V-01,PortScan,PortScan,RF-v3,0.007765084980849341,0.0016101204881968916,0.9906247945309538
3381,F-A1-PORTSCAN-V-01,PortScan,PortScan,RF-v3,0.00966971850722246,0.0034906074112497276,0.9868396740815275
3382,F-A1-PORTSCAN-V-01,PortScan,PortScan,RF-v3,0.00966971850722246,0.0034906074112497276,0.9868396740815275
3383,F-A1-PORTSCAN-V-01,PortScan,PortScan,RF-v3,0.007932008187120117,0.0016101204881968916,0.9904578713246829
3384,F-A1-PORTSCAN-V-01,PortScan,PortScan,RF-v3,0.007765084980849341,0.0016101204881968916,0.9906247945309538
3385,F-A1-PORTSCAN-V-01,PortScan,PortScan,RF-v3,0.007765084980849341,0.0016101204881968916,0.9906247945309538
3386,F-A1-PORTSCAN-V-01,PortScan,PortScan,RF-v3,0.00966971850722246,0.0034906074112497276,0.9868396740815275
3387,F-A1-PORTSCAN-V-01,PortScan,PortScan,RF-v3,0.00966971850722246,0.0034906074112497276,0.9868396740815275
3388,F-A1-PORTSCAN-V-01,PortScan,PortScan,RF-v3,0.007932008187120117,0.0016101204881968916,0.9904578713246829
3389,F-A1-PORTSCAN-V-01,PortScan,PortScan,RF-v3,0.007765084980849341,0.0016101204881968916,0.9906247945309538
3390,F-A1-PORTSCAN-V-01,PortScan,PortScan,RF-v3,0.00966971850722246,0.0034906074112497276,0.9868396740815275
3391,F-A1-PORTSCAN-V-01,PortScan,PortScan,RF-v3,0.00966971850722246,0.0034906074112497276,0.9868396740815275
3392,F-A1-PORTSCAN-V-01,PortScan,PortScan,RF-v3,0.00966971850722246,0.0034906074112497276,0.9868396740815275
3393,F-A1-PORTSCAN-V-01,PortScan,PortScan,RF-v3,0.007765084980849341,0.0016101204881968916,0.9906247945309538
3394,F-A1-PORTSCAN-V-01,PortScan,PortScan,RF-v3,0.007765084980849341,0.0016101204881968916,0.9906247945309538
3395,F-A1-PORTSCAN-V-01,PortScan,PortScan,RF-v3,0.007932008187120117,0.0016101204881968916,0.9904578713246829
3396,F-A1-PORTSCAN-V-01,PortScan,PortScan,RF-v3,0.007932008187120117,0.0016101204881968916,0.9904578713246829
3397,F-A1-PORTSCAN-V-01,PortScan,PortScan,RF-v3,0.007932008187120117,0.0016101204881968916,0.9904578713246829
3398,F-A1-PORTSCAN-V-01,PortScan,PortScan,RF-v3,0.007932008187120117,0.0016101204881968916,0.9904578713246829
3399,F-A1-PORTSCAN-V-01,PortScan,PortScan,RF-v3,0.007765084980849341,0.0016101204881968916,0.9906247945309538
3400,F-A1-PORTSCAN-V-01,PortScan,PortScan,RF-v3,0.007765084980849341,0.0016101204881968916,0.9906247945309538
3401,F-A1-PORTSCAN-V-01,PortScan,PortScan,RF-v3,0.007765084980849341,0.0016101204881968916,0.9906247945309538
3402,F-A1-PORTSCAN-V-01,PortScan,PortScan,RF-v3,0.007765084980849341,0.0016101204881968916,0.9906247945309538
3403,F-A1-PORTSCAN-V-01,PortScan,PortScan,RF-v3,0.007932008187120117,0.0016101204881968916,0.9904578713246829
3404,F-A1-PORTSCAN-V-01,PortScan,PortScan,RF-v3,0.007765084980849341,0.0016101204881968916,0.9906247945309538
3405,F-A1-PORTSCAN-V-01,PortScan,PortScan,RF-v3,0.007932008187120117,0.0016101204881968916,0.9904578713246829
3406,F-A1-PORTSCAN-V-01,PortScan,PortScan,RF-v3,0.007932008187120117,0.0016101204881968916,0.9904578713246829
3407,F-A1-PORTSCAN-V-01,PortScan,PortScan,RF-v3,0.007932008187120117,0.0016101204881968916,0.9904578713246829
3408,F-A1-PORTSCAN-V-01,PortScan,PortScan,RF-v3,0.007765084980849341,0.0016101204881968916,0.9906247945309538
3409,F-A1-PORTSCAN-V-01,PortScan,PortScan,RF-v3,0.007932008187120117,0.0016101204881968916,0.9904578713246829
3410,F-A1-PORTSCAN-V-01,PortScan,PortScan,RF-v3,0.007765084980849341,0.0016101204881968916,0.9906247945309538
3411,F-A1-PORTSCAN-V-01,PortScan,PortScan,RF-v3,0.007932008187120117,0.0016101204881968916,0.9904578713246829
3412,F-A1-PORTSCAN-V-01,PortScan,PortScan,RF-v3,0.007765084980849341,0.0016101204881968916,0.9906247945309538
3413,F-A1-PORTSCAN-V-01,PortScan,PortScan,RF-v3,0.007765084980849341,0.0016101204881968916,0.9906247945309538
3414,F-A1-PORTSCAN-V-01,PortScan,PortScan,RF-v3,0.007765084980849341,0.0016101204881968916,0.9906247945309538
3415,F-A1-PORTSCAN-V-01,PortScan,PortScan,RF-v3,0.007765084980849341,0.0016101204881968916,0.9906247945309538
3416,F-A1-PORTSCAN-V-01,PortScan,PortScan,RF-v3,0.007932008187120117,0.0016101204881968916,0.9904578713246829
3417,F-A1-PORTSCAN-V-01,PortScan,PortScan,RF-v3,0.00966971850722246,0.0034906074112497276,0.9868396740815275
3418,F-A1-PORTSCAN-V-01,PortScan,PortScan,RF-v3,0.00966971850722246,0.0034906074112497276,0.9868396740815275
3419,F-A1-PORTSCAN-V-01,PortScan,PortScan,RF-v3,0.007765084980849341,0.0016101204881968916,0.9906247945309538
3420,F-A1-PORTSCAN-V-01,PortScan,PortScan,RF-v3,0.01116971125331626,0.0016198991628057163,0.9872103895838781
3421,F-A1-PORTSCAN-V-01,PortScan,PortScan,RF-v3,0.00966971850722246,0.0034906074112497276,0.9868396740815275
3422,F-A1-PORTSCAN-V-01,PortScan,PortScan,RF-v3,0.007765084980849341,0.0016101204881968916,0.9906247945309538
3423,F-A1-PORTSCAN-V-01,PortScan,PortScan,RF-v3,0.007765084980849341,0.0016101204881968916,0.9906247945309538
3424,F-A1-PORTSCAN-V-01,PortScan,PortScan,RF-v3,0.007765084980849341,0.0016101204881968916,0.9906247945309538
3425,F-A1-PORTSCAN-V-01,PortScan,PortScan,RF-v3,0.007765084980849341,0.0016101204881968916,0.9906247945309538
3426,F-A1-PORTSCAN-V-01,PortScan,PortScan,RF-v3,0.00966971850722246,0.0034906074112497276,0.9868396740815275
3427,F-A1-PORTSCAN-V-01,PortScan,PortScan,RF-v3,0.007932008187120117,0.0016101204881968916,0.9904578713246829
3428,F-A1-PORTSCAN-V-01,PortScan,PortScan,RF-v3,0.007932008187120117,0.0016101204881968916,0.9904578713246829
3429,F-A1-PORTSCAN-V-01,PortScan,PortScan,RF-v3,0.00966971850722246,0.0034906074112497276,0.9868396740815275
3430,F-A1-PORTSCAN-V-01,PortScan,PortScan,RF-v3,0.007932008187120117,0.0016101204881968916,0.9904578713246829
3431,F-A1-PORTSCAN-V-01,PortScan,PortScan,RF-v3,0.00966971850722246,0.0034906074112497276,0.9868396740815275
3432,F-A1-PORTSCAN-V-01,PortScan,PortScan,RF-v3,0.00966971850722246,0.0034906074112497276,0.9868396740815275
3433,F-A1-PORTSCAN-V-01,PortScan,PortScan,RF-v3,0.00966971850722246,0.0034906074112497276,0.9868396740815275
3434,F-A1-PORTSCAN-V-01,PortScan,PortScan,RF-v3,0.00966971850722246,0.0034906074112497276,0.9868396740815275
3435,F-A1-PORTSCAN-V-01,PortScan,PortScan,RF-v3,0.012506084246095481,0.0016101204881968916,0.9858837952657076
3436,F-A1-PORTSCAN-V-01,PortScan,PortScan,RF-v3,0.007765084980849341,0.0016101204881968916,0.9906247945309538
3437,F-A1-PORTSCAN-V-01,PortScan,PortScan,RF-v3,0.00966971850722246,0.0034906074112497276,0.9868396740815275
3438,F-A1-PORTSCAN-V-01,PortScan,PortScan,RF-v3,0.00966971850722246,0.0034906074112497276,0.9868396740815275
3439,F-A1-PORTSCAN-V-01,PortScan,PortScan,RF-v3,0.007765084980849341,0.0016101204881968916,0.9906247945309538
3440,F-A1-PORTSCAN-V-01,PortScan,PortScan,RF-v3,0.007765084980849341,0.0016101204881968916,0.9906247945309538
3441,F-A1-PORTSCAN-V-01,PortScan,PortScan,RF-v3,0.00966971850722246,0.0034906074112497276,0.9868396740815275
3442,F-A1-PORTSCAN-V-01,PortScan,PortScan,RF-v3,0.007765084980849341,0.0016101204881968916,0.9906247945309538
3443,F-A1-PORTSCAN-V-01,PortScan,PortScan,RF-v3,0.007932008187120117,0.0016101204881968916,0.9904578713246829
3444,F-A1-PORTSCAN-V-01,PortScan,PortScan,RF-v3,0.00966971850722246,0.0034906074112497276,0.9868396740815275
3445,F-A1-PORTSCAN-V-01,PortScan,PortScan,RF-v3,0.00966971850722246,0.0034906074112497276,0.9868396740815275
3446,F-A1-PORTSCAN-V-01,PortScan,PortScan,RF-v3,0.00966971850722246,0.0034906074112497276,0.9868396740815275
3447,F-A1-PORTSCAN-V-01,PortScan,PortScan,RF-v3,0.00966971850722246,0.0034906074112497276,0.9868396740815275
3448,F-A1-PORTSCAN-V-01,PortScan,PortScan,RF-v3,0.007765084980849341,0.0016101204881968916,0.9906247945309538
3449,F-A1-PORTSCAN-V-01,PortScan,PortScan,RF-v3,0.00966971850722246,0.0034906074112497276,0.9868396740815275
3450,F-A1-PORTSCAN-V-01,PortScan,PortScan,RF-v3,0.007765084980849341,0.0016101204881968916,0.9906247945309538
3451,F-A1-PORTSCAN-V-01,PortScan,PortScan,RF-v3,0.014177228112531574,0.0034906074112497276,0.9823321644762184
3452,F-A1-PORTSCAN-V-01,PortScan,PortScan,RF-v3,0.007765084980849341,0.0016101204881968916,0.9906247945309538
3453,F-A1-PORTSCAN-V-01,PortScan,PortScan,RF-v3,0.007765084980849341,0.0016101204881968916,0.9906247945309538
3454,F-A1-PORTSCAN-V-01,PortScan,PortScan,RF-v3,0.00966971850722246,0.0034906074112497276,0.9868396740815275
3455,F-A1-PORTSCAN-V-01,PortScan,PortScan,RF-v3,0.007765084980849341,0.0016101204881968916,0.9906247945309538
3456,F-A1-PORTSCAN-V-01,PortScan,PortScan,RF-v3,0.00966971850722246,0.0034906074112497276,0.9868396740815275
3457,F-A1-PORTSCAN-V-01,PortScan,PortScan,RF-v3,0.00966971850722246,0.0034906074112497276,0.9868396740815275
3458,F-A1-PORTSCAN-V-01,PortScan,PortScan,RF-v3,0.007932008187120117,0.0016101204881968916,0.9904578713246829
3459,F-A1-PORTSCAN-V-01,PortScan,PortScan,RF-v3,0.007765084980849341,0.0016101204881968916,0.9906247945309538
3460,F-A1-PORTSCAN-V-01,PortScan,PortScan,RF-v3,0.007932008187120117,0.0016101204881968916,0.9904578713246829
3461,F-A1-PORTSCAN-V-01,PortScan,PortScan,RF-v3,0.007765084980849341,0.0016101204881968916,0.9906247945309538
3462,F-A1-PORTSCAN-V-01,PortScan,PortScan,RF-v3,0.00966971850722246,0.0034906074112497276,0.9868396740815275
3463,F-A1-PORTSCAN-V-01,PortScan,PortScan,RF-v3,0.00966971850722246,0.0034906074112497276,0.9868396740815275
3464,F-A1-PORTSCAN-V-01,PortScan,PortScan,RF-v3,0.007765084980849341,0.0016101204881968916,0.9906247945309538
3465,F-A1-PORTSCAN-V-01,PortScan,PortScan,RF-v3,0.007765084980849341,0.0016101204881968916,0.9906247945309538
3466,F-A1-PORTSCAN-V-01,PortScan,PortScan,RF-v3,0.007765084980849341,0.0016101204881968916,0.9906247945309538
3467,F-A1-PORTSCAN-V-01,PortScan,PortScan,RF-v3,0.007932008187120117,0.0016101204881968916,0.9904578713246829
3468,F-A1-PORTSCAN-V-01,PortScan,PortScan,RF-v3,0.00966971850722246,0.0034906074112497276,0.9868396740815275
3469,F-A1-PORTSCAN-V-01,PortScan,PortScan,RF-v3,0.007932008187120117,0.0016101204881968916,0.9904578713246829
3470,F-A1-PORTSCAN-V-01,PortScan,PortScan,RF-v3,0.007932008187120117,0.0016101204881968916,0.9904578713246829
3471,F-A1-PORTSCAN-V-01,PortScan,PortScan,RF-v3,0.007765084980849341,0.0016101204881968916,0.9906247945309538
3472,F-A1-PORTSCAN-V-01,PortScan,PortScan,RF-v3,0.007765084980849341,0.0016101204881968916,0.9906247945309538
3473,F-A1-PORTSCAN-V-01,PortScan,PortScan,RF-v3,0.00966971850722246,0.0034906074112497276,0.9868396740815275
3474,F-A1-PORTSCAN-V-01,PortScan,PortScan,RF-v3,0.00966971850722246,0.0034906074112497276,0.9868396740815275
3475,F-A1-PORTSCAN-V-01,PortScan,PortScan,RF-v3,0.007765084980849341,0.0016101204881968916,0.9906247945309538
3476,F-A1-PORTSCAN-V-01,PortScan,PortScan,RF-v3,0.00966971850722246,0.0034906074112497276,0.9868396740815275
3477,F-A1-PORTSCAN-V-01,PortScan,PortScan,RF-v3,0.007765084980849341,0.0016101204881968916,0.9906247945309538
3478,F-A1-PORTSCAN-V-01,PortScan,PortScan,RF-v3,0.007765084980849341,0.0016101204881968916,0.9906247945309538
3479,F-A1-PORTSCAN-V-01,PortScan,PortScan,RF-v3,0.007765084980849341,0.0016101204881968916,0.9906247945309538
3480,F-A1-PORTSCAN-V-01,PortScan,PortScan,RF-v3,0.007765084980849341,0.0016101204881968916,0.9906247945309538
3481,F-A1-PORTSCAN-V-01,PortScan,PortScan,RF-v3,0.007765084980849341,0.0016101204881968916,0.9906247945309538
3482,F-A1-PORTSCAN-V-01,PortScan,PortScan,RF-v3,0.007765084980849341,0.0016101204881968916,0.9906247945309538
3483,F-A1-PORTSCAN-V-01,PortScan,PortScan,RF-v3,0.00966971850722246,0.0034906074112497276,0.9868396740815275
3484,F-A1-PORTSCAN-V-01,PortScan,PortScan,RF-v3,0.007765084980849341,0.0016101204881968916,0.9906247945309538
3485,F-A1-PORTSCAN-V-01,PortScan,PortScan,RF-v3,0.007765084980849341,0.0016101204881968916,0.9906247945309538
3486,F-A1-PORTSCAN-V-01,PortScan,PortScan,RF-v3,0.00966971850722246,0.0034906074112497276,0.9868396740815275
3487,F-A1-PORTSCAN-V-01,PortScan,PortScan,RF-v3,0.007765084980849341,0.0016101204881968916,0.9906247945309538
3488,F-A1-PORTSCAN-V-01,PortScan,PortScan,RF-v3,0.007932008187120117,0.0016101204881968916,0.9904578713246829
3489,F-A1-PORTSCAN-V-01,PortScan,PortScan,RF-v3,0.00966971850722246,0.0034906074112497276,0.9868396740815275
3490,F-A1-PORTSCAN-V-01,PortScan,PortScan,RF-v3,0.007765084980849341,0.0016101204881968916,0.9906247945309538
3491,F-A1-PORTSCAN-V-01,PortScan,PortScan,RF-v3,0.007765084980849341,0.0016101204881968916,0.9906247945309538
3492,F-A1-PORTSCAN-V-01,PortScan,PortScan,RF-v3,0.007765084980849341,0.0016101204881968916,0.9906247945309538
3493,F-A1-PORTSCAN-V-01,PortScan,PortScan,RF-v3,0.00966971850722246,0.0034906074112497276,0.9868396740815275
3494,F-A1-PORTSCAN-V-01,PortScan,PortScan,RF-v3,0.007932008187120117,0.0016101204881968916,0.9904578713246829
3495,F-A1-PORTSCAN-V-01,PortScan,PortScan,RF-v3,0.007765084980849341,0.0016101204881968916,0.9906247945309538
3496,F-A1-PORTSCAN-V-01,PortScan,PortScan,RF-v3,0.007765084980849341,0.0016101204881968916,0.9906247945309538
3497,F-A1-PORTSCAN-V-01,PortScan,PortScan,RF-v3,0.007765084980849341,0.0016101204881968916,0.9906247945309538
3498,F-A1-PORTSCAN-V-01,PortScan,PortScan,RF-v3,0.00966971850722246,0.0034906074112497276,0.9868396740815275
3499,F-A1-PORTSCAN-V-01,PortScan,PortScan,RF-v3,0.007765084980849341,0.0016101204881968916,0.9906247945309538
3500,F-A1-PORTSCAN-V-01,PortScan,PortScan,RF-v3,0.007932008187120117,0.0016101204881968916,0.9904578713246829
3501,F-A1-PORTSCAN-V-01,PortScan,PortScan,RF-v3,0.007765084980849341,0.0016101204881968916,0.9906247945309538
3502,F-A1-PORTSCAN-V-01,PortScan,PortScan,RF-v3,0.00966971850722246,0.0034906074112497276,0.9868396740815275
3503,F-A1-PORTSCAN-V-01,PortScan,PortScan,RF-v3,0.007765084980849341,0.0016101204881968916,0.9906247945309538
3504,F-A1-PORTSCAN-V-01,PortScan,PortScan,RF-v3,0.007932008187120117,0.0016101204881968916,0.9904578713246829
3505,F-A1-PORTSCAN-V-01,PortScan,PortScan,RF-v3,0.007765084980849341,0.0016101204881968916,0.9906247945309538
3506,F-A1-PORTSCAN-V-01,PortScan,PortScan,RF-v3,0.00966971850722246,0.0034906074112497276,0.9868396740815275
3507,F-A1-PORTSCAN-V-01,PortScan,PortScan,RF-v3,0.007765084980849341,0.0016101204881968916,0.9906247945309538
3508,F-A1-PORTSCAN-V-01,PortScan,PortScan,RF-v3,0.00966971850722246,0.0034906074112497276,0.9868396740815275
3509,F-A1-PORTSCAN-V-01,PortScan,PortScan,RF-v3,0.007765084980849341,0.0016101204881968916,0.9906247945309538
3510,F-A1-PORTSCAN-V-01,PortScan,PortScan,RF-v3,0.007765084980849341,0.0016101204881968916,0.9906247945309538
3511,F-A1-PORTSCAN-V-01,PortScan,PortScan,RF-v3,0.00966971850722246,0.0034906074112497276,0.9868396740815275
3512,F-A1-PORTSCAN-V-01,PortScan,PortScan,RF-v3,0.007765084980849341,0.0016101204881968916,0.9906247945309538
3513,F-A1-PORTSCAN-V-01,PortScan,PortScan,RF-v3,0.007765084980849341,0.0016101204881968916,0.9906247945309538
3514,F-A1-PORTSCAN-V-01,PortScan,PortScan,RF-v3,0.007765084980849341,0.0016101204881968916,0.9906247945309538
3515,F-A1-PORTSCAN-V-01,PortScan,PortScan,RF-v3,0.007765084980849341,0.0016101204881968916,0.9906247945309538
3516,F-A1-PORTSCAN-V-01,PortScan,PortScan,RF-v3,0.00966971850722246,0.0034906074112497276,0.9868396740815275
3517,F-A1-PORTSCAN-V-01,PortScan,PortScan,RF-v3,0.007932008187120117,0.0016101204881968916,0.9904578713246829
3518,F-A1-PORTSCAN-V-01,PortScan,PortScan,RF-v3,0.00966971850722246,0.0034906074112497276,0.9868396740815275
3519,F-A1-PORTSCAN-V-01,PortScan,PortScan,RF-v3,0.00966971850722246,0.0034906074112497276,0.9868396740815275
3520,F-A1-PORTSCAN-V-01,PortScan,PortScan,RF-v3,0.007765084980849341,0.0016101204881968916,0.9906247945309538
3521,F-A1-PORTSCAN-V-01,PortScan,PortScan,RF-v3,0.007765084980849341,0.0016101204881968916,0.9906247945309538
3522,F-A1-PORTSCAN-V-01,PortScan,PortScan,RF-v3,0.007765084980849341,0.0016101204881968916,0.9906247945309538
3523,F-A1-PORTSCAN-V-01,PortScan,PortScan,RF-v3,0.00966971850722246,0.0034906074112497276,0.9868396740815275
3524,F-A1-PORTSCAN-V-01,PortScan,PortScan,RF-v3,0.007765084980849341,0.0016101204881968916,0.9906247945309538
3525,F-A1-PORTSCAN-V-01,PortScan,PortScan,RF-v3,0.00966971850722246,0.0034906074112497276,0.9868396740815275
3526,F-A1-PORTSCAN-V-01,PortScan,PortScan,RF-v3,0.00966971850722246,0.0034906074112497276,0.9868396740815275
3527,F-A1-PORTSCAN-V-01,PortScan,PortScan,RF-v3,0.00966971850722246,0.0034906074112497276,0.9868396740815275
3528,F-A1-PORTSCAN-V-01,PortScan,PortScan,RF-v3,0.007765084980849341,0.0016101204881968916,0.9906247945309538
3529,F-A1-PORTSCAN-V-01,PortScan,PortScan,RF-v3,0.007765084980849341,0.0016101204881968916,0.9906247945309538
3530,F-A1-PORTSCAN-V-01,PortScan,PortScan,RF-v3,0.007765084980849341,0.0016101204881968916,0.9906247945309538
3531,F-A1-PORTSCAN-V-01,PortScan,PortScan,RF-v3,0.00966971850722246,0.0034906074112497276,0.9868396740815275
3532,F-A1-PORTSCAN-V-01,PortScan,PortScan,RF-v3,0.007932008187120117,0.0016101204881968916,0.9904578713246829
3533,F-A1-PORTSCAN-V-01,PortScan,PortScan,RF-v3,0.007765084980849341,0.0016101204881968916,0.9906247945309538
3534,F-A1-PORTSCAN-V-01,PortScan,PortScan,RF-v3,0.007765084980849341,0.0016101204881968916,0.9906247945309538
3535,F-A1-PORTSCAN-V-01,PortScan,PortScan,RF-v3,0.007932008187120117,0.0016101204881968916,0.9904578713246829
3536,F-A1-PORTSCAN-V-01,PortScan,PortScan,RF-v3,0.007765084980849341,0.0016101204881968916,0.9906247945309538
3537,F-A1-PORTSCAN-V-01,PortScan,PortScan,RF-v3,0.00966971850722246,0.0034906074112497276,0.9868396740815275
3538,F-A1-PORTSCAN-V-01,PortScan,PortScan,RF-v3,0.007765084980849341,0.0016101204881968916,0.9906247945309538
3539,F-A1-PORTSCAN-V-01,PortScan,PortScan,RF-v3,0.007765084980849341,0.0016101204881968916,0.9906247945309538
3540,F-A1-PORTSCAN-V-01,PortScan,PortScan,RF-v3,0.007765084980849341,0.0016101204881968916,0.9906247945309538
3541,F-A1-PORTSCAN-V-01,PortScan,PortScan,RF-v3,0.007765084980849341,0.0016101204881968916,0.9906247945309538
3542,F-A1-PORTSCAN-V-01,PortScan,PortScan,RF-v3,0.007765084980849341,0.0016101204881968916,0.9906247945309538
3543,F-A1-PORTSCAN-V-01,PortScan,PortScan,RF-v3,0.007932008187120117,0.0016101204881968916,0.9904578713246829
3544,F-A1-PORTSCAN-V-01,PortScan,PortScan,RF-v3,0.007765084980849341,0.0016101204881968916,0.9906247945309538
3545,F-A1-PORTSCAN-V-01,PortScan,PortScan,RF-v3,0.007765084980849341,0.0016101204881968916,0.9906247945309538
3546,F-A1-PORTSCAN-V-01,PortScan,PortScan,RF-v3,0.007932008187120117,0.0016101204881968916,0.9904578713246829
3547,F-A1-PORTSCAN-V-01,PortScan,PortScan,RF-v3,0.007932008187120117,0.0016101204881968916,0.9904578713246829
3548,F-A1-PORTSCAN-V-01,PortScan,PortScan,RF-v3,0.007932008187120117,0.0016101204881968916,0.9904578713246829
3549,F-A1-PORTSCAN-V-01,PortScan,PortScan,RF-v3,0.00966971850722246,0.0034906074112497276,0.9868396740815275
3550,F-A1-PORTSCAN-V-01,PortScan,PortScan,RF-v3,0.01116971125331626,0.0016198991628057163,0.9872103895838781
3551,F-A1-PORTSCAN-V-01,PortScan,PortScan,RF-v3,0.007932008187120117,0.0016101204881968916,0.9904578713246829
3552,F-A1-PORTSCAN-V-01,PortScan,PortScan,RF-v3,0.00966971850722246,0.0034906074112497276,0.9868396740815275
3553,F-A1-PORTSCAN-V-01,PortScan,PortScan,RF-v3,0.007932008187120117,0.0016101204881968916,0.9904578713246829
3554,F-A1-PORTSCAN-V-01,PortScan,PortScan,RF-v3,0.007765084980849341,0.0016101204881968916,0.9906247945309538
3555,F-A1-PORTSCAN-V-01,PortScan,PortScan,RF-v3,0.007932008187120117,0.0016101204881968916,0.9904578713246829
3556,F-A1-PORTSCAN-V-01,PortScan,PortScan,RF-v3,0.007765084980849341,0.0016101204881968916,0.9906247945309538
3557,F-A1-PORTSCAN-V-01,PortScan,PortScan,RF-v3,0.007765084980849341,0.0016101204881968916,0.9906247945309538
3558,F-A1-PORTSCAN-V-01,PortScan,PortScan,RF-v3,0.007765084980849341,0.0016101204881968916,0.9906247945309538
3559,F-A1-PORTSCAN-V-01,PortScan,PortScan,RF-v3,0.00966971850722246,0.0034906074112497276,0.9868396740815275
3560,F-A1-PORTSCAN-V-01,PortScan,PortScan,RF-v3,0.007765084980849341,0.0016101204881968916,0.9906247945309538
3561,F-A1-PORTSCAN-V-01,PortScan,PortScan,RF-v3,0.007765084980849341,0.0016101204881968916,0.9906247945309538
3562,F-A1-PORTSCAN-V-01,PortScan,PortScan,RF-v3,0.00966971850722246,0.0034906074112497276,0.9868396740815275
3563,F-A1-PORTSCAN-V-01,PortScan,PortScan,RF-v3,0.00966971850722246,0.0034906074112497276,0.9868396740815275
3564,F-A1-PORTSCAN-V-01,PortScan,PortScan,RF-v3,0.0070646848036685795,0.0016198991628057163,0.9913154160335257
3565,F-A1-PORTSCAN-V-01,PortScan,PortScan,RF-v3,0.007765084980849341,0.0016101204881968916,0.9906247945309538
3566,F-A1-PORTSCAN-V-01,PortScan,PortScan,RF-v3,0.007765084980849341,0.0016101204881968916,0.9906247945309538
3567,F-A1-PORTSCAN-V-01,PortScan,PortScan,RF-v3,0.007765084980849341,0.0016101204881968916,0.9906247945309538
3568,F-A1-PORTSCAN-V-01,PortScan,PortScan,RF-v3,0.007932008187120117,0.0016101204881968916,0.9904578713246829
3569,F-A1-PORTSCAN-V-01,PortScan,PortScan,RF-v3,0.007765084980849341,0.0016101204881968916,0.9906247945309538
3570,F-A1-PORTSCAN-V-01,PortScan,PortScan,RF-v3,0.00966971850722246,0.0034906074112497276,0.9868396740815275
3571,F-A1-PORTSCAN-V-01,PortScan,PortScan,RF-v3,0.007932008187120117,0.0016101204881968916,0.9904578713246829
3572,F-A1-PORTSCAN-V-01,PortScan,PortScan,RF-v3,0.007765084980849341,0.0016101204881968916,0.9906247945309538
3573,F-A1-PORTSCAN-V-01,PortScan,PortScan,RF-v3,0.007932008187120117,0.0016101204881968916,0.9904578713246829
3574,F-A1-PORTSCAN-V-01,PortScan,PortScan,RF-v3,0.007765084980849341,0.0016101204881968916,0.9906247945309538
3575,F-A1-PORTSCAN-V-01,PortScan,PortScan,RF-v3,0.00966971850722246,0.0034906074112497276,0.9868396740815275
3576,F-A1-PORTSCAN-V-01,PortScan,PortScan,RF-v3,0.007765084980849341,0.0016101204881968916,0.9906247945309538
3577,F-A1-PORTSCAN-V-01,PortScan,PortScan,RF-v3,0.00966971850722246,0.0034906074112497276,0.9868396740815275
3578,F-A1-PORTSCAN-V-01,PortScan,PortScan,RF-v3,0.007932008187120117,0.0016101204881968916,0.9904578713246829
3579,F-A1-PORTSCAN-V-01,PortScan,PortScan,RF-v3,0.007932008187120117,0.0016101204881968916,0.9904578713246829
3580,F-A1-PORTSCAN-V-01,PortScan,PortScan,RF-v3,0.00966971850722246,0.0034906074112497276,0.9868396740815275
3581,F-A1-PORTSCAN-V-01,PortScan,PortScan,RF-v3,0.007765084980849341,0.0016101204881968916,0.9906247945309538
3582,F-A1-PORTSCAN-V-01,PortScan,PortScan,RF-v3,0.007765084980849341,0.0016101204881968916,0.9906247945309538
3583,F-A1-PORTSCAN-V-01,PortScan,PortScan,RF-v3,0.007932008187120117,0.0016101204881968916,0.9904578713246829
3584,F-A1-PORTSCAN-V-01,PortScan,PortScan,RF-v3,0.014177228112531574,0.0034906074112497276,0.9823321644762184
3585,F-A1-PORTSCAN-V-01,PortScan,PortScan,RF-v3,0.00966971850722246,0.0034906074112497276,0.9868396740815275
3586,F-A1-PORTSCAN-V-01,PortScan,PortScan,RF-v3,0.007765084980849341,0.0016101204881968916,0.9906247945309538
3587,F-A1-PORTSCAN-V-01,PortScan,PortScan,RF-v3,0.00966971850722246,0.0034906074112497276,0.9868396740815275
3588,F-A1-PORTSCAN-V-01,PortScan,PortScan,RF-v3,0.007932008187120117,0.0016101204881968916,0.9904578713246829
3589,F-A1-PORTSCAN-V-01,PortScan,PortScan,RF-v3,0.00966971850722246,0.0034906074112497276,0.9868396740815275
3590,F-A1-PORTSCAN-V-01,PortScan,PortScan,RF-v3,0.007765084980849341,0.0016101204881968916,0.9906247945309538
3591,F-A1-PORTSCAN-V-01,PortScan,PortScan,RF-v3,0.007765084980849341,0.0016101204881968916,0.9906247945309538
3592,F-A1-PORTSCAN-V-01,PortScan,PortScan,RF-v3,0.00966971850722246,0.0034906074112497276,0.9868396740815275
3593,F-A1-PORTSCAN-V-01,PortScan,PortScan,RF-v3,0.007765084980849341,0.0016101204881968916,0.9906247945309538
3594,F-A1-PORTSCAN-V-01,PortScan,PortScan,RF-v3,0.00966971850722246,0.0034906074112497276,0.9868396740815275
3595,F-A1-PORTSCAN-V-01,PortScan,PortScan,RF-v3,0.007932008187120117,0.0016101204881968916,0.9904578713246829
3596,F-A1-PORTSCAN-V-01,PortScan,PortScan,RF-v3,0.007765084980849341,0.0016101204881968916,0.9906247945309538
3597,F-A1-PORTSCAN-V-01,PortScan,PortScan,RF-v3,0.007765084980849341,0.0016101204881968916,0.9906247945309538
3598,F-A1-PORTSCAN-V-01,PortScan,PortScan,RF-v3,0.007765084980849341,0.0016101204881968916,0.9906247945309538
3599,F-A1-PORTSCAN-V-01,PortScan,PortScan,RF-v3,0.00966971850722246,0.0034906074112497276,0.9868396740815275
3600,F-A1-PORTSCAN-V-01,PortScan,PortScan,RF-v3,0.007932008187120117,0.0016101204881968916,0.9904578713246829
3601,F-A1-PORTSCAN-V-01,PortScan,PortScan,RF-v3,0.007765084980849341,0.0016101204881968916,0.9906247945309538
3602,F-A1-PORTSCAN-V-01,PortScan,PortScan,RF-v3,0.00966971850722246,0.0034906074112497276,0.9868396740815275
3603,F-A1-PORTSCAN-V-01,PortScan,PortScan,RF-v3,0.007932008187120117,0.0016101204881968916,0.9904578713246829
3604,F-A1-PORTSCAN-V-01,PortScan,PortScan,RF-v3,0.007932008187120117,0.0016101204881968916,0.9904578713246829
3605,F-A1-PORTSCAN-V-01,PortScan,PortScan,RF-v3,0.00966971850722246,0.0034906074112497276,0.9868396740815275
3606,F-A1-PORTSCAN-V-01,PortScan,PortScan,RF-v3,0.00966971850722246,0.0034906074112497276,0.9868396740815275
3607,F-A1-PORTSCAN-V-01,PortScan,PortScan,RF-v3,0.007765084980849341,0.0016101204881968916,0.9906247945309538
3608,F-A1-PORTSCAN-V-01,PortScan,PortScan,RF-v3,0.007932008187120117,0.0016101204881968916,0.9904578713246829
3609,F-A1-PORTSCAN-V-01,PortScan,PortScan,RF-v3,0.007932008187120117,0.0016101204881968916,0.9904578713246829
3610,F-A1-PORTSCAN-V-01,PortScan,PortScan,RF-v3,0.007932008187120117,0.0016101204881968916,0.9904578713246829
3611,F-A1-PORTSCAN-V-01,PortScan,PortScan,RF-v3,0.007765084980849341,0.0016101204881968916,0.9906247945309538
3612,F-A1-PORTSCAN-V-01,PortScan,PortScan,RF-v3,0.007765084980849341,0.0016101204881968916,0.9906247945309538
3613,F-A1-PORTSCAN-V-01,PortScan,PortScan,RF-v3,0.01116971125331626,0.0016198991628057163,0.9872103895838781
3614,F-A1-PORTSCAN-V-01,PortScan,PortScan,RF-v3,0.007765084980849341,0.0016101204881968916,0.9906247945309538
3615,F-A1-PORTSCAN-V-01,PortScan,PortScan,RF-v3,0.00966971850722246,0.0034906074112497276,0.9868396740815275
3616,F-A1-PORTSCAN-V-01,PortScan,PortScan,RF-v3,0.007765084980849341,0.0016101204881968916,0.9906247945309538
3617,F-A1-PORTSCAN-V-01,PortScan,PortScan,RF-v3,0.007765084980849341,0.0016101204881968916,0.9906247945309538
3618,F-A1-PORTSCAN-V-01,PortScan,PortScan,RF-v3,0.010092847134390565,0.0034906074112497276,0.9864165454543595
3619,F-A1-PORTSCAN-V-01,PortScan,PortScan,RF-v3,0.007765084980849341,0.0016101204881968916,0.9906247945309538
3620,F-A1-PORTSCAN-V-01,PortScan,PortScan,RF-v3,0.00966971850722246,0.0034906074112497276,0.9868396740815275
3621,F-A1-PORTSCAN-V-01,PortScan,PortScan,RF-v3,0.007932008187120117,0.0016101204881968916,0.9904578713246829
3622,F-A1-PORTSCAN-V-01,PortScan,PortScan,RF-v3,0.007765084980849341,0.0016101204881968916,0.9906247945309538
3623,F-A1-PORTSCAN-V-01,PortScan,PortScan,RF-v3,0.007932008187120117,0.0016101204881968916,0.9904578713246829
3624,F-A1-PORTSCAN-V-01,PortScan,PortScan,RF-v3,0.007932008187120117,0.0016101204881968916,0.9904578713246829
3625,F-A1-PORTSCAN-V-01,PortScan,PortScan,RF-v3,0.007932008187120117,0.0016101204881968916,0.9904578713246829
3626,F-A1-PORTSCAN-V-01,PortScan,PortScan,RF-v3,0.00966971850722246,0.0034906074112497276,0.9868396740815275
3627,F-A1-PORTSCAN-V-01,PortScan,PortScan,RF-v3,0.007932008187120117,0.0016101204881968916,0.9904578713246829
3628,F-A1-PORTSCAN-V-01,PortScan,PortScan,RF-v3,0.007765084980849341,0.0016101204881968916,0.9906247945309538
3629,F-A1-PORTSCAN-V-01,PortScan,PortScan,RF-v3,0.00966971850722246,0.0034906074112497276,0.9868396740815275
3630,F-A1-PORTSCAN-V-01,PortScan,PortScan,RF-v3,0.007765084980849341,0.0016101204881968916,0.9906247945309538
3631,F-A1-PORTSCAN-V-01,PortScan,PortScan,RF-v3,0.01116971125331626,0.0016198991628057163,0.9872103895838781
3632,F-A1-PORTSCAN-V-01,PortScan,PortScan,RF-v3,0.00966971850722246,0.0034906074112497276,0.9868396740815275
3633,F-A1-PORTSCAN-V-01,PortScan,PortScan,RF-v3,0.007765084980849341,0.0016101204881968916,0.9906247945309538
3634,F-A1-PORTSCAN-V-01,PortScan,PortScan,RF-v3,0.00966971850722246,0.0034906074112497276,0.9868396740815275
3635,F-A1-PORTSCAN-V-01,PortScan,PortScan,RF-v3,0.00966971850722246,0.0034906074112497276,0.9868396740815275
3636,F-A1-PORTSCAN-V-01,PortScan,PortScan,RF-v3,0.00966971850722246,0.0034906074112497276,0.9868396740815275
3637,F-A1-PORTSCAN-V-01,PortScan,PortScan,RF-v3,0.007932008187120117,0.0016101204881968916,0.9904578713246829
3638,F-A1-PORTSCAN-V-01,PortScan,PortScan,RF-v3,0.010092847134390565,0.0034906074112497276,0.9864165454543595
3639,F-A1-PORTSCAN-V-01,PortScan,PortScan,RF-v3,0.00966971850722246,0.0034906074112497276,0.9868396740815275
3640,F-A1-PORTSCAN-V-01,PortScan,PortScan,RF-v3,0.007765084980849341,0.0016101204881968916,0.9906247945309538
3641,F-A1-PORTSCAN-V-01,PortScan,PortScan,RF-v3,0.00966971850722246,0.0034906074112497276,0.9868396740815275
3642,F-A1-PORTSCAN-V-01,PortScan,PortScan,RF-v3,0.007765084980849341,0.0016101204881968916,0.9906247945309538
3643,F-A1-PORTSCAN-V-01,PortScan,PortScan,RF-v3,0.007765084980849341,0.0016101204881968916,0.9906247945309538
3644,F-A1-PORTSCAN-V-01,PortScan,PortScan,RF-v3,0.007765084980849341,0.0016101204881968916,0.9906247945309538
3645,F-A1-PORTSCAN-V-01,PortScan,PortScan,RF-v3,0.007932008187120117,0.0016101204881968916,0.9904578713246829
3646,F-A1-PORTSCAN-V-01,PortScan,PortScan,RF-v3,0.007765084980849341,0.0016101204881968916,0.9906247945309538
3647,F-A1-PORTSCAN-V-01,PortScan,PortScan,RF-v3,0.007765084980849341,0.0016101204881968916,0.9906247945309538
3648,F-A1-PORTSCAN-V-01,PortScan,PortScan,RF-v3,0.00966971850722246,0.0034906074112497276,0.9868396740815275
3649,F-A1-PORTSCAN-V-01,PortScan,PortScan,RF-v3,0.007765084980849341,0.0016101204881968916,0.9906247945309538
3650,F-A1-PORTSCAN-V-01,PortScan,PortScan,RF-v3,0.007765084980849341,0.0016101204881968916,0.9906247945309538
3651,F-A1-PORTSCAN-V-01,PortScan,PortScan,RF-v3,0.00966971850722246,0.0034906074112497276,0.9868396740815275
3652,F-A1-PORTSCAN-V-01,PortScan,PortScan,RF-v3,0.007932008187120117,0.0016101204881968916,0.9904578713246829
3653,F-A1-PORTSCAN-V-01,PortScan,PortScan,RF-v3,0.00966971850722246,0.0034906074112497276,0.9868396740815275
3654,F-A1-PORTSCAN-V-01,PortScan,PortScan,RF-v3,0.007932008187120117,0.0016101204881968916,0.9904578713246829
3655,F-A1-PORTSCAN-V-01,PortScan,PortScan,RF-v3,0.00966971850722246,0.0034906074112497276,0.9868396740815275
3656,F-A1-PORTSCAN-V-01,PortScan,PortScan,RF-v3,0.007765084980849341,0.0016101204881968916,0.9906247945309538
3657,F-A1-PORTSCAN-V-01,PortScan,PortScan,RF-v3,0.007765084980849341,0.0016101204881968916,0.9906247945309538
3658,F-A1-PORTSCAN-V-01,PortScan,PortScan,RF-v3,0.007765084980849341,0.0016101204881968916,0.9906247945309538
3659,F-A1-PORTSCAN-V-01,PortScan,PortScan,RF-v3,0.007765084980849341,0.0016101204881968916,0.9906247945309538
3660,F-A1-PORTSCAN-V-01,PortScan,PortScan,RF-v3,0.007932008187120117,0.0016101204881968916,0.9904578713246829
3661,F-A1-PORTSCAN-V-01,PortScan,PortScan,RF-v3,0.007932008187120117,0.0016101204881968916,0.9904578713246829
3662,F-A1-PORTSCAN-V-01,PortScan,PortScan,RF-v3,0.007765084980849341,0.0016101204881968916,0.9906247945309538
3663,F-A1-PORTSCAN-V-01,PortScan,PortScan,RF-v3,0.007765084980849341,0.0016101204881968916,0.9906247945309538
3664,F-A1-PORTSCAN-V-01,PortScan,PortScan,RF-v3,0.007932008187120117,0.0016101204881968916,0.9904578713246829
3665,F-A1-PORTSCAN-V-01,PortScan,PortScan,RF-v3,0.00966971850722246,0.0034906074112497276,0.9868396740815275
3666,F-A1-PORTSCAN-V-01,PortScan,PortScan,RF-v3,0.007932008187120117,0.0016101204881968916,0.9904578713246829
3667,F-A1-PORTSCAN-V-01,PortScan,PortScan,RF-v3,0.007932008187120117,0.0016101204881968916,0.9904578713246829
3668,F-A1-PORTSCAN-V-01,PortScan,PortScan,RF-v3,0.007932008187120117,0.0016101204881968916,0.9904578713246829
3669,F-A1-PORTSCAN-V-01,PortScan,PortScan,RF-v3,0.007932008187120117,0.0016101204881968916,0.9904578713246829
3670,F-A1-PORTSCAN-V-01,PortScan,PortScan,RF-v3,0.007765084980849341,0.0016101204881968916,0.9906247945309538
3671,F-A1-PORTSCAN-V-01,PortScan,PortScan,RF-v3,0.007932008187120117,0.0016101204881968916,0.9904578713246829
3672,F-A1-PORTSCAN-V-01,PortScan,PortScan,RF-v3,0.00966971850722246,0.0034906074112497276,0.9868396740815275
3673,F-A1-PORTSCAN-V-01,PortScan,PortScan,RF-v3,0.00966971850722246,0.0034906074112497276,0.9868396740815275
3674,F-A1-PORTSCAN-V-01,PortScan,PortScan,RF-v3,0.007765084980849341,0.0016101204881968916,0.9906247945309538
3675,F-A1-PORTSCAN-V-01,PortScan,PortScan,RF-v3,0.007932008187120117,0.0016101204881968916,0.9904578713246829
3676,F-A1-PORTSCAN-V-01,PortScan,PortScan,RF-v3,0.007765084980849341,0.0016101204881968916,0.9906247945309538
3677,F-A1-PORTSCAN-V-01,PortScan,PortScan,RF-v3,0.007765084980849341,0.0016101204881968916,0.9906247945309538
3678,F-A1-PORTSCAN-V-01,PortScan,PortScan,RF-v3,0.007932008187120117,0.0016101204881968916,0.9904578713246829
3679,F-A1-PORTSCAN-V-01,PortScan,PortScan,RF-v3,0.007765084980849341,0.0016101204881968916,0.9906247945309538
3680,F-A1-PORTSCAN-V-01,PortScan,PortScan,RF-v3,0.007765084980849341,0.0016101204881968916,0.9906247945309538
3681,F-A1-PORTSCAN-V-01,PortScan,PortScan,RF-v3,0.007932008187120117,0.0016101204881968916,0.9904578713246829
3682,F-A1-PORTSCAN-V-01,PortScan,PortScan,RF-v3,0.007932008187120117,0.0016101204881968916,0.9904578713246829
3683,F-A1-PORTSCAN-V-01,PortScan,PortScan,RF-v3,0.00966971850722246,0.0034906074112497276,0.9868396740815275
3684,F-A1-PORTSCAN-V-01,PortScan,PortScan,RF-v3,0.010092847134390565,0.0034906074112497276,0.9864165454543595
3685,F-A1-PORTSCAN-V-01,PortScan,PortScan,RF-v3,0.007765084980849341,0.0016101204881968916,0.9906247945309538
3686,F-A1-PORTSCAN-V-01,PortScan,PortScan,RF-v3,0.007932008187120117,0.0016101204881968916,0.9904578713246829
3687,F-A1-PORTSCAN-V-01,PortScan,PortScan,RF-v3,0.00966971850722246,0.0034906074112497276,0.9868396740815275
3688,F-A1-PORTSCAN-V-01,PortScan,PortScan,RF-v3,0.00966971850722246,0.0034906074112497276,0.9868396740815275
3689,F-A1-PORTSCAN-V-01,PortScan,PortScan,RF-v3,0.007932008187120117,0.0016101204881968916,0.9904578713246829
3690,F-A1-PORTSCAN-V-01,PortScan,PortScan,RF-v3,0.012296228680863774,0.0016101204881968916,0.9860936508309393
3691,F-A1-PORTSCAN-V-01,PortScan,PortScan,RF-v3,0.007765084980849341,0.0016101204881968916,0.9906247945309538
3692,F-A1-PORTSCAN-V-01,PortScan,PortScan,RF-v3,0.007765084980849341,0.0016101204881968916,0.9906247945309538
3693,F-A1-PORTSCAN-V-01,PortScan,PortScan,RF-v3,0.007932008187120117,0.0016101204881968916,0.9904578713246829
3694,F-A1-PORTSCAN-V-01,PortScan,PortScan,RF-v3,0.007765084980849341,0.0016101204881968916,0.9906247945309538
3695,F-A1-PORTSCAN-V-01,PortScan,PortScan,RF-v3,0.00966971850722246,0.0034906074112497276,0.9868396740815275
3696,F-A1-PORTSCAN-V-01,PortScan,PortScan,RF-v3,0.00966971850722246,0.0034906074112497276,0.9868396740815275
3697,F-A1-PORTSCAN-V-01,PortScan,PortScan,RF-v3,0.007765084980849341,0.0016101204881968916,0.9906247945309538
3698,F-A1-PORTSCAN-V-01,PortScan,PortScan,RF-v3,0.00966971850722246,0.0034906074112497276,0.9868396740815275
3699,F-A1-PORTSCAN-V-01,PortScan,PortScan,RF-v3,0.007932008187120117,0.0016101204881968916,0.9904578713246829
3700,F-A1-PORTSCAN-V-01,PortScan,PortScan,RF-v3,0.00966971850722246,0.0034906074112497276,0.9868396740815275
3701,F-A1-PORTSCAN-V-01,PortScan,PortScan,RF-v3,0.007765084980849341,0.0016101204881968916,0.9906247945309538
3702,F-A1-PORTSCAN-V-01,PortScan,PortScan,RF-v3,0.007765084980849341,0.0016101204881968916,0.9906247945309538
3703,F-A1-PORTSCAN-V-01,PortScan,PortScan,RF-v3,0.007765084980849341,0.0016101204881968916,0.9906247945309538
3704,F-A1-PORTSCAN-V-01,PortScan,PortScan,RF-v3,0.00966971850722246,0.0034906074112497276,0.9868396740815275
3705,F-A1-PORTSCAN-V-01,PortScan,PortScan,RF-v3,0.007932008187120117,0.0016101204881968916,0.9904578713246829
3706,F-A1-PORTSCAN-V-01,PortScan,PortScan,RF-v3,0.007765084980849341,0.0016101204881968916,0.9906247945309538
3707,F-A1-PORTSCAN-V-01,PortScan,PortScan,RF-v3,0.00966971850722246,0.0034906074112497276,0.9868396740815275
3708,F-A1-PORTSCAN-V-01,PortScan,PortScan,RF-v3,0.00966971850722246,0.0034906074112497276,0.9868396740815275
3709,F-A1-PORTSCAN-V-01,PortScan,PortScan,RF-v3,0.007932008187120117,0.0016101204881968916,0.9904578713246829
3710,F-A1-PORTSCAN-V-01,PortScan,PortScan,RF-v3,0.007765084980849341,0.0016101204881968916,0.9906247945309538
3711,F-A1-PORTSCAN-V-01,PortScan,PortScan,RF-v3,0.007765084980849341,0.0016101204881968916,0.9906247945309538
3712,F-A1-PORTSCAN-V-01,PortScan,PortScan,RF-v3,0.007932008187120117,0.0016101204881968916,0.9904578713246829
3713,F-A1-PORTSCAN-V-01,PortScan,PortScan,RF-v3,0.00966971850722246,0.0034906074112497276,0.9868396740815275
3714,F-A1-PORTSCAN-V-01,PortScan,PortScan,RF-v3,0.00966971850722246,0.0034906074112497276,0.9868396740815275
3715,F-A1-PORTSCAN-V-01,PortScan,PortScan,RF-v3,0.00966971850722246,0.0034906074112497276,0.9868396740815275
3716,F-A1-PORTSCAN-V-01,PortScan,PortScan,RF-v3,0.007765084980849341,0.0016101204881968916,0.9906247945309538
3717,F-A1-PORTSCAN-V-01,PortScan,PortScan,RF-v3,0.007765084980849341,0.0016101204881968916,0.9906247945309538
3718,F-A1-PORTSCAN-V-01,PortScan,PortScan,RF-v3,0.007932008187120117,0.0016101204881968916,0.9904578713246829
3719,F-A1-PORTSCAN-V-01,PortScan,PortScan,RF-v3,0.00966971850722246,0.0034906074112497276,0.9868396740815275
3720,F-A1-PORTSCAN-V-01,PortScan,PortScan,RF-v3,0.007932008187120117,0.0016101204881968916,0.9904578713246829
3721,F-A1-PORTSCAN-V-01,PortScan,PortScan,RF-v3,0.00966971850722246,0.0034906074112497276,0.9868396740815275
3722,F-A1-PORTSCAN-V-01,PortScan,PortScan,RF-v3,0.007765084980849341,0.0016101204881968916,0.9906247945309538
3723,F-A1-PORTSCAN-V-01,PortScan,PortScan,RF-v3,0.00966971850722246,0.0034906074112497276,0.9868396740815275
3724,F-A1-PORTSCAN-V-01,PortScan,PortScan,RF-v3,0.007765084980849341,0.0016101204881968916,0.9906247945309538
3725,F-A1-PORTSCAN-V-01,PortScan,PortScan,RF-v3,0.00966971850722246,0.0034906074112497276,0.9868396740815275
3726,F-A1-PORTSCAN-V-01,PortScan,PortScan,RF-v3,0.00966971850722246,0.0034906074112497276,0.9868396740815275
3727,F-A1-PORTSCAN-V-01,PortScan,PortScan,RF-v3,0.0070646848036685795,0.0016198991628057163,0.9913154160335257
3728,F-A1-PORTSCAN-V-01,PortScan,PortScan,RF-v3,0.00966971850722246,0.0034906074112497276,0.9868396740815275
3729,F-A1-PORTSCAN-V-01,PortScan,PortScan,RF-v3,0.00966971850722246,0.0034906074112497276,0.9868396740815275
3730,F-A1-PORTSCAN-V-01,PortScan,PortScan,RF-v3,0.00966971850722246,0.0034906074112497276,0.9868396740815275
3731,F-A1-PORTSCAN-V-01,PortScan,PortScan,RF-v3,0.007765084980849341,0.0016101204881968916,0.9906247945309538
3732,F-A1-PORTSCAN-V-01,PortScan,PortScan,RF-v3,0.00966971850722246,0.0034906074112497276,0.9868396740815275
3733,F-A1-PORTSCAN-V-01,PortScan,PortScan,RF-v3,0.00966971850722246,0.0034906074112497276,0.9868396740815275
3734,F-A1-PORTSCAN-V-01,PortScan,PortScan,RF-v3,0.007765084980849341,0.0016101204881968916,0.9906247945309538
3735,F-A1-PORTSCAN-V-01,PortScan,PortScan,RF-v3,0.00966971850722246,0.0034906074112497276,0.9868396740815275
3736,F-A1-PORTSCAN-V-01,PortScan,PortScan,RF-v3,0.007765084980849341,0.0016101204881968916,0.9906247945309538
3737,F-A1-PORTSCAN-V-01,PortScan,PortScan,RF-v3,0.00966971850722246,0.0034906074112497276,0.9868396740815275
3738,F-A1-PORTSCAN-V-01,PortScan,PortScan,RF-v3,0.007765084980849341,0.0016101204881968916,0.9906247945309538
3739,F-A1-PORTSCAN-V-01,PortScan,PortScan,RF-v3,0.00966971850722246,0.0034906074112497276,0.9868396740815275
3740,F-A1-PORTSCAN-V-01,PortScan,PortScan,RF-v3,0.00966971850722246,0.0034906074112497276,0.9868396740815275
3741,F-A1-PORTSCAN-V-01,PortScan,PortScan,RF-v3,0.007765084980849341,0.0016101204881968916,0.9906247945309538
3742,F-A1-PORTSCAN-V-01,PortScan,PortScan,RF-v3,0.00966971850722246,0.0034906074112497276,0.9868396740815275
3743,F-A1-PORTSCAN-V-01,PortScan,PortScan,RF-v3,0.007765084980849341,0.0016101204881968916,0.9906247945309538
3744,F-A1-PORTSCAN-V-01,PortScan,PortScan,RF-v3,0.00966971850722246,0.0034906074112497276,0.9868396740815275
3745,F-A1-PORTSCAN-V-01,PortScan,PortScan,RF-v3,0.00966971850722246,0.0034906074112497276,0.9868396740815275
3746,F-A1-PORTSCAN-V-01,PortScan,PortScan,RF-v3,0.007765084980849341,0.0016101204881968916,0.9906247945309538
3747,F-A1-PORTSCAN-V-01,PortScan,PortScan,RF-v3,0.007932008187120117,0.0016101204881968916,0.9904578713246829
3748,F-A1-PORTSCAN-V-01,PortScan,PortScan,RF-v3,0.007765084980849341,0.0016101204881968916,0.9906247945309538
3749,F-A1-PORTSCAN-V-01,PortScan,PortScan,RF-v3,0.00966971850722246,0.0034906074112497276,0.9868396740815275
3750,F-A1-PORTSCAN-V-01,PortScan,PortScan,RF-v3,0.00966971850722246,0.0034906074112497276,0.9868396740815275
3751,F-A1-PORTSCAN-V-01,PortScan,PortScan,RF-v3,0.007765084980849341,0.0016101204881968916,0.9906247945309538
3752,F-A1-PORTSCAN-V-01,PortScan,PortScan,RF-v3,0.007765084980849341,0.0016101204881968916,0.9906247945309538
3753,F-A1-PORTSCAN-V-01,PortScan,PortScan,RF-v3,0.007765084980849341,0.0016101204881968916,0.9906247945309538
3754,F-A1-PORTSCAN-V-01,PortScan,PortScan,RF-v3,0.00966971850722246,0.0034906074112497276,0.9868396740815275
3755,F-A1-PORTSCAN-V-01,PortScan,PortScan,RF-v3,0.007765084980849341,0.0016101204881968916,0.9906247945309538
3756,F-A1-PORTSCAN-V-01,PortScan,PortScan,RF-v3,0.007765084980849341,0.0016101204881968916,0.9906247945309538
3757,F-A1-PORTSCAN-V-01,PortScan,PortScan,RF-v3,0.007765084980849341,0.0016101204881968916,0.9906247945309538
3758,F-A1-PORTSCAN-V-01,PortScan,PortScan,RF-v3,0.007932008187120117,0.0016101204881968916,0.9904578713246829
3759,F-A1-PORTSCAN-V-01,PortScan,PortScan,RF-v3,0.00966971850722246,0.0034906074112497276,0.9868396740815275
3760,F-A1-PORTSCAN-V-01,PortScan,PortScan,RF-v3,0.007932008187120117,0.0016101204881968916,0.9904578713246829
3761,F-A1-PORTSCAN-V-01,PortScan,PortScan,RF-v3,0.00966971850722246,0.0034906074112497276,0.9868396740815275
3762,F-A1-PORTSCAN-V-01,PortScan,PortScan,RF-v3,0.007765084980849341,0.0016101204881968916,0.9906247945309538
3763,F-A1-PORTSCAN-V-01,PortScan,PortScan,RF-v3,0.007932008187120117,0.0016101204881968916,0.9904578713246829
3764,F-A1-PORTSCAN-V-01,PortScan,PortScan,RF-v3,0.007932008187120117,0.0016101204881968916,0.9904578713246829
3765,F-A1-PORTSCAN-V-01,PortScan,PortScan,RF-v3,0.007765084980849341,0.0016101204881968916,0.9906247945309538
3766,F-A1-PORTSCAN-V-01,PortScan,PortScan,RF-v3,0.00966971850722246,0.0034906074112497276,0.9868396740815275
3767,F-A1-PORTSCAN-V-01,PortScan,PortScan,RF-v3,0.00966971850722246,0.0034906074112497276,0.9868396740815275
3768,F-A1-PORTSCAN-V-01,PortScan,PortScan,RF-v3,0.007932008187120117,0.0016101204881968916,0.9904578713246829
3769,F-A1-PORTSCAN-V-01,PortScan,PortScan,RF-v3,0.00966971850722246,0.0034906074112497276,0.9868396740815275
3770,F-A1-PORTSCAN-V-01,PortScan,PortScan,RF-v3,0.007765084980849341,0.0016101204881968916,0.9906247945309538
3771,F-A1-PORTSCAN-V-01,PortScan,PortScan,RF-v3,0.007932008187120117,0.0016101204881968916,0.9904578713246829
3772,F-A1-PORTSCAN-V-01,PortScan,Normal,RF-v3,0.48905153618793856,0.044440831377189995,0.4665076324348715
3773,F-A1-PORTSCAN-V-01,PortScan,PortScan,RF-v3,0.007765084980849341,0.0016101204881968916,0.9906247945309538
3774,F-A1-PORTSCAN-V-01,PortScan,PortScan,RF-v3,0.007765084980849341,0.0016101204881968916,0.9906247945309538
3775,F-A1-PORTSCAN-V-01,PortScan,PortScan,RF-v3,0.00966971850722246,0.0034906074112497276,0.9868396740815275
3776,F-A1-PORTSCAN-V-01,PortScan,PortScan,RF-v3,0.00966971850722246,0.0034906074112497276,0.9868396740815275
3777,F-A1-PORTSCAN-V-01,PortScan,PortScan,RF-v3,0.007932008187120117,0.0016101204881968916,0.9904578713246829
3778,F-A1-PORTSCAN-V-01,PortScan,PortScan,RF-v3,0.007932008187120117,0.0016101204881968916,0.9904578713246829
3779,F-A1-PORTSCAN-V-01,PortScan,PortScan,RF-v3,0.00966971850722246,0.0034906074112497276,0.9868396740815275
3780,F-A1-PORTSCAN-V-01,PortScan,PortScan,RF-v3,0.00966971850722246,0.0034906074112497276,0.9868396740815275
3781,F-A1-PORTSCAN-V-01,PortScan,PortScan,RF-v3,0.007765084980849341,0.0016101204881968916,0.9906247945309538
3782,F-A1-PORTSCAN-V-01,PortScan,PortScan,RF-v3,0.007765084980849341,0.0016101204881968916,0.9906247945309538
3783,F-A1-PORTSCAN-V-01,PortScan,PortScan,RF-v3,0.007765084980849341,0.0016101204881968916,0.9906247945309538
3784,F-A1-PORTSCAN-V-01,PortScan,PortScan,RF-v3,0.007932008187120117,0.0016101204881968916,0.9904578713246829
3785,F-A1-PORTSCAN-V-01,PortScan,PortScan,RF-v3,0.00966971850722246,0.0034906074112497276,0.9868396740815275
3786,F-A1-PORTSCAN-V-01,PortScan,PortScan,RF-v3,0.00966971850722246,0.0034906074112497276,0.9868396740815275
3787,F-A1-PORTSCAN-V-01,PortScan,PortScan,RF-v3,0.007765084980849341,0.0016101204881968916,0.9906247945309538
3788,F-A1-PORTSCAN-V-01,PortScan,PortScan,RF-v3,0.007765084980849341,0.0016101204881968916,0.9906247945309538
3789,F-A1-PORTSCAN-V-01,PortScan,PortScan,RF-v3,0.007765084980849341,0.0016101204881968916,0.9906247945309538
3790,F-A1-PORTSCAN-V-01,PortScan,PortScan,RF-v3,0.007932008187120117,0.0016101204881968916,0.9904578713246829
3791,F-A1-PORTSCAN-V-01,PortScan,PortScan,RF-v3,0.007765084980849341,0.0016101204881968916,0.9906247945309538
3792,F-A1-PORTSCAN-V-01,PortScan,PortScan,RF-v3,0.007932008187120117,0.0016101204881968916,0.9904578713246829
3793,F-A1-PORTSCAN-V-01,PortScan,PortScan,RF-v3,0.007765084980849341,0.0016101204881968916,0.9906247945309538
3794,F-A1-PORTSCAN-V-01,PortScan,PortScan,RF-v3,0.00966971850722246,0.0034906074112497276,0.9868396740815275
3795,F-A1-PORTSCAN-V-01,PortScan,PortScan,RF-v3,0.00966971850722246,0.0034906074112497276,0.9868396740815275
3796,F-A1-PORTSCAN-V-01,PortScan,PortScan,RF-v3,0.00966971850722246,0.0034906074112497276,0.9868396740815275
3797,F-A1-PORTSCAN-V-01,PortScan,PortScan,RF-v3,0.00966971850722246,0.0034906074112497276,0.9868396740815275
3798,F-A1-PORTSCAN-V-01,PortScan,PortScan,RF-v3,0.007932008187120117,0.0016101204881968916,0.9904578713246829
3799,F-A1-PORTSCAN-V-01,PortScan,PortScan,RF-v3,0.007765084980849341,0.0016101204881968916,0.9906247945309538
3800,F-A1-PORTSCAN-V-01,PortScan,PortScan,RF-v3,0.007765084980849341,0.0016101204881968916,0.9906247945309538
3801,F-A1-PORTSCAN-V-01,PortScan,PortScan,RF-v3,0.007765084980849341,0.0016101204881968916,0.9906247945309538
3802,F-A1-PORTSCAN-V-01,PortScan,PortScan,RF-v3,0.007765084980849341,0.0016101204881968916,0.9906247945309538
3803,F-A1-PORTSCAN-V-01,PortScan,PortScan,RF-v3,0.007765084980849341,0.0016101204881968916,0.9906247945309538
3804,F-A1-PORTSCAN-V-01,PortScan,PortScan,RF-v3,0.00966971850722246,0.0034906074112497276,0.9868396740815275
3805,F-A1-PORTSCAN-V-01,PortScan,PortScan,RF-v3,0.007765084980849341,0.0016101204881968916,0.9906247945309538
3806,F-A1-PORTSCAN-V-01,PortScan,PortScan,RF-v3,0.007765084980849341,0.0016101204881968916,0.9906247945309538
3807,F-A1-PORTSCAN-V-01,PortScan,PortScan,RF-v3,0.007765084980849341,0.0016101204881968916,0.9906247945309538
3808,F-A1-PORTSCAN-V-01,PortScan,PortScan,RF-v3,0.00966971850722246,0.0034906074112497276,0.9868396740815275
3809,F-A1-PORTSCAN-V-01,PortScan,PortScan,RF-v3,0.007932008187120117,0.0016101204881968916,0.9904578713246829
3810,F-A1-PORTSCAN-V-01,PortScan,PortScan,RF-v3,0.007765084980849341,0.0016101204881968916,0.9906247945309538
3811,F-A1-PORTSCAN-V-01,PortScan,PortScan,RF-v3,0.00966971850722246,0.0034906074112497276,0.9868396740815275
3812,F-A1-PORTSCAN-V-01,PortScan,PortScan,RF-v3,0.007932008187120117,0.0016101204881968916,0.9904578713246829
3813,F-A1-PORTSCAN-V-01,PortScan,PortScan,RF-v3,0.007765084980849341,0.0016101204881968916,0.9906247945309538
3814,F-A1-PORTSCAN-V-01,PortScan,PortScan,RF-v3,0.007765084980849341,0.0016101204881968916,0.9906247945309538
3815,F-A1-PORTSCAN-V-01,PortScan,PortScan,RF-v3,0.007765084980849341,0.0016101204881968916,0.9906247945309538
3816,F-A1-PORTSCAN-V-01,PortScan,PortScan,RF-v3,0.007765084980849341,0.0016101204881968916,0.9906247945309538
3817,F-A1-PORTSCAN-V-01,PortScan,PortScan,RF-v3,0.007765084980849341,0.0016101204881968916,0.9906247945309538
3818,F-A1-PORTSCAN-V-01,PortScan,PortScan,RF-v3,0.007765084980849341,0.0016101204881968916,0.9906247945309538
3819,F-A1-PORTSCAN-V-01,PortScan,PortScan,RF-v3,0.007765084980849341,0.0016101204881968916,0.9906247945309538
3820,F-A1-PORTSCAN-V-01,PortScan,PortScan,RF-v3,0.00966971850722246,0.0034906074112497276,0.9868396740815275
3821,F-A1-PORTSCAN-V-01,PortScan,PortScan,RF-v3,0.00966971850722246,0.0034906074112497276,0.9868396740815275
3822,F-A1-PORTSCAN-V-01,PortScan,PortScan,RF-v3,0.007765084980849341,0.0016101204881968916,0.9906247945309538
3823,F-A1-PORTSCAN-V-01,PortScan,PortScan,RF-v3,0.00966971850722246,0.0034906074112497276,0.9868396740815275
3824,F-A1-PORTSCAN-V-01,PortScan,PortScan,RF-v3,0.007765084980849341,0.0016101204881968916,0.9906247945309538
3825,F-A1-PORTSCAN-V-01,PortScan,PortScan,RF-v3,0.00966971850722246,0.0034906074112497276,0.9868396740815275
3826,F-A1-PORTSCAN-V-01,PortScan,PortScan,RF-v3,0.007765084980849341,0.0016101204881968916,0.9906247945309538
3827,F-A1-PORTSCAN-V-01,PortScan,PortScan,RF-v3,0.007765084980849341,0.0016101204881968916,0.9906247945309538
3828,F-A1-PORTSCAN-V-01,PortScan,PortScan,RF-v3,0.00966971850722246,0.0034906074112497276,0.9868396740815275
3829,F-A1-PORTSCAN-V-01,PortScan,PortScan,RF-v3,0.00966971850722246,0.0034906074112497276,0.9868396740815275
3830,F-A1-PORTSCAN-V-01,PortScan,PortScan,RF-v3,0.007932008187120117,0.0016101204881968916,0.9904578713246829
3831,F-A1-PORTSCAN-V-01,PortScan,PortScan,RF-v3,0.007765084980849341,0.0016101204881968916,0.9906247945309538
3832,F-A1-PORTSCAN-V-01,PortScan,PortScan,RF-v3,0.011733400820822368,0.0016101204881968916,0.9866564786909806
3833,F-A1-PORTSCAN-V-01,PortScan,PortScan,RF-v3,0.007765084980849341,0.0016101204881968916,0.9906247945309538
3834,F-A1-PORTSCAN-V-01,PortScan,PortScan,RF-v3,0.007765084980849341,0.0016101204881968916,0.9906247945309538
3835,F-A1-PORTSCAN-V-01,PortScan,PortScan,RF-v3,0.006428711988070115,0.0016198991628057163,0.9919513888491243
3836,F-A1-PORTSCAN-V-01,PortScan,PortScan,RF-v3,0.00966971850722246,0.0034906074112497276,0.9868396740815275
3837,F-A1-PORTSCAN-V-01,PortScan,PortScan,RF-v3,0.007765084980849341,0.0016101204881968916,0.9906247945309538
3838,F-A1-PORTSCAN-V-01,PortScan,PortScan,RF-v3,0.007765084980849341,0.0016101204881968916,0.9906247945309538
3839,F-A1-PORTSCAN-V-01,PortScan,PortScan,RF-v3,0.00966971850722246,0.0034906074112497276,0.9868396740815275
3840,F-A1-PORTSCAN-V-01,PortScan,PortScan,RF-v3,0.007765084980849341,0.0016101204881968916,0.9906247945309538
3841,F-A1-PORTSCAN-V-01,PortScan,PortScan,RF-v3,0.00966971850722246,0.0034906074112497276,0.9868396740815275
3842,F-A1-PORTSCAN-V-01,PortScan,PortScan,RF-v3,0.007932008187120117,0.0016101204881968916,0.9904578713246829
3843,F-A1-PORTSCAN-V-01,PortScan,PortScan,RF-v3,0.007765084980849341,0.0016101204881968916,0.9906247945309538
3844,F-A1-PORTSCAN-V-01,PortScan,PortScan,RF-v3,0.007932008187120117,0.0016101204881968916,0.9904578713246829
3845,F-A1-PORTSCAN-V-01,PortScan,PortScan,RF-v3,0.00966971850722246,0.0034906074112497276,0.9868396740815275
3846,F-A1-PORTSCAN-V-01,PortScan,PortScan,RF-v3,0.007765084980849341,0.0016101204881968916,0.9906247945309538
3847,F-A1-PORTSCAN-V-01,PortScan,PortScan,RF-v3,0.007765084980849341,0.0016101204881968916,0.9906247945309538
3848,F-A1-PORTSCAN-V-01,PortScan,PortScan,RF-v3,0.007765084980849341,0.0016101204881968916,0.9906247945309538
3849,F-A1-PORTSCAN-V-01,PortScan,PortScan,RF-v3,0.007932008187120117,0.0016101204881968916,0.9904578713246829
3850,F-A1-PORTSCAN-V-01,PortScan,PortScan,RF-v3,0.007765084980849341,0.0016101204881968916,0.9906247945309538
3851,F-A1-PORTSCAN-V-01,PortScan,PortScan,RF-v3,0.007765084980849341,0.0016101204881968916,0.9906247945309538
3852,F-A1-PORTSCAN-V-01,PortScan,PortScan,RF-v3,0.007932008187120117,0.0016101204881968916,0.9904578713246829
3853,F-A1-PORTSCAN-V-01,PortScan,PortScan,RF-v3,0.007932008187120117,0.0016101204881968916,0.9904578713246829
3854,F-A1-PORTSCAN-V-01,PortScan,PortScan,RF-v3,0.007765084980849341,0.0016101204881968916,0.9906247945309538
3855,F-A1-PORTSCAN-V-01,PortScan,PortScan,RF-v3,0.007765084980849341,0.0016101204881968916,0.9906247945309538
3856,F-A1-PORTSCAN-V-01,PortScan,PortScan,RF-v3,0.007765084980849341,0.0016101204881968916,0.9906247945309538
3857,F-A1-PORTSCAN-V-01,PortScan,PortScan,RF-v3,0.007765084980849341,0.0016101204881968916,0.9906247945309538
3858,F-A1-PORTSCAN-V-01,PortScan,PortScan,RF-v3,0.007932008187120117,0.0016101204881968916,0.9904578713246829
3859,F-A1-PORTSCAN-V-01,PortScan,PortScan,RF-v3,0.007765084980849341,0.0016101204881968916,0.9906247945309538
3860,F-A1-PORTSCAN-V-01,PortScan,PortScan,RF-v3,0.007765084980849341,0.0016101204881968916,0.9906247945309538
3861,F-A1-PORTSCAN-V-01,PortScan,PortScan,RF-v3,0.007765084980849341,0.0016101204881968916,0.9906247945309538
3862,F-A1-PORTSCAN-V-01,PortScan,PortScan,RF-v3,0.00966971850722246,0.0034906074112497276,0.9868396740815275
3863,F-A1-PORTSCAN-V-01,PortScan,PortScan,RF-v3,0.007765084980849341,0.0016101204881968916,0.9906247945309538
3864,F-A1-PORTSCAN-V-01,PortScan,PortScan,RF-v3,0.00966971850722246,0.0034906074112497276,0.9868396740815275
3865,F-A1-PORTSCAN-V-01,PortScan,PortScan,RF-v3,0.007765084980849341,0.0016101204881968916,0.9906247945309538
3866,F-A1-PORTSCAN-V-01,PortScan,PortScan,RF-v3,0.007765084980849341,0.0016101204881968916,0.9906247945309538
3867,F-A1-PORTSCAN-V-01,PortScan,PortScan,RF-v3,0.007932008187120117,0.0016101204881968916,0.9904578713246829
3868,F-A1-PORTSCAN-V-01,PortScan,PortScan,RF-v3,0.00966971850722246,0.0034906074112497276,0.9868396740815275
3869,F-A1-PORTSCAN-V-01,PortScan,PortScan,RF-v3,0.007932008187120117,0.0016101204881968916,0.9904578713246829
3870,F-A1-PORTSCAN-V-01,PortScan,PortScan,RF-v3,0.007932008187120117,0.0016101204881968916,0.9904578713246829
3871,F-A1-PORTSCAN-V-01,PortScan,PortScan,RF-v3,0.007765084980849341,0.0016101204881968916,0.9906247945309538
3872,F-A1-PORTSCAN-V-01,PortScan,PortScan,RF-v3,0.007932008187120117,0.0016101204881968916,0.9904578713246829
3873,F-A1-PORTSCAN-V-01,PortScan,PortScan,RF-v3,0.007765084980849341,0.0016101204881968916,0.9906247945309538
3874,F-A1-PORTSCAN-V-01,PortScan,PortScan,RF-v3,0.007932008187120117,0.0016101204881968916,0.9904578713246829
3875,F-A1-PORTSCAN-V-01,PortScan,PortScan,RF-v3,0.007765084980849341,0.0016101204881968916,0.9906247945309538
3876,F-A1-PORTSCAN-V-01,PortScan,PortScan,RF-v3,0.007932008187120117,0.0016101204881968916,0.9904578713246829
3877,F-A1-PORTSCAN-V-01,PortScan,PortScan,RF-v3,0.00966971850722246,0.0034906074112497276,0.9868396740815275
3878,F-A1-PORTSCAN-V-01,PortScan,PortScan,RF-v3,0.007765084980849341,0.0016101204881968916,0.9906247945309538
3879,F-A1-PORTSCAN-V-01,PortScan,PortScan,RF-v3,0.007932008187120117,0.0016101204881968916,0.9904578713246829
3880,F-A1-PORTSCAN-V-01,PortScan,PortScan,RF-v3,0.007765084980849341,0.0016101204881968916,0.9906247945309538
3881,F-A1-PORTSCAN-V-01,PortScan,PortScan,RF-v3,0.00966971850722246,0.0034906074112497276,0.9868396740815275
3882,F-A1-PORTSCAN-V-01,PortScan,PortScan,RF-v3,0.007932008187120117,0.0016101204881968916,0.9904578713246829
3883,F-A1-PORTSCAN-V-01,PortScan,PortScan,RF-v3,0.007765084980849341,0.0016101204881968916,0.9906247945309538
3884,F-A1-PORTSCAN-V-01,PortScan,PortScan,RF-v3,0.00966971850722246,0.0034906074112497276,0.9868396740815275
3885,F-A1-PORTSCAN-V-01,PortScan,PortScan,RF-v3,0.007932008187120117,0.0016101204881968916,0.9904578713246829
3886,F-A1-PORTSCAN-V-01,PortScan,PortScan,RF-v3,0.007765084980849341,0.0016101204881968916,0.9906247945309538
3887,F-A1-PORTSCAN-V-01,PortScan,PortScan,RF-v3,0.007932008187120117,0.0016101204881968916,0.9904578713246829
3888,F-A1-PORTSCAN-V-01,PortScan,PortScan,RF-v3,0.007765084980849341,0.0016101204881968916,0.9906247945309538
3889,F-A1-PORTSCAN-V-01,PortScan,PortScan,RF-v3,0.007765084980849341,0.0016101204881968916,0.9906247945309538
3890,F-A1-PORTSCAN-V-01,PortScan,PortScan,RF-v3,0.007932008187120117,0.0016101204881968916,0.9904578713246829
3891,F-A1-PORTSCAN-V-01,PortScan,PortScan,RF-v3,0.007932008187120117,0.0016101204881968916,0.9904578713246829
3892,F-A1-PORTSCAN-V-01,PortScan,PortScan,RF-v3,0.007765084980849341,0.0016101204881968916,0.9906247945309538
3893,F-A1-PORTSCAN-V-01,PortScan,PortScan,RF-v3,0.007932008187120117,0.0016101204881968916,0.9904578713246829
3894,F-A1-PORTSCAN-V-01,PortScan,PortScan,RF-v3,0.007765084980849341,0.0016101204881968916,0.9906247945309538
3895,F-A1-PORTSCAN-V-01,PortScan,PortScan,RF-v3,0.007765084980849341,0.0016101204881968916,0.9906247945309538
3896,F-A1-PORTSCAN-V-01,PortScan,PortScan,RF-v3,0.007932008187120117,0.0016101204881968916,0.9904578713246829
3897,F-A1-PORTSCAN-V-01,PortScan,PortScan,RF-v3,0.007765084980849341,0.0016101204881968916,0.9906247945309538
3898,F-A1-PORTSCAN-V-01,PortScan,PortScan,RF-v3,0.00966971850722246,0.0034906074112497276,0.9868396740815275
3899,F-A1-PORTSCAN-V-01,PortScan,PortScan,RF-v3,0.00966971850722246,0.0034906074112497276,0.9868396740815275
3900,F-A1-PORTSCAN-V-01,PortScan,PortScan,RF-v3,0.007765084980849341,0.0016101204881968916,0.9906247945309538
3901,F-A1-PORTSCAN-V-01,PortScan,PortScan,RF-v3,0.00966971850722246,0.0034906074112497276,0.9868396740815275
3902,F-A1-PORTSCAN-V-01,PortScan,PortScan,RF-v3,0.007765084980849341,0.0016101204881968916,0.9906247945309538
3903,F-A1-PORTSCAN-V-01,PortScan,PortScan,RF-v3,0.00966971850722246,0.0034906074112497276,0.9868396740815275
3904,F-A1-PORTSCAN-V-01,PortScan,PortScan,RF-v3,0.007932008187120117,0.0016101204881968916,0.9904578713246829
3905,F-A1-PORTSCAN-V-01,PortScan,PortScan,RF-v3,0.007932008187120117,0.0016101204881968916,0.9904578713246829
3906,F-A1-PORTSCAN-V-01,PortScan,PortScan,RF-v3,0.007765084980849341,0.0016101204881968916,0.9906247945309538
3907,F-A1-PORTSCAN-V-01,PortScan,PortScan,RF-v3,0.00966971850722246,0.0034906074112497276,0.9868396740815275
3908,F-A1-PORTSCAN-V-01,PortScan,PortScan,RF-v3,0.007932008187120117,0.0016101204881968916,0.9904578713246829
3909,F-A1-PORTSCAN-V-01,PortScan,PortScan,RF-v3,0.007932008187120117,0.0016101204881968916,0.9904578713246829
3910,F-A1-PORTSCAN-V-01,PortScan,PortScan,RF-v3,0.007765084980849341,0.0016101204881968916,0.9906247945309538
3911,F-A1-PORTSCAN-V-01,PortScan,PortScan,RF-v3,0.007932008187120117,0.0016101204881968916,0.9904578713246829
3912,F-A1-PORTSCAN-V-01,PortScan,PortScan,RF-v3,0.007765084980849341,0.0016101204881968916,0.9906247945309538
3913,F-A1-PORTSCAN-V-01,PortScan,PortScan,RF-v3,0.007765084980849341,0.0016101204881968916,0.9906247945309538
3914,F-A1-PORTSCAN-V-01,PortScan,PortScan,RF-v3,0.007765084980849341,0.0016101204881968916,0.9906247945309538
3915,F-A1-PORTSCAN-V-01,PortScan,PortScan,RF-v3,0.00966971850722246,0.0034906074112497276,0.9868396740815275
3916,F-A1-PORTSCAN-V-01,PortScan,PortScan,RF-v3,0.00966971850722246,0.0034906074112497276,0.9868396740815275
3917,F-A1-PORTSCAN-V-01,PortScan,PortScan,RF-v3,0.00966971850722246,0.0034906074112497276,0.9868396740815275
3918,F-A1-PORTSCAN-V-01,PortScan,PortScan,RF-v3,0.007765084980849341,0.0016101204881968916,0.9906247945309538
3919,F-A1-PORTSCAN-V-01,PortScan,PortScan,RF-v3,0.007765084980849341,0.0016101204881968916,0.9906247945309538
3920,F-A1-PORTSCAN-V-01,PortScan,PortScan,RF-v3,0.007932008187120117,0.0016101204881968916,0.9904578713246829
3921,F-A1-PORTSCAN-V-01,PortScan,PortScan,RF-v3,0.007765084980849341,0.0016101204881968916,0.9906247945309538
3922,F-A1-PORTSCAN-V-01,PortScan,PortScan,RF-v3,0.00966971850722246,0.0034906074112497276,0.9868396740815275
3923,F-A1-PORTSCAN-V-01,PortScan,PortScan,RF-v3,0.007765084980849341,0.0016101204881968916,0.9906247945309538
3924,F-A1-PORTSCAN-V-01,PortScan,PortScan,RF-v3,0.007765084980849341,0.0016101204881968916,0.9906247945309538
3925,F-A1-PORTSCAN-V-01,PortScan,PortScan,RF-v3,0.007765084980849341,0.0016101204881968916,0.9906247945309538
3926,F-A1-PORTSCAN-V-01,PortScan,PortScan,RF-v3,0.00966971850722246,0.0034906074112497276,0.9868396740815275
3927,F-A1-PORTSCAN-V-01,PortScan,PortScan,RF-v3,0.007765084980849341,0.0016101204881968916,0.9906247945309538
3928,F-A1-PORTSCAN-V-01,PortScan,PortScan,RF-v3,0.007932008187120117,0.0016101204881968916,0.9904578713246829
3929,F-A1-PORTSCAN-V-01,PortScan,PortScan,RF-v3,0.007765084980849341,0.0016101204881968916,0.9906247945309538
3930,F-A1-PORTSCAN-V-01,PortScan,PortScan,RF-v3,0.007765084980849341,0.0016101204881968916,0.9906247945309538
3931,F-A1-PORTSCAN-V-01,PortScan,PortScan,RF-v3,0.007932008187120117,0.0016101204881968916,0.9904578713246829
3932,F-A1-PORTSCAN-V-01,PortScan,PortScan,RF-v3,0.0070646848036685795,0.0016198991628057163,0.9913154160335257
3933,F-A1-PORTSCAN-V-01,PortScan,PortScan,RF-v3,0.007932008187120117,0.0016101204881968916,0.9904578713246829
3934,F-A1-PORTSCAN-V-01,PortScan,PortScan,RF-v3,0.007932008187120117,0.0016101204881968916,0.9904578713246829
3935,F-A1-PORTSCAN-V-01,PortScan,PortScan,RF-v3,0.00966971850722246,0.0034906074112497276,0.9868396740815275
3936,F-A1-PORTSCAN-V-01,PortScan,PortScan,RF-v3,0.00966971850722246,0.0034906074112497276,0.9868396740815275
3937,F-A1-PORTSCAN-V-01,PortScan,PortScan,RF-v3,0.007932008187120117,0.0016101204881968916,0.9904578713246829
3938,F-A1-PORTSCAN-V-01,PortScan,PortScan,RF-v3,0.00966971850722246,0.0034906074112497276,0.9868396740815275
3939,F-A1-PORTSCAN-V-01,PortScan,PortScan,RF-v3,0.007765084980849341,0.0016101204881968916,0.9906247945309538
3940,F-A1-PORTSCAN-V-01,PortScan,PortScan,RF-v3,0.007765084980849341,0.0016101204881968916,0.9906247945309538
3941,F-A1-PORTSCAN-V-01,PortScan,PortScan,RF-v3,0.007765084980849341,0.0016101204881968916,0.9906247945309538
3942,F-A1-PORTSCAN-V-01,PortScan,PortScan,RF-v3,0.007932008187120117,0.0016101204881968916,0.9904578713246829
3943,F-A1-PORTSCAN-V-01,PortScan,PortScan,RF-v3,0.007765084980849341,0.0016101204881968916,0.9906247945309538
3944,F-A1-PORTSCAN-V-01,PortScan,PortScan,RF-v3,0.00966971850722246,0.0034906074112497276,0.9868396740815275
3945,F-A1-PORTSCAN-V-01,PortScan,PortScan,RF-v3,0.007765084980849341,0.0016101204881968916,0.9906247945309538
3946,F-A1-PORTSCAN-V-01,PortScan,PortScan,RF-v3,0.00966971850722246,0.0034906074112497276,0.9868396740815275
3947,F-A1-PORTSCAN-V-01,PortScan,PortScan,RF-v3,0.007765084980849341,0.0016101204881968916,0.9906247945309538
3948,F-A1-PORTSCAN-V-01,PortScan,PortScan,RF-v3,0.00966971850722246,0.0034906074112497276,0.9868396740815275
3949,F-A1-PORTSCAN-V-01,PortScan,PortScan,RF-v3,0.007765084980849341,0.0016101204881968916,0.9906247945309538
3950,F-A1-PORTSCAN-V-01,PortScan,PortScan,RF-v3,0.007765084980849341,0.0016101204881968916,0.9906247945309538
3951,F-A1-PORTSCAN-V-01,PortScan,PortScan,RF-v3,0.007765084980849341,0.0016101204881968916,0.9906247945309538
3952,F-A1-PORTSCAN-V-01,PortScan,PortScan,RF-v3,0.007765084980849341,0.0016101204881968916,0.9906247945309538
3953,F-A1-PORTSCAN-V-01,PortScan,PortScan,RF-v3,0.00966971850722246,0.0034906074112497276,0.9868396740815275
3954,F-A1-PORTSCAN-V-01,PortScan,PortScan,RF-v3,0.007765084980849341,0.0016101204881968916,0.9906247945309538
3955,F-A1-PORTSCAN-V-01,PortScan,PortScan,RF-v3,0.00966971850722246,0.0034906074112497276,0.9868396740815275
3956,F-A1-PORTSCAN-V-01,PortScan,PortScan,RF-v3,0.00966971850722246,0.0034906074112497276,0.9868396740815275
3957,F-A1-PORTSCAN-V-01,PortScan,PortScan,RF-v3,0.00966971850722246,0.0034906074112497276,0.9868396740815275
3958,F-A1-PORTSCAN-V-01,PortScan,PortScan,RF-v3,0.007765084980849341,0.0016101204881968916,0.9906247945309538
3959,F-A1-PORTSCAN-V-01,PortScan,PortScan,RF-v3,0.007932008187120117,0.0016101204881968916,0.9904578713246829
3960,F-A1-PORTSCAN-V-01,PortScan,PortScan,RF-v3,0.007765084980849341,0.0016101204881968916,0.9906247945309538
3961,F-A1-PORTSCAN-V-01,PortScan,PortScan,RF-v3,0.007765084980849341,0.0016101204881968916,0.9906247945309538
3962,F-A1-PORTSCAN-V-01,PortScan,PortScan,RF-v3,0.007765084980849341,0.0016101204881968916,0.9906247945309538
3963,F-A1-PORTSCAN-V-01,PortScan,PortScan,RF-v3,0.007932008187120117,0.0016101204881968916,0.9904578713246829
3964,F-A1-PORTSCAN-V-01,PortScan,PortScan,RF-v3,0.007932008187120117,0.0016101204881968916,0.9904578713246829
3965,F-A1-PORTSCAN-V-01,PortScan,PortScan,RF-v3,0.007765084980849341,0.0016101204881968916,0.9906247945309538
3966,F-A1-PORTSCAN-V-01,PortScan,PortScan,RF-v3,0.00966971850722246,0.0034906074112497276,0.9868396740815275
3967,F-A1-PORTSCAN-V-01,PortScan,PortScan,RF-v3,0.007765084980849341,0.0016101204881968916,0.9906247945309538
3968,F-A1-PORTSCAN-V-01,PortScan,PortScan,RF-v3,0.007765084980849341,0.0016101204881968916,0.9906247945309538
3969,F-A1-PORTSCAN-V-01,PortScan,PortScan,RF-v3,0.007765084980849341,0.0016101204881968916,0.9906247945309538
3970,F-A1-PORTSCAN-V-01,PortScan,PortScan,RF-v3,0.007765084980849341,0.0016101204881968916,0.9906247945309538
3971,F-A1-PORTSCAN-V-01,PortScan,PortScan,RF-v3,0.007765084980849341,0.0016101204881968916,0.9906247945309538
3972,F-A1-PORTSCAN-V-01,PortScan,PortScan,RF-v3,0.007765084980849341,0.0016101204881968916,0.9906247945309538
3973,F-A1-PORTSCAN-V-01,PortScan,PortScan,RF-v3,0.007765084980849341,0.0016101204881968916,0.9906247945309538
3974,F-A1-PORTSCAN-V-01,PortScan,PortScan,RF-v3,0.007765084980849341,0.0016101204881968916,0.9906247945309538
3975,F-A1-PORTSCAN-V-01,PortScan,PortScan,RF-v3,0.007765084980849341,0.0016101204881968916,0.9906247945309538
3976,F-A1-PORTSCAN-V-01,PortScan,PortScan,RF-v3,0.00966971850722246,0.0034906074112497276,0.9868396740815275
3977,F-A1-PORTSCAN-V-01,PortScan,PortScan,RF-v3,0.00966971850722246,0.0034906074112497276,0.9868396740815275
3978,F-A1-PORTSCAN-V-01,PortScan,PortScan,RF-v3,0.007765084980849341,0.0016101204881968916,0.9906247945309538
3979,F-A1-PORTSCAN-V-01,PortScan,PortScan,RF-v3,0.007765084980849341,0.0016101204881968916,0.9906247945309538
3980,F-A1-PORTSCAN-V-01,PortScan,PortScan,RF-v3,0.007932008187120117,0.0016101204881968916,0.9904578713246829
3981,F-A1-PORTSCAN-V-01,PortScan,PortScan,RF-v3,0.007765084980849341,0.0016101204881968916,0.9906247945309538
3982,F-A1-PORTSCAN-V-01,PortScan,PortScan,RF-v3,0.00966971850722246,0.0034906074112497276,0.9868396740815275
3983,F-A1-PORTSCAN-V-01,PortScan,PortScan,RF-v3,0.007765084980849341,0.0016101204881968916,0.9906247945309538
3984,F-A1-PORTSCAN-V-01,PortScan,PortScan,RF-v3,0.007765084980849341,0.0016101204881968916,0.9906247945309538
3985,F-A1-PORTSCAN-V-01,PortScan,PortScan,RF-v3,0.007765084980849341,0.0016101204881968916,0.9906247945309538
3986,F-A1-PORTSCAN-V-01,PortScan,PortScan,RF-v3,0.007765084980849341,0.0016101204881968916,0.9906247945309538
3987,F-A1-PORTSCAN-V-01,PortScan,PortScan,RF-v3,0.00966971850722246,0.0034906074112497276,0.9868396740815275
3988,F-A1-PORTSCAN-V-01,PortScan,PortScan,RF-v3,0.007765084980849341,0.0016101204881968916,0.9906247945309538
3989,F-A1-PORTSCAN-V-01,PortScan,PortScan,RF-v3,0.007765084980849341,0.0016101204881968916,0.9906247945309538
3990,F-A1-PORTSCAN-V-01,PortScan,PortScan,RF-v3,0.007765084980849341,0.0016101204881968916,0.9906247945309538
3991,F-A1-PORTSCAN-V-01,PortScan,PortScan,RF-v3,0.007765084980849341,0.0016101204881968916,0.9906247945309538
3992,F-A1-PORTSCAN-V-01,PortScan,PortScan,RF-v3,0.00966971850722246,0.0034906074112497276,0.9868396740815275
3993,F-A1-PORTSCAN-V-01,PortScan,PortScan,RF-v3,0.007932008187120117,0.0016101204881968916,0.9904578713246829
3994,F-A1-PORTSCAN-V-01,PortScan,PortScan,RF-v3,0.00966971850722246,0.0034906074112497276,0.9868396740815275
3995,F-A1-PORTSCAN-V-01,PortScan,PortScan,RF-v3,0.007932008187120117,0.0016101204881968916,0.9904578713246829
3996,F-A1-PORTSCAN-V-01,PortScan,PortScan,RF-v3,0.00966971850722246,0.0034906074112497276,0.9868396740815275
3997,F-A1-PORTSCAN-V-01,PortScan,PortScan,RF-v3,0.00966971850722246,0.0034906074112497276,0.9868396740815275
3998,F-A1-PORTSCAN-V-01,PortScan,PortScan,RF-v3,0.007765084980849341,0.0016101204881968916,0.9906247945309538
3999,F-A1-PORTSCAN-V-02,PortScan,PortScan,RF-v3,0.00966971850722246,0.0034906074112497276,0.9868396740815275
4000,F-A1-PORTSCAN-V-02,PortScan,PortScan,RF-v3,0.00966971850722246,0.0034906074112497276,0.9868396740815275
4001,F-A1-PORTSCAN-V-02,PortScan,PortScan,RF-v3,0.00966971850722246,0.0034906074112497276,0.9868396740815275
4002,F-A1-PORTSCAN-V-02,PortScan,PortScan,RF-v3,0.007765084980849341,0.0016101204881968916,0.9906247945309538
4003,F-A1-PORTSCAN-V-02,PortScan,PortScan,RF-v3,0.00966971850722246,0.0034906074112497276,0.9868396740815275
4004,F-A1-PORTSCAN-V-02,PortScan,PortScan,RF-v3,0.007765084980849341,0.0016101204881968916,0.9906247945309538
4005,F-A1-PORTSCAN-V-02,PortScan,PortScan,RF-v3,0.00966971850722246,0.0034906074112497276,0.9868396740815275
4006,F-A1-PORTSCAN-V-02,PortScan,PortScan,RF-v3,0.00966971850722246,0.0034906074112497276,0.9868396740815275
4007,F-A1-PORTSCAN-V-02,PortScan,PortScan,RF-v3,0.007765084980849341,0.0016101204881968916,0.9906247945309538
4008,F-A1-PORTSCAN-V-02,PortScan,PortScan,RF-v3,0.007765084980849341,0.0016101204881968916,0.9906247945309538
4009,F-A1-PORTSCAN-V-02,PortScan,PortScan,RF-v3,0.00966971850722246,0.0034906074112497276,0.9868396740815275
4010,F-A1-PORTSCAN-V-02,PortScan,PortScan,RF-v3,0.00966971850722246,0.0034906074112497276,0.9868396740815275
4011,F-A1-PORTSCAN-V-02,PortScan,PortScan,RF-v3,0.007765084980849341,0.0016101204881968916,0.9906247945309538
4012,F-A1-PORTSCAN-V-02,PortScan,PortScan,RF-v3,0.007765084980849341,0.0016101204881968916,0.9906247945309538
4013,F-A1-PORTSCAN-V-02,PortScan,PortScan,RF-v3,0.00966971850722246,0.0034906074112497276,0.9868396740815275
4014,F-A1-PORTSCAN-V-02,PortScan,PortScan,RF-v3,0.007765084980849341,0.0016101204881968916,0.9906247945309538
4015,F-A1-PORTSCAN-V-02,PortScan,PortScan,RF-v3,0.00966971850722246,0.0034906074112497276,0.9868396740815275
4016,F-A1-PORTSCAN-V-02,PortScan,PortScan,RF-v3,0.00966971850722246,0.0034906074112497276,0.9868396740815275
4017,F-A1-PORTSCAN-V-02,PortScan,PortScan,RF-v3,0.00966971850722246,0.0034906074112497276,0.9868396740815275
4018,F-A1-PORTSCAN-V-02,PortScan,PortScan,RF-v3,0.0070646848036685795,0.0016198991628057163,0.9913154160335257
4019,F-A1-PORTSCAN-V-02,PortScan,PortScan,RF-v3,0.00966971850722246,0.0034906074112497276,0.9868396740815275
4020,F-A1-PORTSCAN-V-02,PortScan,PortScan,RF-v3,0.007765084980849341,0.0016101204881968916,0.9906247945309538
4021,F-A1-PORTSCAN-V-02,PortScan,PortScan,RF-v3,0.007765084980849341,0.0016101204881968916,0.9906247945309538
4022,F-A1-PORTSCAN-V-02,PortScan,PortScan,RF-v3,0.007765084980849341,0.0016101204881968916,0.9906247945309538
4023,F-A1-PORTSCAN-V-02,PortScan,PortScan,RF-v3,0.012506084246095481,0.0016101204881968916,0.9858837952657076
4024,F-A1-PORTSCAN-V-02,PortScan,PortScan,RF-v3,0.00966971850722246,0.0034906074112497276,0.9868396740815275
4025,F-A1-PORTSCAN-V-02,PortScan,PortScan,RF-v3,0.00966971850722246,0.0034906074112497276,0.9868396740815275
4026,F-A1-PORTSCAN-V-02,PortScan,PortScan,RF-v3,0.007765084980849341,0.0016101204881968916,0.9906247945309538
4027,F-A1-PORTSCAN-V-02,PortScan,PortScan,RF-v3,0.007932008187120117,0.0016101204881968916,0.9904578713246829
4028,F-A1-PORTSCAN-V-02,PortScan,PortScan,RF-v3,0.00966971850722246,0.0034906074112497276,0.9868396740815275
4029,F-A1-PORTSCAN-V-02,PortScan,PortScan,RF-v3,0.007932008187120117,0.0016101204881968916,0.9904578713246829
4030,F-A1-PORTSCAN-V-02,PortScan,PortScan,RF-v3,0.00966971850722246,0.0034906074112497276,0.9868396740815275
4031,F-A1-PORTSCAN-V-02,PortScan,PortScan,RF-v3,0.007765084980849341,0.0016101204881968916,0.9906247945309538
4032,F-A1-PORTSCAN-V-02,PortScan,PortScan,RF-v3,0.00966971850722246,0.0034906074112497276,0.9868396740815275
4033,F-A1-PORTSCAN-V-02,PortScan,PortScan,RF-v3,0.007765084980849341,0.0016101204881968916,0.9906247945309538
4034,F-A1-PORTSCAN-V-02,PortScan,PortScan,RF-v3,0.007765084980849341,0.0016101204881968916,0.9906247945309538
4035,F-A1-PORTSCAN-V-02,PortScan,PortScan,RF-v3,0.00966971850722246,0.0034906074112497276,0.9868396740815275
4036,F-A1-PORTSCAN-V-02,PortScan,PortScan,RF-v3,0.00966971850722246,0.0034906074112497276,0.9868396740815275
4037,F-A1-PORTSCAN-V-02,PortScan,PortScan,RF-v3,0.007765084980849341,0.0016101204881968916,0.9906247945309538
4038,F-A1-PORTSCAN-V-02,PortScan,PortScan,RF-v3,0.00966971850722246,0.0034906074112497276,0.9868396740815275
4039,F-A1-PORTSCAN-V-02,PortScan,PortScan,RF-v3,0.007765084980849341,0.0016101204881968916,0.9906247945309538
4040,F-A1-PORTSCAN-V-02,PortScan,PortScan,RF-v3,0.007765084980849341,0.0016101204881968916,0.9906247945309538
4041,F-A1-PORTSCAN-V-02,PortScan,PortScan,RF-v3,0.007765084980849341,0.0016101204881968916,0.9906247945309538
4042,F-A1-PORTSCAN-V-02,PortScan,PortScan,RF-v3,0.007765084980849341,0.0016101204881968916,0.9906247945309538
4043,F-A1-PORTSCAN-V-02,PortScan,PortScan,RF-v3,0.007765084980849341,0.0016101204881968916,0.9906247945309538
4044,F-A1-PORTSCAN-V-02,PortScan,PortScan,RF-v3,0.00966971850722246,0.0034906074112497276,0.9868396740815275
4045,F-A1-PORTSCAN-V-02,PortScan,PortScan,RF-v3,0.00966971850722246,0.0034906074112497276,0.9868396740815275
4046,F-A1-PORTSCAN-V-02,PortScan,PortScan,RF-v3,0.00966971850722246,0.0034906074112497276,0.9868396740815275
4047,F-A1-PORTSCAN-V-02,PortScan,PortScan,RF-v3,0.00966971850722246,0.0034906074112497276,0.9868396740815275
4048,F-A1-PORTSCAN-V-02,PortScan,PortScan,RF-v3,0.00966971850722246,0.0034906074112497276,0.9868396740815275
4049,F-A1-PORTSCAN-V-02,PortScan,PortScan,RF-v3,0.00966971850722246,0.0034906074112497276,0.9868396740815275
4050,F-A1-PORTSCAN-V-02,PortScan,PortScan,RF-v3,0.007765084980849341,0.0016101204881968916,0.9906247945309538
4051,F-A1-PORTSCAN-V-02,PortScan,PortScan,RF-v3,0.00966971850722246,0.0034906074112497276,0.9868396740815275
4052,F-A1-PORTSCAN-V-02,PortScan,PortScan,RF-v3,0.00966971850722246,0.0034906074112497276,0.9868396740815275
4053,F-A1-PORTSCAN-V-02,PortScan,PortScan,RF-v3,0.00966971850722246,0.0034906074112497276,0.9868396740815275
4054,F-A1-PORTSCAN-V-02,PortScan,PortScan,RF-v3,0.00966971850722246,0.0034906074112497276,0.9868396740815275
4055,F-A1-PORTSCAN-V-02,PortScan,PortScan,RF-v3,0.00966971850722246,0.0034906074112497276,0.9868396740815275
4056,F-A1-PORTSCAN-V-02,PortScan,PortScan,RF-v3,0.007765084980849341,0.0016101204881968916,0.9906247945309538
4057,F-A1-PORTSCAN-V-02,PortScan,PortScan,RF-v3,0.00966971850722246,0.0034906074112497276,0.9868396740815275
4058,F-A1-PORTSCAN-V-02,PortScan,PortScan,RF-v3,0.007765084980849341,0.0016101204881968916,0.9906247945309538
4059,F-A1-PORTSCAN-V-02,PortScan,PortScan,RF-v3,0.00966971850722246,0.0034906074112497276,0.9868396740815275
4060,F-A1-PORTSCAN-V-02,PortScan,PortScan,RF-v3,0.007765084980849341,0.0016101204881968916,0.9906247945309538
4061,F-A1-PORTSCAN-V-02,PortScan,PortScan,RF-v3,0.00966971850722246,0.0034906074112497276,0.9868396740815275
4062,F-A1-PORTSCAN-V-02,PortScan,PortScan,RF-v3,0.007765084980849341,0.0016101204881968916,0.9906247945309538
4063,F-A1-PORTSCAN-V-02,PortScan,PortScan,RF-v3,0.00966971850722246,0.0034906074112497276,0.9868396740815275
4064,F-A1-PORTSCAN-V-02,PortScan,PortScan,RF-v3,0.007765084980849341,0.0016101204881968916,0.9906247945309538
4065,F-A1-PORTSCAN-V-02,PortScan,PortScan,RF-v3,0.00966971850722246,0.0034906074112497276,0.9868396740815275
4066,F-A1-PORTSCAN-V-02,PortScan,PortScan,RF-v3,0.00966971850722246,0.0034906074112497276,0.9868396740815275
4067,F-A1-PORTSCAN-V-02,PortScan,PortScan,RF-v3,0.00966971850722246,0.0034906074112497276,0.9868396740815275
4068,F-A1-PORTSCAN-V-02,PortScan,PortScan,RF-v3,0.0070646848036685795,0.0016198991628057163,0.9913154160335257
4069,F-A1-PORTSCAN-V-02,PortScan,PortScan,RF-v3,0.00966971850722246,0.0034906074112497276,0.9868396740815275
4070,F-A1-PORTSCAN-V-02,PortScan,PortScan,RF-v3,0.007765084980849341,0.0016101204881968916,0.9906247945309538
4071,F-A1-PORTSCAN-V-02,PortScan,PortScan,RF-v3,0.00966971850722246,0.0034906074112497276,0.9868396740815275
4072,F-A1-PORTSCAN-V-02,PortScan,PortScan,RF-v3,0.007932008187120117,0.0016101204881968916,0.9904578713246829
4073,F-A1-PORTSCAN-V-02,PortScan,PortScan,RF-v3,0.0070646848036685795,0.0016198991628057163,0.9913154160335257
4074,F-A1-PORTSCAN-V-02,PortScan,PortScan,RF-v3,0.00966971850722246,0.0034906074112497276,0.9868396740815275
4075,F-A1-PORTSCAN-V-02,PortScan,PortScan,RF-v3,0.00966971850722246,0.0034906074112497276,0.9868396740815275
4076,F-A1-PORTSCAN-V-02,PortScan,PortScan,RF-v3,0.00966971850722246,0.0034906074112497276,0.9868396740815275
4077,F-A1-PORTSCAN-V-02,PortScan,PortScan,RF-v3,0.00966971850722246,0.0034906074112497276,0.9868396740815275
4078,F-A1-PORTSCAN-V-02,PortScan,PortScan,RF-v3,0.00966971850722246,0.0034906074112497276,0.9868396740815275
4079,F-A1-PORTSCAN-V-02,PortScan,PortScan,RF-v3,0.00966971850722246,0.0034906074112497276,0.9868396740815275
4080,F-A1-PORTSCAN-V-02,PortScan,PortScan,RF-v3,0.00966971850722246,0.0034906074112497276,0.9868396740815275
4081,F-A1-PORTSCAN-V-02,PortScan,PortScan,RF-v3,0.007765084980849341,0.0016101204881968916,0.9906247945309538
4082,F-A1-PORTSCAN-V-02,PortScan,PortScan,RF-v3,0.011733400820822368,0.0016101204881968916,0.9866564786909806
4083,F-A1-PORTSCAN-V-02,PortScan,PortScan,RF-v3,0.007765084980849341,0.0016101204881968916,0.9906247945309538
4084,F-A1-PORTSCAN-V-02,PortScan,PortScan,RF-v3,0.00966971850722246,0.0034906074112497276,0.9868396740815275
4085,F-A1-PORTSCAN-V-02,PortScan,PortScan,RF-v3,0.00966971850722246,0.0034906074112497276,0.9868396740815275
4086,F-A1-PORTSCAN-V-02,PortScan,PortScan,RF-v3,0.00966971850722246,0.0034906074112497276,0.9868396740815275
4087,F-A1-PORTSCAN-V-02,PortScan,PortScan,RF-v3,0.007765084980849341,0.0016101204881968916,0.9906247945309538
4088,F-A1-PORTSCAN-V-02,PortScan,PortScan,RF-v3,0.007765084980849341,0.0016101204881968916,0.9906247945309538
4089,F-A1-PORTSCAN-V-02,PortScan,PortScan,RF-v3,0.00966971850722246,0.0034906074112497276,0.9868396740815275
4090,F-A1-PORTSCAN-V-02,PortScan,PortScan,RF-v3,0.007765084980849341,0.0016101204881968916,0.9906247945309538
4091,F-A1-PORTSCAN-V-02,PortScan,PortScan,RF-v3,0.00966971850722246,0.0034906074112497276,0.9868396740815275
4092,F-A1-PORTSCAN-V-02,PortScan,PortScan,RF-v3,0.007765084980849341,0.0016101204881968916,0.9906247945309538
4093,F-A1-PORTSCAN-V-02,PortScan,PortScan,RF-v3,0.00966971850722246,0.0034906074112497276,0.9868396740815275
4094,F-A1-PORTSCAN-V-02,PortScan,PortScan,RF-v3,0.00966971850722246,0.0034906074112497276,0.9868396740815275
4095,F-A1-PORTSCAN-V-02,PortScan,PortScan,RF-v3,0.00966971850722246,0.0034906074112497276,0.9868396740815275
4096,F-A1-PORTSCAN-V-02,PortScan,PortScan,RF-v3,0.00966971850722246,0.0034906074112497276,0.9868396740815275
4097,F-A1-PORTSCAN-V-02,PortScan,PortScan,RF-v3,0.00966971850722246,0.0034906074112497276,0.9868396740815275
4098,F-A1-PORTSCAN-V-02,PortScan,PortScan,RF-v3,0.00966971850722246,0.0034906074112497276,0.9868396740815275
4099,F-A1-PORTSCAN-V-02,PortScan,PortScan,RF-v3,0.007765084980849341,0.0016101204881968916,0.9906247945309538
4100,F-A1-PORTSCAN-V-02,PortScan,PortScan,RF-v3,0.00966971850722246,0.0034906074112497276,0.9868396740815275
4101,F-A1-PORTSCAN-V-02,PortScan,PortScan,RF-v3,0.014033939000966113,0.0034906074112497276,0.982475453587784
4102,F-A1-PORTSCAN-V-02,PortScan,PortScan,RF-v3,0.00966971850722246,0.0034906074112497276,0.9868396740815275
4103,F-A1-PORTSCAN-V-02,PortScan,PortScan,RF-v3,0.00966971850722246,0.0034906074112497276,0.9868396740815275
4104,F-A1-PORTSCAN-V-02,PortScan,PortScan,RF-v3,0.00966971850722246,0.0034906074112497276,0.9868396740815275
4105,F-A1-PORTSCAN-V-02,PortScan,PortScan,RF-v3,0.007765084980849341,0.0016101204881968916,0.9906247945309538
4106,F-A1-PORTSCAN-V-02,PortScan,PortScan,RF-v3,0.007765084980849341,0.0016101204881968916,0.9906247945309538
4107,F-A1-PORTSCAN-V-02,PortScan,PortScan,RF-v3,0.00966971850722246,0.0034906074112497276,0.9868396740815275
4108,F-A1-PORTSCAN-V-02,PortScan,PortScan,RF-v3,0.007765084980849341,0.0016101204881968916,0.9906247945309538
4109,F-A1-PORTSCAN-V-02,PortScan,PortScan,RF-v3,0.00966971850722246,0.0034906074112497276,0.9868396740815275
4110,F-A1-PORTSCAN-V-02,PortScan,PortScan,RF-v3,0.00966971850722246,0.0034906074112497276,0.9868396740815275
4111,F-A1-PORTSCAN-V-02,PortScan,PortScan,RF-v3,0.007765084980849341,0.0016101204881968916,0.9906247945309538
4112,F-A1-PORTSCAN-V-02,PortScan,PortScan,RF-v3,0.00966971850722246,0.0034906074112497276,0.9868396740815275
4113,F-A1-PORTSCAN-V-02,PortScan,PortScan,RF-v3,0.00966971850722246,0.0034906074112497276,0.9868396740815275
4114,F-A1-PORTSCAN-V-02,PortScan,PortScan,RF-v3,0.00966971850722246,0.0034906074112497276,0.9868396740815275
4115,F-A1-PORTSCAN-V-02,PortScan,PortScan,RF-v3,0.00966971850722246,0.0034906074112497276,0.9868396740815275
4116,F-A1-PORTSCAN-V-02,PortScan,PortScan,RF-v3,0.011733400820822368,0.0016101204881968916,0.9866564786909806
4117,F-A1-PORTSCAN-V-02,PortScan,PortScan,RF-v3,0.00966971850722246,0.0034906074112497276,0.9868396740815275
4118,F-A1-PORTSCAN-V-02,PortScan,PortScan,RF-v3,0.00966971850722246,0.0034906074112497276,0.9868396740815275
4119,F-A1-PORTSCAN-V-02,PortScan,PortScan,RF-v3,0.00966971850722246,0.0034906074112497276,0.9868396740815275
4120,F-A1-PORTSCAN-V-02,PortScan,PortScan,RF-v3,0.00966971850722246,0.0034906074112497276,0.9868396740815275
4121,F-A1-PORTSCAN-V-02,PortScan,PortScan,RF-v3,0.00966971850722246,0.0034906074112497276,0.9868396740815275
4122,F-A1-PORTSCAN-V-02,PortScan,PortScan,RF-v3,0.007765084980849341,0.0016101204881968916,0.9906247945309538
4123,F-A1-PORTSCAN-V-02,PortScan,PortScan,RF-v3,0.00966971850722246,0.0034906074112497276,0.9868396740815275
4124,F-A1-PORTSCAN-V-02,PortScan,PortScan,RF-v3,0.00966971850722246,0.0034906074112497276,0.9868396740815275
4125,F-A1-PORTSCAN-V-02,PortScan,PortScan,RF-v3,0.00966971850722246,0.0034906074112497276,0.9868396740815275
4126,F-A1-PORTSCAN-V-02,PortScan,PortScan,RF-v3,0.00966971850722246,0.0034906074112497276,0.9868396740815275
4127,F-A1-PORTSCAN-V-02,PortScan,PortScan,RF-v3,0.00966971850722246,0.0034906074112497276,0.9868396740815275
4128,F-A1-PORTSCAN-V-02,PortScan,PortScan,RF-v3,0.00966971850722246,0.0034906074112497276,0.9868396740815275
4129,F-A1-PORTSCAN-V-02,PortScan,PortScan,RF-v3,0.00966971850722246,0.0034906074112497276,0.9868396740815275
4130,F-A1-PORTSCAN-V-02,PortScan,PortScan,RF-v3,0.00966971850722246,0.0034906074112497276,0.9868396740815275
4131,F-A1-PORTSCAN-V-02,PortScan,PortScan,RF-v3,0.007765084980849341,0.0016101204881968916,0.9906247945309538
4132,F-A1-PORTSCAN-V-02,PortScan,PortScan,RF-v3,0.00966971850722246,0.0034906074112497276,0.9868396740815275
4133,F-A1-PORTSCAN-V-02,PortScan,PortScan,RF-v3,0.007765084980849341,0.0016101204881968916,0.9906247945309538
4134,F-A1-PORTSCAN-V-02,PortScan,PortScan,RF-v3,0.00966971850722246,0.0034906074112497276,0.9868396740815275
4135,F-A1-PORTSCAN-V-02,PortScan,PortScan,RF-v3,0.007765084980849341,0.0016101204881968916,0.9906247945309538
4136,F-A1-PORTSCAN-V-02,PortScan,PortScan,RF-v3,0.00966971850722246,0.0034906074112497276,0.9868396740815275
4137,F-A1-PORTSCAN-V-02,PortScan,PortScan,RF-v3,0.00966971850722246,0.0034906074112497276,0.9868396740815275
4138,F-A1-PORTSCAN-V-02,PortScan,PortScan,RF-v3,0.00966971850722246,0.0034906074112497276,0.9868396740815275
4139,F-A1-PORTSCAN-V-02,PortScan,PortScan,RF-v3,0.00966971850722246,0.0034906074112497276,0.9868396740815275
4140,F-A1-PORTSCAN-V-02,PortScan,PortScan,RF-v3,0.00966971850722246,0.0034906074112497276,0.9868396740815275
4141,F-A1-PORTSCAN-V-02,PortScan,PortScan,RF-v3,0.007765084980849341,0.0016101204881968916,0.9906247945309538
4142,F-A1-PORTSCAN-V-02,PortScan,PortScan,RF-v3,0.007765084980849341,0.0016101204881968916,0.9906247945309538
4143,F-A1-PORTSCAN-V-02,PortScan,PortScan,RF-v3,0.00966971850722246,0.0034906074112497276,0.9868396740815275
4144,F-A1-PORTSCAN-V-02,PortScan,PortScan,RF-v3,0.00966971850722246,0.0034906074112497276,0.9868396740815275
4145,F-A1-PORTSCAN-V-02,PortScan,PortScan,RF-v3,0.00966971850722246,0.0034906074112497276,0.9868396740815275
4146,F-A1-PORTSCAN-V-02,PortScan,PortScan,RF-v3,0.00966971850722246,0.0034906074112497276,0.9868396740815275
4147,F-A1-PORTSCAN-V-02,PortScan,PortScan,RF-v3,0.007765084980849341,0.0016101204881968916,0.9906247945309538
4148,F-A1-PORTSCAN-V-02,PortScan,PortScan,RF-v3,0.00966971850722246,0.0034906074112497276,0.9868396740815275
4149,F-A1-PORTSCAN-V-02,PortScan,PortScan,RF-v3,0.00966971850722246,0.0034906074112497276,0.9868396740815275
4150,F-A1-PORTSCAN-V-02,PortScan,PortScan,RF-v3,0.007765084980849341,0.0016101204881968916,0.9906247945309538
4151,F-A1-PORTSCAN-V-02,PortScan,PortScan,RF-v3,0.00966971850722246,0.0034906074112497276,0.9868396740815275
4152,F-A1-PORTSCAN-V-02,PortScan,PortScan,RF-v3,0.007765084980849341,0.0016101204881968916,0.9906247945309538
4153,F-A1-PORTSCAN-V-02,PortScan,PortScan,RF-v3,0.00966971850722246,0.0034906074112497276,0.9868396740815275
4154,F-A1-PORTSCAN-V-02,PortScan,PortScan,RF-v3,0.00966971850722246,0.0034906074112497276,0.9868396740815275
4155,F-A1-PORTSCAN-V-02,PortScan,PortScan,RF-v3,0.00966971850722246,0.0034906074112497276,0.9868396740815275
4156,F-A1-PORTSCAN-V-02,PortScan,PortScan,RF-v3,0.007765084980849341,0.0016101204881968916,0.9906247945309538
4157,F-A1-PORTSCAN-V-02,PortScan,PortScan,RF-v3,0.00966971850722246,0.0034906074112497276,0.9868396740815275
4158,F-A1-PORTSCAN-V-02,PortScan,PortScan,RF-v3,0.00966971850722246,0.0034906074112497276,0.9868396740815275
4159,F-A1-PORTSCAN-V-02,PortScan,PortScan,RF-v3,0.007765084980849341,0.0016101204881968916,0.9906247945309538
4160,F-A1-PORTSCAN-V-02,PortScan,PortScan,RF-v3,0.007765084980849341,0.0016101204881968916,0.9906247945309538
4161,F-A1-PORTSCAN-V-02,PortScan,PortScan,RF-v3,0.00966971850722246,0.0034906074112497276,0.9868396740815275
4162,F-A1-PORTSCAN-V-02,PortScan,PortScan,RF-v3,0.00966971850722246,0.0034906074112497276,0.9868396740815275
4163,F-A1-PORTSCAN-V-02,PortScan,PortScan,RF-v3,0.007765084980849341,0.0016101204881968916,0.9906247945309538
4164,F-A1-PORTSCAN-V-02,PortScan,PortScan,RF-v3,0.007765084980849341,0.0016101204881968916,0.9906247945309538
4165,F-A1-PORTSCAN-V-02,PortScan,PortScan,RF-v3,0.007765084980849341,0.0016101204881968916,0.9906247945309538
4166,F-A1-PORTSCAN-V-02,PortScan,PortScan,RF-v3,0.00966971850722246,0.0034906074112497276,0.9868396740815275
4167,F-A1-PORTSCAN-V-02,PortScan,PortScan,RF-v3,0.00966971850722246,0.0034906074112497276,0.9868396740815275
4168,F-A1-PORTSCAN-V-02,PortScan,PortScan,RF-v3,0.00966971850722246,0.0034906074112497276,0.9868396740815275
4169,F-A1-PORTSCAN-V-02,PortScan,PortScan,RF-v3,0.007765084980849341,0.0016101204881968916,0.9906247945309538
4170,F-A1-PORTSCAN-V-02,PortScan,PortScan,RF-v3,0.00966971850722246,0.0034906074112497276,0.9868396740815275
4171,F-A1-PORTSCAN-V-02,PortScan,PortScan,RF-v3,0.00966971850722246,0.0034906074112497276,0.9868396740815275
4172,F-A1-PORTSCAN-V-02,PortScan,PortScan,RF-v3,0.00966971850722246,0.0034906074112497276,0.9868396740815275
4173,F-A1-PORTSCAN-V-02,PortScan,PortScan,RF-v3,0.007765084980849341,0.0016101204881968916,0.9906247945309538
4174,F-A1-PORTSCAN-V-02,PortScan,PortScan,RF-v3,0.00966971850722246,0.0034906074112497276,0.9868396740815275
4175,F-A1-PORTSCAN-V-02,PortScan,PortScan,RF-v3,0.007765084980849341,0.0016101204881968916,0.9906247945309538
4176,F-A1-PORTSCAN-V-02,PortScan,PortScan,RF-v3,0.00966971850722246,0.0034906074112497276,0.9868396740815275
4177,F-A1-PORTSCAN-V-02,PortScan,PortScan,RF-v3,0.00966971850722246,0.0034906074112497276,0.9868396740815275
4178,F-A1-PORTSCAN-V-02,PortScan,PortScan,RF-v3,0.00966971850722246,0.0034906074112497276,0.9868396740815275
4179,F-A1-PORTSCAN-V-02,PortScan,PortScan,RF-v3,0.007765084980849341,0.0016101204881968916,0.9906247945309538
4180,F-A1-PORTSCAN-V-02,PortScan,PortScan,RF-v3,0.00966971850722246,0.0034906074112497276,0.9868396740815275
4181,F-A1-PORTSCAN-V-02,PortScan,PortScan,RF-v3,0.007765084980849341,0.0016101204881968916,0.9906247945309538
4182,F-A1-PORTSCAN-V-02,PortScan,PortScan,RF-v3,0.007765084980849341,0.0016101204881968916,0.9906247945309538
4183,F-A1-PORTSCAN-V-02,PortScan,PortScan,RF-v3,0.007765084980849341,0.0016101204881968916,0.9906247945309538
4184,F-A1-PORTSCAN-V-02,PortScan,PortScan,RF-v3,0.00966971850722246,0.0034906074112497276,0.9868396740815275
4185,F-A1-PORTSCAN-V-02,PortScan,PortScan,RF-v3,0.00966971850722246,0.0034906074112497276,0.9868396740815275
4186,F-A1-PORTSCAN-V-02,PortScan,PortScan,RF-v3,0.00966971850722246,0.0034906074112497276,0.9868396740815275
4187,F-A1-PORTSCAN-V-02,PortScan,PortScan,RF-v3,0.00966971850722246,0.0034906074112497276,0.9868396740815275
4188,F-A1-PORTSCAN-V-02,PortScan,PortScan,RF-v3,0.007765084980849341,0.0016101204881968916,0.9906247945309538
4189,F-A1-PORTSCAN-V-02,PortScan,PortScan,RF-v3,0.007765084980849341,0.0016101204881968916,0.9906247945309538
4190,F-A1-PORTSCAN-V-02,PortScan,PortScan,RF-v3,0.00966971850722246,0.0034906074112497276,0.9868396740815275
4191,F-A1-PORTSCAN-V-02,PortScan,PortScan,RF-v3,0.007765084980849341,0.0016101204881968916,0.9906247945309538
4192,F-A1-PORTSCAN-V-02,PortScan,PortScan,RF-v3,0.00966971850722246,0.0034906074112497276,0.9868396740815275
4193,F-A1-PORTSCAN-V-02,PortScan,PortScan,RF-v3,0.00966971850722246,0.0034906074112497276,0.9868396740815275
4194,F-A1-PORTSCAN-V-02,PortScan,PortScan,RF-v3,0.00966971850722246,0.0034906074112497276,0.9868396740815275
4195,F-A1-PORTSCAN-V-02,PortScan,PortScan,RF-v3,0.00966971850722246,0.0034906074112497276,0.9868396740815275
4196,F-A1-PORTSCAN-V-02,PortScan,PortScan,RF-v3,0.00966971850722246,0.0034906074112497276,0.9868396740815275
4197,F-A1-PORTSCAN-V-02,PortScan,PortScan,RF-v3,0.0070646848036685795,0.0016198991628057163,0.9913154160335257
4198,F-A1-PORTSCAN-V-02,PortScan,PortScan,RF-v3,0.00966971850722246,0.0034906074112497276,0.9868396740815275
4199,F-A1-PORTSCAN-V-02,PortScan,PortScan,RF-v3,0.007765084980849341,0.0016101204881968916,0.9906247945309538
4200,F-A1-PORTSCAN-V-02,PortScan,PortScan,RF-v3,0.007765084980849341,0.0016101204881968916,0.9906247945309538
4201,F-A1-PORTSCAN-V-02,PortScan,PortScan,RF-v3,0.00966971850722246,0.0034906074112497276,0.9868396740815275
4202,F-A1-PORTSCAN-V-02,PortScan,PortScan,RF-v3,0.00966971850722246,0.0034906074112497276,0.9868396740815275
4203,F-A1-PORTSCAN-V-02,PortScan,PortScan,RF-v3,0.00966971850722246,0.0034906074112497276,0.9868396740815275
4204,F-A1-PORTSCAN-V-02,PortScan,PortScan,RF-v3,0.00966971850722246,0.0034906074112497276,0.9868396740815275
4205,F-A1-PORTSCAN-V-02,PortScan,PortScan,RF-v3,0.007765084980849341,0.0016101204881968916,0.9906247945309538
4206,F-A1-PORTSCAN-V-02,PortScan,PortScan,RF-v3,0.011733400820822368,0.0016101204881968916,0.9866564786909806
4207,F-A1-PORTSCAN-V-02,PortScan,PortScan,RF-v3,0.0070646848036685795,0.0016198991628057163,0.9913154160335257
4208,F-A1-PORTSCAN-V-02,PortScan,PortScan,RF-v3,0.00966971850722246,0.0034906074112497276,0.9868396740815275
4209,F-A1-PORTSCAN-V-02,PortScan,PortScan,RF-v3,0.00966971850722246,0.0034906074112497276,0.9868396740815275
4210,F-A1-PORTSCAN-V-02,PortScan,PortScan,RF-v3,0.007765084980849341,0.0016101204881968916,0.9906247945309538
4211,F-A1-PORTSCAN-V-02,PortScan,PortScan,RF-v3,0.007765084980849341,0.0016101204881968916,0.9906247945309538
4212,F-A1-PORTSCAN-V-02,PortScan,PortScan,RF-v3,0.00966971850722246,0.0034906074112497276,0.9868396740815275
4213,F-A1-PORTSCAN-V-02,PortScan,PortScan,RF-v3,0.007765084980849341,0.0016101204881968916,0.9906247945309538
4214,F-A1-PORTSCAN-V-02,PortScan,PortScan,RF-v3,0.00966971850722246,0.0034906074112497276,0.9868396740815275
4215,F-A1-PORTSCAN-V-02,PortScan,PortScan,RF-v3,0.007765084980849341,0.0016101204881968916,0.9906247945309538
4216,F-A1-PORTSCAN-V-02,PortScan,PortScan,RF-v3,0.00966971850722246,0.0034906074112497276,0.9868396740815275
4217,F-A1-PORTSCAN-V-02,PortScan,PortScan,RF-v3,0.007765084980849341,0.0016101204881968916,0.9906247945309538
4218,F-A1-PORTSCAN-V-02,PortScan,PortScan,RF-v3,0.0070646848036685795,0.0016198991628057163,0.9913154160335257
4219,F-A1-PORTSCAN-V-02,PortScan,PortScan,RF-v3,0.007765084980849341,0.0016101204881968916,0.9906247945309538
4220,F-A1-PORTSCAN-V-02,PortScan,PortScan,RF-v3,0.011733400820822368,0.0016101204881968916,0.9866564786909806
4221,F-A1-PORTSCAN-V-02,PortScan,PortScan,RF-v3,0.007765084980849341,0.0016101204881968916,0.9906247945309538
4222,F-A1-PORTSCAN-V-02,PortScan,PortScan,RF-v3,0.00966971850722246,0.0034906074112497276,0.9868396740815275
4223,F-A1-PORTSCAN-V-02,PortScan,PortScan,RF-v3,0.007765084980849341,0.0016101204881968916,0.9906247945309538
4224,F-A1-PORTSCAN-V-02,PortScan,PortScan,RF-v3,0.00966971850722246,0.0034906074112497276,0.9868396740815275
4225,F-A1-PORTSCAN-V-02,PortScan,PortScan,RF-v3,0.00966971850722246,0.0034906074112497276,0.9868396740815275
4226,F-A1-PORTSCAN-V-02,PortScan,PortScan,RF-v3,0.00966971850722246,0.0034906074112497276,0.9868396740815275
4227,F-A1-PORTSCAN-V-02,PortScan,PortScan,RF-v3,0.00966971850722246,0.0034906074112497276,0.9868396740815275
4228,F-A1-PORTSCAN-V-02,PortScan,PortScan,RF-v3,0.007932008187120117,0.0016101204881968916,0.9904578713246829
4229,F-A1-PORTSCAN-V-02,PortScan,PortScan,RF-v3,0.011733400820822368,0.0016101204881968916,0.9866564786909806
4230,F-A1-PORTSCAN-V-02,PortScan,PortScan,RF-v3,0.00966971850722246,0.0034906074112497276,0.9868396740815275
4231,F-A1-PORTSCAN-V-02,PortScan,PortScan,RF-v3,0.00966971850722246,0.0034906074112497276,0.9868396740815275
4232,F-A1-PORTSCAN-V-02,PortScan,PortScan,RF-v3,0.010092847134390565,0.0034906074112497276,0.9864165454543595
4233,F-A1-PORTSCAN-V-02,PortScan,PortScan,RF-v3,0.00966971850722246,0.0034906074112497276,0.9868396740815275
4234,F-A1-PORTSCAN-V-02,PortScan,PortScan,RF-v3,0.00966971850722246,0.0034906074112497276,0.9868396740815275
4235,F-A1-PORTSCAN-V-02,PortScan,PortScan,RF-v3,0.00966971850722246,0.0034906074112497276,0.9868396740815275
4236,F-A1-PORTSCAN-V-02,PortScan,PortScan,RF-v3,0.00966971850722246,0.0034906074112497276,0.9868396740815275
4237,F-A1-PORTSCAN-V-02,PortScan,PortScan,RF-v3,0.00966971850722246,0.0034906074112497276,0.9868396740815275
4238,F-A1-PORTSCAN-V-02,PortScan,PortScan,RF-v3,0.00966971850722246,0.0034906074112497276,0.9868396740815275
4239,F-A1-PORTSCAN-V-02,PortScan,PortScan,RF-v3,0.00966971850722246,0.0034906074112497276,0.9868396740815275
4240,F-A1-PORTSCAN-V-02,PortScan,PortScan,RF-v3,0.00966971850722246,0.0034906074112497276,0.9868396740815275
4241,F-A1-PORTSCAN-V-02,PortScan,PortScan,RF-v3,0.00966971850722246,0.0034906074112497276,0.9868396740815275
4242,F-A1-PORTSCAN-V-02,PortScan,PortScan,RF-v3,0.011733400820822368,0.0016101204881968916,0.9866564786909806
4243,F-A1-PORTSCAN-V-02,PortScan,PortScan,RF-v3,0.007765084980849341,0.0016101204881968916,0.9906247945309538
4244,F-A1-PORTSCAN-V-02,PortScan,PortScan,RF-v3,0.007765084980849341,0.0016101204881968916,0.9906247945309538
4245,F-A1-PORTSCAN-V-02,PortScan,PortScan,RF-v3,0.00966971850722246,0.0034906074112497276,0.9868396740815275
4246,F-A1-PORTSCAN-V-02,PortScan,PortScan,RF-v3,0.00966971850722246,0.0034906074112497276,0.9868396740815275
4247,F-A1-PORTSCAN-V-02,PortScan,PortScan,RF-v3,0.0070646848036685795,0.0016198991628057163,0.9913154160335257
4248,F-A1-PORTSCAN-V-02,PortScan,PortScan,RF-v3,0.00966971850722246,0.0034906074112497276,0.9868396740815275
4249,F-A1-PORTSCAN-V-02,PortScan,PortScan,RF-v3,0.007765084980849341,0.0016101204881968916,0.9906247945309538
4250,F-A1-PORTSCAN-V-02,PortScan,PortScan,RF-v3,0.007765084980849341,0.0016101204881968916,0.9906247945309538
4251,F-A1-PORTSCAN-V-02,PortScan,PortScan,RF-v3,0.00966971850722246,0.0034906074112497276,0.9868396740815275
4252,F-A1-PORTSCAN-V-02,PortScan,PortScan,RF-v3,0.007765084980849341,0.0016101204881968916,0.9906247945309538
4253,F-A1-PORTSCAN-V-02,PortScan,PortScan,RF-v3,0.007765084980849341,0.0016101204881968916,0.9906247945309538
4254,F-A1-PORTSCAN-V-02,PortScan,PortScan,RF-v3,0.007765084980849341,0.0016101204881968916,0.9906247945309538
4255,F-A1-PORTSCAN-V-02,PortScan,PortScan,RF-v3,0.007765084980849341,0.0016101204881968916,0.9906247945309538
4256,F-A1-PORTSCAN-V-02,PortScan,PortScan,RF-v3,0.00966971850722246,0.0034906074112497276,0.9868396740815275
4257,F-A1-PORTSCAN-V-02,PortScan,PortScan,RF-v3,0.00966971850722246,0.0034906074112497276,0.9868396740815275
4258,F-A1-PORTSCAN-V-02,PortScan,PortScan,RF-v3,0.011733400820822368,0.0016101204881968916,0.9866564786909806
4259,F-A1-PORTSCAN-V-02,PortScan,PortScan,RF-v3,0.00966971850722246,0.0034906074112497276,0.9868396740815275
4260,F-A1-PORTSCAN-V-02,PortScan,PortScan,RF-v3,0.00966971850722246,0.0034906074112497276,0.9868396740815275
4261,F-A1-PORTSCAN-V-02,PortScan,PortScan,RF-v3,0.00966971850722246,0.0034906074112497276,0.9868396740815275
4262,F-A1-PORTSCAN-V-02,PortScan,PortScan,RF-v3,0.00966971850722246,0.0034906074112497276,0.9868396740815275
4263,F-A1-PORTSCAN-V-02,PortScan,PortScan,RF-v3,0.00966971850722246,0.0034906074112497276,0.9868396740815275
4264,F-A1-PORTSCAN-V-02,PortScan,PortScan,RF-v3,0.00966971850722246,0.0034906074112497276,0.9868396740815275
4265,F-A1-PORTSCAN-V-02,PortScan,PortScan,RF-v3,0.00966971850722246,0.0034906074112497276,0.9868396740815275
4266,F-A1-PORTSCAN-V-02,PortScan,PortScan,RF-v3,0.00966971850722246,0.0034906074112497276,0.9868396740815275
4267,F-A1-PORTSCAN-V-02,PortScan,PortScan,RF-v3,0.007932008187120117,0.0016101204881968916,0.9904578713246829
4268,F-A1-PORTSCAN-V-02,PortScan,PortScan,RF-v3,0.00966971850722246,0.0034906074112497276,0.9868396740815275
4269,F-A1-PORTSCAN-V-02,PortScan,PortScan,RF-v3,0.00966971850722246,0.0034906074112497276,0.9868396740815275
4270,F-A1-PORTSCAN-V-02,PortScan,PortScan,RF-v3,0.007765084980849341,0.0016101204881968916,0.9906247945309538
4271,F-A1-PORTSCAN-V-02,PortScan,PortScan,RF-v3,0.007765084980849341,0.0016101204881968916,0.9906247945309538
4272,F-A1-PORTSCAN-V-02,PortScan,PortScan,RF-v3,0.00966971850722246,0.0034906074112497276,0.9868396740815275
4273,F-A1-PORTSCAN-V-02,PortScan,PortScan,RF-v3,0.00966971850722246,0.0034906074112497276,0.9868396740815275
4274,F-A1-PORTSCAN-V-02,PortScan,PortScan,RF-v3,0.007765084980849341,0.0016101204881968916,0.9906247945309538
4275,F-A1-PORTSCAN-V-02,PortScan,PortScan,RF-v3,0.00966971850722246,0.0034906074112497276,0.9868396740815275
4276,F-A1-PORTSCAN-V-02,PortScan,PortScan,RF-v3,0.007765084980849341,0.0016101204881968916,0.9906247945309538
4277,F-A1-PORTSCAN-V-02,PortScan,PortScan,RF-v3,0.007765084980849341,0.0016101204881968916,0.9906247945309538
4278,F-A1-PORTSCAN-V-02,PortScan,PortScan,RF-v3,0.007765084980849341,0.0016101204881968916,0.9906247945309538
4279,F-A1-PORTSCAN-V-02,PortScan,PortScan,RF-v3,0.00966971850722246,0.0034906074112497276,0.9868396740815275
4280,F-A1-PORTSCAN-V-02,PortScan,PortScan,RF-v3,0.00966971850722246,0.0034906074112497276,0.9868396740815275
4281,F-A1-PORTSCAN-V-02,PortScan,PortScan,RF-v3,0.00966971850722246,0.0034906074112497276,0.9868396740815275
4282,F-A1-PORTSCAN-V-02,PortScan,PortScan,RF-v3,0.00966971850722246,0.0034906074112497276,0.9868396740815275
4283,F-A1-PORTSCAN-V-02,PortScan,PortScan,RF-v3,0.00966971850722246,0.0034906074112497276,0.9868396740815275
4284,F-A1-PORTSCAN-V-02,PortScan,PortScan,RF-v3,0.011733400820822368,0.0016101204881968916,0.9866564786909806
4285,F-A1-PORTSCAN-V-02,PortScan,PortScan,RF-v3,0.007765084980849341,0.0016101204881968916,0.9906247945309538
4286,F-A1-PORTSCAN-V-02,PortScan,PortScan,RF-v3,0.00966971850722246,0.0034906074112497276,0.9868396740815275
4287,F-A1-PORTSCAN-V-02,PortScan,PortScan,RF-v3,0.00966971850722246,0.0034906074112497276,0.9868396740815275
4288,F-A1-PORTSCAN-V-02,PortScan,PortScan,RF-v3,0.00966971850722246,0.0034906074112497276,0.9868396740815275
4289,F-A1-PORTSCAN-V-02,PortScan,PortScan,RF-v3,0.00966971850722246,0.0034906074112497276,0.9868396740815275
4290,F-A1-PORTSCAN-V-02,PortScan,PortScan,RF-v3,0.00966971850722246,0.0034906074112497276,0.9868396740815275
4291,F-A1-PORTSCAN-V-02,PortScan,PortScan,RF-v3,0.00966971850722246,0.0034906074112497276,0.9868396740815275
4292,F-A1-PORTSCAN-V-02,PortScan,PortScan,RF-v3,0.007932008187120117,0.0016101204881968916,0.9904578713246829
4293,F-A1-PORTSCAN-V-02,PortScan,PortScan,RF-v3,0.00966971850722246,0.0034906074112497276,0.9868396740815275
4294,F-A1-PORTSCAN-V-02,PortScan,PortScan,RF-v3,0.00966971850722246,0.0034906074112497276,0.9868396740815275
4295,F-A1-PORTSCAN-V-02,PortScan,PortScan,RF-v3,0.00966971850722246,0.0034906074112497276,0.9868396740815275
4296,F-A1-PORTSCAN-V-02,PortScan,PortScan,RF-v3,0.00966971850722246,0.0034906074112497276,0.9868396740815275
4297,F-A1-PORTSCAN-V-02,PortScan,PortScan,RF-v3,0.007765084980849341,0.0016101204881968916,0.9906247945309538
4298,F-A1-PORTSCAN-V-02,PortScan,PortScan,RF-v3,0.00966971850722246,0.0034906074112497276,0.9868396740815275
4299,F-A1-PORTSCAN-V-02,PortScan,PortScan,RF-v3,0.00966971850722246,0.0034906074112497276,0.9868396740815275
4300,F-A1-PORTSCAN-V-02,PortScan,PortScan,RF-v3,0.007765084980849341,0.0016101204881968916,0.9906247945309538
4301,F-A1-PORTSCAN-V-02,PortScan,PortScan,RF-v3,0.007765084980849341,0.0016101204881968916,0.9906247945309538
4302,F-A1-PORTSCAN-V-02,PortScan,PortScan,RF-v3,0.00966971850722246,0.0034906074112497276,0.9868396740815275
4303,F-A1-PORTSCAN-V-02,PortScan,PortScan,RF-v3,0.00966971850722246,0.0034906074112497276,0.9868396740815275
4304,F-A1-PORTSCAN-V-02,PortScan,PortScan,RF-v3,0.007765084980849341,0.0016101204881968916,0.9906247945309538
4305,F-A1-PORTSCAN-V-02,PortScan,PortScan,RF-v3,0.00966971850722246,0.0034906074112497276,0.9868396740815275
4306,F-A1-PORTSCAN-V-02,PortScan,PortScan,RF-v3,0.007765084980849341,0.0016101204881968916,0.9906247945309538
4307,F-A1-PORTSCAN-V-02,PortScan,PortScan,RF-v3,0.00966971850722246,0.0034906074112497276,0.9868396740815275
4308,F-A1-PORTSCAN-V-02,PortScan,PortScan,RF-v3,0.00966971850722246,0.0034906074112497276,0.9868396740815275
4309,F-A1-PORTSCAN-V-02,PortScan,PortScan,RF-v3,0.007765084980849341,0.0016101204881968916,0.9906247945309538
4310,F-A1-PORTSCAN-V-02,PortScan,PortScan,RF-v3,0.007765084980849341,0.0016101204881968916,0.9906247945309538
4311,F-A1-PORTSCAN-V-02,PortScan,PortScan,RF-v3,0.007765084980849341,0.0016101204881968916,0.9906247945309538
4312,F-A1-PORTSCAN-V-02,PortScan,PortScan,RF-v3,0.007765084980849341,0.0016101204881968916,0.9906247945309538
4313,F-A1-PORTSCAN-V-02,PortScan,PortScan,RF-v3,0.00966971850722246,0.0034906074112497276,0.9868396740815275
4314,F-A1-PORTSCAN-V-02,PortScan,PortScan,RF-v3,0.00966971850722246,0.0034906074112497276,0.9868396740815275
4315,F-A1-PORTSCAN-V-02,PortScan,PortScan,RF-v3,0.00966971850722246,0.0034906074112497276,0.9868396740815275
4316,F-A1-PORTSCAN-V-02,PortScan,PortScan,RF-v3,0.007765084980849341,0.0016101204881968916,0.9906247945309538
4317,F-A1-PORTSCAN-V-02,PortScan,PortScan,RF-v3,0.007765084980849341,0.0016101204881968916,0.9906247945309538
4318,F-A1-PORTSCAN-V-02,PortScan,PortScan,RF-v3,0.00966971850722246,0.0034906074112497276,0.9868396740815275
4319,F-A1-PORTSCAN-V-02,PortScan,PortScan,RF-v3,0.00966971850722246,0.0034906074112497276,0.9868396740815275
4320,F-A1-PORTSCAN-V-02,PortScan,PortScan,RF-v3,0.007765084980849341,0.0016101204881968916,0.9906247945309538
4321,F-A1-PORTSCAN-V-02,PortScan,PortScan,RF-v3,0.007765084980849341,0.0016101204881968916,0.9906247945309538
4322,F-A1-PORTSCAN-V-02,PortScan,PortScan,RF-v3,0.011733400820822368,0.0016101204881968916,0.9866564786909806
4323,F-A1-PORTSCAN-V-02,PortScan,PortScan,RF-v3,0.007765084980849341,0.0016101204881968916,0.9906247945309538
4324,F-A1-PORTSCAN-V-02,PortScan,PortScan,RF-v3,0.00966971850722246,0.0034906074112497276,0.9868396740815275
4325,F-A1-PORTSCAN-V-02,PortScan,PortScan,RF-v3,0.00966971850722246,0.0034906074112497276,0.9868396740815275
4326,F-A1-PORTSCAN-V-02,PortScan,PortScan,RF-v3,0.00966971850722246,0.0034906074112497276,0.9868396740815275
4327,F-A1-PORTSCAN-V-02,PortScan,PortScan,RF-v3,0.007765084980849341,0.0016101204881968916,0.9906247945309538
4328,F-A1-PORTSCAN-V-02,PortScan,PortScan,RF-v3,0.0070646848036685795,0.0016198991628057163,0.9913154160335257
4329,F-A1-PORTSCAN-V-02,PortScan,PortScan,RF-v3,0.007765084980849341,0.0016101204881968916,0.9906247945309538
4330,F-A1-PORTSCAN-V-02,PortScan,PortScan,RF-v3,0.007765084980849341,0.0016101204881968916,0.9906247945309538
4331,F-A1-PORTSCAN-V-02,PortScan,PortScan,RF-v3,0.007765084980849341,0.0016101204881968916,0.9906247945309538
4332,F-A1-PORTSCAN-V-02,PortScan,PortScan,RF-v3,0.00966971850722246,0.0034906074112497276,0.9868396740815275
4333,F-A1-PORTSCAN-V-02,PortScan,PortScan,RF-v3,0.00966971850722246,0.0034906074112497276,0.9868396740815275
4334,F-A1-PORTSCAN-V-02,PortScan,PortScan,RF-v3,0.007765084980849341,0.0016101204881968916,0.9906247945309538
4335,F-A1-PORTSCAN-V-02,PortScan,PortScan,RF-v3,0.00966971850722246,0.0034906074112497276,0.9868396740815275
4336,F-A1-PORTSCAN-V-02,PortScan,PortScan,RF-v3,0.00966971850722246,0.0034906074112497276,0.9868396740815275
4337,F-A1-PORTSCAN-V-02,PortScan,PortScan,RF-v3,0.00966971850722246,0.0034906074112497276,0.9868396740815275
4338,F-A1-PORTSCAN-V-02,PortScan,PortScan,RF-v3,0.00966971850722246,0.0034906074112497276,0.9868396740815275
4339,F-A1-PORTSCAN-V-02,PortScan,PortScan,RF-v3,0.007765084980849341,0.0016101204881968916,0.9906247945309538
4340,F-A1-PORTSCAN-V-02,PortScan,PortScan,RF-v3,0.00966971850722246,0.0034906074112497276,0.9868396740815275
4341,F-A1-PORTSCAN-V-02,PortScan,PortScan,RF-v3,0.00966971850722246,0.0034906074112497276,0.9868396740815275
4342,F-A1-PORTSCAN-V-02,PortScan,PortScan,RF-v3,0.00966971850722246,0.0034906074112497276,0.9868396740815275
4343,F-A1-PORTSCAN-V-02,PortScan,PortScan,RF-v3,0.00966971850722246,0.0034906074112497276,0.9868396740815275
4344,F-A1-PORTSCAN-V-02,PortScan,PortScan,RF-v3,0.011733400820822368,0.0016101204881968916,0.9866564786909806
4345,F-A1-PORTSCAN-V-02,PortScan,PortScan,RF-v3,0.007932008187120117,0.0016101204881968916,0.9904578713246829
4346,F-A1-PORTSCAN-V-02,PortScan,PortScan,RF-v3,0.00966971850722246,0.0034906074112497276,0.9868396740815275
4347,F-A1-PORTSCAN-V-02,PortScan,PortScan,RF-v3,0.006428711988070115,0.0016198991628057163,0.9919513888491243
4348,F-A1-PORTSCAN-V-02,PortScan,PortScan,RF-v3,0.00966971850722246,0.0034906074112497276,0.9868396740815275
4349,F-A1-PORTSCAN-V-02,PortScan,PortScan,RF-v3,0.007765084980849341,0.0016101204881968916,0.9906247945309538
4350,F-A1-PORTSCAN-V-02,PortScan,PortScan,RF-v3,0.007765084980849341,0.0016101204881968916,0.9906247945309538
4351,F-A1-PORTSCAN-V-02,PortScan,PortScan,RF-v3,0.00966971850722246,0.0034906074112497276,0.9868396740815275
4352,F-A1-PORTSCAN-V-02,PortScan,PortScan,RF-v3,0.007765084980849341,0.0016101204881968916,0.9906247945309538
4353,F-A1-PORTSCAN-V-02,PortScan,PortScan,RF-v3,0.007765084980849341,0.0016101204881968916,0.9906247945309538
4354,F-A1-PORTSCAN-V-02,PortScan,PortScan,RF-v3,0.007765084980849341,0.0016101204881968916,0.9906247945309538
4355,F-A1-PORTSCAN-V-02,PortScan,PortScan,RF-v3,0.00966971850722246,0.0034906074112497276,0.9868396740815275
4356,F-A1-PORTSCAN-V-02,PortScan,PortScan,RF-v3,0.007765084980849341,0.0016101204881968916,0.9906247945309538
4357,F-A1-PORTSCAN-V-02,PortScan,PortScan,RF-v3,0.00966971850722246,0.0034906074112497276,0.9868396740815275
4358,F-A1-PORTSCAN-V-02,PortScan,PortScan,RF-v3,0.00966971850722246,0.0034906074112497276,0.9868396740815275
4359,F-A1-PORTSCAN-V-02,PortScan,PortScan,RF-v3,0.00966971850722246,0.0034906074112497276,0.9868396740815275
4360,F-A1-PORTSCAN-V-02,PortScan,PortScan,RF-v3,0.007765084980849341,0.0016101204881968916,0.9906247945309538
4361,F-A1-PORTSCAN-V-02,PortScan,PortScan,RF-v3,0.007765084980849341,0.0016101204881968916,0.9906247945309538
4362,F-A1-PORTSCAN-V-02,PortScan,PortScan,RF-v3,0.007765084980849341,0.0016101204881968916,0.9906247945309538
4363,F-A1-PORTSCAN-V-02,PortScan,PortScan,RF-v3,0.007765084980849341,0.0016101204881968916,0.9906247945309538
4364,F-A1-PORTSCAN-V-02,PortScan,PortScan,RF-v3,0.011733400820822368,0.0016101204881968916,0.9866564786909806
4365,F-A1-PORTSCAN-V-02,PortScan,PortScan,RF-v3,0.007765084980849341,0.0016101204881968916,0.9906247945309538
4366,F-A1-PORTSCAN-V-02,PortScan,PortScan,RF-v3,0.007765084980849341,0.0016101204881968916,0.9906247945309538
4367,F-A1-PORTSCAN-V-02,PortScan,PortScan,RF-v3,0.00966971850722246,0.0034906074112497276,0.9868396740815275
4368,F-A1-PORTSCAN-V-02,PortScan,PortScan,RF-v3,0.00966971850722246,0.0034906074112497276,0.9868396740815275
4369,F-A1-PORTSCAN-V-02,PortScan,PortScan,RF-v3,0.00966971850722246,0.0034906074112497276,0.9868396740815275
4370,F-A1-PORTSCAN-V-02,PortScan,PortScan,RF-v3,0.00966971850722246,0.0034906074112497276,0.9868396740815275
4371,F-A1-PORTSCAN-V-02,PortScan,PortScan,RF-v3,0.007932008187120117,0.0016101204881968916,0.9904578713246829
4372,F-A1-PORTSCAN-V-02,PortScan,PortScan,RF-v3,0.00966971850722246,0.0034906074112497276,0.9868396740815275
4373,F-A1-PORTSCAN-V-02,PortScan,PortScan,RF-v3,0.00966971850722246,0.0034906074112497276,0.9868396740815275
4374,F-A1-PORTSCAN-V-02,PortScan,PortScan,RF-v3,0.007765084980849341,0.0016101204881968916,0.9906247945309538
4375,F-A1-PORTSCAN-V-02,PortScan,PortScan,RF-v3,0.00966971850722246,0.0034906074112497276,0.9868396740815275
4376,F-A1-PORTSCAN-V-02,PortScan,PortScan,RF-v3,0.0070646848036685795,0.0016198991628057163,0.9913154160335257
4377,F-A1-PORTSCAN-V-02,PortScan,PortScan,RF-v3,0.00966971850722246,0.0034906074112497276,0.9868396740815275
4378,F-A1-PORTSCAN-V-02,PortScan,PortScan,RF-v3,0.007765084980849341,0.0016101204881968916,0.9906247945309538
4379,F-A1-PORTSCAN-V-02,PortScan,PortScan,RF-v3,0.00966971850722246,0.0034906074112497276,0.9868396740815275
4380,F-A1-PORTSCAN-V-02,PortScan,PortScan,RF-v3,0.00966971850722246,0.0034906074112497276,0.9868396740815275
4381,F-A1-PORTSCAN-V-02,PortScan,PortScan,RF-v3,0.011733400820822368,0.0016101204881968916,0.9866564786909806
4382,F-A1-PORTSCAN-V-02,PortScan,PortScan,RF-v3,0.00966971850722246,0.0034906074112497276,0.9868396740815275
4383,F-A1-PORTSCAN-V-02,PortScan,PortScan,RF-v3,0.01116971125331626,0.0016198991628057163,0.9872103895838781
4384,F-A1-PORTSCAN-V-02,PortScan,PortScan,RF-v3,0.007765084980849341,0.0016101204881968916,0.9906247945309538
4385,F-A1-PORTSCAN-V-02,PortScan,PortScan,RF-v3,0.007765084980849341,0.0016101204881968916,0.9906247945309538
4386,F-A1-PORTSCAN-V-02,PortScan,PortScan,RF-v3,0.0070646848036685795,0.0016198991628057163,0.9913154160335257
4387,F-A1-PORTSCAN-V-02,PortScan,PortScan,RF-v3,0.00966971850722246,0.0034906074112497276,0.9868396740815275
4388,F-A1-PORTSCAN-V-02,PortScan,PortScan,RF-v3,0.007765084980849341,0.0016101204881968916,0.9906247945309538
4389,F-A1-PORTSCAN-V-02,PortScan,PortScan,RF-v3,0.007765084980849341,0.0016101204881968916,0.9906247945309538
4390,F-A1-PORTSCAN-V-02,PortScan,PortScan,RF-v3,0.00966971850722246,0.0034906074112497276,0.9868396740815275
4391,F-A1-PORTSCAN-V-02,PortScan,PortScan,RF-v3,0.007765084980849341,0.0016101204881968916,0.9906247945309538
4392,F-A1-PORTSCAN-V-02,PortScan,PortScan,RF-v3,0.00966971850722246,0.0034906074112497276,0.9868396740815275
4393,F-A1-PORTSCAN-V-02,PortScan,PortScan,RF-v3,0.00966971850722246,0.0034906074112497276,0.9868396740815275
4394,F-A1-PORTSCAN-V-02,PortScan,PortScan,RF-v3,0.00966971850722246,0.0034906074112497276,0.9868396740815275
4395,F-A1-PORTSCAN-V-02,PortScan,PortScan,RF-v3,0.007765084980849341,0.0016101204881968916,0.9906247945309538
4396,F-A1-PORTSCAN-V-02,PortScan,PortScan,RF-v3,0.00966971850722246,0.0034906074112497276,0.9868396740815275
4397,F-A1-PORTSCAN-V-02,PortScan,PortScan,RF-v3,0.007765084980849341,0.0016101204881968916,0.9906247945309538
4398,F-A1-PORTSCAN-V-02,PortScan,PortScan,RF-v3,0.00966971850722246,0.0034906074112497276,0.9868396740815275
4399,F-A1-PORTSCAN-V-02,PortScan,PortScan,RF-v3,0.007765084980849341,0.0016101204881968916,0.9906247945309538
4400,F-A1-PORTSCAN-V-02,PortScan,PortScan,RF-v3,0.00966971850722246,0.0034906074112497276,0.9868396740815275
4401,F-A1-PORTSCAN-V-02,PortScan,PortScan,RF-v3,0.00966971850722246,0.0034906074112497276,0.9868396740815275
4402,F-A1-PORTSCAN-V-02,PortScan,PortScan,RF-v3,0.007932008187120117,0.0016101204881968916,0.9904578713246829
4403,F-A1-PORTSCAN-V-02,PortScan,PortScan,RF-v3,0.00966971850722246,0.0034906074112497276,0.9868396740815275
4404,F-A1-PORTSCAN-V-02,PortScan,PortScan,RF-v3,0.007765084980849341,0.0016101204881968916,0.9906247945309538
4405,F-A1-PORTSCAN-V-02,PortScan,PortScan,RF-v3,0.010092847134390565,0.0034906074112497276,0.9864165454543595
4406,F-A1-PORTSCAN-V-02,PortScan,PortScan,RF-v3,0.00966971850722246,0.0034906074112497276,0.9868396740815275
4407,F-A1-PORTSCAN-V-02,PortScan,PortScan,RF-v3,0.00966971850722246,0.0034906074112497276,0.9868396740815275
4408,F-A1-PORTSCAN-V-02,PortScan,PortScan,RF-v3,0.007765084980849341,0.0016101204881968916,0.9906247945309538
4409,F-A1-PORTSCAN-V-02,PortScan,PortScan,RF-v3,0.00966971850722246,0.0034906074112497276,0.9868396740815275
4410,F-A1-PORTSCAN-V-02,PortScan,PortScan,RF-v3,0.00966971850722246,0.0034906074112497276,0.9868396740815275
4411,F-A1-PORTSCAN-V-02,PortScan,PortScan,RF-v3,0.00966971850722246,0.0034906074112497276,0.9868396740815275
4412,F-A1-PORTSCAN-V-02,PortScan,PortScan,RF-v3,0.011733400820822368,0.0016101204881968916,0.9866564786909806
4413,F-A1-PORTSCAN-V-02,PortScan,PortScan,RF-v3,0.00966971850722246,0.0034906074112497276,0.9868396740815275
4414,F-A1-PORTSCAN-V-02,PortScan,PortScan,RF-v3,0.007765084980849341,0.0016101204881968916,0.9906247945309538
4415,F-A1-PORTSCAN-V-02,PortScan,PortScan,RF-v3,0.011733400820822368,0.0016101204881968916,0.9866564786909806
4416,F-A1-PORTSCAN-V-02,PortScan,PortScan,RF-v3,0.007765084980849341,0.0016101204881968916,0.9906247945309538
4417,F-A1-PORTSCAN-V-02,PortScan,PortScan,RF-v3,0.00966971850722246,0.0034906074112497276,0.9868396740815275
4418,F-A1-PORTSCAN-V-02,PortScan,PortScan,RF-v3,0.00966971850722246,0.0034906074112497276,0.9868396740815275
4419,F-A1-PORTSCAN-V-02,PortScan,PortScan,RF-v3,0.00966971850722246,0.0034906074112497276,0.9868396740815275
4420,F-A1-PORTSCAN-V-02,PortScan,PortScan,RF-v3,0.00966971850722246,0.0034906074112497276,0.9868396740815275
4421,F-A1-PORTSCAN-V-02,PortScan,PortScan,RF-v3,0.00966971850722246,0.0034906074112497276,0.9868396740815275
4422,F-A1-PORTSCAN-V-02,PortScan,PortScan,RF-v3,0.00966971850722246,0.0034906074112497276,0.9868396740815275
4423,F-A1-PORTSCAN-V-02,PortScan,PortScan,RF-v3,0.00966971850722246,0.0034906074112497276,0.9868396740815275
4424,F-A1-PORTSCAN-V-02,PortScan,PortScan,RF-v3,0.00966971850722246,0.0034906074112497276,0.9868396740815275
4425,F-A1-PORTSCAN-V-02,PortScan,PortScan,RF-v3,0.007765084980849341,0.0016101204881968916,0.9906247945309538
4426,F-A1-PORTSCAN-V-02,PortScan,PortScan,RF-v3,0.00966971850722246,0.0034906074112497276,0.9868396740815275
4427,F-A1-PORTSCAN-V-02,PortScan,PortScan,RF-v3,0.00966971850722246,0.0034906074112497276,0.9868396740815275
4428,F-A1-PORTSCAN-V-02,PortScan,PortScan,RF-v3,0.011733400820822368,0.0016101204881968916,0.9866564786909806
4429,F-A1-PORTSCAN-V-02,PortScan,PortScan,RF-v3,0.007765084980849341,0.0016101204881968916,0.9906247945309538
4430,F-A1-PORTSCAN-V-02,PortScan,PortScan,RF-v3,0.0070646848036685795,0.0016198991628057163,0.9913154160335257
4431,F-A1-PORTSCAN-V-02,PortScan,PortScan,RF-v3,0.007765084980849341,0.0016101204881968916,0.9906247945309538
4432,F-A1-PORTSCAN-V-02,PortScan,PortScan,RF-v3,0.00966971850722246,0.0034906074112497276,0.9868396740815275
4433,F-A1-PORTSCAN-V-02,PortScan,PortScan,RF-v3,0.00966971850722246,0.0034906074112497276,0.9868396740815275
4434,F-A1-PORTSCAN-V-02,PortScan,PortScan,RF-v3,0.00966971850722246,0.0034906074112497276,0.9868396740815275
4435,F-A1-PORTSCAN-V-02,PortScan,PortScan,RF-v3,0.007765084980849341,0.0016101204881968916,0.9906247945309538
4436,F-A1-PORTSCAN-V-02,PortScan,PortScan,RF-v3,0.00966971850722246,0.0034906074112497276,0.9868396740815275
4437,F-A1-PORTSCAN-V-02,PortScan,PortScan,RF-v3,0.00966971850722246,0.0034906074112497276,0.9868396740815275
4438,F-A1-PORTSCAN-V-02,PortScan,PortScan,RF-v3,0.00966971850722246,0.0034906074112497276,0.9868396740815275
4439,F-A1-PORTSCAN-V-02,PortScan,PortScan,RF-v3,0.00966971850722246,0.0034906074112497276,0.9868396740815275
4440,F-A1-PORTSCAN-V-02,PortScan,PortScan,RF-v3,0.007765084980849341,0.0016101204881968916,0.9906247945309538
4441,F-A1-PORTSCAN-V-02,PortScan,PortScan,RF-v3,0.007932008187120117,0.0016101204881968916,0.9904578713246829
4442,F-A1-PORTSCAN-V-02,PortScan,PortScan,RF-v3,0.0070646848036685795,0.0016198991628057163,0.9913154160335257
4443,F-A1-PORTSCAN-V-02,PortScan,PortScan,RF-v3,0.00966971850722246,0.0034906074112497276,0.9868396740815275
4444,F-A1-PORTSCAN-V-02,PortScan,PortScan,RF-v3,0.00966971850722246,0.0034906074112497276,0.9868396740815275
4445,F-A1-PORTSCAN-V-02,PortScan,PortScan,RF-v3,0.007765084980849341,0.0016101204881968916,0.9906247945309538
4446,F-A1-PORTSCAN-V-02,PortScan,PortScan,RF-v3,0.00966971850722246,0.0034906074112497276,0.9868396740815275
4447,F-A1-PORTSCAN-V-02,PortScan,PortScan,RF-v3,0.007765084980849341,0.0016101204881968916,0.9906247945309538
4448,F-A1-PORTSCAN-V-02,PortScan,PortScan,RF-v3,0.007765084980849341,0.0016101204881968916,0.9906247945309538
4449,F-A1-PORTSCAN-V-02,PortScan,PortScan,RF-v3,0.006428711988070115,0.0016198991628057163,0.9919513888491243
4450,F-A1-PORTSCAN-V-02,PortScan,PortScan,RF-v3,0.011733400820822368,0.0016101204881968916,0.9866564786909806
4451,F-A1-PORTSCAN-V-02,PortScan,PortScan,RF-v3,0.00966971850722246,0.0034906074112497276,0.9868396740815275
4452,F-A1-PORTSCAN-V-02,PortScan,PortScan,RF-v3,0.00966971850722246,0.0034906074112497276,0.9868396740815275
4453,F-A1-PORTSCAN-V-02,PortScan,PortScan,RF-v3,0.00966971850722246,0.0034906074112497276,0.9868396740815275
4454,F-A1-PORTSCAN-V-02,PortScan,PortScan,RF-v3,0.007765084980849341,0.0016101204881968916,0.9906247945309538
4455,F-A1-PORTSCAN-V-02,PortScan,PortScan,RF-v3,0.0070646848036685795,0.0016198991628057163,0.9913154160335257
4456,F-A1-PORTSCAN-V-02,PortScan,PortScan,RF-v3,0.007765084980849341,0.0016101204881968916,0.9906247945309538
4457,F-A1-PORTSCAN-V-02,PortScan,PortScan,RF-v3,0.00966971850722246,0.0034906074112497276,0.9868396740815275
4458,F-A1-PORTSCAN-V-02,PortScan,PortScan,RF-v3,0.00966971850722246,0.0034906074112497276,0.9868396740815275
4459,F-A1-PORTSCAN-V-02,PortScan,PortScan,RF-v3,0.011733400820822368,0.0016101204881968916,0.9866564786909806
4460,F-A1-PORTSCAN-V-02,PortScan,PortScan,RF-v3,0.00966971850722246,0.0034906074112497276,0.9868396740815275
4461,F-A1-PORTSCAN-V-02,PortScan,PortScan,RF-v3,0.00966971850722246,0.0034906074112497276,0.9868396740815275
4462,F-A1-PORTSCAN-V-02,PortScan,PortScan,RF-v3,0.007765084980849341,0.0016101204881968916,0.9906247945309538
4463,F-A1-PORTSCAN-V-02,PortScan,PortScan,RF-v3,0.00966971850722246,0.0034906074112497276,0.9868396740815275
4464,F-A1-PORTSCAN-V-02,PortScan,PortScan,RF-v3,0.00966971850722246,0.0034906074112497276,0.9868396740815275
4465,F-A1-PORTSCAN-V-02,PortScan,PortScan,RF-v3,0.011733400820822368,0.0016101204881968916,0.9866564786909806
4466,F-A1-PORTSCAN-V-02,PortScan,PortScan,RF-v3,0.007765084980849341,0.0016101204881968916,0.9906247945309538
4467,F-A1-PORTSCAN-V-02,PortScan,PortScan,RF-v3,0.00966971850722246,0.0034906074112497276,0.9868396740815275
4468,F-A1-PORTSCAN-V-02,PortScan,PortScan,RF-v3,0.00966971850722246,0.0034906074112497276,0.9868396740815275
4469,F-A1-PORTSCAN-V-02,PortScan,PortScan,RF-v3,0.00966971850722246,0.0034906074112497276,0.9868396740815275
4470,F-A1-PORTSCAN-V-02,PortScan,PortScan,RF-v3,0.007765084980849341,0.0016101204881968916,0.9906247945309538
4471,F-A1-PORTSCAN-V-02,PortScan,PortScan,RF-v3,0.007765084980849341,0.0016101204881968916,0.9906247945309538
4472,F-A1-PORTSCAN-V-02,PortScan,PortScan,RF-v3,0.007765084980849341,0.0016101204881968916,0.9906247945309538
4473,F-A1-PORTSCAN-V-02,PortScan,PortScan,RF-v3,0.00966971850722246,0.0034906074112497276,0.9868396740815275
4474,F-A1-PORTSCAN-V-02,PortScan,PortScan,RF-v3,0.00966971850722246,0.0034906074112497276,0.9868396740815275
4475,F-A1-PORTSCAN-V-02,PortScan,PortScan,RF-v3,0.011733400820822368,0.0016101204881968916,0.9866564786909806
4476,F-A1-PORTSCAN-V-02,PortScan,PortScan,RF-v3,0.007765084980849341,0.0016101204881968916,0.9906247945309538
4477,F-A1-PORTSCAN-V-02,PortScan,PortScan,RF-v3,0.007765084980849341,0.0016101204881968916,0.9906247945309538
4478,F-A1-PORTSCAN-V-02,PortScan,PortScan,RF-v3,0.011733400820822368,0.0016101204881968916,0.9866564786909806
4479,F-A1-PORTSCAN-V-02,PortScan,PortScan,RF-v3,0.00966971850722246,0.0034906074112497276,0.9868396740815275
4480,F-A1-PORTSCAN-V-02,PortScan,PortScan,RF-v3,0.007765084980849341,0.0016101204881968916,0.9906247945309538
4481,F-A1-PORTSCAN-V-02,PortScan,PortScan,RF-v3,0.00966971850722246,0.0034906074112497276,0.9868396740815275
4482,F-A1-PORTSCAN-V-02,PortScan,PortScan,RF-v3,0.007765084980849341,0.0016101204881968916,0.9906247945309538
4483,F-A1-PORTSCAN-V-02,PortScan,PortScan,RF-v3,0.007765084980849341,0.0016101204881968916,0.9906247945309538
4484,F-A1-PORTSCAN-V-02,PortScan,PortScan,RF-v3,0.00966971850722246,0.0034906074112497276,0.9868396740815275
4485,F-A1-PORTSCAN-V-02,PortScan,PortScan,RF-v3,0.007765084980849341,0.0016101204881968916,0.9906247945309538
4486,F-A1-PORTSCAN-V-02,PortScan,PortScan,RF-v3,0.007765084980849341,0.0016101204881968916,0.9906247945309538
4487,F-A1-PORTSCAN-V-02,PortScan,PortScan,RF-v3,0.00966971850722246,0.0034906074112497276,0.9868396740815275
4488,F-A1-PORTSCAN-V-02,PortScan,PortScan,RF-v3,0.007932008187120117,0.0016101204881968916,0.9904578713246829
4489,F-A1-PORTSCAN-V-02,PortScan,PortScan,RF-v3,0.007765084980849341,0.0016101204881968916,0.9906247945309538
4490,F-A1-PORTSCAN-V-02,PortScan,PortScan,RF-v3,0.007765084980849341,0.0016101204881968916,0.9906247945309538
4491,F-A1-PORTSCAN-V-02,PortScan,PortScan,RF-v3,0.007765084980849341,0.0016101204881968916,0.9906247945309538
4492,F-A1-PORTSCAN-V-02,PortScan,PortScan,RF-v3,0.007765084980849341,0.0016101204881968916,0.9906247945309538
4493,F-A1-PORTSCAN-V-02,PortScan,PortScan,RF-v3,0.00966971850722246,0.0034906074112497276,0.9868396740815275
4494,F-A1-PORTSCAN-V-02,PortScan,PortScan,RF-v3,0.00966971850722246,0.0034906074112497276,0.9868396740815275
4495,F-A1-PORTSCAN-V-02,PortScan,PortScan,RF-v3,0.0070646848036685795,0.0016198991628057163,0.9913154160335257
4496,F-A1-PORTSCAN-V-02,PortScan,PortScan,RF-v3,0.00966971850722246,0.0034906074112497276,0.9868396740815275
4497,F-A1-PORTSCAN-V-02,PortScan,PortScan,RF-v3,0.007765084980849341,0.0016101204881968916,0.9906247945309538
4498,F-A1-PORTSCAN-V-02,PortScan,PortScan,RF-v3,0.00966971850722246,0.0034906074112497276,0.9868396740815275
4499,F-A1-PORTSCAN-V-02,PortScan,PortScan,RF-v3,0.00966971850722246,0.0034906074112497276,0.9868396740815275
4500,F-A1-PORTSCAN-V-02,PortScan,PortScan,RF-v3,0.007765084980849341,0.0016101204881968916,0.9906247945309538
4501,F-A1-PORTSCAN-V-02,PortScan,PortScan,RF-v3,0.007765084980849341,0.0016101204881968916,0.9906247945309538
4502,F-A1-PORTSCAN-V-02,PortScan,PortScan,RF-v3,0.007765084980849341,0.0016101204881968916,0.9906247945309538
4503,F-A1-PORTSCAN-V-02,PortScan,PortScan,RF-v3,0.00966971850722246,0.0034906074112497276,0.9868396740815275
4504,F-A1-PORTSCAN-V-02,PortScan,PortScan,RF-v3,0.0070646848036685795,0.0016198991628057163,0.9913154160335257
4505,F-A1-PORTSCAN-V-02,PortScan,PortScan,RF-v3,0.007765084980849341,0.0016101204881968916,0.9906247945309538
4506,F-A1-PORTSCAN-V-02,PortScan,PortScan,RF-v3,0.007765084980849341,0.0016101204881968916,0.9906247945309538
4507,F-A1-PORTSCAN-V-02,PortScan,PortScan,RF-v3,0.0070646848036685795,0.0016198991628057163,0.9913154160335257
4508,F-A1-PORTSCAN-V-02,PortScan,PortScan,RF-v3,0.00966971850722246,0.0034906074112497276,0.9868396740815275
4509,F-A1-PORTSCAN-V-02,PortScan,PortScan,RF-v3,0.00966971850722246,0.0034906074112497276,0.9868396740815275
4510,F-A1-PORTSCAN-V-02,PortScan,PortScan,RF-v3,0.00966971850722246,0.0034906074112497276,0.9868396740815275
4511,F-A1-PORTSCAN-V-02,PortScan,PortScan,RF-v3,0.0070646848036685795,0.0016198991628057163,0.9913154160335257
4512,F-A1-PORTSCAN-V-02,PortScan,PortScan,RF-v3,0.00966971850722246,0.0034906074112497276,0.9868396740815275
4513,F-A1-PORTSCAN-V-02,PortScan,PortScan,RF-v3,0.007765084980849341,0.0016101204881968916,0.9906247945309538
4514,F-A1-PORTSCAN-V-02,PortScan,PortScan,RF-v3,0.007765084980849341,0.0016101204881968916,0.9906247945309538
4515,F-A1-PORTSCAN-V-02,PortScan,PortScan,RF-v3,0.00966971850722246,0.0034906074112497276,0.9868396740815275
4516,F-A1-PORTSCAN-V-02,PortScan,PortScan,RF-v3,0.00966971850722246,0.0034906074112497276,0.9868396740815275
4517,F-A1-PORTSCAN-V-02,PortScan,PortScan,RF-v3,0.00966971850722246,0.0034906074112497276,0.9868396740815275
4518,F-A1-PORTSCAN-V-02,PortScan,PortScan,RF-v3,0.007765084980849341,0.0016101204881968916,0.9906247945309538
4519,F-A1-PORTSCAN-V-02,PortScan,PortScan,RF-v3,0.00966971850722246,0.0034906074112497276,0.9868396740815275
4520,F-A1-PORTSCAN-V-02,PortScan,PortScan,RF-v3,0.00966971850722246,0.0034906074112497276,0.9868396740815275
4521,F-A1-PORTSCAN-V-02,PortScan,PortScan,RF-v3,0.007765084980849341,0.0016101204881968916,0.9906247945309538
4522,F-A1-PORTSCAN-V-02,PortScan,PortScan,RF-v3,0.00966971850722246,0.0034906074112497276,0.9868396740815275
4523,F-A1-PORTSCAN-V-02,PortScan,PortScan,RF-v3,0.00966971850722246,0.0034906074112497276,0.9868396740815275
4524,F-A1-PORTSCAN-V-02,PortScan,PortScan,RF-v3,0.007765084980849341,0.0016101204881968916,0.9906247945309538
4525,F-A1-PORTSCAN-V-02,PortScan,PortScan,RF-v3,0.0070646848036685795,0.0016198991628057163,0.9913154160335257
4526,F-A1-PORTSCAN-V-02,PortScan,PortScan,RF-v3,0.00966971850722246,0.0034906074112497276,0.9868396740815275
4527,F-A1-PORTSCAN-V-02,PortScan,PortScan,RF-v3,0.007765084980849341,0.0016101204881968916,0.9906247945309538
4528,F-A1-PORTSCAN-V-02,PortScan,PortScan,RF-v3,0.007765084980849341,0.0016101204881968916,0.9906247945309538
4529,F-A1-PORTSCAN-V-02,PortScan,PortScan,RF-v3,0.007765084980849341,0.0016101204881968916,0.9906247945309538
4530,F-A1-PORTSCAN-V-02,PortScan,PortScan,RF-v3,0.00966971850722246,0.0034906074112497276,0.9868396740815275
4531,F-A1-PORTSCAN-V-02,PortScan,PortScan,RF-v3,0.007765084980849341,0.0016101204881968916,0.9906247945309538
4532,F-A1-PORTSCAN-V-02,PortScan,PortScan,RF-v3,0.00966971850722246,0.0034906074112497276,0.9868396740815275
4533,F-A1-PORTSCAN-V-02,PortScan,PortScan,RF-v3,0.00966971850722246,0.0034906074112497276,0.9868396740815275
4534,F-A1-PORTSCAN-V-02,PortScan,PortScan,RF-v3,0.007765084980849341,0.0016101204881968916,0.9906247945309538
4535,F-A1-PORTSCAN-V-02,PortScan,PortScan,RF-v3,0.007765084980849341,0.0016101204881968916,0.9906247945309538
4536,F-A1-PORTSCAN-V-02,PortScan,PortScan,RF-v3,0.00966971850722246,0.0034906074112497276,0.9868396740815275
4537,F-A1-PORTSCAN-V-02,PortScan,PortScan,RF-v3,0.00966971850722246,0.0034906074112497276,0.9868396740815275
4538,F-A1-PORTSCAN-V-02,PortScan,PortScan,RF-v3,0.00966971850722246,0.0034906074112497276,0.9868396740815275
4539,F-A1-PORTSCAN-V-02,PortScan,PortScan,RF-v3,0.007765084980849341,0.0016101204881968916,0.9906247945309538
4540,F-A1-PORTSCAN-V-02,PortScan,PortScan,RF-v3,0.00966971850722246,0.0034906074112497276,0.9868396740815275
4541,F-A1-PORTSCAN-V-02,PortScan,PortScan,RF-v3,0.00966971850722246,0.0034906074112497276,0.9868396740815275
4542,F-A1-PORTSCAN-V-02,PortScan,PortScan,RF-v3,0.00966971850722246,0.0034906074112497276,0.9868396740815275
4543,F-A1-PORTSCAN-V-02,PortScan,PortScan,RF-v3,0.007765084980849341,0.0016101204881968916,0.9906247945309538
4544,F-A1-PORTSCAN-V-02,PortScan,PortScan,RF-v3,0.00966971850722246,0.0034906074112497276,0.9868396740815275
4545,F-A1-PORTSCAN-V-02,PortScan,PortScan,RF-v3,0.007765084980849341,0.0016101204881968916,0.9906247945309538
4546,F-A1-PORTSCAN-V-02,PortScan,PortScan,RF-v3,0.007765084980849341,0.0016101204881968916,0.9906247945309538
4547,F-A1-PORTSCAN-V-02,PortScan,PortScan,RF-v3,0.00966971850722246,0.0034906074112497276,0.9868396740815275
4548,F-A1-PORTSCAN-V-02,PortScan,PortScan,RF-v3,0.00966971850722246,0.0034906074112497276,0.9868396740815275
4549,F-A1-PORTSCAN-V-02,PortScan,PortScan,RF-v3,0.00966971850722246,0.0034906074112497276,0.9868396740815275
4550,F-A1-PORTSCAN-V-02,PortScan,PortScan,RF-v3,0.007765084980849341,0.0016101204881968916,0.9906247945309538
4551,F-A1-PORTSCAN-V-02,PortScan,PortScan,RF-v3,0.007932008187120117,0.0016101204881968916,0.9904578713246829
4552,F-A1-PORTSCAN-V-02,PortScan,PortScan,RF-v3,0.007765084980849341,0.0016101204881968916,0.9906247945309538
4553,F-A1-PORTSCAN-V-02,PortScan,PortScan,RF-v3,0.00966971850722246,0.0034906074112497276,0.9868396740815275
4554,F-A1-PORTSCAN-V-02,PortScan,PortScan,RF-v3,0.007765084980849341,0.0016101204881968916,0.9906247945309538
4555,F-A1-PORTSCAN-V-02,PortScan,PortScan,RF-v3,0.00966971850722246,0.0034906074112497276,0.9868396740815275
4556,F-A1-PORTSCAN-V-02,PortScan,PortScan,RF-v3,0.0070646848036685795,0.0016198991628057163,0.9913154160335257
4557,F-A1-PORTSCAN-V-02,PortScan,PortScan,RF-v3,0.00966971850722246,0.0034906074112497276,0.9868396740815275
4558,F-A1-PORTSCAN-V-02,PortScan,PortScan,RF-v3,0.00966971850722246,0.0034906074112497276,0.9868396740815275
4559,F-A1-PORTSCAN-V-02,PortScan,PortScan,RF-v3,0.00966971850722246,0.0034906074112497276,0.9868396740815275
4560,F-A1-PORTSCAN-V-02,PortScan,PortScan,RF-v3,0.007765084980849341,0.0016101204881968916,0.9906247945309538
4561,F-A1-PORTSCAN-V-02,PortScan,PortScan,RF-v3,0.007765084980849341,0.0016101204881968916,0.9906247945309538
4562,F-A1-PORTSCAN-V-02,PortScan,PortScan,RF-v3,0.007765084980849341,0.0016101204881968916,0.9906247945309538
4563,F-A1-PORTSCAN-V-02,PortScan,PortScan,RF-v3,0.011733400820822368,0.0016101204881968916,0.9866564786909806
4564,F-A1-PORTSCAN-V-02,PortScan,PortScan,RF-v3,0.011733400820822368,0.0016101204881968916,0.9866564786909806
4565,F-A1-PORTSCAN-V-02,PortScan,PortScan,RF-v3,0.00966971850722246,0.0034906074112497276,0.9868396740815275
4566,F-A1-PORTSCAN-V-02,PortScan,PortScan,RF-v3,0.010092847134390565,0.0034906074112497276,0.9864165454543595
4567,F-A1-PORTSCAN-V-02,PortScan,PortScan,RF-v3,0.00966971850722246,0.0034906074112497276,0.9868396740815275
4568,F-A1-PORTSCAN-V-02,PortScan,PortScan,RF-v3,0.00966971850722246,0.0034906074112497276,0.9868396740815275
4569,F-A1-PORTSCAN-V-02,PortScan,PortScan,RF-v3,0.007765084980849341,0.0016101204881968916,0.9906247945309538
4570,F-A1-PORTSCAN-V-02,PortScan,PortScan,RF-v3,0.011733400820822368,0.0016101204881968916,0.9866564786909806
4571,F-A1-PORTSCAN-V-02,PortScan,PortScan,RF-v3,0.007765084980849341,0.0016101204881968916,0.9906247945309538
4572,F-A1-PORTSCAN-V-02,PortScan,PortScan,RF-v3,0.007765084980849341,0.0016101204881968916,0.9906247945309538
4573,F-A1-PORTSCAN-V-02,PortScan,PortScan,RF-v3,0.010092847134390565,0.0034906074112497276,0.9864165454543595
4574,F-A1-PORTSCAN-V-02,PortScan,PortScan,RF-v3,0.00966971850722246,0.0034906074112497276,0.9868396740815275
4575,F-A1-PORTSCAN-V-02,PortScan,PortScan,RF-v3,0.007765084980849341,0.0016101204881968916,0.9906247945309538
4576,F-A1-PORTSCAN-V-02,PortScan,PortScan,RF-v3,0.00966971850722246,0.0034906074112497276,0.9868396740815275
4577,F-A1-PORTSCAN-V-02,PortScan,PortScan,RF-v3,0.00966971850722246,0.0034906074112497276,0.9868396740815275
4578,F-A1-PORTSCAN-V-02,PortScan,PortScan,RF-v3,0.0070646848036685795,0.0016198991628057163,0.9913154160335257
4579,F-A1-PORTSCAN-V-02,PortScan,PortScan,RF-v3,0.00966971850722246,0.0034906074112497276,0.9868396740815275
4580,F-A1-PORTSCAN-V-02,PortScan,PortScan,RF-v3,0.007765084980849341,0.0016101204881968916,0.9906247945309538
4581,F-A1-PORTSCAN-V-02,PortScan,PortScan,RF-v3,0.00966971850722246,0.0034906074112497276,0.9868396740815275
4582,F-A1-PORTSCAN-V-02,PortScan,PortScan,RF-v3,0.011733400820822368,0.0016101204881968916,0.9866564786909806
4583,F-A1-PORTSCAN-V-02,PortScan,PortScan,RF-v3,0.00966971850722246,0.0034906074112497276,0.9868396740815275
4584,F-A1-PORTSCAN-V-02,PortScan,PortScan,RF-v3,0.007765084980849341,0.0016101204881968916,0.9906247945309538
4585,F-A1-PORTSCAN-V-02,PortScan,PortScan,RF-v3,0.010092847134390565,0.0034906074112497276,0.9864165454543595
4586,F-A1-PORTSCAN-V-02,PortScan,PortScan,RF-v3,0.00966971850722246,0.0034906074112497276,0.9868396740815275
4587,F-A1-PORTSCAN-V-02,PortScan,PortScan,RF-v3,0.007765084980849341,0.0016101204881968916,0.9906247945309538
4588,F-A1-PORTSCAN-V-02,PortScan,PortScan,RF-v3,0.00966971850722246,0.0034906074112497276,0.9868396740815275
4589,F-A1-PORTSCAN-V-02,PortScan,PortScan,RF-v3,0.007765084980849341,0.0016101204881968916,0.9906247945309538
4590,F-A1-PORTSCAN-V-02,PortScan,PortScan,RF-v3,0.00966971850722246,0.0034906074112497276,0.9868396740815275
4591,F-A1-PORTSCAN-V-02,PortScan,PortScan,RF-v3,0.00966971850722246,0.0034906074112497276,0.9868396740815275
4592,F-A1-PORTSCAN-V-02,PortScan,PortScan,RF-v3,0.007765084980849341,0.0016101204881968916,0.9906247945309538
4593,F-A1-PORTSCAN-V-02,PortScan,PortScan,RF-v3,0.011733400820822368,0.0016101204881968916,0.9866564786909806
4594,F-A1-PORTSCAN-V-02,PortScan,PortScan,RF-v3,0.00966971850722246,0.0034906074112497276,0.9868396740815275
4595,F-A1-PORTSCAN-V-02,PortScan,PortScan,RF-v3,0.007765084980849341,0.0016101204881968916,0.9906247945309538
4596,F-A1-PORTSCAN-V-02,PortScan,PortScan,RF-v3,0.00966971850722246,0.0034906074112497276,0.9868396740815275
4597,F-A1-PORTSCAN-V-02,PortScan,PortScan,RF-v3,0.00966971850722246,0.0034906074112497276,0.9868396740815275
4598,F-A1-PORTSCAN-V-02,PortScan,PortScan,RF-v3,0.00966971850722246,0.0034906074112497276,0.9868396740815275
4599,F-A1-PORTSCAN-V-02,PortScan,PortScan,RF-v3,0.01116971125331626,0.0016198991628057163,0.9872103895838781
4600,F-A1-PORTSCAN-V-02,PortScan,PortScan,RF-v3,0.00966971850722246,0.0034906074112497276,0.9868396740815275
4601,F-A1-PORTSCAN-V-02,PortScan,PortScan,RF-v3,0.007765084980849341,0.0016101204881968916,0.9906247945309538
4602,F-A1-PORTSCAN-V-02,PortScan,PortScan,RF-v3,0.007765084980849341,0.0016101204881968916,0.9906247945309538
4603,F-A1-PORTSCAN-V-02,PortScan,PortScan,RF-v3,0.00966971850722246,0.0034906074112497276,0.9868396740815275
4604,F-A1-PORTSCAN-V-02,PortScan,PortScan,RF-v3,0.00966971850722246,0.0034906074112497276,0.9868396740815275
4605,F-A1-PORTSCAN-V-02,PortScan,PortScan,RF-v3,0.00966971850722246,0.0034906074112497276,0.9868396740815275
4606,F-A1-PORTSCAN-V-02,PortScan,PortScan,RF-v3,0.011733400820822368,0.0016101204881968916,0.9866564786909806
4607,F-A1-PORTSCAN-V-02,PortScan,PortScan,RF-v3,0.00966971850722246,0.0034906074112497276,0.9868396740815275
4608,F-A1-PORTSCAN-V-02,PortScan,PortScan,RF-v3,0.00966971850722246,0.0034906074112497276,0.9868396740815275
4609,F-A1-PORTSCAN-V-02,PortScan,PortScan,RF-v3,0.00966971850722246,0.0034906074112497276,0.9868396740815275
4610,F-A1-PORTSCAN-V-02,PortScan,PortScan,RF-v3,0.00966971850722246,0.0034906074112497276,0.9868396740815275
4611,F-A1-PORTSCAN-V-02,PortScan,PortScan,RF-v3,0.007765084980849341,0.0016101204881968916,0.9906247945309538
4612,F-A1-PORTSCAN-V-02,PortScan,PortScan,RF-v3,0.00966971850722246,0.0034906074112497276,0.9868396740815275
4613,F-A1-PORTSCAN-V-02,PortScan,PortScan,RF-v3,0.007765084980849341,0.0016101204881968916,0.9906247945309538
4614,F-A1-PORTSCAN-V-02,PortScan,PortScan,RF-v3,0.00966971850722246,0.0034906074112497276,0.9868396740815275
4615,F-A1-PORTSCAN-V-02,PortScan,PortScan,RF-v3,0.00966971850722246,0.0034906074112497276,0.9868396740815275
4616,F-A1-PORTSCAN-V-02,PortScan,PortScan,RF-v3,0.007765084980849341,0.0016101204881968916,0.9906247945309538
4617,F-A1-PORTSCAN-V-02,PortScan,PortScan,RF-v3,0.00966971850722246,0.0034906074112497276,0.9868396740815275
4618,F-A1-PORTSCAN-V-02,PortScan,PortScan,RF-v3,0.00966971850722246,0.0034906074112497276,0.9868396740815275
4619,F-A1-PORTSCAN-V-02,PortScan,PortScan,RF-v3,0.007765084980849341,0.0016101204881968916,0.9906247945309538
4620,F-A1-PORTSCAN-V-02,PortScan,PortScan,RF-v3,0.00966971850722246,0.0034906074112497276,0.9868396740815275
4621,F-A1-PORTSCAN-V-02,PortScan,PortScan,RF-v3,0.00966971850722246,0.0034906074112497276,0.9868396740815275
4622,F-A1-PORTSCAN-V-02,PortScan,PortScan,RF-v3,0.007765084980849341,0.0016101204881968916,0.9906247945309538
4623,F-A1-PORTSCAN-V-02,PortScan,PortScan,RF-v3,0.00966971850722246,0.0034906074112497276,0.9868396740815275
4624,F-A1-PORTSCAN-V-02,PortScan,PortScan,RF-v3,0.00966971850722246,0.0034906074112497276,0.9868396740815275
4625,F-A1-PORTSCAN-V-02,PortScan,PortScan,RF-v3,0.00966971850722246,0.0034906074112497276,0.9868396740815275
4626,F-A1-PORTSCAN-V-02,PortScan,PortScan,RF-v3,0.007765084980849341,0.0016101204881968916,0.9906247945309538
4627,F-A1-PORTSCAN-V-02,PortScan,PortScan,RF-v3,0.00966971850722246,0.0034906074112497276,0.9868396740815275
4628,F-A1-PORTSCAN-V-02,PortScan,PortScan,RF-v3,0.00966971850722246,0.0034906074112497276,0.9868396740815275
4629,F-A1-PORTSCAN-V-02,PortScan,PortScan,RF-v3,0.011733400820822368,0.0016101204881968916,0.9866564786909806
4630,F-A1-PORTSCAN-V-02,PortScan,PortScan,RF-v3,0.007765084980849341,0.0016101204881968916,0.9906247945309538
4631,F-A1-PORTSCAN-V-02,PortScan,PortScan,RF-v3,0.00966971850722246,0.0034906074112497276,0.9868396740815275
4632,F-A1-PORTSCAN-V-02,PortScan,PortScan,RF-v3,0.007765084980849341,0.0016101204881968916,0.9906247945309538
4633,F-A1-PORTSCAN-V-02,PortScan,PortScan,RF-v3,0.007765084980849341,0.0016101204881968916,0.9906247945309538
4634,F-A1-PORTSCAN-V-02,PortScan,PortScan,RF-v3,0.007765084980849341,0.0016101204881968916,0.9906247945309538
4635,F-A1-PORTSCAN-V-02,PortScan,PortScan,RF-v3,0.00966971850722246,0.0034906074112497276,0.9868396740815275
4636,F-A1-PORTSCAN-V-02,PortScan,PortScan,RF-v3,0.00966971850722246,0.0034906074112497276,0.9868396740815275
4637,F-A1-PORTSCAN-V-02,PortScan,PortScan,RF-v3,0.00966971850722246,0.0034906074112497276,0.9868396740815275
4638,F-A1-PORTSCAN-V-02,PortScan,PortScan,RF-v3,0.0070646848036685795,0.0016198991628057163,0.9913154160335257
4639,F-A1-PORTSCAN-V-02,PortScan,PortScan,RF-v3,0.00966971850722246,0.0034906074112497276,0.9868396740815275
4640,F-A1-PORTSCAN-V-02,PortScan,PortScan,RF-v3,0.007765084980849341,0.0016101204881968916,0.9906247945309538
4641,F-A1-PORTSCAN-V-02,PortScan,PortScan,RF-v3,0.00966971850722246,0.0034906074112497276,0.9868396740815275
4642,F-A1-PORTSCAN-V-02,PortScan,PortScan,RF-v3,0.007765084980849341,0.0016101204881968916,0.9906247945309538
4643,F-A1-PORTSCAN-V-02,PortScan,PortScan,RF-v3,0.00966971850722246,0.0034906074112497276,0.9868396740815275
4644,F-A1-PORTSCAN-V-02,PortScan,PortScan,RF-v3,0.00966971850722246,0.0034906074112497276,0.9868396740815275
4645,F-A1-PORTSCAN-V-02,PortScan,PortScan,RF-v3,0.007765084980849341,0.0016101204881968916,0.9906247945309538
4646,F-A1-PORTSCAN-V-02,PortScan,PortScan,RF-v3,0.00966971850722246,0.0034906074112497276,0.9868396740815275
4647,F-A1-PORTSCAN-V-02,PortScan,PortScan,RF-v3,0.007765084980849341,0.0016101204881968916,0.9906247945309538
4648,F-A1-PORTSCAN-V-02,PortScan,PortScan,RF-v3,0.007765084980849341,0.0016101204881968916,0.9906247945309538
4649,F-A1-PORTSCAN-V-02,PortScan,PortScan,RF-v3,0.007765084980849341,0.0016101204881968916,0.9906247945309538
4650,F-A1-PORTSCAN-V-02,PortScan,PortScan,RF-v3,0.00966971850722246,0.0034906074112497276,0.9868396740815275
4651,F-A1-PORTSCAN-V-02,PortScan,PortScan,RF-v3,0.007932008187120117,0.0016101204881968916,0.9904578713246829
4652,F-A1-PORTSCAN-V-02,PortScan,PortScan,RF-v3,0.00966971850722246,0.0034906074112497276,0.9868396740815275
4653,F-A1-PORTSCAN-V-02,PortScan,PortScan,RF-v3,0.00966971850722246,0.0034906074112497276,0.9868396740815275
4654,F-A1-PORTSCAN-V-02,PortScan,PortScan,RF-v3,0.00966971850722246,0.0034906074112497276,0.9868396740815275
4655,F-A1-PORTSCAN-V-02,PortScan,PortScan,RF-v3,0.0070646848036685795,0.0016198991628057163,0.9913154160335257
4656,F-A1-PORTSCAN-V-02,PortScan,PortScan,RF-v3,0.007765084980849341,0.0016101204881968916,0.9906247945309538
4657,F-A1-PORTSCAN-V-02,PortScan,PortScan,RF-v3,0.00966971850722246,0.0034906074112497276,0.9868396740815275
4658,F-A1-PORTSCAN-V-02,PortScan,PortScan,RF-v3,0.00966971850722246,0.0034906074112497276,0.9868396740815275
4659,F-A1-PORTSCAN-V-02,PortScan,PortScan,RF-v3,0.007765084980849341,0.0016101204881968916,0.9906247945309538
4660,F-A1-PORTSCAN-V-02,PortScan,PortScan,RF-v3,0.00966971850722246,0.0034906074112497276,0.9868396740815275
4661,F-A1-PORTSCAN-V-02,PortScan,PortScan,RF-v3,0.007765084980849341,0.0016101204881968916,0.9906247945309538
4662,F-A1-PORTSCAN-V-02,PortScan,PortScan,RF-v3,0.007765084980849341,0.0016101204881968916,0.9906247945309538
4663,F-A1-PORTSCAN-V-02,PortScan,PortScan,RF-v3,0.00966971850722246,0.0034906074112497276,0.9868396740815275
4664,F-A1-PORTSCAN-V-02,PortScan,PortScan,RF-v3,0.00966971850722246,0.0034906074112497276,0.9868396740815275
4665,F-A1-PORTSCAN-V-02,PortScan,PortScan,RF-v3,0.00966971850722246,0.0034906074112497276,0.9868396740815275
4666,F-A1-PORTSCAN-V-02,PortScan,PortScan,RF-v3,0.00966971850722246,0.0034906074112497276,0.9868396740815275
4667,F-A1-PORTSCAN-V-02,PortScan,PortScan,RF-v3,0.007765084980849341,0.0016101204881968916,0.9906247945309538
4668,F-A1-PORTSCAN-V-02,PortScan,PortScan,RF-v3,0.007765084980849341,0.0016101204881968916,0.9906247945309538
4669,F-A1-PORTSCAN-V-02,PortScan,PortScan,RF-v3,0.00966971850722246,0.0034906074112497276,0.9868396740815275
4670,F-A1-PORTSCAN-V-02,PortScan,PortScan,RF-v3,0.00966971850722246,0.0034906074112497276,0.9868396740815275
4671,F-A1-PORTSCAN-V-02,PortScan,Normal,RF-v3,0.48005719525970464,0.07529290218102384,0.4446499025592716
4672,F-A1-PORTSCAN-V-02,PortScan,PortScan,RF-v3,0.007765084980849341,0.0016101204881968916,0.9906247945309538
4673,F-A1-PORTSCAN-V-02,PortScan,PortScan,RF-v3,0.007765084980849341,0.0016101204881968916,0.9906247945309538
4674,F-A1-PORTSCAN-V-02,PortScan,PortScan,RF-v3,0.00966971850722246,0.0034906074112497276,0.9868396740815275
4675,F-A1-PORTSCAN-V-02,PortScan,PortScan,RF-v3,0.007765084980849341,0.0016101204881968916,0.9906247945309538
4676,F-A1-PORTSCAN-V-02,PortScan,PortScan,RF-v3,0.007765084980849341,0.0016101204881968916,0.9906247945309538
4677,F-A1-PORTSCAN-V-02,PortScan,PortScan,RF-v3,0.00966971850722246,0.0034906074112497276,0.9868396740815275
4678,F-A1-PORTSCAN-V-02,PortScan,PortScan,RF-v3,0.007765084980849341,0.0016101204881968916,0.9906247945309538
4679,F-A1-PORTSCAN-V-02,PortScan,PortScan,RF-v3,0.00966971850722246,0.0034906074112497276,0.9868396740815275
4680,F-A1-PORTSCAN-V-02,PortScan,PortScan,RF-v3,0.00966971850722246,0.0034906074112497276,0.9868396740815275
4681,F-A1-PORTSCAN-V-02,PortScan,PortScan,RF-v3,0.00966971850722246,0.0034906074112497276,0.9868396740815275
4682,F-A1-PORTSCAN-V-02,PortScan,PortScan,RF-v3,0.00966971850722246,0.0034906074112497276,0.9868396740815275
4683,F-A1-PORTSCAN-V-02,PortScan,PortScan,RF-v3,0.00966971850722246,0.0034906074112497276,0.9868396740815275
4684,F-A1-PORTSCAN-V-02,PortScan,PortScan,RF-v3,0.007932008187120117,0.0016101204881968916,0.9904578713246829
4685,F-A1-PORTSCAN-V-02,PortScan,PortScan,RF-v3,0.00966971850722246,0.0034906074112497276,0.9868396740815275
4686,F-A1-PORTSCAN-V-02,PortScan,PortScan,RF-v3,0.00966971850722246,0.0034906074112497276,0.9868396740815275
4687,F-A1-PORTSCAN-V-02,PortScan,PortScan,RF-v3,0.00966971850722246,0.0034906074112497276,0.9868396740815275
4688,F-A1-PORTSCAN-V-02,PortScan,PortScan,RF-v3,0.007765084980849341,0.0016101204881968916,0.9906247945309538
4689,F-A1-PORTSCAN-V-02,PortScan,PortScan,RF-v3,0.00966971850722246,0.0034906074112497276,0.9868396740815275
4690,F-A1-PORTSCAN-V-02,PortScan,PortScan,RF-v3,0.00966971850722246,0.0034906074112497276,0.9868396740815275
4691,F-A1-PORTSCAN-V-02,PortScan,PortScan,RF-v3,0.01116971125331626,0.0016198991628057163,0.9872103895838781
4692,F-A1-PORTSCAN-V-02,PortScan,PortScan,RF-v3,0.0070646848036685795,0.0016198991628057163,0.9913154160335257
4693,F-A1-PORTSCAN-V-02,PortScan,PortScan,RF-v3,0.0070646848036685795,0.0016198991628057163,0.9913154160335257
4694,F-A1-PORTSCAN-V-02,PortScan,PortScan,RF-v3,0.00966971850722246,0.0034906074112497276,0.9868396740815275
4695,F-A1-PORTSCAN-V-02,PortScan,PortScan,RF-v3,0.00966971850722246,0.0034906074112497276,0.9868396740815275
4696,F-A1-PORTSCAN-V-02,PortScan,PortScan,RF-v3,0.007765084980849341,0.0016101204881968916,0.9906247945309538
4697,F-A1-PORTSCAN-V-02,PortScan,PortScan,RF-v3,0.007765084980849341,0.0016101204881968916,0.9906247945309538
4698,F-A1-PORTSCAN-V-02,PortScan,PortScan,RF-v3,0.00966971850722246,0.0034906074112497276,0.9868396740815275
4699,F-A1-PORTSCAN-V-02,PortScan,PortScan,RF-v3,0.007765084980849341,0.0016101204881968916,0.9906247945309538
4700,F-A1-PORTSCAN-V-02,PortScan,PortScan,RF-v3,0.007765084980849341,0.0016101204881968916,0.9906247945309538
4701,F-A1-PORTSCAN-V-02,PortScan,PortScan,RF-v3,0.00966971850722246,0.0034906074112497276,0.9868396740815275
4702,F-A1-PORTSCAN-V-02,PortScan,PortScan,RF-v3,0.00966971850722246,0.0034906074112497276,0.9868396740815275
4703,F-A1-PORTSCAN-V-02,PortScan,PortScan,RF-v3,0.00966971850722246,0.0034906074112497276,0.9868396740815275
4704,F-A1-PORTSCAN-V-02,PortScan,PortScan,RF-v3,0.00966971850722246,0.0034906074112497276,0.9868396740815275
4705,F-A1-PORTSCAN-V-02,PortScan,PortScan,RF-v3,0.00966971850722246,0.0034906074112497276,0.9868396740815275
4706,F-A1-PORTSCAN-V-02,PortScan,PortScan,RF-v3,0.00966971850722246,0.0034906074112497276,0.9868396740815275
4707,F-A1-PORTSCAN-V-02,PortScan,PortScan,RF-v3,0.007765084980849341,0.0016101204881968916,0.9906247945309538
4708,F-A1-PORTSCAN-V-02,PortScan,PortScan,RF-v3,0.00966971850722246,0.0034906074112497276,0.9868396740815275
4709,F-A1-PORTSCAN-V-02,PortScan,PortScan,RF-v3,0.007765084980849341,0.0016101204881968916,0.9906247945309538
4710,F-A1-PORTSCAN-V-02,PortScan,PortScan,RF-v3,0.007765084980849341,0.0016101204881968916,0.9906247945309538
4711,F-A1-PORTSCAN-V-02,PortScan,PortScan,RF-v3,0.00966971850722246,0.0034906074112497276,0.9868396740815275
4712,F-A1-PORTSCAN-V-02,PortScan,PortScan,RF-v3,0.00966971850722246,0.0034906074112497276,0.9868396740815275
4713,F-A1-PORTSCAN-V-02,PortScan,PortScan,RF-v3,0.012506084246095481,0.0016101204881968916,0.9858837952657076
4714,F-A1-PORTSCAN-V-02,PortScan,PortScan,RF-v3,0.007765084980849341,0.0016101204881968916,0.9906247945309538
4715,F-A1-PORTSCAN-V-02,PortScan,PortScan,RF-v3,0.007765084980849341,0.0016101204881968916,0.9906247945309538
4716,F-A1-PORTSCAN-V-02,PortScan,PortScan,RF-v3,0.0070646848036685795,0.0016198991628057163,0.9913154160335257
4717,F-A1-PORTSCAN-V-02,PortScan,PortScan,RF-v3,0.00966971850722246,0.0034906074112497276,0.9868396740815275
4718,F-A1-PORTSCAN-V-02,PortScan,PortScan,RF-v3,0.00966971850722246,0.0034906074112497276,0.9868396740815275
4719,F-A1-PORTSCAN-V-02,PortScan,PortScan,RF-v3,0.007765084980849341,0.0016101204881968916,0.9906247945309538
4720,F-A1-PORTSCAN-V-02,PortScan,PortScan,RF-v3,0.010092847134390565,0.0034906074112497276,0.9864165454543595
4721,F-A1-PORTSCAN-V-02,PortScan,PortScan,RF-v3,0.00966971850722246,0.0034906074112497276,0.9868396740815275
4722,F-A1-PORTSCAN-V-02,PortScan,PortScan,RF-v3,0.00966971850722246,0.0034906074112497276,0.9868396740815275
4723,F-A1-PORTSCAN-V-02,PortScan,PortScan,RF-v3,0.00966971850722246,0.0034906074112497276,0.9868396740815275
4724,F-A1-PORTSCAN-V-02,PortScan,PortScan,RF-v3,0.007765084980849341,0.0016101204881968916,0.9906247945309538
4725,F-A1-PORTSCAN-V-02,PortScan,PortScan,RF-v3,0.00966971850722246,0.0034906074112497276,0.9868396740815275
4726,F-A1-PORTSCAN-V-02,PortScan,PortScan,RF-v3,0.007765084980849341,0.0016101204881968916,0.9906247945309538
4727,F-A1-PORTSCAN-V-02,PortScan,PortScan,RF-v3,0.007765084980849341,0.0016101204881968916,0.9906247945309538
4728,F-A1-PORTSCAN-V-02,PortScan,PortScan,RF-v3,0.007765084980849341,0.0016101204881968916,0.9906247945309538
4729,F-A1-PORTSCAN-V-02,PortScan,PortScan,RF-v3,0.00966971850722246,0.0034906074112497276,0.9868396740815275
4730,F-A1-PORTSCAN-V-02,PortScan,PortScan,RF-v3,0.00966971850722246,0.0034906074112497276,0.9868396740815275
4731,F-A1-PORTSCAN-V-02,PortScan,PortScan,RF-v3,0.007765084980849341,0.0016101204881968916,0.9906247945309538
4732,F-A1-PORTSCAN-V-02,PortScan,PortScan,RF-v3,0.007765084980849341,0.0016101204881968916,0.9906247945309538
4733,F-A1-PORTSCAN-V-02,PortScan,PortScan,RF-v3,0.00966971850722246,0.0034906074112497276,0.9868396740815275
4734,F-A1-PORTSCAN-V-02,PortScan,PortScan,RF-v3,0.00966971850722246,0.0034906074112497276,0.9868396740815275
4735,F-A1-PORTSCAN-V-02,PortScan,PortScan,RF-v3,0.007765084980849341,0.0016101204881968916,0.9906247945309538
4736,F-A1-PORTSCAN-V-02,PortScan,PortScan,RF-v3,0.00966971850722246,0.0034906074112497276,0.9868396740815275
4737,F-A1-PORTSCAN-V-02,PortScan,PortScan,RF-v3,0.00966971850722246,0.0034906074112497276,0.9868396740815275
4738,F-A1-PORTSCAN-V-02,PortScan,PortScan,RF-v3,0.007765084980849341,0.0016101204881968916,0.9906247945309538
4739,F-A1-PORTSCAN-V-02,PortScan,PortScan,RF-v3,0.011733400820822368,0.0016101204881968916,0.9866564786909806
4740,F-A1-PORTSCAN-V-02,PortScan,PortScan,RF-v3,0.00966971850722246,0.0034906074112497276,0.9868396740815275
4741,F-A1-PORTSCAN-V-02,PortScan,PortScan,RF-v3,0.00966971850722246,0.0034906074112497276,0.9868396740815275
4742,F-A1-PORTSCAN-V-02,PortScan,PortScan,RF-v3,0.00966971850722246,0.0034906074112497276,0.9868396740815275
4743,F-A1-PORTSCAN-V-02,PortScan,PortScan,RF-v3,0.007765084980849341,0.0016101204881968916,0.9906247945309538
4744,F-A1-PORTSCAN-V-02,PortScan,PortScan,RF-v3,0.00966971850722246,0.0034906074112497276,0.9868396740815275
4745,F-A1-PORTSCAN-V-02,PortScan,PortScan,RF-v3,0.00966971850722246,0.0034906074112497276,0.9868396740815275
4746,F-A1-PORTSCAN-V-02,PortScan,PortScan,RF-v3,0.00966971850722246,0.0034906074112497276,0.9868396740815275
4747,F-A1-PORTSCAN-V-02,PortScan,PortScan,RF-v3,0.007765084980849341,0.0016101204881968916,0.9906247945309538
4748,F-A1-PORTSCAN-V-02,PortScan,PortScan,RF-v3,0.0070646848036685795,0.0016198991628057163,0.9913154160335257
4749,F-A1-PORTSCAN-V-02,PortScan,PortScan,RF-v3,0.007765084980849341,0.0016101204881968916,0.9906247945309538
4750,F-A1-PORTSCAN-V-02,PortScan,PortScan,RF-v3,0.00966971850722246,0.0034906074112497276,0.9868396740815275
4751,F-A1-PORTSCAN-V-02,PortScan,PortScan,RF-v3,0.00966971850722246,0.0034906074112497276,0.9868396740815275
4752,F-A1-PORTSCAN-V-02,PortScan,PortScan,RF-v3,0.007765084980849341,0.0016101204881968916,0.9906247945309538
4753,F-A1-PORTSCAN-V-02,PortScan,PortScan,RF-v3,0.00966971850722246,0.0034906074112497276,0.9868396740815275
4754,F-A1-PORTSCAN-V-02,PortScan,PortScan,RF-v3,0.00966971850722246,0.0034906074112497276,0.9868396740815275
4755,F-A1-PORTSCAN-V-02,PortScan,PortScan,RF-v3,0.00966971850722246,0.0034906074112497276,0.9868396740815275
4756,F-A1-PORTSCAN-V-02,PortScan,PortScan,RF-v3,0.00966971850722246,0.0034906074112497276,0.9868396740815275
4757,F-A1-PORTSCAN-V-02,PortScan,PortScan,RF-v3,0.007765084980849341,0.0016101204881968916,0.9906247945309538
4758,F-A1-PORTSCAN-V-02,PortScan,PortScan,RF-v3,0.00966971850722246,0.0034906074112497276,0.9868396740815275
4759,F-A1-PORTSCAN-V-02,PortScan,PortScan,RF-v3,0.00966971850722246,0.0034906074112497276,0.9868396740815275
4760,F-A1-PORTSCAN-V-02,PortScan,PortScan,RF-v3,0.007765084980849341,0.0016101204881968916,0.9906247945309538
4761,F-A1-PORTSCAN-V-02,PortScan,PortScan,RF-v3,0.00966971850722246,0.0034906074112497276,0.9868396740815275
4762,F-A1-PORTSCAN-V-02,PortScan,PortScan,RF-v3,0.00966971850722246,0.0034906074112497276,0.9868396740815275
4763,F-A1-PORTSCAN-V-02,PortScan,PortScan,RF-v3,0.007765084980849341,0.0016101204881968916,0.9906247945309538
4764,F-A1-PORTSCAN-V-02,PortScan,PortScan,RF-v3,0.00966971850722246,0.0034906074112497276,0.9868396740815275
4765,F-A1-PORTSCAN-V-02,PortScan,PortScan,RF-v3,0.007765084980849341,0.0016101204881968916,0.9906247945309538
4766,F-A1-PORTSCAN-V-02,PortScan,PortScan,RF-v3,0.00966971850722246,0.0034906074112497276,0.9868396740815275
4767,F-A1-PORTSCAN-V-02,PortScan,PortScan,RF-v3,0.007765084980849341,0.0016101204881968916,0.9906247945309538
4768,F-A1-PORTSCAN-V-02,PortScan,PortScan,RF-v3,0.007765084980849341,0.0016101204881968916,0.9906247945309538
4769,F-A1-PORTSCAN-V-02,PortScan,PortScan,RF-v3,0.007765084980849341,0.0016101204881968916,0.9906247945309538
4770,F-A1-PORTSCAN-V-02,PortScan,PortScan,RF-v3,0.007765084980849341,0.0016101204881968916,0.9906247945309538
4771,F-A1-PORTSCAN-V-02,PortScan,PortScan,RF-v3,0.007765084980849341,0.0016101204881968916,0.9906247945309538
4772,F-A1-PORTSCAN-V-02,PortScan,PortScan,RF-v3,0.007765084980849341,0.0016101204881968916,0.9906247945309538
4773,F-A1-PORTSCAN-V-02,PortScan,PortScan,RF-v3,0.00966971850722246,0.0034906074112497276,0.9868396740815275
4774,F-A1-PORTSCAN-V-02,PortScan,PortScan,RF-v3,0.00966971850722246,0.0034906074112497276,0.9868396740815275
4775,F-A1-PORTSCAN-V-02,PortScan,PortScan,RF-v3,0.007765084980849341,0.0016101204881968916,0.9906247945309538
4776,F-A1-PORTSCAN-V-02,PortScan,PortScan,RF-v3,0.00966971850722246,0.0034906074112497276,0.9868396740815275
4777,F-A1-PORTSCAN-V-02,PortScan,PortScan,RF-v3,0.00966971850722246,0.0034906074112497276,0.9868396740815275
4778,F-A1-PORTSCAN-V-02,PortScan,PortScan,RF-v3,0.007765084980849341,0.0016101204881968916,0.9906247945309538
4779,F-A1-PORTSCAN-V-02,PortScan,PortScan,RF-v3,0.007765084980849341,0.0016101204881968916,0.9906247945309538
4780,F-A1-PORTSCAN-V-02,PortScan,PortScan,RF-v3,0.007765084980849341,0.0016101204881968916,0.9906247945309538
4781,F-A1-PORTSCAN-V-02,PortScan,PortScan,RF-v3,0.00966971850722246,0.0034906074112497276,0.9868396740815275
4782,F-A1-PORTSCAN-V-02,PortScan,PortScan,RF-v3,0.00966971850722246,0.0034906074112497276,0.9868396740815275
4783,F-A1-PORTSCAN-V-02,PortScan,PortScan,RF-v3,0.00966971850722246,0.0034906074112497276,0.9868396740815275
4784,F-A1-PORTSCAN-V-02,PortScan,PortScan,RF-v3,0.007765084980849341,0.0016101204881968916,0.9906247945309538
4785,F-A1-PORTSCAN-V-02,PortScan,PortScan,RF-v3,0.00966971850722246,0.0034906074112497276,0.9868396740815275
4786,F-A1-PORTSCAN-V-02,PortScan,PortScan,RF-v3,0.00966971850722246,0.0034906074112497276,0.9868396740815275
4787,F-A1-PORTSCAN-V-02,PortScan,PortScan,RF-v3,0.007765084980849341,0.0016101204881968916,0.9906247945309538
4788,F-A1-PORTSCAN-V-02,PortScan,PortScan,RF-v3,0.01116971125331626,0.0016198991628057163,0.9872103895838781
4789,F-A1-PORTSCAN-V-02,PortScan,PortScan,RF-v3,0.00966971850722246,0.0034906074112497276,0.9868396740815275
4790,F-A1-PORTSCAN-V-02,PortScan,PortScan,RF-v3,0.007765084980849341,0.0016101204881968916,0.9906247945309538
4791,F-A1-PORTSCAN-V-02,PortScan,PortScan,RF-v3,0.007932008187120117,0.0016101204881968916,0.9904578713246829
4792,F-A1-PORTSCAN-V-02,PortScan,PortScan,RF-v3,0.007765084980849341,0.0016101204881968916,0.9906247945309538
4793,F-A1-PORTSCAN-V-02,PortScan,PortScan,RF-v3,0.00966971850722246,0.0034906074112497276,0.9868396740815275
4794,F-A1-PORTSCAN-V-02,PortScan,PortScan,RF-v3,0.00966971850722246,0.0034906074112497276,0.9868396740815275
4795,F-A1-PORTSCAN-V-02,PortScan,PortScan,RF-v3,0.00966971850722246,0.0034906074112497276,0.9868396740815275
4796,F-A1-PORTSCAN-V-02,PortScan,PortScan,RF-v3,0.00966971850722246,0.0034906074112497276,0.9868396740815275
4797,F-A1-PORTSCAN-V-02,PortScan,PortScan,RF-v3,0.007765084980849341,0.0016101204881968916,0.9906247945309538
4798,F-A1-PORTSCAN-V-02,PortScan,PortScan,RF-v3,0.00966971850722246,0.0034906074112497276,0.9868396740815275
4799,F-A1-PORTSCAN-V-02,PortScan,PortScan,RF-v3,0.007765084980849341,0.0016101204881968916,0.9906247945309538
4800,F-A1-PORTSCAN-V-02,PortScan,PortScan,RF-v3,0.00966971850722246,0.0034906074112497276,0.9868396740815275
4801,F-A1-PORTSCAN-V-02,PortScan,PortScan,RF-v3,0.007765084980849341,0.0016101204881968916,0.9906247945309538
4802,F-A1-PORTSCAN-V-02,PortScan,PortScan,RF-v3,0.00966971850722246,0.0034906074112497276,0.9868396740815275
4803,F-A1-PORTSCAN-V-02,PortScan,PortScan,RF-v3,0.00966971850722246,0.0034906074112497276,0.9868396740815275
4804,F-A1-PORTSCAN-V-02,PortScan,PortScan,RF-v3,0.00966971850722246,0.0034906074112497276,0.9868396740815275
4805,F-A1-PORTSCAN-V-02,PortScan,PortScan,RF-v3,0.00966971850722246,0.0034906074112497276,0.9868396740815275
4806,F-A1-PORTSCAN-V-02,PortScan,PortScan,RF-v3,0.007765084980849341,0.0016101204881968916,0.9906247945309538
4807,F-A1-PORTSCAN-V-02,PortScan,PortScan,RF-v3,0.00966971850722246,0.0034906074112497276,0.9868396740815275
4808,F-A1-PORTSCAN-V-02,PortScan,PortScan,RF-v3,0.00966971850722246,0.0034906074112497276,0.9868396740815275
4809,F-A1-PORTSCAN-V-02,PortScan,PortScan,RF-v3,0.00966971850722246,0.0034906074112497276,0.9868396740815275
4810,F-A1-PORTSCAN-V-02,PortScan,PortScan,RF-v3,0.007765084980849341,0.0016101204881968916,0.9906247945309538
4811,F-A1-PORTSCAN-V-02,PortScan,PortScan,RF-v3,0.007765084980849341,0.0016101204881968916,0.9906247945309538
4812,F-A1-PORTSCAN-V-02,PortScan,PortScan,RF-v3,0.00966971850722246,0.0034906074112497276,0.9868396740815275
4813,F-A1-PORTSCAN-V-02,PortScan,PortScan,RF-v3,0.007765084980849341,0.0016101204881968916,0.9906247945309538
4814,F-A1-PORTSCAN-V-02,PortScan,PortScan,RF-v3,0.007765084980849341,0.0016101204881968916,0.9906247945309538
4815,F-A1-PORTSCAN-V-02,PortScan,PortScan,RF-v3,0.00966971850722246,0.0034906074112497276,0.9868396740815275
4816,F-A1-PORTSCAN-V-02,PortScan,PortScan,RF-v3,0.0070646848036685795,0.0016198991628057163,0.9913154160335257
4817,F-A1-PORTSCAN-V-02,PortScan,PortScan,RF-v3,0.0070646848036685795,0.0016198991628057163,0.9913154160335257
4818,F-A1-PORTSCAN-V-02,PortScan,PortScan,RF-v3,0.01116971125331626,0.0016198991628057163,0.9872103895838781
4819,F-A1-PORTSCAN-V-02,PortScan,PortScan,RF-v3,0.00966971850722246,0.0034906074112497276,0.9868396740815275
4820,F-A1-PORTSCAN-V-02,PortScan,PortScan,RF-v3,0.00966971850722246,0.0034906074112497276,0.9868396740815275
4821,F-A1-PORTSCAN-V-02,PortScan,PortScan,RF-v3,0.00966971850722246,0.0034906074112497276,0.9868396740815275
4822,F-A1-PORTSCAN-V-02,PortScan,PortScan,RF-v3,0.00966971850722246,0.0034906074112497276,0.9868396740815275
4823,F-A1-PORTSCAN-V-02,PortScan,PortScan,RF-v3,0.00966971850722246,0.0034906074112497276,0.9868396740815275
4824,F-A1-PORTSCAN-V-02,PortScan,PortScan,RF-v3,0.007765084980849341,0.0016101204881968916,0.9906247945309538
4825,F-A1-PORTSCAN-V-02,PortScan,PortScan,RF-v3,0.00966971850722246,0.0034906074112497276,0.9868396740815275
4826,F-A1-PORTSCAN-V-02,PortScan,PortScan,RF-v3,0.00966971850722246,0.0034906074112497276,0.9868396740815275
4827,F-A1-PORTSCAN-V-02,PortScan,PortScan,RF-v3,0.00966971850722246,0.0034906074112497276,0.9868396740815275
4828,F-A1-PORTSCAN-V-02,PortScan,PortScan,RF-v3,0.007765084980849341,0.0016101204881968916,0.9906247945309538
4829,F-A1-PORTSCAN-V-02,PortScan,PortScan,RF-v3,0.007765084980849341,0.0016101204881968916,0.9906247945309538
4830,F-A1-PORTSCAN-V-02,PortScan,PortScan,RF-v3,0.00966971850722246,0.0034906074112497276,0.9868396740815275
4831,F-A1-PORTSCAN-V-02,PortScan,PortScan,RF-v3,0.00966971850722246,0.0034906074112497276,0.9868396740815275
4832,F-A1-PORTSCAN-V-02,PortScan,PortScan,RF-v3,0.00966971850722246,0.0034906074112497276,0.9868396740815275
4833,F-A1-PORTSCAN-V-02,PortScan,PortScan,RF-v3,0.00966971850722246,0.0034906074112497276,0.9868396740815275
4834,F-A1-PORTSCAN-V-02,PortScan,PortScan,RF-v3,0.007932008187120117,0.0016101204881968916,0.9904578713246829
4835,F-A1-PORTSCAN-V-02,PortScan,PortScan,RF-v3,0.007765084980849341,0.0016101204881968916,0.9906247945309538
4836,F-A1-PORTSCAN-V-02,PortScan,PortScan,RF-v3,0.00966971850722246,0.0034906074112497276,0.9868396740815275
4837,F-A1-PORTSCAN-V-02,PortScan,PortScan,RF-v3,0.00966971850722246,0.0034906074112497276,0.9868396740815275
4838,F-A1-PORTSCAN-V-02,PortScan,PortScan,RF-v3,0.007765084980849341,0.0016101204881968916,0.9906247945309538
4839,F-A1-PORTSCAN-V-02,PortScan,PortScan,RF-v3,0.00966971850722246,0.0034906074112497276,0.9868396740815275
4840,F-A1-PORTSCAN-V-02,PortScan,PortScan,RF-v3,0.00966971850722246,0.0034906074112497276,0.9868396740815275
4841,F-A1-PORTSCAN-V-02,PortScan,PortScan,RF-v3,0.007765084980849341,0.0016101204881968916,0.9906247945309538
4842,F-A1-PORTSCAN-V-02,PortScan,PortScan,RF-v3,0.007765084980849341,0.0016101204881968916,0.9906247945309538
4843,F-A1-PORTSCAN-V-02,PortScan,PortScan,RF-v3,0.007765084980849341,0.0016101204881968916,0.9906247945309538
4844,F-A1-PORTSCAN-V-02,PortScan,PortScan,RF-v3,0.007765084980849341,0.0016101204881968916,0.9906247945309538
4845,F-A1-PORTSCAN-V-02,PortScan,PortScan,RF-v3,0.00966971850722246,0.0034906074112497276,0.9868396740815275
4846,F-A1-PORTSCAN-V-02,PortScan,PortScan,RF-v3,0.007765084980849341,0.0016101204881968916,0.9906247945309538
4847,F-A1-PORTSCAN-V-02,PortScan,PortScan,RF-v3,0.00966971850722246,0.0034906074112497276,0.9868396740815275
4848,F-A1-PORTSCAN-V-02,PortScan,PortScan,RF-v3,0.00966971850722246,0.0034906074112497276,0.9868396740815275
4849,F-A1-PORTSCAN-V-02,PortScan,PortScan,RF-v3,0.00966971850722246,0.0034906074112497276,0.9868396740815275
4850,F-A1-PORTSCAN-V-02,PortScan,PortScan,RF-v3,0.00966971850722246,0.0034906074112497276,0.9868396740815275
4851,F-A1-PORTSCAN-V-02,PortScan,PortScan,RF-v3,0.007765084980849341,0.0016101204881968916,0.9906247945309538
4852,F-A1-PORTSCAN-V-02,PortScan,PortScan,RF-v3,0.00966971850722246,0.0034906074112497276,0.9868396740815275
4853,F-A1-PORTSCAN-V-02,PortScan,PortScan,RF-v3,0.007765084980849341,0.0016101204881968916,0.9906247945309538
4854,F-A1-PORTSCAN-V-02,PortScan,PortScan,RF-v3,0.007765084980849341,0.0016101204881968916,0.9906247945309538
4855,F-A1-PORTSCAN-V-02,PortScan,PortScan,RF-v3,0.007765084980849341,0.0016101204881968916,0.9906247945309538
4856,F-A1-PORTSCAN-V-02,PortScan,PortScan,RF-v3,0.007765084980849341,0.0016101204881968916,0.9906247945309538
4857,F-A1-PORTSCAN-V-02,PortScan,PortScan,RF-v3,0.007765084980849341,0.0016101204881968916,0.9906247945309538
4858,F-A1-PORTSCAN-V-02,PortScan,PortScan,RF-v3,0.00966971850722246,0.0034906074112497276,0.9868396740815275
4859,F-A1-PORTSCAN-V-02,PortScan,PortScan,RF-v3,0.007765084980849341,0.0016101204881968916,0.9906247945309538
4860,F-A1-PORTSCAN-V-02,PortScan,PortScan,RF-v3,0.00966971850722246,0.0034906074112497276,0.9868396740815275
4861,F-A1-PORTSCAN-V-02,PortScan,PortScan,RF-v3,0.0070646848036685795,0.0016198991628057163,0.9913154160335257
4862,F-A1-PORTSCAN-V-02,PortScan,PortScan,RF-v3,0.007765084980849341,0.0016101204881968916,0.9906247945309538
4863,F-A1-PORTSCAN-V-02,PortScan,PortScan,RF-v3,0.00966971850722246,0.0034906074112497276,0.9868396740815275
4864,F-A1-PORTSCAN-V-02,PortScan,PortScan,RF-v3,0.00966971850722246,0.0034906074112497276,0.9868396740815275
4865,F-A1-PORTSCAN-V-02,PortScan,PortScan,RF-v3,0.007765084980849341,0.0016101204881968916,0.9906247945309538
4866,F-A1-PORTSCAN-V-02,PortScan,PortScan,RF-v3,0.00966971850722246,0.0034906074112497276,0.9868396740815275
4867,F-A1-PORTSCAN-V-02,PortScan,PortScan,RF-v3,0.00966971850722246,0.0034906074112497276,0.9868396740815275
4868,F-A1-PORTSCAN-V-02,PortScan,PortScan,RF-v3,0.00966971850722246,0.0034906074112497276,0.9868396740815275
4869,F-A1-PORTSCAN-V-02,PortScan,PortScan,RF-v3,0.00966971850722246,0.0034906074112497276,0.9868396740815275
4870,F-A1-PORTSCAN-V-02,PortScan,PortScan,RF-v3,0.00966971850722246,0.0034906074112497276,0.9868396740815275
4871,F-A1-PORTSCAN-V-02,PortScan,PortScan,RF-v3,0.011733400820822368,0.0016101204881968916,0.9866564786909806
4872,F-A1-PORTSCAN-V-02,PortScan,PortScan,RF-v3,0.00966971850722246,0.0034906074112497276,0.9868396740815275
4873,F-A1-PORTSCAN-V-02,PortScan,PortScan,RF-v3,0.00966971850722246,0.0034906074112497276,0.9868396740815275
4874,F-A1-PORTSCAN-V-02,PortScan,PortScan,RF-v3,0.007765084980849341,0.0016101204881968916,0.9906247945309538
4875,F-A1-PORTSCAN-V-02,PortScan,PortScan,RF-v3,0.00966971850722246,0.0034906074112497276,0.9868396740815275
4876,F-A1-PORTSCAN-V-02,PortScan,PortScan,RF-v3,0.007765084980849341,0.0016101204881968916,0.9906247945309538
4877,F-A1-PORTSCAN-V-02,PortScan,PortScan,RF-v3,0.00966971850722246,0.0034906074112497276,0.9868396740815275
4878,F-A1-PORTSCAN-V-02,PortScan,PortScan,RF-v3,0.00966971850722246,0.0034906074112497276,0.9868396740815275
4879,F-A1-PORTSCAN-V-02,PortScan,PortScan,RF-v3,0.00966971850722246,0.0034906074112497276,0.9868396740815275
4880,F-A1-PORTSCAN-V-02,PortScan,PortScan,RF-v3,0.007765084980849341,0.0016101204881968916,0.9906247945309538
4881,F-A1-PORTSCAN-V-02,PortScan,PortScan,RF-v3,0.007765084980849341,0.0016101204881968916,0.9906247945309538
4882,F-A1-PORTSCAN-V-02,PortScan,PortScan,RF-v3,0.00966971850722246,0.0034906074112497276,0.9868396740815275
4883,F-A1-PORTSCAN-V-02,PortScan,PortScan,RF-v3,0.007765084980849341,0.0016101204881968916,0.9906247945309538
4884,F-A1-PORTSCAN-V-02,PortScan,PortScan,RF-v3,0.007765084980849341,0.0016101204881968916,0.9906247945309538
4885,F-A1-PORTSCAN-V-02,PortScan,PortScan,RF-v3,0.0070646848036685795,0.0016198991628057163,0.9913154160335257
4886,F-A1-PORTSCAN-V-02,PortScan,PortScan,RF-v3,0.00966971850722246,0.0034906074112497276,0.9868396740815275
4887,F-A1-PORTSCAN-V-02,PortScan,PortScan,RF-v3,0.007765084980849341,0.0016101204881968916,0.9906247945309538
4888,F-A1-PORTSCAN-V-02,PortScan,PortScan,RF-v3,0.012506084246095481,0.0016101204881968916,0.9858837952657076
4889,F-A1-PORTSCAN-V-02,PortScan,PortScan,RF-v3,0.00966971850722246,0.0034906074112497276,0.9868396740815275
4890,F-A1-PORTSCAN-V-02,PortScan,PortScan,RF-v3,0.007765084980849341,0.0016101204881968916,0.9906247945309538
4891,F-A1-PORTSCAN-V-02,PortScan,PortScan,RF-v3,0.00966971850722246,0.0034906074112497276,0.9868396740815275
4892,F-A1-PORTSCAN-V-02,PortScan,PortScan,RF-v3,0.0070646848036685795,0.0016198991628057163,0.9913154160335257
4893,F-A1-PORTSCAN-V-02,PortScan,PortScan,RF-v3,0.007765084980849341,0.0016101204881968916,0.9906247945309538
4894,F-A1-PORTSCAN-V-02,PortScan,PortScan,RF-v3,0.00966971850722246,0.0034906074112497276,0.9868396740815275
4895,F-A1-PORTSCAN-V-02,PortScan,PortScan,RF-v3,0.007765084980849341,0.0016101204881968916,0.9906247945309538
4896,F-A1-PORTSCAN-V-02,PortScan,PortScan,RF-v3,0.00966971850722246,0.0034906074112497276,0.9868396740815275
4897,F-A1-PORTSCAN-V-02,PortScan,PortScan,RF-v3,0.007932008187120117,0.0016101204881968916,0.9904578713246829
4898,F-A1-PORTSCAN-V-02,PortScan,PortScan,RF-v3,0.00966971850722246,0.0034906074112497276,0.9868396740815275
4899,F-A1-PORTSCAN-V-02,PortScan,PortScan,RF-v3,0.0070646848036685795,0.0016198991628057163,0.9913154160335257
4900,F-A1-PORTSCAN-V-02,PortScan,PortScan,RF-v3,0.00966971850722246,0.0034906074112497276,0.9868396740815275
4901,F-A1-PORTSCAN-V-02,PortScan,PortScan,RF-v3,0.00966971850722246,0.0034906074112497276,0.9868396740815275
4902,F-A1-PORTSCAN-V-02,PortScan,PortScan,RF-v3,0.007765084980849341,0.0016101204881968916,0.9906247945309538
4903,F-A1-PORTSCAN-V-02,PortScan,PortScan,RF-v3,0.007765084980849341,0.0016101204881968916,0.9906247945309538
4904,F-A1-PORTSCAN-V-02,PortScan,PortScan,RF-v3,0.00966971850722246,0.0034906074112497276,0.9868396740815275
4905,F-A1-PORTSCAN-V-02,PortScan,PortScan,RF-v3,0.00966971850722246,0.0034906074112497276,0.9868396740815275
4906,F-A1-PORTSCAN-V-02,PortScan,PortScan,RF-v3,0.00966971850722246,0.0034906074112497276,0.9868396740815275
4907,F-A1-PORTSCAN-V-02,PortScan,PortScan,RF-v3,0.0070646848036685795,0.0016198991628057163,0.9913154160335257
4908,F-A1-PORTSCAN-V-02,PortScan,PortScan,RF-v3,0.0070646848036685795,0.0016198991628057163,0.9913154160335257
4909,F-A1-PORTSCAN-V-02,PortScan,PortScan,RF-v3,0.00966971850722246,0.0034906074112497276,0.9868396740815275
4910,F-A1-PORTSCAN-V-02,PortScan,PortScan,RF-v3,0.007765084980849341,0.0016101204881968916,0.9906247945309538
4911,F-A1-PORTSCAN-V-02,PortScan,PortScan,RF-v3,0.00966971850722246,0.0034906074112497276,0.9868396740815275
4912,F-A1-PORTSCAN-V-02,PortScan,PortScan,RF-v3,0.00966971850722246,0.0034906074112497276,0.9868396740815275
4913,F-A1-PORTSCAN-V-02,PortScan,PortScan,RF-v3,0.007765084980849341,0.0016101204881968916,0.9906247945309538
4914,F-A1-PORTSCAN-V-02,PortScan,PortScan,RF-v3,0.007765084980849341,0.0016101204881968916,0.9906247945309538
4915,F-A1-PORTSCAN-V-02,PortScan,PortScan,RF-v3,0.00966971850722246,0.0034906074112497276,0.9868396740815275
4916,F-A1-PORTSCAN-V-02,PortScan,PortScan,RF-v3,0.00966971850722246,0.0034906074112497276,0.9868396740815275
4917,F-A1-PORTSCAN-V-02,PortScan,PortScan,RF-v3,0.011733400820822368,0.0016101204881968916,0.9866564786909806
4918,F-A1-PORTSCAN-V-02,PortScan,PortScan,RF-v3,0.007765084980849341,0.0016101204881968916,0.9906247945309538
4919,F-A1-PORTSCAN-V-02,PortScan,PortScan,RF-v3,0.00966971850722246,0.0034906074112497276,0.9868396740815275
4920,F-A1-PORTSCAN-V-02,PortScan,PortScan,RF-v3,0.00966971850722246,0.0034906074112497276,0.9868396740815275
4921,F-A1-PORTSCAN-V-02,PortScan,PortScan,RF-v3,0.00966971850722246,0.0034906074112497276,0.9868396740815275
4922,F-A1-PORTSCAN-V-02,PortScan,PortScan,RF-v3,0.00966971850722246,0.0034906074112497276,0.9868396740815275
4923,F-A1-PORTSCAN-V-02,PortScan,PortScan,RF-v3,0.00966971850722246,0.0034906074112497276,0.9868396740815275
4924,F-A1-PORTSCAN-V-02,PortScan,PortScan,RF-v3,0.00966971850722246,0.0034906074112497276,0.9868396740815275
4925,F-A1-PORTSCAN-V-02,PortScan,PortScan,RF-v3,0.00966971850722246,0.0034906074112497276,0.9868396740815275
4926,F-A1-PORTSCAN-V-02,PortScan,PortScan,RF-v3,0.00966971850722246,0.0034906074112497276,0.9868396740815275
4927,F-A1-PORTSCAN-V-02,PortScan,PortScan,RF-v3,0.007765084980849341,0.0016101204881968916,0.9906247945309538
4928,F-A1-PORTSCAN-V-02,PortScan,PortScan,RF-v3,0.00966971850722246,0.0034906074112497276,0.9868396740815275
4929,F-A1-PORTSCAN-V-02,PortScan,PortScan,RF-v3,0.007765084980849341,0.0016101204881968916,0.9906247945309538
4930,F-A1-PORTSCAN-V-02,PortScan,PortScan,RF-v3,0.011733400820822368,0.0016101204881968916,0.9866564786909806
4931,F-A1-PORTSCAN-V-02,PortScan,PortScan,RF-v3,0.007765084980849341,0.0016101204881968916,0.9906247945309538
4932,F-A1-PORTSCAN-V-02,PortScan,PortScan,RF-v3,0.007765084980849341,0.0016101204881968916,0.9906247945309538
4933,F-A1-PORTSCAN-V-02,PortScan,PortScan,RF-v3,0.00966971850722246,0.0034906074112497276,0.9868396740815275
4934,F-A1-PORTSCAN-V-02,PortScan,PortScan,RF-v3,0.00966971850722246,0.0034906074112497276,0.9868396740815275
4935,F-A1-PORTSCAN-V-02,PortScan,PortScan,RF-v3,0.007765084980849341,0.0016101204881968916,0.9906247945309538
4936,F-A1-PORTSCAN-V-02,PortScan,PortScan,RF-v3,0.007765084980849341,0.0016101204881968916,0.9906247945309538
4937,F-A1-PORTSCAN-V-02,PortScan,PortScan,RF-v3,0.007765084980849341,0.0016101204881968916,0.9906247945309538
4938,F-A1-PORTSCAN-V-02,PortScan,PortScan,RF-v3,0.00966971850722246,0.0034906074112497276,0.9868396740815275
4939,F-A1-PORTSCAN-V-02,PortScan,PortScan,RF-v3,0.00966971850722246,0.0034906074112497276,0.9868396740815275
4940,F-A1-PORTSCAN-V-02,PortScan,PortScan,RF-v3,0.0070646848036685795,0.0016198991628057163,0.9913154160335257
4941,F-A1-PORTSCAN-V-02,PortScan,PortScan,RF-v3,0.00966971850722246,0.0034906074112497276,0.9868396740815275
4942,F-A1-PORTSCAN-V-02,PortScan,PortScan,RF-v3,0.00966971850722246,0.0034906074112497276,0.9868396740815275
4943,F-A1-PORTSCAN-V-02,PortScan,PortScan,RF-v3,0.00966971850722246,0.0034906074112497276,0.9868396740815275
4944,F-A1-PORTSCAN-V-02,PortScan,PortScan,RF-v3,0.00966971850722246,0.0034906074112497276,0.9868396740815275
4945,F-A1-PORTSCAN-V-02,PortScan,PortScan,RF-v3,0.00966971850722246,0.0034906074112497276,0.9868396740815275
4946,F-A1-PORTSCAN-V-02,PortScan,PortScan,RF-v3,0.00966971850722246,0.0034906074112497276,0.9868396740815275
4947,F-A1-PORTSCAN-V-02,PortScan,PortScan,RF-v3,0.00966971850722246,0.0034906074112497276,0.9868396740815275
4948,F-A1-PORTSCAN-V-02,PortScan,PortScan,RF-v3,0.00966971850722246,0.0034906074112497276,0.9868396740815275
4949,F-A1-PORTSCAN-V-02,PortScan,PortScan,RF-v3,0.00966971850722246,0.0034906074112497276,0.9868396740815275
4950,F-A1-PORTSCAN-V-02,PortScan,PortScan,RF-v3,0.00966971850722246,0.0034906074112497276,0.9868396740815275
4951,F-A1-PORTSCAN-V-02,PortScan,PortScan,RF-v3,0.007765084980849341,0.0016101204881968916,0.9906247945309538
4952,F-A1-PORTSCAN-V-02,PortScan,PortScan,RF-v3,0.00966971850722246,0.0034906074112497276,0.9868396740815275
4953,F-A1-PORTSCAN-V-02,PortScan,PortScan,RF-v3,0.00966971850722246,0.0034906074112497276,0.9868396740815275
4954,F-A1-PORTSCAN-V-02,PortScan,PortScan,RF-v3,0.007765084980849341,0.0016101204881968916,0.9906247945309538
4955,F-A1-PORTSCAN-V-02,PortScan,PortScan,RF-v3,0.00966971850722246,0.0034906074112497276,0.9868396740815275
4956,F-A1-PORTSCAN-V-02,PortScan,PortScan,RF-v3,0.00966971850722246,0.0034906074112497276,0.9868396740815275
4957,F-A1-PORTSCAN-V-02,PortScan,PortScan,RF-v3,0.00966971850722246,0.0034906074112497276,0.9868396740815275
4958,F-A1-PORTSCAN-V-02,PortScan,PortScan,RF-v3,0.00966971850722246,0.0034906074112497276,0.9868396740815275
4959,F-A1-PORTSCAN-V-02,PortScan,PortScan,RF-v3,0.007765084980849341,0.0016101204881968916,0.9906247945309538
4960,F-A1-PORTSCAN-V-02,PortScan,PortScan,RF-v3,0.00966971850722246,0.0034906074112497276,0.9868396740815275
4961,F-A1-PORTSCAN-V-02,PortScan,PortScan,RF-v3,0.0070646848036685795,0.0016198991628057163,0.9913154160335257
4962,F-A1-PORTSCAN-V-02,PortScan,PortScan,RF-v3,0.00966971850722246,0.0034906074112497276,0.9868396740815275
4963,F-A1-PORTSCAN-V-02,PortScan,PortScan,RF-v3,0.007765084980849341,0.0016101204881968916,0.9906247945309538
4964,F-A1-PORTSCAN-V-02,PortScan,PortScan,RF-v3,0.007765084980849341,0.0016101204881968916,0.9906247945309538
4965,F-A1-PORTSCAN-V-02,PortScan,PortScan,RF-v3,0.010092847134390565,0.0034906074112497276,0.9864165454543595
4966,F-A1-PORTSCAN-V-02,PortScan,PortScan,RF-v3,0.00966971850722246,0.0034906074112497276,0.9868396740815275
4967,F-A1-PORTSCAN-V-02,PortScan,PortScan,RF-v3,0.00966971850722246,0.0034906074112497276,0.9868396740815275
4968,F-A1-PORTSCAN-V-02,PortScan,PortScan,RF-v3,0.007765084980849341,0.0016101204881968916,0.9906247945309538
4969,F-A1-PORTSCAN-V-02,PortScan,PortScan,RF-v3,0.00966971850722246,0.0034906074112497276,0.9868396740815275
4970,F-A1-PORTSCAN-V-02,PortScan,PortScan,RF-v3,0.010092847134390565,0.0034906074112497276,0.9864165454543595
4971,F-A1-PORTSCAN-V-02,PortScan,PortScan,RF-v3,0.007765084980849341,0.0016101204881968916,0.9906247945309538
4972,F-A1-PORTSCAN-V-02,PortScan,PortScan,RF-v3,0.00966971850722246,0.0034906074112497276,0.9868396740815275
4973,F-A1-PORTSCAN-V-02,PortScan,PortScan,RF-v3,0.007765084980849341,0.0016101204881968916,0.9906247945309538
4974,F-A1-PORTSCAN-V-02,PortScan,PortScan,RF-v3,0.00966971850722246,0.0034906074112497276,0.9868396740815275
4975,F-A1-PORTSCAN-V-02,PortScan,PortScan,RF-v3,0.012506084246095481,0.0016101204881968916,0.9858837952657076
4976,F-A1-PORTSCAN-V-02,PortScan,PortScan,RF-v3,0.00966971850722246,0.0034906074112497276,0.9868396740815275
4977,F-A1-PORTSCAN-V-02,PortScan,PortScan,RF-v3,0.00966971850722246,0.0034906074112497276,0.9868396740815275
4978,F-A1-PORTSCAN-V-02,PortScan,PortScan,RF-v3,0.007765084980849341,0.0016101204881968916,0.9906247945309538
4979,F-A1-PORTSCAN-V-02,PortScan,PortScan,RF-v3,0.00966971850722246,0.0034906074112497276,0.9868396740815275
4980,F-A1-PORTSCAN-V-02,PortScan,PortScan,RF-v3,0.007765084980849341,0.0016101204881968916,0.9906247945309538
4981,F-A1-PORTSCAN-V-02,PortScan,PortScan,RF-v3,0.00966971850722246,0.0034906074112497276,0.9868396740815275
4982,F-A1-PORTSCAN-V-02,PortScan,PortScan,RF-v3,0.007765084980849341,0.0016101204881968916,0.9906247945309538
4983,F-A1-PORTSCAN-V-02,PortScan,PortScan,RF-v3,0.007765084980849341,0.0016101204881968916,0.9906247945309538
4984,F-A1-PORTSCAN-V-02,PortScan,PortScan,RF-v3,0.00966971850722246,0.0034906074112497276,0.9868396740815275
4985,F-A1-PORTSCAN-V-02,PortScan,PortScan,RF-v3,0.007765084980849341,0.0016101204881968916,0.9906247945309538
4986,F-A1-PORTSCAN-V-02,PortScan,PortScan,RF-v3,0.00966971850722246,0.0034906074112497276,0.9868396740815275
4987,F-A1-PORTSCAN-V-02,PortScan,PortScan,RF-v3,0.00966971850722246,0.0034906074112497276,0.9868396740815275
4988,F-A1-PORTSCAN-V-02,PortScan,PortScan,RF-v3,0.00966971850722246,0.0034906074112497276,0.9868396740815275
4989,F-A1-PORTSCAN-V-02,PortScan,PortScan,RF-v3,0.011733400820822368,0.0016101204881968916,0.9866564786909806
4990,F-A1-PORTSCAN-V-02,PortScan,PortScan,RF-v3,0.007765084980849341,0.0016101204881968916,0.9906247945309538
4991,F-A1-PORTSCAN-V-02,PortScan,PortScan,RF-v3,0.00966971850722246,0.0034906074112497276,0.9868396740815275
4992,F-A1-PORTSCAN-V-02,PortScan,PortScan,RF-v3,0.00966971850722246,0.0034906074112497276,0.9868396740815275
4993,F-A1-PORTSCAN-V-02,PortScan,PortScan,RF-v3,0.00966971850722246,0.0034906074112497276,0.9868396740815275
4994,F-A1-PORTSCAN-V-02,PortScan,PortScan,RF-v3,0.00966971850722246,0.0034906074112497276,0.9868396740815275
4995,F-A1-PORTSCAN-V-02,PortScan,PortScan,RF-v3,0.00966971850722246,0.0034906074112497276,0.9868396740815275
4996,F-A1-PORTSCAN-V-02,PortScan,PortScan,RF-v3,0.00966971850722246,0.0034906074112497276,0.9868396740815275
4997,F-A1-PORTSCAN-V-02,PortScan,PortScan,RF-v3,0.007765084980849341,0.0016101204881968916,0.9906247945309538
4998,F-A1-PORTSCAN-V-02,PortScan,PortScan,RF-v3,0.007765084980849341,0.0016101204881968916,0.9906247945309538
4999,F-A1-PORTSCAN-V-03,PortScan,PortScan,RF-v3,0.00966971850722246,0.0034906074112497276,0.9868396740815275
5000,F-A1-PORTSCAN-V-03,PortScan,PortScan,RF-v3,0.00966971850722246,0.0034906074112497276,0.9868396740815275
5001,F-A1-PORTSCAN-V-03,PortScan,PortScan,RF-v3,0.00966971850722246,0.0034906074112497276,0.9868396740815275
5002,F-A1-PORTSCAN-V-03,PortScan,PortScan,RF-v3,0.00966971850722246,0.0034906074112497276,0.9868396740815275
5003,F-A1-PORTSCAN-V-03,PortScan,PortScan,RF-v3,0.00966971850722246,0.0034906074112497276,0.9868396740815275
5004,F-A1-PORTSCAN-V-03,PortScan,PortScan,RF-v3,0.00966971850722246,0.0034906074112497276,0.9868396740815275
5005,F-A1-PORTSCAN-V-03,PortScan,PortScan,RF-v3,0.00966971850722246,0.0034906074112497276,0.9868396740815275
5006,F-A1-PORTSCAN-V-03,PortScan,PortScan,RF-v3,0.00966971850722246,0.0034906074112497276,0.9868396740815275
5007,F-A1-PORTSCAN-V-03,PortScan,PortScan,RF-v3,0.00966971850722246,0.0034906074112497276,0.9868396740815275
5008,F-A1-PORTSCAN-V-03,PortScan,PortScan,RF-v3,0.00966971850722246,0.0034906074112497276,0.9868396740815275
5009,F-A1-PORTSCAN-V-03,PortScan,PortScan,RF-v3,0.00966971850722246,0.0034906074112497276,0.9868396740815275
5010,F-A1-PORTSCAN-V-03,PortScan,PortScan,RF-v3,0.00966971850722246,0.0034906074112497276,0.9868396740815275
5011,F-A1-PORTSCAN-V-03,PortScan,PortScan,RF-v3,0.00966971850722246,0.0034906074112497276,0.9868396740815275
5012,F-A1-PORTSCAN-V-03,PortScan,PortScan,RF-v3,0.00966971850722246,0.0034906074112497276,0.9868396740815275
5013,F-A1-PORTSCAN-V-03,PortScan,PortScan,RF-v3,0.00966971850722246,0.0034906074112497276,0.9868396740815275
5014,F-A1-PORTSCAN-V-03,PortScan,PortScan,RF-v3,0.00966971850722246,0.0034906074112497276,0.9868396740815275
5015,F-A1-PORTSCAN-V-03,PortScan,PortScan,RF-v3,0.00966971850722246,0.0034906074112497276,0.9868396740815275
5016,F-A1-PORTSCAN-V-03,PortScan,PortScan,RF-v3,0.00966971850722246,0.0034906074112497276,0.9868396740815275
5017,F-A1-PORTSCAN-V-03,PortScan,PortScan,RF-v3,0.0070646848036685795,0.0016198991628057163,0.9913154160335257
5018,F-A1-PORTSCAN-V-03,PortScan,PortScan,RF-v3,0.00966971850722246,0.0034906074112497276,0.9868396740815275
5019,F-A1-PORTSCAN-V-03,PortScan,PortScan,RF-v3,0.00966971850722246,0.0034906074112497276,0.9868396740815275
5020,F-A1-PORTSCAN-V-03,PortScan,PortScan,RF-v3,0.00966971850722246,0.0034906074112497276,0.9868396740815275
5021,F-A1-PORTSCAN-V-03,PortScan,PortScan,RF-v3,0.00966971850722246,0.0034906074112497276,0.9868396740815275
5022,F-A1-PORTSCAN-V-03,PortScan,PortScan,RF-v3,0.00966971850722246,0.0034906074112497276,0.9868396740815275
5023,F-A1-PORTSCAN-V-03,PortScan,PortScan,RF-v3,0.00966971850722246,0.0034906074112497276,0.9868396740815275
5024,F-A1-PORTSCAN-V-03,PortScan,PortScan,RF-v3,0.00966971850722246,0.0034906074112497276,0.9868396740815275
5025,F-A1-PORTSCAN-V-03,PortScan,PortScan,RF-v3,0.00966971850722246,0.0034906074112497276,0.9868396740815275
5026,F-A1-PORTSCAN-V-03,PortScan,PortScan,RF-v3,0.00966971850722246,0.0034906074112497276,0.9868396740815275
5027,F-A1-PORTSCAN-V-03,PortScan,PortScan,RF-v3,0.00966971850722246,0.0034906074112497276,0.9868396740815275
5028,F-A1-PORTSCAN-V-03,PortScan,PortScan,RF-v3,0.00966971850722246,0.0034906074112497276,0.9868396740815275
5029,F-A1-PORTSCAN-V-03,PortScan,PortScan,RF-v3,0.00966971850722246,0.0034906074112497276,0.9868396740815275
5030,F-A1-PORTSCAN-V-03,PortScan,PortScan,RF-v3,0.00966971850722246,0.0034906074112497276,0.9868396740815275
5031,F-A1-PORTSCAN-V-03,PortScan,PortScan,RF-v3,0.00966971850722246,0.0034906074112497276,0.9868396740815275
5032,F-A1-PORTSCAN-V-03,PortScan,PortScan,RF-v3,0.00966971850722246,0.0034906074112497276,0.9868396740815275
5033,F-A1-PORTSCAN-V-03,PortScan,PortScan,RF-v3,0.00966971850722246,0.0034906074112497276,0.9868396740815275
5034,F-A1-PORTSCAN-V-03,PortScan,PortScan,RF-v3,0.00966971850722246,0.0034906074112497276,0.9868396740815275
5035,F-A1-PORTSCAN-V-03,PortScan,PortScan,RF-v3,0.00966971850722246,0.0034906074112497276,0.9868396740815275
5036,F-A1-PORTSCAN-V-03,PortScan,PortScan,RF-v3,0.00966971850722246,0.0034906074112497276,0.9868396740815275
5037,F-A1-PORTSCAN-V-03,PortScan,PortScan,RF-v3,0.014177228112531574,0.0034906074112497276,0.9823321644762184
5038,F-A1-PORTSCAN-V-03,PortScan,PortScan,RF-v3,0.00966971850722246,0.0034906074112497276,0.9868396740815275
5039,F-A1-PORTSCAN-V-03,PortScan,PortScan,RF-v3,0.00966971850722246,0.0034906074112497276,0.9868396740815275
5040,F-A1-PORTSCAN-V-03,PortScan,PortScan,RF-v3,0.007765084980849341,0.0016101204881968916,0.9906247945309538
5041,F-A1-PORTSCAN-V-03,PortScan,PortScan,RF-v3,0.00966971850722246,0.0034906074112497276,0.9868396740815275
5042,F-A1-PORTSCAN-V-03,PortScan,PortScan,RF-v3,0.00966971850722246,0.0034906074112497276,0.9868396740815275
5043,F-A1-PORTSCAN-V-03,PortScan,PortScan,RF-v3,0.00966971850722246,0.0034906074112497276,0.9868396740815275
5044,F-A1-PORTSCAN-V-03,PortScan,PortScan,RF-v3,0.00966971850722246,0.0034906074112497276,0.9868396740815275
5045,F-A1-PORTSCAN-V-03,PortScan,PortScan,RF-v3,0.00966971850722246,0.0034906074112497276,0.9868396740815275
5046,F-A1-PORTSCAN-V-03,PortScan,PortScan,RF-v3,0.00966971850722246,0.0034906074112497276,0.9868396740815275
5047,F-A1-PORTSCAN-V-03,PortScan,PortScan,RF-v3,0.00966971850722246,0.0034906074112497276,0.9868396740815275
5048,F-A1-PORTSCAN-V-03,PortScan,PortScan,RF-v3,0.00966971850722246,0.0034906074112497276,0.9868396740815275
5049,F-A1-PORTSCAN-V-03,PortScan,PortScan,RF-v3,0.00966971850722246,0.0034906074112497276,0.9868396740815275
5050,F-A1-PORTSCAN-V-03,PortScan,PortScan,RF-v3,0.007765084980849341,0.0016101204881968916,0.9906247945309538
5051,F-A1-PORTSCAN-V-03,PortScan,PortScan,RF-v3,0.00966971850722246,0.0034906074112497276,0.9868396740815275
5052,F-A1-PORTSCAN-V-03,PortScan,PortScan,RF-v3,0.00966971850722246,0.0034906074112497276,0.9868396740815275
5053,F-A1-PORTSCAN-V-03,PortScan,PortScan,RF-v3,0.007765084980849341,0.0016101204881968916,0.9906247945309538
5054,F-A1-PORTSCAN-V-03,PortScan,PortScan,RF-v3,0.00966971850722246,0.0034906074112497276,0.9868396740815275
5055,F-A1-PORTSCAN-V-03,PortScan,PortScan,RF-v3,0.00966971850722246,0.0034906074112497276,0.9868396740815275
5056,F-A1-PORTSCAN-V-03,PortScan,PortScan,RF-v3,0.00966971850722246,0.0034906074112497276,0.9868396740815275
5057,F-A1-PORTSCAN-V-03,PortScan,PortScan,RF-v3,0.00966971850722246,0.0034906074112497276,0.9868396740815275
5058,F-A1-PORTSCAN-V-03,PortScan,PortScan,RF-v3,0.00966971850722246,0.0034906074112497276,0.9868396740815275
5059,F-A1-PORTSCAN-V-03,PortScan,PortScan,RF-v3,0.00966971850722246,0.0034906074112497276,0.9868396740815275
5060,F-A1-PORTSCAN-V-03,PortScan,PortScan,RF-v3,0.00966971850722246,0.0034906074112497276,0.9868396740815275
5061,F-A1-PORTSCAN-V-03,PortScan,PortScan,RF-v3,0.00966971850722246,0.0034906074112497276,0.9868396740815275
5062,F-A1-PORTSCAN-V-03,PortScan,PortScan,RF-v3,0.00966971850722246,0.0034906074112497276,0.9868396740815275
5063,F-A1-PORTSCAN-V-03,PortScan,PortScan,RF-v3,0.00966971850722246,0.0034906074112497276,0.9868396740815275
5064,F-A1-PORTSCAN-V-03,PortScan,PortScan,RF-v3,0.00966971850722246,0.0034906074112497276,0.9868396740815275
5065,F-A1-PORTSCAN-V-03,PortScan,PortScan,RF-v3,0.00966971850722246,0.0034906074112497276,0.9868396740815275
5066,F-A1-PORTSCAN-V-03,PortScan,PortScan,RF-v3,0.00966971850722246,0.0034906074112497276,0.9868396740815275
5067,F-A1-PORTSCAN-V-03,PortScan,PortScan,RF-v3,0.00966971850722246,0.0034906074112497276,0.9868396740815275
5068,F-A1-PORTSCAN-V-03,PortScan,PortScan,RF-v3,0.00966971850722246,0.0034906074112497276,0.9868396740815275
5069,F-A1-PORTSCAN-V-03,PortScan,PortScan,RF-v3,0.00966971850722246,0.0034906074112497276,0.9868396740815275
5070,F-A1-PORTSCAN-V-03,PortScan,PortScan,RF-v3,0.0070646848036685795,0.0016198991628057163,0.9913154160335257
5071,F-A1-PORTSCAN-V-03,PortScan,PortScan,RF-v3,0.00966971850722246,0.0034906074112497276,0.9868396740815275
5072,F-A1-PORTSCAN-V-03,PortScan,PortScan,RF-v3,0.00966971850722246,0.0034906074112497276,0.9868396740815275
5073,F-A1-PORTSCAN-V-03,PortScan,PortScan,RF-v3,0.00966971850722246,0.0034906074112497276,0.9868396740815275
5074,F-A1-PORTSCAN-V-03,PortScan,PortScan,RF-v3,0.00966971850722246,0.0034906074112497276,0.9868396740815275
5075,F-A1-PORTSCAN-V-03,PortScan,PortScan,RF-v3,0.007765084980849341,0.0016101204881968916,0.9906247945309538
5076,F-A1-PORTSCAN-V-03,PortScan,PortScan,RF-v3,0.007765084980849341,0.0016101204881968916,0.9906247945309538
5077,F-A1-PORTSCAN-V-03,PortScan,PortScan,RF-v3,0.00966971850722246,0.0034906074112497276,0.9868396740815275
5078,F-A1-PORTSCAN-V-03,PortScan,PortScan,RF-v3,0.0070646848036685795,0.0016198991628057163,0.9913154160335257
5079,F-A1-PORTSCAN-V-03,PortScan,PortScan,RF-v3,0.00966971850722246,0.0034906074112497276,0.9868396740815275
5080,F-A1-PORTSCAN-V-03,PortScan,PortScan,RF-v3,0.00966971850722246,0.0034906074112497276,0.9868396740815275
5081,F-A1-PORTSCAN-V-03,PortScan,PortScan,RF-v3,0.007765084980849341,0.0016101204881968916,0.9906247945309538
5082,F-A1-PORTSCAN-V-03,PortScan,PortScan,RF-v3,0.00966971850722246,0.0034906074112497276,0.9868396740815275
5083,F-A1-PORTSCAN-V-03,PortScan,PortScan,RF-v3,0.007765084980849341,0.0016101204881968916,0.9906247945309538
5084,F-A1-PORTSCAN-V-03,PortScan,PortScan,RF-v3,0.00966971850722246,0.0034906074112497276,0.9868396740815275
5085,F-A1-PORTSCAN-V-03,PortScan,PortScan,RF-v3,0.007765084980849341,0.0016101204881968916,0.9906247945309538
5086,F-A1-PORTSCAN-V-03,PortScan,PortScan,RF-v3,0.00966971850722246,0.0034906074112497276,0.9868396740815275
5087,F-A1-PORTSCAN-V-03,PortScan,PortScan,RF-v3,0.00966971850722246,0.0034906074112497276,0.9868396740815275
5088,F-A1-PORTSCAN-V-03,PortScan,PortScan,RF-v3,0.00966971850722246,0.0034906074112497276,0.9868396740815275
5089,F-A1-PORTSCAN-V-03,PortScan,PortScan,RF-v3,0.007765084980849341,0.0016101204881968916,0.9906247945309538
5090,F-A1-PORTSCAN-V-03,PortScan,PortScan,RF-v3,0.00966971850722246,0.0034906074112497276,0.9868396740815275
5091,F-A1-PORTSCAN-V-03,PortScan,PortScan,RF-v3,0.010092847134390565,0.0034906074112497276,0.9864165454543595
5092,F-A1-PORTSCAN-V-03,PortScan,PortScan,RF-v3,0.011733400820822368,0.0016101204881968916,0.9866564786909806
5093,F-A1-PORTSCAN-V-03,PortScan,PortScan,RF-v3,0.00966971850722246,0.0034906074112497276,0.9868396740815275
5094,F-A1-PORTSCAN-V-03,PortScan,PortScan,RF-v3,0.00966971850722246,0.0034906074112497276,0.9868396740815275
5095,F-A1-PORTSCAN-V-03,PortScan,PortScan,RF-v3,0.00966971850722246,0.0034906074112497276,0.9868396740815275
5096,F-A1-PORTSCAN-V-03,PortScan,PortScan,RF-v3,0.00966971850722246,0.0034906074112497276,0.9868396740815275
5097,F-A1-PORTSCAN-V-03,PortScan,PortScan,RF-v3,0.00966971850722246,0.0034906074112497276,0.9868396740815275
5098,F-A1-PORTSCAN-V-03,PortScan,PortScan,RF-v3,0.00966971850722246,0.0034906074112497276,0.9868396740815275
5099,F-A1-PORTSCAN-V-03,PortScan,PortScan,RF-v3,0.00966971850722246,0.0034906074112497276,0.9868396740815275
5100,F-A1-PORTSCAN-V-03,PortScan,PortScan,RF-v3,0.00966971850722246,0.0034906074112497276,0.9868396740815275
5101,F-A1-PORTSCAN-V-03,PortScan,PortScan,RF-v3,0.00966971850722246,0.0034906074112497276,0.9868396740815275
5102,F-A1-PORTSCAN-V-03,PortScan,PortScan,RF-v3,0.00966971850722246,0.0034906074112497276,0.9868396740815275
5103,F-A1-PORTSCAN-V-03,PortScan,PortScan,RF-v3,0.00966971850722246,0.0034906074112497276,0.9868396740815275
5104,F-A1-PORTSCAN-V-03,PortScan,PortScan,RF-v3,0.00966971850722246,0.0034906074112497276,0.9868396740815275
5105,F-A1-PORTSCAN-V-03,PortScan,PortScan,RF-v3,0.00966971850722246,0.0034906074112497276,0.9868396740815275
5106,F-A1-PORTSCAN-V-03,PortScan,PortScan,RF-v3,0.011733400820822368,0.0016101204881968916,0.9866564786909806
5107,F-A1-PORTSCAN-V-03,PortScan,PortScan,RF-v3,0.007765084980849341,0.0016101204881968916,0.9906247945309538
5108,F-A1-PORTSCAN-V-03,PortScan,PortScan,RF-v3,0.00966971850722246,0.0034906074112497276,0.9868396740815275
5109,F-A1-PORTSCAN-V-03,PortScan,PortScan,RF-v3,0.00966971850722246,0.0034906074112497276,0.9868396740815275
5110,F-A1-PORTSCAN-V-03,PortScan,PortScan,RF-v3,0.00966971850722246,0.0034906074112497276,0.9868396740815275
5111,F-A1-PORTSCAN-V-03,PortScan,PortScan,RF-v3,0.00966971850722246,0.0034906074112497276,0.9868396740815275
5112,F-A1-PORTSCAN-V-03,PortScan,PortScan,RF-v3,0.00966971850722246,0.0034906074112497276,0.9868396740815275
5113,F-A1-PORTSCAN-V-03,PortScan,PortScan,RF-v3,0.011733400820822368,0.0016101204881968916,0.9866564786909806
5114,F-A1-PORTSCAN-V-03,PortScan,PortScan,RF-v3,0.00966971850722246,0.0034906074112497276,0.9868396740815275
5115,F-A1-PORTSCAN-V-03,PortScan,PortScan,RF-v3,0.00966971850722246,0.0034906074112497276,0.9868396740815275
5116,F-A1-PORTSCAN-V-03,PortScan,PortScan,RF-v3,0.00966971850722246,0.0034906074112497276,0.9868396740815275
5117,F-A1-PORTSCAN-V-03,PortScan,PortScan,RF-v3,0.00966971850722246,0.0034906074112497276,0.9868396740815275
5118,F-A1-PORTSCAN-V-03,PortScan,PortScan,RF-v3,0.00966971850722246,0.0034906074112497276,0.9868396740815275
5119,F-A1-PORTSCAN-V-03,PortScan,PortScan,RF-v3,0.00966971850722246,0.0034906074112497276,0.9868396740815275
5120,F-A1-PORTSCAN-V-03,PortScan,PortScan,RF-v3,0.00966971850722246,0.0034906074112497276,0.9868396740815275
5121,F-A1-PORTSCAN-V-03,PortScan,PortScan,RF-v3,0.00966971850722246,0.0034906074112497276,0.9868396740815275
5122,F-A1-PORTSCAN-V-03,PortScan,PortScan,RF-v3,0.007765084980849341,0.0016101204881968916,0.9906247945309538
5123,F-A1-PORTSCAN-V-03,PortScan,PortScan,RF-v3,0.00966971850722246,0.0034906074112497276,0.9868396740815275
5124,F-A1-PORTSCAN-V-03,PortScan,PortScan,RF-v3,0.00966971850722246,0.0034906074112497276,0.9868396740815275
5125,F-A1-PORTSCAN-V-03,PortScan,PortScan,RF-v3,0.00966971850722246,0.0034906074112497276,0.9868396740815275
5126,F-A1-PORTSCAN-V-03,PortScan,PortScan,RF-v3,0.00966971850722246,0.0034906074112497276,0.9868396740815275
5127,F-A1-PORTSCAN-V-03,PortScan,PortScan,RF-v3,0.00966971850722246,0.0034906074112497276,0.9868396740815275
5128,F-A1-PORTSCAN-V-03,PortScan,PortScan,RF-v3,0.007765084980849341,0.0016101204881968916,0.9906247945309538
5129,F-A1-PORTSCAN-V-03,PortScan,PortScan,RF-v3,0.00966971850722246,0.0034906074112497276,0.9868396740815275
5130,F-A1-PORTSCAN-V-03,PortScan,PortScan,RF-v3,0.00966971850722246,0.0034906074112497276,0.9868396740815275
5131,F-A1-PORTSCAN-V-03,PortScan,PortScan,RF-v3,0.00966971850722246,0.0034906074112497276,0.9868396740815275
5132,F-A1-PORTSCAN-V-03,PortScan,PortScan,RF-v3,0.00966971850722246,0.0034906074112497276,0.9868396740815275
5133,F-A1-PORTSCAN-V-03,PortScan,PortScan,RF-v3,0.007765084980849341,0.0016101204881968916,0.9906247945309538
5134,F-A1-PORTSCAN-V-03,PortScan,PortScan,RF-v3,0.00966971850722246,0.0034906074112497276,0.9868396740815275
5135,F-A1-PORTSCAN-V-03,PortScan,PortScan,RF-v3,0.00966971850722246,0.0034906074112497276,0.9868396740815275
5136,F-A1-PORTSCAN-V-03,PortScan,PortScan,RF-v3,0.00966971850722246,0.0034906074112497276,0.9868396740815275
5137,F-A1-PORTSCAN-V-03,PortScan,PortScan,RF-v3,0.00966971850722246,0.0034906074112497276,0.9868396740815275
5138,F-A1-PORTSCAN-V-03,PortScan,PortScan,RF-v3,0.00966971850722246,0.0034906074112497276,0.9868396740815275
5139,F-A1-PORTSCAN-V-03,PortScan,PortScan,RF-v3,0.011733400820822368,0.0016101204881968916,0.9866564786909806
5140,F-A1-PORTSCAN-V-03,PortScan,PortScan,RF-v3,0.00966971850722246,0.0034906074112497276,0.9868396740815275
5141,F-A1-PORTSCAN-V-03,PortScan,PortScan,RF-v3,0.00966971850722246,0.0034906074112497276,0.9868396740815275
5142,F-A1-PORTSCAN-V-03,PortScan,PortScan,RF-v3,0.00966971850722246,0.0034906074112497276,0.9868396740815275
5143,F-A1-PORTSCAN-V-03,PortScan,PortScan,RF-v3,0.00966971850722246,0.0034906074112497276,0.9868396740815275
5144,F-A1-PORTSCAN-V-03,PortScan,PortScan,RF-v3,0.00966971850722246,0.0034906074112497276,0.9868396740815275
5145,F-A1-PORTSCAN-V-03,PortScan,PortScan,RF-v3,0.00966971850722246,0.0034906074112497276,0.9868396740815275
5146,F-A1-PORTSCAN-V-03,PortScan,PortScan,RF-v3,0.00966971850722246,0.0034906074112497276,0.9868396740815275
5147,F-A1-PORTSCAN-V-03,PortScan,PortScan,RF-v3,0.00966971850722246,0.0034906074112497276,0.9868396740815275
5148,F-A1-PORTSCAN-V-03,PortScan,PortScan,RF-v3,0.00966971850722246,0.0034906074112497276,0.9868396740815275
5149,F-A1-PORTSCAN-V-03,PortScan,PortScan,RF-v3,0.007765084980849341,0.0016101204881968916,0.9906247945309538
5150,F-A1-PORTSCAN-V-03,PortScan,PortScan,RF-v3,0.00966971850722246,0.0034906074112497276,0.9868396740815275
5151,F-A1-PORTSCAN-V-03,PortScan,PortScan,RF-v3,0.00966971850722246,0.0034906074112497276,0.9868396740815275
5152,F-A1-PORTSCAN-V-03,PortScan,PortScan,RF-v3,0.00966971850722246,0.0034906074112497276,0.9868396740815275
5153,F-A1-PORTSCAN-V-03,PortScan,PortScan,RF-v3,0.00966971850722246,0.0034906074112497276,0.9868396740815275
5154,F-A1-PORTSCAN-V-03,PortScan,PortScan,RF-v3,0.00966971850722246,0.0034906074112497276,0.9868396740815275
5155,F-A1-PORTSCAN-V-03,PortScan,PortScan,RF-v3,0.00966971850722246,0.0034906074112497276,0.9868396740815275
5156,F-A1-PORTSCAN-V-03,PortScan,PortScan,RF-v3,0.00966971850722246,0.0034906074112497276,0.9868396740815275
5157,F-A1-PORTSCAN-V-03,PortScan,PortScan,RF-v3,0.00966971850722246,0.0034906074112497276,0.9868396740815275
5158,F-A1-PORTSCAN-V-03,PortScan,PortScan,RF-v3,0.00966971850722246,0.0034906074112497276,0.9868396740815275
5159,F-A1-PORTSCAN-V-03,PortScan,PortScan,RF-v3,0.00966971850722246,0.0034906074112497276,0.9868396740815275
5160,F-A1-PORTSCAN-V-03,PortScan,PortScan,RF-v3,0.00966971850722246,0.0034906074112497276,0.9868396740815275
5161,F-A1-PORTSCAN-V-03,PortScan,PortScan,RF-v3,0.011733400820822368,0.0016101204881968916,0.9866564786909806
5162,F-A1-PORTSCAN-V-03,PortScan,PortScan,RF-v3,0.00966971850722246,0.0034906074112497276,0.9868396740815275
5163,F-A1-PORTSCAN-V-03,PortScan,PortScan,RF-v3,0.007765084980849341,0.0016101204881968916,0.9906247945309538
5164,F-A1-PORTSCAN-V-03,PortScan,PortScan,RF-v3,0.007932008187120117,0.0016101204881968916,0.9904578713246829
5165,F-A1-PORTSCAN-V-03,PortScan,PortScan,RF-v3,0.00966971850722246,0.0034906074112497276,0.9868396740815275
5166,F-A1-PORTSCAN-V-03,PortScan,PortScan,RF-v3,0.011733400820822368,0.0016101204881968916,0.9866564786909806
5167,F-A1-PORTSCAN-V-03,PortScan,PortScan,RF-v3,0.00966971850722246,0.0034906074112497276,0.9868396740815275
5168,F-A1-PORTSCAN-V-03,PortScan,PortScan,RF-v3,0.00966971850722246,0.0034906074112497276,0.9868396740815275
5169,F-A1-PORTSCAN-V-03,PortScan,PortScan,RF-v3,0.007765084980849341,0.0016101204881968916,0.9906247945309538
5170,F-A1-PORTSCAN-V-03,PortScan,PortScan,RF-v3,0.00966971850722246,0.0034906074112497276,0.9868396740815275
5171,F-A1-PORTSCAN-V-03,PortScan,PortScan,RF-v3,0.011733400820822368,0.0016101204881968916,0.9866564786909806
5172,F-A1-PORTSCAN-V-03,PortScan,PortScan,RF-v3,0.00966971850722246,0.0034906074112497276,0.9868396740815275
5173,F-A1-PORTSCAN-V-03,PortScan,PortScan,RF-v3,0.00966971850722246,0.0034906074112497276,0.9868396740815275
5174,F-A1-PORTSCAN-V-03,PortScan,PortScan,RF-v3,0.00966971850722246,0.0034906074112497276,0.9868396740815275
5175,F-A1-PORTSCAN-V-03,PortScan,PortScan,RF-v3,0.00966971850722246,0.0034906074112497276,0.9868396740815275
5176,F-A1-PORTSCAN-V-03,PortScan,PortScan,RF-v3,0.00966971850722246,0.0034906074112497276,0.9868396740815275
5177,F-A1-PORTSCAN-V-03,PortScan,PortScan,RF-v3,0.007765084980849341,0.0016101204881968916,0.9906247945309538
5178,F-A1-PORTSCAN-V-03,PortScan,PortScan,RF-v3,0.00966971850722246,0.0034906074112497276,0.9868396740815275
5179,F-A1-PORTSCAN-V-03,PortScan,PortScan,RF-v3,0.00966971850722246,0.0034906074112497276,0.9868396740815275
5180,F-A1-PORTSCAN-V-03,PortScan,PortScan,RF-v3,0.00966971850722246,0.0034906074112497276,0.9868396740815275
5181,F-A1-PORTSCAN-V-03,PortScan,PortScan,RF-v3,0.007765084980849341,0.0016101204881968916,0.9906247945309538
5182,F-A1-PORTSCAN-V-03,PortScan,PortScan,RF-v3,0.00966971850722246,0.0034906074112497276,0.9868396740815275
5183,F-A1-PORTSCAN-V-03,PortScan,PortScan,RF-v3,0.00966971850722246,0.0034906074112497276,0.9868396740815275
5184,F-A1-PORTSCAN-V-03,PortScan,PortScan,RF-v3,0.011733400820822368,0.0016101204881968916,0.9866564786909806
5185,F-A1-PORTSCAN-V-03,PortScan,PortScan,RF-v3,0.00966971850722246,0.0034906074112497276,0.9868396740815275
5186,F-A1-PORTSCAN-V-03,PortScan,PortScan,RF-v3,0.011733400820822368,0.0016101204881968916,0.9866564786909806
5187,F-A1-PORTSCAN-V-03,PortScan,PortScan,RF-v3,0.00966971850722246,0.0034906074112497276,0.9868396740815275
5188,F-A1-PORTSCAN-V-03,PortScan,PortScan,RF-v3,0.0070646848036685795,0.0016198991628057163,0.9913154160335257
5189,F-A1-PORTSCAN-V-03,PortScan,PortScan,RF-v3,0.00966971850722246,0.0034906074112497276,0.9868396740815275
5190,F-A1-PORTSCAN-V-03,PortScan,PortScan,RF-v3,0.00966971850722246,0.0034906074112497276,0.9868396740815275
5191,F-A1-PORTSCAN-V-03,PortScan,PortScan,RF-v3,0.007765084980849341,0.0016101204881968916,0.9906247945309538
5192,F-A1-PORTSCAN-V-03,PortScan,PortScan,RF-v3,0.00966971850722246,0.0034906074112497276,0.9868396740815275
5193,F-A1-PORTSCAN-V-03,PortScan,PortScan,RF-v3,0.00966971850722246,0.0034906074112497276,0.9868396740815275
5194,F-A1-PORTSCAN-V-03,PortScan,PortScan,RF-v3,0.00966971850722246,0.0034906074112497276,0.9868396740815275
5195,F-A1-PORTSCAN-V-03,PortScan,PortScan,RF-v3,0.00966971850722246,0.0034906074112497276,0.9868396740815275
5196,F-A1-PORTSCAN-V-03,PortScan,PortScan,RF-v3,0.00966971850722246,0.0034906074112497276,0.9868396740815275
5197,F-A1-PORTSCAN-V-03,PortScan,PortScan,RF-v3,0.011733400820822368,0.0016101204881968916,0.9866564786909806
5198,F-A1-PORTSCAN-V-03,PortScan,PortScan,RF-v3,0.00966971850722246,0.0034906074112497276,0.9868396740815275
5199,F-A1-PORTSCAN-V-03,PortScan,PortScan,RF-v3,0.00966971850722246,0.0034906074112497276,0.9868396740815275
5200,F-A1-PORTSCAN-V-03,PortScan,PortScan,RF-v3,0.00966971850722246,0.0034906074112497276,0.9868396740815275
5201,F-A1-PORTSCAN-V-03,PortScan,PortScan,RF-v3,0.00966971850722246,0.0034906074112497276,0.9868396740815275
5202,F-A1-PORTSCAN-V-03,PortScan,PortScan,RF-v3,0.00966971850722246,0.0034906074112497276,0.9868396740815275
5203,F-A1-PORTSCAN-V-03,PortScan,PortScan,RF-v3,0.007765084980849341,0.0016101204881968916,0.9906247945309538
5204,F-A1-PORTSCAN-V-03,PortScan,PortScan,RF-v3,0.011733400820822368,0.0016101204881968916,0.9866564786909806
5205,F-A1-PORTSCAN-V-03,PortScan,PortScan,RF-v3,0.007932008187120117,0.0016101204881968916,0.9904578713246829
5206,F-A1-PORTSCAN-V-03,PortScan,PortScan,RF-v3,0.00966971850722246,0.0034906074112497276,0.9868396740815275
5207,F-A1-PORTSCAN-V-03,PortScan,PortScan,RF-v3,0.00966971850722246,0.0034906074112497276,0.9868396740815275
5208,F-A1-PORTSCAN-V-03,PortScan,PortScan,RF-v3,0.00966971850722246,0.0034906074112497276,0.9868396740815275
5209,F-A1-PORTSCAN-V-03,PortScan,PortScan,RF-v3,0.00966971850722246,0.0034906074112497276,0.9868396740815275
5210,F-A1-PORTSCAN-V-03,PortScan,PortScan,RF-v3,0.00966971850722246,0.0034906074112497276,0.9868396740815275
5211,F-A1-PORTSCAN-V-03,PortScan,PortScan,RF-v3,0.00966971850722246,0.0034906074112497276,0.9868396740815275
5212,F-A1-PORTSCAN-V-03,PortScan,PortScan,RF-v3,0.00966971850722246,0.0034906074112497276,0.9868396740815275
5213,F-A1-PORTSCAN-V-03,PortScan,PortScan,RF-v3,0.007765084980849341,0.0016101204881968916,0.9906247945309538
5214,F-A1-PORTSCAN-V-03,PortScan,PortScan,RF-v3,0.00966971850722246,0.0034906074112497276,0.9868396740815275
5215,F-A1-PORTSCAN-V-03,PortScan,PortScan,RF-v3,0.00966971850722246,0.0034906074112497276,0.9868396740815275
5216,F-A1-PORTSCAN-V-03,PortScan,PortScan,RF-v3,0.00966971850722246,0.0034906074112497276,0.9868396740815275
5217,F-A1-PORTSCAN-V-03,PortScan,PortScan,RF-v3,0.00966971850722246,0.0034906074112497276,0.9868396740815275
5218,F-A1-PORTSCAN-V-03,PortScan,PortScan,RF-v3,0.00966971850722246,0.0034906074112497276,0.9868396740815275
5219,F-A1-PORTSCAN-V-03,PortScan,PortScan,RF-v3,0.00966971850722246,0.0034906074112497276,0.9868396740815275
5220,F-A1-PORTSCAN-V-03,PortScan,PortScan,RF-v3,0.007765084980849341,0.0016101204881968916,0.9906247945309538
5221,F-A1-PORTSCAN-V-03,PortScan,PortScan,RF-v3,0.00966971850722246,0.0034906074112497276,0.9868396740815275
5222,F-A1-PORTSCAN-V-03,PortScan,PortScan,RF-v3,0.011733400820822368,0.0016101204881968916,0.9866564786909806
5223,F-A1-PORTSCAN-V-03,PortScan,PortScan,RF-v3,0.00966971850722246,0.0034906074112497276,0.9868396740815275
5224,F-A1-PORTSCAN-V-03,PortScan,PortScan,RF-v3,0.012506084246095481,0.0016101204881968916,0.9858837952657076
5225,F-A1-PORTSCAN-V-03,PortScan,PortScan,RF-v3,0.00966971850722246,0.0034906074112497276,0.9868396740815275
5226,F-A1-PORTSCAN-V-03,PortScan,PortScan,RF-v3,0.00966971850722246,0.0034906074112497276,0.9868396740815275
5227,F-A1-PORTSCAN-V-03,PortScan,PortScan,RF-v3,0.00966971850722246,0.0034906074112497276,0.9868396740815275
5228,F-A1-PORTSCAN-V-03,PortScan,PortScan,RF-v3,0.00966971850722246,0.0034906074112497276,0.9868396740815275
5229,F-A1-PORTSCAN-V-03,PortScan,PortScan,RF-v3,0.00966971850722246,0.0034906074112497276,0.9868396740815275
5230,F-A1-PORTSCAN-V-03,PortScan,PortScan,RF-v3,0.00966971850722246,0.0034906074112497276,0.9868396740815275
5231,F-A1-PORTSCAN-V-03,PortScan,PortScan,RF-v3,0.007765084980849341,0.0016101204881968916,0.9906247945309538
5232,F-A1-PORTSCAN-V-03,PortScan,PortScan,RF-v3,0.007765084980849341,0.0016101204881968916,0.9906247945309538
5233,F-A1-PORTSCAN-V-03,PortScan,PortScan,RF-v3,0.00966971850722246,0.0034906074112497276,0.9868396740815275
5234,F-A1-PORTSCAN-V-03,PortScan,PortScan,RF-v3,0.011733400820822368,0.0016101204881968916,0.9866564786909806
5235,F-A1-PORTSCAN-V-03,PortScan,PortScan,RF-v3,0.00966971850722246,0.0034906074112497276,0.9868396740815275
5236,F-A1-PORTSCAN-V-03,PortScan,PortScan,RF-v3,0.00966971850722246,0.0034906074112497276,0.9868396740815275
5237,F-A1-PORTSCAN-V-03,PortScan,PortScan,RF-v3,0.00966971850722246,0.0034906074112497276,0.9868396740815275
5238,F-A1-PORTSCAN-V-03,PortScan,PortScan,RF-v3,0.00966971850722246,0.0034906074112497276,0.9868396740815275
5239,F-A1-PORTSCAN-V-03,PortScan,PortScan,RF-v3,0.00966971850722246,0.0034906074112497276,0.9868396740815275
5240,F-A1-PORTSCAN-V-03,PortScan,PortScan,RF-v3,0.00966971850722246,0.0034906074112497276,0.9868396740815275
5241,F-A1-PORTSCAN-V-03,PortScan,PortScan,RF-v3,0.00966971850722246,0.0034906074112497276,0.9868396740815275
5242,F-A1-PORTSCAN-V-03,PortScan,PortScan,RF-v3,0.00966971850722246,0.0034906074112497276,0.9868396740815275
5243,F-A1-PORTSCAN-V-03,PortScan,PortScan,RF-v3,0.00966971850722246,0.0034906074112497276,0.9868396740815275
5244,F-A1-PORTSCAN-V-03,PortScan,PortScan,RF-v3,0.00966971850722246,0.0034906074112497276,0.9868396740815275
5245,F-A1-PORTSCAN-V-03,PortScan,PortScan,RF-v3,0.00966971850722246,0.0034906074112497276,0.9868396740815275
5246,F-A1-PORTSCAN-V-03,PortScan,PortScan,RF-v3,0.00966971850722246,0.0034906074112497276,0.9868396740815275
5247,F-A1-PORTSCAN-V-03,PortScan,PortScan,RF-v3,0.00966971850722246,0.0034906074112497276,0.9868396740815275
5248,F-A1-PORTSCAN-V-03,PortScan,PortScan,RF-v3,0.00966971850722246,0.0034906074112497276,0.9868396740815275
5249,F-A1-PORTSCAN-V-03,PortScan,PortScan,RF-v3,0.007765084980849341,0.0016101204881968916,0.9906247945309538
5250,F-A1-PORTSCAN-V-03,PortScan,PortScan,RF-v3,0.00966971850722246,0.0034906074112497276,0.9868396740815275
5251,F-A1-PORTSCAN-V-03,PortScan,PortScan,RF-v3,0.00966971850722246,0.0034906074112497276,0.9868396740815275
5252,F-A1-PORTSCAN-V-03,PortScan,PortScan,RF-v3,0.00966971850722246,0.0034906074112497276,0.9868396740815275
5253,F-A1-PORTSCAN-V-03,PortScan,PortScan,RF-v3,0.007765084980849341,0.0016101204881968916,0.9906247945309538
5254,F-A1-PORTSCAN-V-03,PortScan,PortScan,RF-v3,0.007765084980849341,0.0016101204881968916,0.9906247945309538
5255,F-A1-PORTSCAN-V-03,PortScan,PortScan,RF-v3,0.00966971850722246,0.0034906074112497276,0.9868396740815275
5256,F-A1-PORTSCAN-V-03,PortScan,PortScan,RF-v3,0.007765084980849341,0.0016101204881968916,0.9906247945309538
5257,F-A1-PORTSCAN-V-03,PortScan,PortScan,RF-v3,0.011733400820822368,0.0016101204881968916,0.9866564786909806
5258,F-A1-PORTSCAN-V-03,PortScan,PortScan,RF-v3,0.00966971850722246,0.0034906074112497276,0.9868396740815275
5259,F-A1-PORTSCAN-V-03,PortScan,PortScan,RF-v3,0.00966971850722246,0.0034906074112497276,0.9868396740815275
5260,F-A1-PORTSCAN-V-03,PortScan,PortScan,RF-v3,0.00966971850722246,0.0034906074112497276,0.9868396740815275
5261,F-A1-PORTSCAN-V-03,PortScan,PortScan,RF-v3,0.00966971850722246,0.0034906074112497276,0.9868396740815275
5262,F-A1-PORTSCAN-V-03,PortScan,PortScan,RF-v3,0.00966971850722246,0.0034906074112497276,0.9868396740815275
5263,F-A1-PORTSCAN-V-03,PortScan,PortScan,RF-v3,0.00966971850722246,0.0034906074112497276,0.9868396740815275
5264,F-A1-PORTSCAN-V-03,PortScan,PortScan,RF-v3,0.007765084980849341,0.0016101204881968916,0.9906247945309538
5265,F-A1-PORTSCAN-V-03,PortScan,PortScan,RF-v3,0.00966971850722246,0.0034906074112497276,0.9868396740815275
5266,F-A1-PORTSCAN-V-03,PortScan,PortScan,RF-v3,0.00966971850722246,0.0034906074112497276,0.9868396740815275
5267,F-A1-PORTSCAN-V-03,PortScan,PortScan,RF-v3,0.00966971850722246,0.0034906074112497276,0.9868396740815275
5268,F-A1-PORTSCAN-V-03,PortScan,PortScan,RF-v3,0.007932008187120117,0.0016101204881968916,0.9904578713246829
5269,F-A1-PORTSCAN-V-03,PortScan,PortScan,RF-v3,0.00966971850722246,0.0034906074112497276,0.9868396740815275
5270,F-A1-PORTSCAN-V-03,PortScan,PortScan,RF-v3,0.00966971850722246,0.0034906074112497276,0.9868396740815275
5271,F-A1-PORTSCAN-V-03,PortScan,PortScan,RF-v3,0.007765084980849341,0.0016101204881968916,0.9906247945309538
5272,F-A1-PORTSCAN-V-03,PortScan,PortScan,RF-v3,0.00966971850722246,0.0034906074112497276,0.9868396740815275
5273,F-A1-PORTSCAN-V-03,PortScan,PortScan,RF-v3,0.00966971850722246,0.0034906074112497276,0.9868396740815275
5274,F-A1-PORTSCAN-V-03,PortScan,PortScan,RF-v3,0.007765084980849341,0.0016101204881968916,0.9906247945309538
5275,F-A1-PORTSCAN-V-03,PortScan,PortScan,RF-v3,0.00966971850722246,0.0034906074112497276,0.9868396740815275
5276,F-A1-PORTSCAN-V-03,PortScan,PortScan,RF-v3,0.007765084980849341,0.0016101204881968916,0.9906247945309538
5277,F-A1-PORTSCAN-V-03,PortScan,PortScan,RF-v3,0.00966971850722246,0.0034906074112497276,0.9868396740815275
5278,F-A1-PORTSCAN-V-03,PortScan,PortScan,RF-v3,0.011733400820822368,0.0016101204881968916,0.9866564786909806
5279,F-A1-PORTSCAN-V-03,PortScan,PortScan,RF-v3,0.00966971850722246,0.0034906074112497276,0.9868396740815275
5280,F-A1-PORTSCAN-V-03,PortScan,PortScan,RF-v3,0.00966971850722246,0.0034906074112497276,0.9868396740815275
5281,F-A1-PORTSCAN-V-03,PortScan,PortScan,RF-v3,0.00966971850722246,0.0034906074112497276,0.9868396740815275
5282,F-A1-PORTSCAN-V-03,PortScan,PortScan,RF-v3,0.00966971850722246,0.0034906074112497276,0.9868396740815275
5283,F-A1-PORTSCAN-V-03,PortScan,PortScan,RF-v3,0.00966971850722246,0.0034906074112497276,0.9868396740815275
5284,F-A1-PORTSCAN-V-03,PortScan,PortScan,RF-v3,0.00966971850722246,0.0034906074112497276,0.9868396740815275
5285,F-A1-PORTSCAN-V-03,PortScan,PortScan,RF-v3,0.007765084980849341,0.0016101204881968916,0.9906247945309538
5286,F-A1-PORTSCAN-V-03,PortScan,PortScan,RF-v3,0.00966971850722246,0.0034906074112497276,0.9868396740815275
5287,F-A1-PORTSCAN-V-03,PortScan,PortScan,RF-v3,0.00966971850722246,0.0034906074112497276,0.9868396740815275
5288,F-A1-PORTSCAN-V-03,PortScan,PortScan,RF-v3,0.00966971850722246,0.0034906074112497276,0.9868396740815275
5289,F-A1-PORTSCAN-V-03,PortScan,PortScan,RF-v3,0.007765084980849341,0.0016101204881968916,0.9906247945309538
5290,F-A1-PORTSCAN-V-03,PortScan,PortScan,RF-v3,0.00966971850722246,0.0034906074112497276,0.9868396740815275
5291,F-A1-PORTSCAN-V-03,PortScan,PortScan,RF-v3,0.00966971850722246,0.0034906074112497276,0.9868396740815275
5292,F-A1-PORTSCAN-V-03,PortScan,PortScan,RF-v3,0.014033939000966113,0.0034906074112497276,0.982475453587784
5293,F-A1-PORTSCAN-V-03,PortScan,PortScan,RF-v3,0.00966971850722246,0.0034906074112497276,0.9868396740815275
5294,F-A1-PORTSCAN-V-03,PortScan,PortScan,RF-v3,0.007765084980849341,0.0016101204881968916,0.9906247945309538
5295,F-A1-PORTSCAN-V-03,PortScan,PortScan,RF-v3,0.007765084980849341,0.0016101204881968916,0.9906247945309538
5296,F-A1-PORTSCAN-V-03,PortScan,PortScan,RF-v3,0.00966971850722246,0.0034906074112497276,0.9868396740815275
5297,F-A1-PORTSCAN-V-03,PortScan,PortScan,RF-v3,0.007765084980849341,0.0016101204881968916,0.9906247945309538
5298,F-A1-PORTSCAN-V-03,PortScan,PortScan,RF-v3,0.00966971850722246,0.0034906074112497276,0.9868396740815275
5299,F-A1-PORTSCAN-V-03,PortScan,PortScan,RF-v3,0.00966971850722246,0.0034906074112497276,0.9868396740815275
5300,F-A1-PORTSCAN-V-03,PortScan,PortScan,RF-v3,0.00966971850722246,0.0034906074112497276,0.9868396740815275
5301,F-A1-PORTSCAN-V-03,PortScan,PortScan,RF-v3,0.00966971850722246,0.0034906074112497276,0.9868396740815275
5302,F-A1-PORTSCAN-V-03,PortScan,PortScan,RF-v3,0.00966971850722246,0.0034906074112497276,0.9868396740815275
5303,F-A1-PORTSCAN-V-03,PortScan,PortScan,RF-v3,0.00966971850722246,0.0034906074112497276,0.9868396740815275
5304,F-A1-PORTSCAN-V-03,PortScan,PortScan,RF-v3,0.011733400820822368,0.0016101204881968916,0.9866564786909806
5305,F-A1-PORTSCAN-V-03,PortScan,PortScan,RF-v3,0.00966971850722246,0.0034906074112497276,0.9868396740815275
5306,F-A1-PORTSCAN-V-03,PortScan,PortScan,RF-v3,0.00966971850722246,0.0034906074112497276,0.9868396740815275
5307,F-A1-PORTSCAN-V-03,PortScan,PortScan,RF-v3,0.00966971850722246,0.0034906074112497276,0.9868396740815275
5308,F-A1-PORTSCAN-V-03,PortScan,PortScan,RF-v3,0.007765084980849341,0.0016101204881968916,0.9906247945309538
5309,F-A1-PORTSCAN-V-03,PortScan,PortScan,RF-v3,0.00966971850722246,0.0034906074112497276,0.9868396740815275
5310,F-A1-PORTSCAN-V-03,PortScan,PortScan,RF-v3,0.00966971850722246,0.0034906074112497276,0.9868396740815275
5311,F-A1-PORTSCAN-V-03,PortScan,PortScan,RF-v3,0.00966971850722246,0.0034906074112497276,0.9868396740815275
5312,F-A1-PORTSCAN-V-03,PortScan,PortScan,RF-v3,0.00966971850722246,0.0034906074112497276,0.9868396740815275
5313,F-A1-PORTSCAN-V-03,PortScan,PortScan,RF-v3,0.00966971850722246,0.0034906074112497276,0.9868396740815275
5314,F-A1-PORTSCAN-V-03,PortScan,PortScan,RF-v3,0.00966971850722246,0.0034906074112497276,0.9868396740815275
5315,F-A1-PORTSCAN-V-03,PortScan,PortScan,RF-v3,0.007765084980849341,0.0016101204881968916,0.9906247945309538
5316,F-A1-PORTSCAN-V-03,PortScan,PortScan,RF-v3,0.00966971850722246,0.0034906074112497276,0.9868396740815275
5317,F-A1-PORTSCAN-V-03,PortScan,PortScan,RF-v3,0.007765084980849341,0.0016101204881968916,0.9906247945309538
5318,F-A1-PORTSCAN-V-03,PortScan,PortScan,RF-v3,0.007765084980849341,0.0016101204881968916,0.9906247945309538
5319,F-A1-PORTSCAN-V-03,PortScan,PortScan,RF-v3,0.007765084980849341,0.0016101204881968916,0.9906247945309538
5320,F-A1-PORTSCAN-V-03,PortScan,PortScan,RF-v3,0.00966971850722246,0.0034906074112497276,0.9868396740815275
5321,F-A1-PORTSCAN-V-03,PortScan,PortScan,RF-v3,0.00966971850722246,0.0034906074112497276,0.9868396740815275
5322,F-A1-PORTSCAN-V-03,PortScan,PortScan,RF-v3,0.00966971850722246,0.0034906074112497276,0.9868396740815275
5323,F-A1-PORTSCAN-V-03,PortScan,PortScan,RF-v3,0.00966971850722246,0.0034906074112497276,0.9868396740815275
5324,F-A1-PORTSCAN-V-03,PortScan,PortScan,RF-v3,0.010092847134390565,0.0034906074112497276,0.9864165454543595
5325,F-A1-PORTSCAN-V-03,PortScan,PortScan,RF-v3,0.00966971850722246,0.0034906074112497276,0.9868396740815275
5326,F-A1-PORTSCAN-V-03,PortScan,PortScan,RF-v3,0.00966971850722246,0.0034906074112497276,0.9868396740815275
5327,F-A1-PORTSCAN-V-03,PortScan,PortScan,RF-v3,0.00966971850722246,0.0034906074112497276,0.9868396740815275
5328,F-A1-PORTSCAN-V-03,PortScan,PortScan,RF-v3,0.00966971850722246,0.0034906074112497276,0.9868396740815275
5329,F-A1-PORTSCAN-V-03,PortScan,PortScan,RF-v3,0.007765084980849341,0.0016101204881968916,0.9906247945309538
5330,F-A1-PORTSCAN-V-03,PortScan,PortScan,RF-v3,0.00966971850722246,0.0034906074112497276,0.9868396740815275
5331,F-A1-PORTSCAN-V-03,PortScan,PortScan,RF-v3,0.00966971850722246,0.0034906074112497276,0.9868396740815275
5332,F-A1-PORTSCAN-V-03,PortScan,PortScan,RF-v3,0.00966971850722246,0.0034906074112497276,0.9868396740815275
5333,F-A1-PORTSCAN-V-03,PortScan,PortScan,RF-v3,0.00966971850722246,0.0034906074112497276,0.9868396740815275
5334,F-A1-PORTSCAN-V-03,PortScan,PortScan,RF-v3,0.00966971850722246,0.0034906074112497276,0.9868396740815275
5335,F-A1-PORTSCAN-V-03,PortScan,PortScan,RF-v3,0.00966971850722246,0.0034906074112497276,0.9868396740815275
5336,F-A1-PORTSCAN-V-03,PortScan,PortScan,RF-v3,0.007765084980849341,0.0016101204881968916,0.9906247945309538
5337,F-A1-PORTSCAN-V-03,PortScan,PortScan,RF-v3,0.00966971850722246,0.0034906074112497276,0.9868396740815275
5338,F-A1-PORTSCAN-V-03,PortScan,PortScan,RF-v3,0.00966971850722246,0.0034906074112497276,0.9868396740815275
5339,F-A1-PORTSCAN-V-03,PortScan,PortScan,RF-v3,0.007765084980849341,0.0016101204881968916,0.9906247945309538
5340,F-A1-PORTSCAN-V-03,PortScan,PortScan,RF-v3,0.00966971850722246,0.0034906074112497276,0.9868396740815275
5341,F-A1-PORTSCAN-V-03,PortScan,PortScan,RF-v3,0.00966971850722246,0.0034906074112497276,0.9868396740815275
5342,F-A1-PORTSCAN-V-03,PortScan,PortScan,RF-v3,0.00966971850722246,0.0034906074112497276,0.9868396740815275
5343,F-A1-PORTSCAN-V-03,PortScan,PortScan,RF-v3,0.00966971850722246,0.0034906074112497276,0.9868396740815275
5344,F-A1-PORTSCAN-V-03,PortScan,PortScan,RF-v3,0.007765084980849341,0.0016101204881968916,0.9906247945309538
5345,F-A1-PORTSCAN-V-03,PortScan,PortScan,RF-v3,0.00966971850722246,0.0034906074112497276,0.9868396740815275
5346,F-A1-PORTSCAN-V-03,PortScan,PortScan,RF-v3,0.007765084980849341,0.0016101204881968916,0.9906247945309538
5347,F-A1-PORTSCAN-V-03,PortScan,PortScan,RF-v3,0.010092847134390565,0.0034906074112497276,0.9864165454543595
5348,F-A1-PORTSCAN-V-03,PortScan,PortScan,RF-v3,0.00966971850722246,0.0034906074112497276,0.9868396740815275
5349,F-A1-PORTSCAN-V-03,PortScan,PortScan,RF-v3,0.00966971850722246,0.0034906074112497276,0.9868396740815275
5350,F-A1-PORTSCAN-V-03,PortScan,PortScan,RF-v3,0.00966971850722246,0.0034906074112497276,0.9868396740815275
5351,F-A1-PORTSCAN-V-03,PortScan,PortScan,RF-v3,0.00966971850722246,0.0034906074112497276,0.9868396740815275
5352,F-A1-PORTSCAN-V-03,PortScan,PortScan,RF-v3,0.007932008187120117,0.0016101204881968916,0.9904578713246829
5353,F-A1-PORTSCAN-V-03,PortScan,PortScan,RF-v3,0.00966971850722246,0.0034906074112497276,0.9868396740815275
5354,F-A1-PORTSCAN-V-03,PortScan,PortScan,RF-v3,0.00966971850722246,0.0034906074112497276,0.9868396740815275
5355,F-A1-PORTSCAN-V-03,PortScan,PortScan,RF-v3,0.00966971850722246,0.0034906074112497276,0.9868396740815275
5356,F-A1-PORTSCAN-V-03,PortScan,PortScan,RF-v3,0.00966971850722246,0.0034906074112497276,0.9868396740815275
5357,F-A1-PORTSCAN-V-03,PortScan,PortScan,RF-v3,0.00966971850722246,0.0034906074112497276,0.9868396740815275
5358,F-A1-PORTSCAN-V-03,PortScan,PortScan,RF-v3,0.00966971850722246,0.0034906074112497276,0.9868396740815275
5359,F-A1-PORTSCAN-V-03,PortScan,PortScan,RF-v3,0.00966971850722246,0.0034906074112497276,0.9868396740815275
5360,F-A1-PORTSCAN-V-03,PortScan,PortScan,RF-v3,0.007765084980849341,0.0016101204881968916,0.9906247945309538
5361,F-A1-PORTSCAN-V-03,PortScan,PortScan,RF-v3,0.00966971850722246,0.0034906074112497276,0.9868396740815275
5362,F-A1-PORTSCAN-V-03,PortScan,PortScan,RF-v3,0.00966971850722246,0.0034906074112497276,0.9868396740815275
5363,F-A1-PORTSCAN-V-03,PortScan,PortScan,RF-v3,0.00966971850722246,0.0034906074112497276,0.9868396740815275
5364,F-A1-PORTSCAN-V-03,PortScan,PortScan,RF-v3,0.007765084980849341,0.0016101204881968916,0.9906247945309538
5365,F-A1-PORTSCAN-V-03,PortScan,PortScan,RF-v3,0.00966971850722246,0.0034906074112497276,0.9868396740815275
5366,F-A1-PORTSCAN-V-03,PortScan,PortScan,RF-v3,0.00966971850722246,0.0034906074112497276,0.9868396740815275
5367,F-A1-PORTSCAN-V-03,PortScan,PortScan,RF-v3,0.00966971850722246,0.0034906074112497276,0.9868396740815275
5368,F-A1-PORTSCAN-V-03,PortScan,PortScan,RF-v3,0.00966971850722246,0.0034906074112497276,0.9868396740815275
5369,F-A1-PORTSCAN-V-03,PortScan,PortScan,RF-v3,0.00966971850722246,0.0034906074112497276,0.9868396740815275
5370,F-A1-PORTSCAN-V-03,PortScan,PortScan,RF-v3,0.00966971850722246,0.0034906074112497276,0.9868396740815275
5371,F-A1-PORTSCAN-V-03,PortScan,PortScan,RF-v3,0.00966971850722246,0.0034906074112497276,0.9868396740815275
5372,F-A1-PORTSCAN-V-03,PortScan,PortScan,RF-v3,0.00966971850722246,0.0034906074112497276,0.9868396740815275
5373,F-A1-PORTSCAN-V-03,PortScan,PortScan,RF-v3,0.00966971850722246,0.0034906074112497276,0.9868396740815275
5374,F-A1-PORTSCAN-V-03,PortScan,PortScan,RF-v3,0.00966971850722246,0.0034906074112497276,0.9868396740815275
5375,F-A1-PORTSCAN-V-03,PortScan,PortScan,RF-v3,0.00966971850722246,0.0034906074112497276,0.9868396740815275
5376,F-A1-PORTSCAN-V-03,PortScan,PortScan,RF-v3,0.007765084980849341,0.0016101204881968916,0.9906247945309538
5377,F-A1-PORTSCAN-V-03,PortScan,PortScan,RF-v3,0.00966971850722246,0.0034906074112497276,0.9868396740815275
5378,F-A1-PORTSCAN-V-03,PortScan,PortScan,RF-v3,0.011733400820822368,0.0016101204881968916,0.9866564786909806
5379,F-A1-PORTSCAN-V-03,PortScan,PortScan,RF-v3,0.00966971850722246,0.0034906074112497276,0.9868396740815275
5380,F-A1-PORTSCAN-V-03,PortScan,PortScan,RF-v3,0.00966971850722246,0.0034906074112497276,0.9868396740815275
5381,F-A1-PORTSCAN-V-03,PortScan,PortScan,RF-v3,0.00966971850722246,0.0034906074112497276,0.9868396740815275
5382,F-A1-PORTSCAN-V-03,PortScan,PortScan,RF-v3,0.00966971850722246,0.0034906074112497276,0.9868396740815275
5383,F-A1-PORTSCAN-V-03,PortScan,PortScan,RF-v3,0.007765084980849341,0.0016101204881968916,0.9906247945309538
5384,F-A1-PORTSCAN-V-03,PortScan,PortScan,RF-v3,0.00966971850722246,0.0034906074112497276,0.9868396740815275
5385,F-A1-PORTSCAN-V-03,PortScan,PortScan,RF-v3,0.011733400820822368,0.0016101204881968916,0.9866564786909806
5386,F-A1-PORTSCAN-V-03,PortScan,PortScan,RF-v3,0.00966971850722246,0.0034906074112497276,0.9868396740815275
5387,F-A1-PORTSCAN-V-03,PortScan,PortScan,RF-v3,0.00966971850722246,0.0034906074112497276,0.9868396740815275
5388,F-A1-PORTSCAN-V-03,PortScan,PortScan,RF-v3,0.00966971850722246,0.0034906074112497276,0.9868396740815275
5389,F-A1-PORTSCAN-V-03,PortScan,PortScan,RF-v3,0.007765084980849341,0.0016101204881968916,0.9906247945309538
5390,F-A1-PORTSCAN-V-03,PortScan,PortScan,RF-v3,0.00966971850722246,0.0034906074112497276,0.9868396740815275
5391,F-A1-PORTSCAN-V-03,PortScan,PortScan,RF-v3,0.00966971850722246,0.0034906074112497276,0.9868396740815275
5392,F-A1-PORTSCAN-V-03,PortScan,PortScan,RF-v3,0.007765084980849341,0.0016101204881968916,0.9906247945309538
5393,F-A1-PORTSCAN-V-03,PortScan,PortScan,RF-v3,0.00966971850722246,0.0034906074112497276,0.9868396740815275
5394,F-A1-PORTSCAN-V-03,PortScan,PortScan,RF-v3,0.00966971850722246,0.0034906074112497276,0.9868396740815275
5395,F-A1-PORTSCAN-V-03,PortScan,PortScan,RF-v3,0.007765084980849341,0.0016101204881968916,0.9906247945309538
5396,F-A1-PORTSCAN-V-03,PortScan,PortScan,RF-v3,0.00966971850722246,0.0034906074112497276,0.9868396740815275
5397,F-A1-PORTSCAN-V-03,PortScan,PortScan,RF-v3,0.00966971850722246,0.0034906074112497276,0.9868396740815275
5398,F-A1-PORTSCAN-V-03,PortScan,PortScan,RF-v3,0.00966971850722246,0.0034906074112497276,0.9868396740815275
5399,F-A1-PORTSCAN-V-03,PortScan,PortScan,RF-v3,0.00966971850722246,0.0034906074112497276,0.9868396740815275
5400,F-A1-PORTSCAN-V-03,PortScan,PortScan,RF-v3,0.007765084980849341,0.0016101204881968916,0.9906247945309538
5401,F-A1-PORTSCAN-V-03,PortScan,PortScan,RF-v3,0.00966971850722246,0.0034906074112497276,0.9868396740815275
5402,F-A1-PORTSCAN-V-03,PortScan,PortScan,RF-v3,0.011733400820822368,0.0016101204881968916,0.9866564786909806
5403,F-A1-PORTSCAN-V-03,PortScan,PortScan,RF-v3,0.00966971850722246,0.0034906074112497276,0.9868396740815275
5404,F-A1-PORTSCAN-V-03,PortScan,PortScan,RF-v3,0.00966971850722246,0.0034906074112497276,0.9868396740815275
5405,F-A1-PORTSCAN-V-03,PortScan,PortScan,RF-v3,0.007932008187120117,0.0016101204881968916,0.9904578713246829
5406,F-A1-PORTSCAN-V-03,PortScan,PortScan,RF-v3,0.00966971850722246,0.0034906074112497276,0.9868396740815275
5407,F-A1-PORTSCAN-V-03,PortScan,PortScan,RF-v3,0.00966971850722246,0.0034906074112497276,0.9868396740815275
5408,F-A1-PORTSCAN-V-03,PortScan,PortScan,RF-v3,0.00966971850722246,0.0034906074112497276,0.9868396740815275
5409,F-A1-PORTSCAN-V-03,PortScan,PortScan,RF-v3,0.00966971850722246,0.0034906074112497276,0.9868396740815275
5410,F-A1-PORTSCAN-V-03,PortScan,PortScan,RF-v3,0.00966971850722246,0.0034906074112497276,0.9868396740815275
5411,F-A1-PORTSCAN-V-03,PortScan,PortScan,RF-v3,0.00966971850722246,0.0034906074112497276,0.9868396740815275
5412,F-A1-PORTSCAN-V-03,PortScan,PortScan,RF-v3,0.00966971850722246,0.0034906074112497276,0.9868396740815275
5413,F-A1-PORTSCAN-V-03,PortScan,PortScan,RF-v3,0.00966971850722246,0.0034906074112497276,0.9868396740815275
5414,F-A1-PORTSCAN-V-03,PortScan,PortScan,RF-v3,0.00966971850722246,0.0034906074112497276,0.9868396740815275
5415,F-A1-PORTSCAN-V-03,PortScan,PortScan,RF-v3,0.00966971850722246,0.0034906074112497276,0.9868396740815275
5416,F-A1-PORTSCAN-V-03,PortScan,PortScan,RF-v3,0.00966971850722246,0.0034906074112497276,0.9868396740815275
5417,F-A1-PORTSCAN-V-03,PortScan,PortScan,RF-v3,0.007765084980849341,0.0016101204881968916,0.9906247945309538
5418,F-A1-PORTSCAN-V-03,PortScan,PortScan,RF-v3,0.00966971850722246,0.0034906074112497276,0.9868396740815275
5419,F-A1-PORTSCAN-V-03,PortScan,PortScan,RF-v3,0.00966971850722246,0.0034906074112497276,0.9868396740815275
5420,F-A1-PORTSCAN-V-03,PortScan,PortScan,RF-v3,0.00966971850722246,0.0034906074112497276,0.9868396740815275
5421,F-A1-PORTSCAN-V-03,PortScan,PortScan,RF-v3,0.00966971850722246,0.0034906074112497276,0.9868396740815275
5422,F-A1-PORTSCAN-V-03,PortScan,PortScan,RF-v3,0.007765084980849341,0.0016101204881968916,0.9906247945309538
5423,F-A1-PORTSCAN-V-03,PortScan,PortScan,RF-v3,0.00966971850722246,0.0034906074112497276,0.9868396740815275
5424,F-A1-PORTSCAN-V-03,PortScan,PortScan,RF-v3,0.0070646848036685795,0.0016198991628057163,0.9913154160335257
5425,F-A1-PORTSCAN-V-03,PortScan,PortScan,RF-v3,0.00966971850722246,0.0034906074112497276,0.9868396740815275
5426,F-A1-PORTSCAN-V-03,PortScan,PortScan,RF-v3,0.00966971850722246,0.0034906074112497276,0.9868396740815275
5427,F-A1-PORTSCAN-V-03,PortScan,PortScan,RF-v3,0.00966971850722246,0.0034906074112497276,0.9868396740815275
5428,F-A1-PORTSCAN-V-03,PortScan,PortScan,RF-v3,0.00966971850722246,0.0034906074112497276,0.9868396740815275
5429,F-A1-PORTSCAN-V-03,PortScan,PortScan,RF-v3,0.00966971850722246,0.0034906074112497276,0.9868396740815275
5430,F-A1-PORTSCAN-V-03,PortScan,PortScan,RF-v3,0.00966971850722246,0.0034906074112497276,0.9868396740815275
5431,F-A1-PORTSCAN-V-03,PortScan,PortScan,RF-v3,0.00966971850722246,0.0034906074112497276,0.9868396740815275
5432,F-A1-PORTSCAN-V-03,PortScan,PortScan,RF-v3,0.00966971850722246,0.0034906074112497276,0.9868396740815275
5433,F-A1-PORTSCAN-V-03,PortScan,PortScan,RF-v3,0.00966971850722246,0.0034906074112497276,0.9868396740815275
5434,F-A1-PORTSCAN-V-03,PortScan,PortScan,RF-v3,0.00966971850722246,0.0034906074112497276,0.9868396740815275
5435,F-A1-PORTSCAN-V-03,PortScan,PortScan,RF-v3,0.00966971850722246,0.0034906074112497276,0.9868396740815275
5436,F-A1-PORTSCAN-V-03,PortScan,PortScan,RF-v3,0.00966971850722246,0.0034906074112497276,0.9868396740815275
5437,F-A1-PORTSCAN-V-03,PortScan,PortScan,RF-v3,0.00966971850722246,0.0034906074112497276,0.9868396740815275
5438,F-A1-PORTSCAN-V-03,PortScan,PortScan,RF-v3,0.011733400820822368,0.0016101204881968916,0.9866564786909806
5439,F-A1-PORTSCAN-V-03,PortScan,PortScan,RF-v3,0.00966971850722246,0.0034906074112497276,0.9868396740815275
5440,F-A1-PORTSCAN-V-03,PortScan,PortScan,RF-v3,0.00966971850722246,0.0034906074112497276,0.9868396740815275
5441,F-A1-PORTSCAN-V-03,PortScan,PortScan,RF-v3,0.00966971850722246,0.0034906074112497276,0.9868396740815275
5442,F-A1-PORTSCAN-V-03,PortScan,PortScan,RF-v3,0.011733400820822368,0.0016101204881968916,0.9866564786909806
5443,F-A1-PORTSCAN-V-03,PortScan,PortScan,RF-v3,0.00966971850722246,0.0034906074112497276,0.9868396740815275
5444,F-A1-PORTSCAN-V-03,PortScan,PortScan,RF-v3,0.00966971850722246,0.0034906074112497276,0.9868396740815275
5445,F-A1-PORTSCAN-V-03,PortScan,PortScan,RF-v3,0.00966971850722246,0.0034906074112497276,0.9868396740815275
5446,F-A1-PORTSCAN-V-03,PortScan,PortScan,RF-v3,0.007932008187120117,0.0016101204881968916,0.9904578713246829
5447,F-A1-PORTSCAN-V-03,PortScan,PortScan,RF-v3,0.00966971850722246,0.0034906074112497276,0.9868396740815275
5448,F-A1-PORTSCAN-V-03,PortScan,PortScan,RF-v3,0.00966971850722246,0.0034906074112497276,0.9868396740815275
5449,F-A1-PORTSCAN-V-03,PortScan,PortScan,RF-v3,0.00966971850722246,0.0034906074112497276,0.9868396740815275
5450,F-A1-PORTSCAN-V-03,PortScan,PortScan,RF-v3,0.00966971850722246,0.0034906074112497276,0.9868396740815275
5451,F-A1-PORTSCAN-V-03,PortScan,PortScan,RF-v3,0.00966971850722246,0.0034906074112497276,0.9868396740815275
5452,F-A1-PORTSCAN-V-03,PortScan,PortScan,RF-v3,0.00966971850722246,0.0034906074112497276,0.9868396740815275
5453,F-A1-PORTSCAN-V-03,PortScan,PortScan,RF-v3,0.00966971850722246,0.0034906074112497276,0.9868396740815275
5454,F-A1-PORTSCAN-V-03,PortScan,PortScan,RF-v3,0.011733400820822368,0.0016101204881968916,0.9866564786909806
5455,F-A1-PORTSCAN-V-03,PortScan,PortScan,RF-v3,0.00966971850722246,0.0034906074112497276,0.9868396740815275
5456,F-A1-PORTSCAN-V-03,PortScan,PortScan,RF-v3,0.00966971850722246,0.0034906074112497276,0.9868396740815275
5457,F-A1-PORTSCAN-V-03,PortScan,PortScan,RF-v3,0.00966971850722246,0.0034906074112497276,0.9868396740815275
5458,F-A1-PORTSCAN-V-03,PortScan,PortScan,RF-v3,0.012506084246095481,0.0016101204881968916,0.9858837952657076
5459,F-A1-PORTSCAN-V-03,PortScan,PortScan,RF-v3,0.00966971850722246,0.0034906074112497276,0.9868396740815275
5460,F-A1-PORTSCAN-V-03,PortScan,PortScan,RF-v3,0.00966971850722246,0.0034906074112497276,0.9868396740815275
5461,F-A1-PORTSCAN-V-03,PortScan,PortScan,RF-v3,0.00966971850722246,0.0034906074112497276,0.9868396740815275
5462,F-A1-PORTSCAN-V-03,PortScan,PortScan,RF-v3,0.00966971850722246,0.0034906074112497276,0.9868396740815275
5463,F-A1-PORTSCAN-V-03,PortScan,PortScan,RF-v3,0.007765084980849341,0.0016101204881968916,0.9906247945309538
5464,F-A1-PORTSCAN-V-03,PortScan,PortScan,RF-v3,0.00966971850722246,0.0034906074112497276,0.9868396740815275
5465,F-A1-PORTSCAN-V-03,PortScan,PortScan,RF-v3,0.00966971850722246,0.0034906074112497276,0.9868396740815275
5466,F-A1-PORTSCAN-V-03,PortScan,PortScan,RF-v3,0.00966971850722246,0.0034906074112497276,0.9868396740815275
5467,F-A1-PORTSCAN-V-03,PortScan,PortScan,RF-v3,0.00966971850722246,0.0034906074112497276,0.9868396740815275
5468,F-A1-PORTSCAN-V-03,PortScan,PortScan,RF-v3,0.00966971850722246,0.0034906074112497276,0.9868396740815275
5469,F-A1-PORTSCAN-V-03,PortScan,PortScan,RF-v3,0.00966971850722246,0.0034906074112497276,0.9868396740815275
5470,F-A1-PORTSCAN-V-03,PortScan,PortScan,RF-v3,0.00966971850722246,0.0034906074112497276,0.9868396740815275
5471,F-A1-PORTSCAN-V-03,PortScan,PortScan,RF-v3,0.012506084246095481,0.0016101204881968916,0.9858837952657076
5472,F-A1-PORTSCAN-V-03,PortScan,PortScan,RF-v3,0.00966971850722246,0.0034906074112497276,0.9868396740815275
5473,F-A1-PORTSCAN-V-03,PortScan,PortScan,RF-v3,0.00966971850722246,0.0034906074112497276,0.9868396740815275
5474,F-A1-PORTSCAN-V-03,PortScan,PortScan,RF-v3,0.00966971850722246,0.0034906074112497276,0.9868396740815275
5475,F-A1-PORTSCAN-V-03,PortScan,PortScan,RF-v3,0.00966971850722246,0.0034906074112497276,0.9868396740815275
5476,F-A1-PORTSCAN-V-03,PortScan,PortScan,RF-v3,0.00966971850722246,0.0034906074112497276,0.9868396740815275
5477,F-A1-PORTSCAN-V-03,PortScan,PortScan,RF-v3,0.00966971850722246,0.0034906074112497276,0.9868396740815275
5478,F-A1-PORTSCAN-V-03,PortScan,PortScan,RF-v3,0.00966971850722246,0.0034906074112497276,0.9868396740815275
5479,F-A1-PORTSCAN-V-03,PortScan,PortScan,RF-v3,0.00966971850722246,0.0034906074112497276,0.9868396740815275
5480,F-A1-PORTSCAN-V-03,PortScan,PortScan,RF-v3,0.0070646848036685795,0.0016198991628057163,0.9913154160335257
5481,F-A1-PORTSCAN-V-03,PortScan,PortScan,RF-v3,0.00966971850722246,0.0034906074112497276,0.9868396740815275
5482,F-A1-PORTSCAN-V-03,PortScan,PortScan,RF-v3,0.007765084980849341,0.0016101204881968916,0.9906247945309538
5483,F-A1-PORTSCAN-V-03,PortScan,PortScan,RF-v3,0.00966971850722246,0.0034906074112497276,0.9868396740815275
5484,F-A1-PORTSCAN-V-03,PortScan,PortScan,RF-v3,0.007765084980849341,0.0016101204881968916,0.9906247945309538
5485,F-A1-PORTSCAN-V-03,PortScan,PortScan,RF-v3,0.00966971850722246,0.0034906074112497276,0.9868396740815275
5486,F-A1-PORTSCAN-V-03,PortScan,PortScan,RF-v3,0.00966971850722246,0.0034906074112497276,0.9868396740815275
5487,F-A1-PORTSCAN-V-03,PortScan,PortScan,RF-v3,0.00966971850722246,0.0034906074112497276,0.9868396740815275
5488,F-A1-PORTSCAN-V-03,PortScan,PortScan,RF-v3,0.00966971850722246,0.0034906074112497276,0.9868396740815275
5489,F-A1-PORTSCAN-V-03,PortScan,PortScan,RF-v3,0.00966971850722246,0.0034906074112497276,0.9868396740815275
5490,F-A1-PORTSCAN-V-03,PortScan,PortScan,RF-v3,0.00966971850722246,0.0034906074112497276,0.9868396740815275
5491,F-A1-PORTSCAN-V-03,PortScan,PortScan,RF-v3,0.00966971850722246,0.0034906074112497276,0.9868396740815275
5492,F-A1-PORTSCAN-V-03,PortScan,PortScan,RF-v3,0.00966971850722246,0.0034906074112497276,0.9868396740815275
5493,F-A1-PORTSCAN-V-03,PortScan,PortScan,RF-v3,0.00966971850722246,0.0034906074112497276,0.9868396740815275
5494,F-A1-PORTSCAN-V-03,PortScan,PortScan,RF-v3,0.00966971850722246,0.0034906074112497276,0.9868396740815275
5495,F-A1-PORTSCAN-V-03,PortScan,PortScan,RF-v3,0.007932008187120117,0.0016101204881968916,0.9904578713246829
5496,F-A1-PORTSCAN-V-03,PortScan,PortScan,RF-v3,0.00966971850722246,0.0034906074112497276,0.9868396740815275
5497,F-A1-PORTSCAN-V-03,PortScan,PortScan,RF-v3,0.007765084980849341,0.0016101204881968916,0.9906247945309538
5498,F-A1-PORTSCAN-V-03,PortScan,PortScan,RF-v3,0.00966971850722246,0.0034906074112497276,0.9868396740815275
5499,F-A1-PORTSCAN-V-03,PortScan,PortScan,RF-v3,0.00966971850722246,0.0034906074112497276,0.9868396740815275
5500,F-A1-PORTSCAN-V-03,PortScan,PortScan,RF-v3,0.00966971850722246,0.0034906074112497276,0.9868396740815275
5501,F-A1-PORTSCAN-V-03,PortScan,PortScan,RF-v3,0.00966971850722246,0.0034906074112497276,0.9868396740815275
5502,F-A1-PORTSCAN-V-03,PortScan,PortScan,RF-v3,0.00966971850722246,0.0034906074112497276,0.9868396740815275
5503,F-A1-PORTSCAN-V-03,PortScan,PortScan,RF-v3,0.00966971850722246,0.0034906074112497276,0.9868396740815275
5504,F-A1-PORTSCAN-V-03,PortScan,PortScan,RF-v3,0.00966971850722246,0.0034906074112497276,0.9868396740815275
5505,F-A1-PORTSCAN-V-03,PortScan,PortScan,RF-v3,0.007765084980849341,0.0016101204881968916,0.9906247945309538
5506,F-A1-PORTSCAN-V-03,PortScan,PortScan,RF-v3,0.00966971850722246,0.0034906074112497276,0.9868396740815275
5507,F-A1-PORTSCAN-V-03,PortScan,PortScan,RF-v3,0.011733400820822368,0.0016101204881968916,0.9866564786909806
5508,F-A1-PORTSCAN-V-03,PortScan,PortScan,RF-v3,0.00966971850722246,0.0034906074112497276,0.9868396740815275
5509,F-A1-PORTSCAN-V-03,PortScan,PortScan,RF-v3,0.00966971850722246,0.0034906074112497276,0.9868396740815275
5510,F-A1-PORTSCAN-V-03,PortScan,PortScan,RF-v3,0.00966971850722246,0.0034906074112497276,0.9868396740815275
5511,F-A1-PORTSCAN-V-03,PortScan,PortScan,RF-v3,0.00966971850722246,0.0034906074112497276,0.9868396740815275
5512,F-A1-PORTSCAN-V-03,PortScan,PortScan,RF-v3,0.00966971850722246,0.0034906074112497276,0.9868396740815275
5513,F-A1-PORTSCAN-V-03,PortScan,PortScan,RF-v3,0.00966971850722246,0.0034906074112497276,0.9868396740815275
5514,F-A1-PORTSCAN-V-03,PortScan,PortScan,RF-v3,0.00966971850722246,0.0034906074112497276,0.9868396740815275
5515,F-A1-PORTSCAN-V-03,PortScan,PortScan,RF-v3,0.007765084980849341,0.0016101204881968916,0.9906247945309538
5516,F-A1-PORTSCAN-V-03,PortScan,PortScan,RF-v3,0.00966971850722246,0.0034906074112497276,0.9868396740815275
5517,F-A1-PORTSCAN-V-03,PortScan,PortScan,RF-v3,0.00966971850722246,0.0034906074112497276,0.9868396740815275
5518,F-A1-PORTSCAN-V-03,PortScan,PortScan,RF-v3,0.00966971850722246,0.0034906074112497276,0.9868396740815275
5519,F-A1-PORTSCAN-V-03,PortScan,PortScan,RF-v3,0.007765084980849341,0.0016101204881968916,0.9906247945309538
5520,F-A1-PORTSCAN-V-03,PortScan,PortScan,RF-v3,0.00966971850722246,0.0034906074112497276,0.9868396740815275
5521,F-A1-PORTSCAN-V-03,PortScan,PortScan,RF-v3,0.00966971850722246,0.0034906074112497276,0.9868396740815275
5522,F-A1-PORTSCAN-V-03,PortScan,PortScan,RF-v3,0.00966971850722246,0.0034906074112497276,0.9868396740815275
5523,F-A1-PORTSCAN-V-03,PortScan,PortScan,RF-v3,0.00966971850722246,0.0034906074112497276,0.9868396740815275
5524,F-A1-PORTSCAN-V-03,PortScan,PortScan,RF-v3,0.00966971850722246,0.0034906074112497276,0.9868396740815275
5525,F-A1-PORTSCAN-V-03,PortScan,PortScan,RF-v3,0.00966971850722246,0.0034906074112497276,0.9868396740815275
5526,F-A1-PORTSCAN-V-03,PortScan,PortScan,RF-v3,0.00966971850722246,0.0034906074112497276,0.9868396740815275
5527,F-A1-PORTSCAN-V-03,PortScan,PortScan,RF-v3,0.00966971850722246,0.0034906074112497276,0.9868396740815275
5528,F-A1-PORTSCAN-V-03,PortScan,PortScan,RF-v3,0.00966971850722246,0.0034906074112497276,0.9868396740815275
5529,F-A1-PORTSCAN-V-03,PortScan,PortScan,RF-v3,0.007765084980849341,0.0016101204881968916,0.9906247945309538
5530,F-A1-PORTSCAN-V-03,PortScan,PortScan,RF-v3,0.00966971850722246,0.0034906074112497276,0.9868396740815275
5531,F-A1-PORTSCAN-V-03,PortScan,PortScan,RF-v3,0.00966971850722246,0.0034906074112497276,0.9868396740815275
5532,F-A1-PORTSCAN-V-03,PortScan,PortScan,RF-v3,0.00966971850722246,0.0034906074112497276,0.9868396740815275
5533,F-A1-PORTSCAN-V-03,PortScan,PortScan,RF-v3,0.012506084246095481,0.0016101204881968916,0.9858837952657076
5534,F-A1-PORTSCAN-V-03,PortScan,PortScan,RF-v3,0.00966971850722246,0.0034906074112497276,0.9868396740815275
5535,F-A1-PORTSCAN-V-03,PortScan,PortScan,RF-v3,0.00966971850722246,0.0034906074112497276,0.9868396740815275
5536,F-A1-PORTSCAN-V-03,PortScan,PortScan,RF-v3,0.00966971850722246,0.0034906074112497276,0.9868396740815275
5537,F-A1-PORTSCAN-V-03,PortScan,PortScan,RF-v3,0.00966971850722246,0.0034906074112497276,0.9868396740815275
5538,F-A1-PORTSCAN-V-03,PortScan,PortScan,RF-v3,0.00966971850722246,0.0034906074112497276,0.9868396740815275
5539,F-A1-PORTSCAN-V-03,PortScan,PortScan,RF-v3,0.00966971850722246,0.0034906074112497276,0.9868396740815275
5540,F-A1-PORTSCAN-V-03,PortScan,PortScan,RF-v3,0.00966971850722246,0.0034906074112497276,0.9868396740815275
5541,F-A1-PORTSCAN-V-03,PortScan,PortScan,RF-v3,0.00966971850722246,0.0034906074112497276,0.9868396740815275
5542,F-A1-PORTSCAN-V-03,PortScan,PortScan,RF-v3,0.00966971850722246,0.0034906074112497276,0.9868396740815275
5543,F-A1-PORTSCAN-V-03,PortScan,PortScan,RF-v3,0.00966971850722246,0.0034906074112497276,0.9868396740815275
5544,F-A1-PORTSCAN-V-03,PortScan,PortScan,RF-v3,0.007765084980849341,0.0016101204881968916,0.9906247945309538
5545,F-A1-PORTSCAN-V-03,PortScan,PortScan,RF-v3,0.00966971850722246,0.0034906074112497276,0.9868396740815275
5546,F-A1-PORTSCAN-V-03,PortScan,PortScan,RF-v3,0.00966971850722246,0.0034906074112497276,0.9868396740815275
5547,F-A1-PORTSCAN-V-03,PortScan,PortScan,RF-v3,0.00966971850722246,0.0034906074112497276,0.9868396740815275
5548,F-A1-PORTSCAN-V-03,PortScan,PortScan,RF-v3,0.011733400820822368,0.0016101204881968916,0.9866564786909806
5549,F-A1-PORTSCAN-V-03,PortScan,PortScan,RF-v3,0.007765084980849341,0.0016101204881968916,0.9906247945309538
5550,F-A1-PORTSCAN-V-03,PortScan,PortScan,RF-v3,0.00966971850722246,0.0034906074112497276,0.9868396740815275
5551,F-A1-PORTSCAN-V-03,PortScan,PortScan,RF-v3,0.00966971850722246,0.0034906074112497276,0.9868396740815275
5552,F-A1-PORTSCAN-V-03,PortScan,PortScan,RF-v3,0.00966971850722246,0.0034906074112497276,0.9868396740815275
5553,F-A1-PORTSCAN-V-03,PortScan,PortScan,RF-v3,0.007765084980849341,0.0016101204881968916,0.9906247945309538
5554,F-A1-PORTSCAN-V-03,PortScan,PortScan,RF-v3,0.00966971850722246,0.0034906074112497276,0.9868396740815275
5555,F-A1-PORTSCAN-V-03,PortScan,PortScan,RF-v3,0.00966971850722246,0.0034906074112497276,0.9868396740815275
5556,F-A1-PORTSCAN-V-03,PortScan,PortScan,RF-v3,0.00966971850722246,0.0034906074112497276,0.9868396740815275
5557,F-A1-PORTSCAN-V-03,PortScan,PortScan,RF-v3,0.007765084980849341,0.0016101204881968916,0.9906247945309538
5558,F-A1-PORTSCAN-V-03,PortScan,PortScan,RF-v3,0.00966971850722246,0.0034906074112497276,0.9868396740815275
5559,F-A1-PORTSCAN-V-03,PortScan,PortScan,RF-v3,0.00966971850722246,0.0034906074112497276,0.9868396740815275
5560,F-A1-PORTSCAN-V-03,PortScan,PortScan,RF-v3,0.00966971850722246,0.0034906074112497276,0.9868396740815275
5561,F-A1-PORTSCAN-V-03,PortScan,PortScan,RF-v3,0.00966971850722246,0.0034906074112497276,0.9868396740815275
5562,F-A1-PORTSCAN-V-03,PortScan,PortScan,RF-v3,0.00966971850722246,0.0034906074112497276,0.9868396740815275
5563,F-A1-PORTSCAN-V-03,PortScan,PortScan,RF-v3,0.00966971850722246,0.0034906074112497276,0.9868396740815275
5564,F-A1-PORTSCAN-V-03,PortScan,PortScan,RF-v3,0.011733400820822368,0.0016101204881968916,0.9866564786909806
5565,F-A1-PORTSCAN-V-03,PortScan,PortScan,RF-v3,0.00966971850722246,0.0034906074112497276,0.9868396740815275
5566,F-A1-PORTSCAN-V-03,PortScan,PortScan,RF-v3,0.00966971850722246,0.0034906074112497276,0.9868396740815275
5567,F-A1-PORTSCAN-V-03,PortScan,PortScan,RF-v3,0.00966971850722246,0.0034906074112497276,0.9868396740815275
5568,F-A1-PORTSCAN-V-03,PortScan,PortScan,RF-v3,0.00966971850722246,0.0034906074112497276,0.9868396740815275
5569,F-A1-PORTSCAN-V-03,PortScan,PortScan,RF-v3,0.00966971850722246,0.0034906074112497276,0.9868396740815275
5570,F-A1-PORTSCAN-V-03,PortScan,PortScan,RF-v3,0.00966971850722246,0.0034906074112497276,0.9868396740815275
5571,F-A1-PORTSCAN-V-03,PortScan,PortScan,RF-v3,0.00966971850722246,0.0034906074112497276,0.9868396740815275
5572,F-A1-PORTSCAN-V-03,PortScan,PortScan,RF-v3,0.00966971850722246,0.0034906074112497276,0.9868396740815275
5573,F-A1-PORTSCAN-V-03,PortScan,PortScan,RF-v3,0.00966971850722246,0.0034906074112497276,0.9868396740815275
5574,F-A1-PORTSCAN-V-03,PortScan,PortScan,RF-v3,0.00966971850722246,0.0034906074112497276,0.9868396740815275
5575,F-A1-PORTSCAN-V-03,PortScan,PortScan,RF-v3,0.00966971850722246,0.0034906074112497276,0.9868396740815275
5576,F-A1-PORTSCAN-V-03,PortScan,PortScan,RF-v3,0.00966971850722246,0.0034906074112497276,0.9868396740815275
5577,F-A1-PORTSCAN-V-03,PortScan,PortScan,RF-v3,0.00966971850722246,0.0034906074112497276,0.9868396740815275
5578,F-A1-PORTSCAN-V-03,PortScan,PortScan,RF-v3,0.00966971850722246,0.0034906074112497276,0.9868396740815275
5579,F-A1-PORTSCAN-V-03,PortScan,PortScan,RF-v3,0.00966971850722246,0.0034906074112497276,0.9868396740815275
5580,F-A1-PORTSCAN-V-03,PortScan,PortScan,RF-v3,0.011733400820822368,0.0016101204881968916,0.9866564786909806
5581,F-A1-PORTSCAN-V-03,PortScan,PortScan,RF-v3,0.00966971850722246,0.0034906074112497276,0.9868396740815275
5582,F-A1-PORTSCAN-V-03,PortScan,PortScan,RF-v3,0.011733400820822368,0.0016101204881968916,0.9866564786909806
5583,F-A1-PORTSCAN-V-03,PortScan,PortScan,RF-v3,0.00966971850722246,0.0034906074112497276,0.9868396740815275
5584,F-A1-PORTSCAN-V-03,PortScan,PortScan,RF-v3,0.007765084980849341,0.0016101204881968916,0.9906247945309538
5585,F-A1-PORTSCAN-V-03,PortScan,PortScan,RF-v3,0.00966971850722246,0.0034906074112497276,0.9868396740815275
5586,F-A1-PORTSCAN-V-03,PortScan,PortScan,RF-v3,0.00966971850722246,0.0034906074112497276,0.9868396740815275
5587,F-A1-PORTSCAN-V-03,PortScan,PortScan,RF-v3,0.011733400820822368,0.0016101204881968916,0.9866564786909806
5588,F-A1-PORTSCAN-V-03,PortScan,PortScan,RF-v3,0.00966971850722246,0.0034906074112497276,0.9868396740815275
5589,F-A1-PORTSCAN-V-03,PortScan,PortScan,RF-v3,0.00966971850722246,0.0034906074112497276,0.9868396740815275
5590,F-A1-PORTSCAN-V-03,PortScan,PortScan,RF-v3,0.00966971850722246,0.0034906074112497276,0.9868396740815275
5591,F-A1-PORTSCAN-V-03,PortScan,PortScan,RF-v3,0.00966971850722246,0.0034906074112497276,0.9868396740815275
5592,F-A1-PORTSCAN-V-03,PortScan,PortScan,RF-v3,0.00966971850722246,0.0034906074112497276,0.9868396740815275
5593,F-A1-PORTSCAN-V-03,PortScan,PortScan,RF-v3,0.00966971850722246,0.0034906074112497276,0.9868396740815275
5594,F-A1-PORTSCAN-V-03,PortScan,PortScan,RF-v3,0.00966971850722246,0.0034906074112497276,0.9868396740815275
5595,F-A1-PORTSCAN-V-03,PortScan,PortScan,RF-v3,0.00966971850722246,0.0034906074112497276,0.9868396740815275
5596,F-A1-PORTSCAN-V-03,PortScan,PortScan,RF-v3,0.00966971850722246,0.0034906074112497276,0.9868396740815275
5597,F-A1-PORTSCAN-V-03,PortScan,PortScan,RF-v3,0.00966971850722246,0.0034906074112497276,0.9868396740815275
5598,F-A1-PORTSCAN-V-03,PortScan,PortScan,RF-v3,0.00966971850722246,0.0034906074112497276,0.9868396740815275
5599,F-A1-PORTSCAN-V-03,PortScan,PortScan,RF-v3,0.00966971850722246,0.0034906074112497276,0.9868396740815275
5600,F-A1-PORTSCAN-V-03,PortScan,PortScan,RF-v3,0.010092847134390565,0.0034906074112497276,0.9864165454543595
5601,F-A1-PORTSCAN-V-03,PortScan,PortScan,RF-v3,0.00966971850722246,0.0034906074112497276,0.9868396740815275
5602,F-A1-PORTSCAN-V-03,PortScan,PortScan,RF-v3,0.00966971850722246,0.0034906074112497276,0.9868396740815275
5603,F-A1-PORTSCAN-V-03,PortScan,PortScan,RF-v3,0.007765084980849341,0.0016101204881968916,0.9906247945309538
5604,F-A1-PORTSCAN-V-03,PortScan,PortScan,RF-v3,0.00966971850722246,0.0034906074112497276,0.9868396740815275
5605,F-A1-PORTSCAN-V-03,PortScan,PortScan,RF-v3,0.00966971850722246,0.0034906074112497276,0.9868396740815275
5606,F-A1-PORTSCAN-V-03,PortScan,PortScan,RF-v3,0.00966971850722246,0.0034906074112497276,0.9868396740815275
5607,F-A1-PORTSCAN-V-03,PortScan,PortScan,RF-v3,0.007765084980849341,0.0016101204881968916,0.9906247945309538
5608,F-A1-PORTSCAN-V-03,PortScan,Normal,RF-v3,0.4839551259861387,0.05230476225840821,0.46374011175545315
5609,F-A1-PORTSCAN-V-03,PortScan,PortScan,RF-v3,0.007765084980849341,0.0016101204881968916,0.9906247945309538
5610,F-A1-PORTSCAN-V-03,PortScan,PortScan,RF-v3,0.007932008187120117,0.0016101204881968916,0.9904578713246829
5611,F-A1-PORTSCAN-V-03,PortScan,PortScan,RF-v3,0.00966971850722246,0.0034906074112497276,0.9868396740815275
5612,F-A1-PORTSCAN-V-03,PortScan,PortScan,RF-v3,0.00966971850722246,0.0034906074112497276,0.9868396740815275
5613,F-A1-PORTSCAN-V-03,PortScan,PortScan,RF-v3,0.00966971850722246,0.0034906074112497276,0.9868396740815275
5614,F-A1-PORTSCAN-V-03,PortScan,PortScan,RF-v3,0.00966971850722246,0.0034906074112497276,0.9868396740815275
5615,F-A1-PORTSCAN-V-03,PortScan,PortScan,RF-v3,0.00966971850722246,0.0034906074112497276,0.9868396740815275
5616,F-A1-PORTSCAN-V-03,PortScan,PortScan,RF-v3,0.00966971850722246,0.0034906074112497276,0.9868396740815275
5617,F-A1-PORTSCAN-V-03,PortScan,PortScan,RF-v3,0.00966971850722246,0.0034906074112497276,0.9868396740815275
5618,F-A1-PORTSCAN-V-03,PortScan,PortScan,RF-v3,0.00966971850722246,0.0034906074112497276,0.9868396740815275
5619,F-A1-PORTSCAN-V-03,PortScan,PortScan,RF-v3,0.00966971850722246,0.0034906074112497276,0.9868396740815275
5620,F-A1-PORTSCAN-V-03,PortScan,PortScan,RF-v3,0.011733400820822368,0.0016101204881968916,0.9866564786909806
5621,F-A1-PORTSCAN-V-03,PortScan,PortScan,RF-v3,0.00966971850722246,0.0034906074112497276,0.9868396740815275
5622,F-A1-PORTSCAN-V-03,PortScan,PortScan,RF-v3,0.00966971850722246,0.0034906074112497276,0.9868396740815275
5623,F-A1-PORTSCAN-V-03,PortScan,PortScan,RF-v3,0.00966971850722246,0.0034906074112497276,0.9868396740815275
5624,F-A1-PORTSCAN-V-03,PortScan,PortScan,RF-v3,0.007765084980849341,0.0016101204881968916,0.9906247945309538
5625,F-A1-PORTSCAN-V-03,PortScan,PortScan,RF-v3,0.00966971850722246,0.0034906074112497276,0.9868396740815275
5626,F-A1-PORTSCAN-V-03,PortScan,PortScan,RF-v3,0.00966971850722246,0.0034906074112497276,0.9868396740815275
5627,F-A1-PORTSCAN-V-03,PortScan,PortScan,RF-v3,0.00966971850722246,0.0034906074112497276,0.9868396740815275
5628,F-A1-PORTSCAN-V-03,PortScan,PortScan,RF-v3,0.007765084980849341,0.0016101204881968916,0.9906247945309538
5629,F-A1-PORTSCAN-V-03,PortScan,PortScan,RF-v3,0.00966971850722246,0.0034906074112497276,0.9868396740815275
5630,F-A1-PORTSCAN-V-03,PortScan,PortScan,RF-v3,0.00966971850722246,0.0034906074112497276,0.9868396740815275
5631,F-A1-PORTSCAN-V-03,PortScan,PortScan,RF-v3,0.00966971850722246,0.0034906074112497276,0.9868396740815275
5632,F-A1-PORTSCAN-V-03,PortScan,PortScan,RF-v3,0.00966971850722246,0.0034906074112497276,0.9868396740815275
5633,F-A1-PORTSCAN-V-03,PortScan,PortScan,RF-v3,0.007765084980849341,0.0016101204881968916,0.9906247945309538
5634,F-A1-PORTSCAN-V-03,PortScan,PortScan,RF-v3,0.00966971850722246,0.0034906074112497276,0.9868396740815275
5635,F-A1-PORTSCAN-V-03,PortScan,PortScan,RF-v3,0.00966971850722246,0.0034906074112497276,0.9868396740815275
5636,F-A1-PORTSCAN-V-03,PortScan,PortScan,RF-v3,0.007765084980849341,0.0016101204881968916,0.9906247945309538
5637,F-A1-PORTSCAN-V-03,PortScan,PortScan,RF-v3,0.007932008187120117,0.0016101204881968916,0.9904578713246829
5638,F-A1-PORTSCAN-V-03,PortScan,PortScan,RF-v3,0.00966971850722246,0.0034906074112497276,0.9868396740815275
5639,F-A1-PORTSCAN-V-03,PortScan,PortScan,RF-v3,0.00966971850722246,0.0034906074112497276,0.9868396740815275
5640,F-A1-PORTSCAN-V-03,PortScan,PortScan,RF-v3,0.007765084980849341,0.0016101204881968916,0.9906247945309538
5641,F-A1-PORTSCAN-V-03,PortScan,PortScan,RF-v3,0.007765084980849341,0.0016101204881968916,0.9906247945309538
5642,F-A1-PORTSCAN-V-03,PortScan,PortScan,RF-v3,0.00966971850722246,0.0034906074112497276,0.9868396740815275
5643,F-A1-PORTSCAN-V-03,PortScan,PortScan,RF-v3,0.00966971850722246,0.0034906074112497276,0.9868396740815275
5644,F-A1-PORTSCAN-V-03,PortScan,PortScan,RF-v3,0.00966971850722246,0.0034906074112497276,0.9868396740815275
5645,F-A1-PORTSCAN-V-03,PortScan,PortScan,RF-v3,0.00966971850722246,0.0034906074112497276,0.9868396740815275
5646,F-A1-PORTSCAN-V-03,PortScan,PortScan,RF-v3,0.00966971850722246,0.0034906074112497276,0.9868396740815275
5647,F-A1-PORTSCAN-V-03,PortScan,PortScan,RF-v3,0.00966971850722246,0.0034906074112497276,0.9868396740815275
5648,F-A1-PORTSCAN-V-03,PortScan,PortScan,RF-v3,0.00966971850722246,0.0034906074112497276,0.9868396740815275
5649,F-A1-PORTSCAN-V-03,PortScan,PortScan,RF-v3,0.00966971850722246,0.0034906074112497276,0.9868396740815275
5650,F-A1-PORTSCAN-V-03,PortScan,PortScan,RF-v3,0.00966971850722246,0.0034906074112497276,0.9868396740815275
5651,F-A1-PORTSCAN-V-03,PortScan,PortScan,RF-v3,0.00966971850722246,0.0034906074112497276,0.9868396740815275
5652,F-A1-PORTSCAN-V-03,PortScan,PortScan,RF-v3,0.00966971850722246,0.0034906074112497276,0.9868396740815275
5653,F-A1-PORTSCAN-V-03,PortScan,PortScan,RF-v3,0.00966971850722246,0.0034906074112497276,0.9868396740815275
5654,F-A1-PORTSCAN-V-03,PortScan,PortScan,RF-v3,0.007765084980849341,0.0016101204881968916,0.9906247945309538
5655,F-A1-PORTSCAN-V-03,PortScan,PortScan,RF-v3,0.00966971850722246,0.0034906074112497276,0.9868396740815275
5656,F-A1-PORTSCAN-V-03,PortScan,PortScan,RF-v3,0.00966971850722246,0.0034906074112497276,0.9868396740815275
5657,F-A1-PORTSCAN-V-03,PortScan,PortScan,RF-v3,0.00966971850722246,0.0034906074112497276,0.9868396740815275
5658,F-A1-PORTSCAN-V-03,PortScan,PortScan,RF-v3,0.007765084980849341,0.0016101204881968916,0.9906247945309538
5659,F-A1-PORTSCAN-V-03,PortScan,PortScan,RF-v3,0.011733400820822368,0.0016101204881968916,0.9866564786909806
5660,F-A1-PORTSCAN-V-03,PortScan,PortScan,RF-v3,0.00966971850722246,0.0034906074112497276,0.9868396740815275
5661,F-A1-PORTSCAN-V-03,PortScan,PortScan,RF-v3,0.00966971850722246,0.0034906074112497276,0.9868396740815275
5662,F-A1-PORTSCAN-V-03,PortScan,PortScan,RF-v3,0.00966971850722246,0.0034906074112497276,0.9868396740815275
5663,F-A1-PORTSCAN-V-03,PortScan,PortScan,RF-v3,0.00966971850722246,0.0034906074112497276,0.9868396740815275
5664,F-A1-PORTSCAN-V-03,PortScan,PortScan,RF-v3,0.007932008187120117,0.0016101204881968916,0.9904578713246829
5665,F-A1-PORTSCAN-V-03,PortScan,PortScan,RF-v3,0.00966971850722246,0.0034906074112497276,0.9868396740815275
5666,F-A1-PORTSCAN-V-03,PortScan,PortScan,RF-v3,0.00966971850722246,0.0034906074112497276,0.9868396740815275
5667,F-A1-PORTSCAN-V-03,PortScan,PortScan,RF-v3,0.00966971850722246,0.0034906074112497276,0.9868396740815275
5668,F-A1-PORTSCAN-V-03,PortScan,PortScan,RF-v3,0.00966971850722246,0.0034906074112497276,0.9868396740815275
5669,F-A1-PORTSCAN-V-03,PortScan,PortScan,RF-v3,0.007932008187120117,0.0016101204881968916,0.9904578713246829
5670,F-A1-PORTSCAN-V-03,PortScan,PortScan,RF-v3,0.00966971850722246,0.0034906074112497276,0.9868396740815275
5671,F-A1-PORTSCAN-V-03,PortScan,PortScan,RF-v3,0.00966971850722246,0.0034906074112497276,0.9868396740815275
5672,F-A1-PORTSCAN-V-03,PortScan,PortScan,RF-v3,0.00966971850722246,0.0034906074112497276,0.9868396740815275
5673,F-A1-PORTSCAN-V-03,PortScan,PortScan,RF-v3,0.00966971850722246,0.0034906074112497276,0.9868396740815275
5674,F-A1-PORTSCAN-V-03,PortScan,PortScan,RF-v3,0.00966971850722246,0.0034906074112497276,0.9868396740815275
5675,F-A1-PORTSCAN-V-03,PortScan,PortScan,RF-v3,0.00966971850722246,0.0034906074112497276,0.9868396740815275
5676,F-A1-PORTSCAN-V-03,PortScan,PortScan,RF-v3,0.00966971850722246,0.0034906074112497276,0.9868396740815275
5677,F-A1-PORTSCAN-V-03,PortScan,PortScan,RF-v3,0.007765084980849341,0.0016101204881968916,0.9906247945309538
5678,F-A1-PORTSCAN-V-03,PortScan,PortScan,RF-v3,0.00966971850722246,0.0034906074112497276,0.9868396740815275
5679,F-A1-PORTSCAN-V-03,PortScan,PortScan,RF-v3,0.00966971850722246,0.0034906074112497276,0.9868396740815275
5680,F-A1-PORTSCAN-V-03,PortScan,PortScan,RF-v3,0.00966971850722246,0.0034906074112497276,0.9868396740815275
5681,F-A1-PORTSCAN-V-03,PortScan,PortScan,RF-v3,0.00966971850722246,0.0034906074112497276,0.9868396740815275
5682,F-A1-PORTSCAN-V-03,PortScan,PortScan,RF-v3,0.00966971850722246,0.0034906074112497276,0.9868396740815275
5683,F-A1-PORTSCAN-V-03,PortScan,PortScan,RF-v3,0.00966971850722246,0.0034906074112497276,0.9868396740815275
5684,F-A1-PORTSCAN-V-03,PortScan,PortScan,RF-v3,0.00966971850722246,0.0034906074112497276,0.9868396740815275
5685,F-A1-PORTSCAN-V-03,PortScan,PortScan,RF-v3,0.00966971850722246,0.0034906074112497276,0.9868396740815275
5686,F-A1-PORTSCAN-V-03,PortScan,PortScan,RF-v3,0.019117256184497885,0.0034906074112497276,0.977392136404252
5687,F-A1-PORTSCAN-V-03,PortScan,PortScan,RF-v3,0.00966971850722246,0.0034906074112497276,0.9868396740815275
5688,F-A1-PORTSCAN-V-03,PortScan,PortScan,RF-v3,0.007932008187120117,0.0016101204881968916,0.9904578713246829
5689,F-A1-PORTSCAN-V-03,PortScan,PortScan,RF-v3,0.00966971850722246,0.0034906074112497276,0.9868396740815275
5690,F-A1-PORTSCAN-V-03,PortScan,PortScan,RF-v3,0.00966971850722246,0.0034906074112497276,0.9868396740815275
5691,F-A1-PORTSCAN-V-03,PortScan,PortScan,RF-v3,0.00966971850722246,0.0034906074112497276,0.9868396740815275
5692,F-A1-PORTSCAN-V-03,PortScan,PortScan,RF-v3,0.007765084980849341,0.0016101204881968916,0.9906247945309538
5693,F-A1-PORTSCAN-V-03,PortScan,PortScan,RF-v3,0.00966971850722246,0.0034906074112497276,0.9868396740815275
5694,F-A1-PORTSCAN-V-03,PortScan,PortScan,RF-v3,0.00966971850722246,0.0034906074112497276,0.9868396740815275
5695,F-A1-PORTSCAN-V-03,PortScan,PortScan,RF-v3,0.00966971850722246,0.0034906074112497276,0.9868396740815275
5696,F-A1-PORTSCAN-V-03,PortScan,PortScan,RF-v3,0.00966971850722246,0.0034906074112497276,0.9868396740815275
5697,F-A1-PORTSCAN-V-03,PortScan,PortScan,RF-v3,0.00966971850722246,0.0034906074112497276,0.9868396740815275
5698,F-A1-PORTSCAN-V-03,PortScan,PortScan,RF-v3,0.00966971850722246,0.0034906074112497276,0.9868396740815275
5699,F-A1-PORTSCAN-V-03,PortScan,PortScan,RF-v3,0.00966971850722246,0.0034906074112497276,0.9868396740815275
5700,F-A1-PORTSCAN-V-03,PortScan,PortScan,RF-v3,0.00966971850722246,0.0034906074112497276,0.9868396740815275
5701,F-A1-PORTSCAN-V-03,PortScan,PortScan,RF-v3,0.00966971850722246,0.0034906074112497276,0.9868396740815275
5702,F-A1-PORTSCAN-V-03,PortScan,PortScan,RF-v3,0.012506084246095481,0.0016101204881968916,0.9858837952657076
5703,F-A1-PORTSCAN-V-03,PortScan,PortScan,RF-v3,0.011733400820822368,0.0016101204881968916,0.9866564786909806
5704,F-A1-PORTSCAN-V-03,PortScan,PortScan,RF-v3,0.00966971850722246,0.0034906074112497276,0.9868396740815275
5705,F-A1-PORTSCAN-V-03,PortScan,PortScan,RF-v3,0.00966971850722246,0.0034906074112497276,0.9868396740815275
5706,F-A1-PORTSCAN-V-03,PortScan,PortScan,RF-v3,0.00966971850722246,0.0034906074112497276,0.9868396740815275
5707,F-A1-PORTSCAN-V-03,PortScan,PortScan,RF-v3,0.00966971850722246,0.0034906074112497276,0.9868396740815275
5708,F-A1-PORTSCAN-V-03,PortScan,PortScan,RF-v3,0.00966971850722246,0.0034906074112497276,0.9868396740815275
5709,F-A1-PORTSCAN-V-03,PortScan,PortScan,RF-v3,0.00966971850722246,0.0034906074112497276,0.9868396740815275
5710,F-A1-PORTSCAN-V-03,PortScan,PortScan,RF-v3,0.00966971850722246,0.0034906074112497276,0.9868396740815275
5711,F-A1-PORTSCAN-V-03,PortScan,PortScan,RF-v3,0.00966971850722246,0.0034906074112497276,0.9868396740815275
5712,F-A1-PORTSCAN-V-03,PortScan,PortScan,RF-v3,0.00966971850722246,0.0034906074112497276,0.9868396740815275
5713,F-A1-PORTSCAN-V-03,PortScan,PortScan,RF-v3,0.014177228112531574,0.0034906074112497276,0.9823321644762184
5714,F-A1-PORTSCAN-V-03,PortScan,PortScan,RF-v3,0.00966971850722246,0.0034906074112497276,0.9868396740815275
5715,F-A1-PORTSCAN-V-03,PortScan,PortScan,RF-v3,0.00966971850722246,0.0034906074112497276,0.9868396740815275
5716,F-A1-PORTSCAN-V-03,PortScan,PortScan,RF-v3,0.00966971850722246,0.0034906074112497276,0.9868396740815275
5717,F-A1-PORTSCAN-V-03,PortScan,PortScan,RF-v3,0.007765084980849341,0.0016101204881968916,0.9906247945309538
5718,F-A1-PORTSCAN-V-03,PortScan,PortScan,RF-v3,0.00966971850722246,0.0034906074112497276,0.9868396740815275
5719,F-A1-PORTSCAN-V-03,PortScan,PortScan,RF-v3,0.00966971850722246,0.0034906074112497276,0.9868396740815275
5720,F-A1-PORTSCAN-V-03,PortScan,PortScan,RF-v3,0.00966971850722246,0.0034906074112497276,0.9868396740815275
5721,F-A1-PORTSCAN-V-03,PortScan,PortScan,RF-v3,0.00966971850722246,0.0034906074112497276,0.9868396740815275
5722,F-A1-PORTSCAN-V-03,PortScan,PortScan,RF-v3,0.00966971850722246,0.0034906074112497276,0.9868396740815275
5723,F-A1-PORTSCAN-V-03,PortScan,PortScan,RF-v3,0.00966971850722246,0.0034906074112497276,0.9868396740815275
5724,F-A1-PORTSCAN-V-03,PortScan,PortScan,RF-v3,0.00966971850722246,0.0034906074112497276,0.9868396740815275
5725,F-A1-PORTSCAN-V-03,PortScan,PortScan,RF-v3,0.00966971850722246,0.0034906074112497276,0.9868396740815275
5726,F-A1-PORTSCAN-V-03,PortScan,PortScan,RF-v3,0.00966971850722246,0.0034906074112497276,0.9868396740815275
5727,F-A1-PORTSCAN-V-03,PortScan,PortScan,RF-v3,0.00966971850722246,0.0034906074112497276,0.9868396740815275
5728,F-A1-PORTSCAN-V-03,PortScan,PortScan,RF-v3,0.00966971850722246,0.0034906074112497276,0.9868396740815275
5729,F-A1-PORTSCAN-V-03,PortScan,PortScan,RF-v3,0.007765084980849341,0.0016101204881968916,0.9906247945309538
5730,F-A1-PORTSCAN-V-03,PortScan,PortScan,RF-v3,0.00966971850722246,0.0034906074112497276,0.9868396740815275
5731,F-A1-PORTSCAN-V-03,PortScan,PortScan,RF-v3,0.00966971850722246,0.0034906074112497276,0.9868396740815275
5732,F-A1-PORTSCAN-V-03,PortScan,PortScan,RF-v3,0.00966971850722246,0.0034906074112497276,0.9868396740815275
5733,F-A1-PORTSCAN-V-03,PortScan,PortScan,RF-v3,0.00966971850722246,0.0034906074112497276,0.9868396740815275
5734,F-A1-PORTSCAN-V-03,PortScan,PortScan,RF-v3,0.007765084980849341,0.0016101204881968916,0.9906247945309538
5735,F-A1-PORTSCAN-V-03,PortScan,PortScan,RF-v3,0.00966971850722246,0.0034906074112497276,0.9868396740815275
5736,F-A1-PORTSCAN-V-03,PortScan,PortScan,RF-v3,0.00966971850722246,0.0034906074112497276,0.9868396740815275
5737,F-A1-PORTSCAN-V-03,PortScan,PortScan,RF-v3,0.00966971850722246,0.0034906074112497276,0.9868396740815275
5738,F-A1-PORTSCAN-V-03,PortScan,PortScan,RF-v3,0.00966971850722246,0.0034906074112497276,0.9868396740815275
5739,F-A1-PORTSCAN-V-03,PortScan,PortScan,RF-v3,0.00966971850722246,0.0034906074112497276,0.9868396740815275
5740,F-A1-PORTSCAN-V-03,PortScan,PortScan,RF-v3,0.007765084980849341,0.0016101204881968916,0.9906247945309538
5741,F-A1-PORTSCAN-V-03,PortScan,PortScan,RF-v3,0.007765084980849341,0.0016101204881968916,0.9906247945309538
5742,F-A1-PORTSCAN-V-03,PortScan,PortScan,RF-v3,0.007932008187120117,0.0016101204881968916,0.9904578713246829
5743,F-A1-PORTSCAN-V-03,PortScan,PortScan,RF-v3,0.00966971850722246,0.0034906074112497276,0.9868396740815275
5744,F-A1-PORTSCAN-V-03,PortScan,PortScan,RF-v3,0.011733400820822368,0.0016101204881968916,0.9866564786909806
5745,F-A1-PORTSCAN-V-03,PortScan,PortScan,RF-v3,0.00966971850722246,0.0034906074112497276,0.9868396740815275
5746,F-A1-PORTSCAN-V-03,PortScan,PortScan,RF-v3,0.007765084980849341,0.0016101204881968916,0.9906247945309538
5747,F-A1-PORTSCAN-V-03,PortScan,PortScan,RF-v3,0.007765084980849341,0.0016101204881968916,0.9906247945309538
5748,F-A1-PORTSCAN-V-03,PortScan,PortScan,RF-v3,0.007765084980849341,0.0016101204881968916,0.9906247945309538
5749,F-A1-PORTSCAN-V-03,PortScan,PortScan,RF-v3,0.00966971850722246,0.0034906074112497276,0.9868396740815275
5750,F-A1-PORTSCAN-V-03,PortScan,PortScan,RF-v3,0.00966971850722246,0.0034906074112497276,0.9868396740815275
5751,F-A1-PORTSCAN-V-03,PortScan,PortScan,RF-v3,0.00966971850722246,0.0034906074112497276,0.9868396740815275
5752,F-A1-PORTSCAN-V-03,PortScan,PortScan,RF-v3,0.00966971850722246,0.0034906074112497276,0.9868396740815275
5753,F-A1-PORTSCAN-V-03,PortScan,PortScan,RF-v3,0.007765084980849341,0.0016101204881968916,0.9906247945309538
5754,F-A1-PORTSCAN-V-03,PortScan,PortScan,RF-v3,0.00966971850722246,0.0034906074112497276,0.9868396740815275
5755,F-A1-PORTSCAN-V-03,PortScan,PortScan,RF-v3,0.00966971850722246,0.0034906074112497276,0.9868396740815275
5756,F-A1-PORTSCAN-V-03,PortScan,PortScan,RF-v3,0.00966971850722246,0.0034906074112497276,0.9868396740815275
5757,F-A1-PORTSCAN-V-03,PortScan,PortScan,RF-v3,0.00966971850722246,0.0034906074112497276,0.9868396740815275
5758,F-A1-PORTSCAN-V-03,PortScan,PortScan,RF-v3,0.007765084980849341,0.0016101204881968916,0.9906247945309538
5759,F-A1-PORTSCAN-V-03,PortScan,PortScan,RF-v3,0.00966971850722246,0.0034906074112497276,0.9868396740815275
5760,F-A1-PORTSCAN-V-03,PortScan,PortScan,RF-v3,0.007765084980849341,0.0016101204881968916,0.9906247945309538
5761,F-A1-PORTSCAN-V-03,PortScan,PortScan,RF-v3,0.00966971850722246,0.0034906074112497276,0.9868396740815275
5762,F-A1-PORTSCAN-V-03,PortScan,PortScan,RF-v3,0.00966971850722246,0.0034906074112497276,0.9868396740815275
5763,F-A1-PORTSCAN-V-03,PortScan,PortScan,RF-v3,0.00966971850722246,0.0034906074112497276,0.9868396740815275
5764,F-A1-PORTSCAN-V-03,PortScan,PortScan,RF-v3,0.00966971850722246,0.0034906074112497276,0.9868396740815275
5765,F-A1-PORTSCAN-V-03,PortScan,PortScan,RF-v3,0.014177228112531574,0.0034906074112497276,0.9823321644762184
5766,F-A1-PORTSCAN-V-03,PortScan,PortScan,RF-v3,0.00966971850722246,0.0034906074112497276,0.9868396740815275
5767,F-A1-PORTSCAN-V-03,PortScan,PortScan,RF-v3,0.00966971850722246,0.0034906074112497276,0.9868396740815275
5768,F-A1-PORTSCAN-V-03,PortScan,PortScan,RF-v3,0.00966971850722246,0.0034906074112497276,0.9868396740815275
5769,F-A1-PORTSCAN-V-03,PortScan,PortScan,RF-v3,0.00966971850722246,0.0034906074112497276,0.9868396740815275
5770,F-A1-PORTSCAN-V-03,PortScan,PortScan,RF-v3,0.011733400820822368,0.0016101204881968916,0.9866564786909806
5771,F-A1-PORTSCAN-V-03,PortScan,PortScan,RF-v3,0.00966971850722246,0.0034906074112497276,0.9868396740815275
5772,F-A1-PORTSCAN-V-03,PortScan,PortScan,RF-v3,0.00966971850722246,0.0034906074112497276,0.9868396740815275
5773,F-A1-PORTSCAN-V-03,PortScan,PortScan,RF-v3,0.00966971850722246,0.0034906074112497276,0.9868396740815275
5774,F-A1-PORTSCAN-V-03,PortScan,PortScan,RF-v3,0.00966971850722246,0.0034906074112497276,0.9868396740815275
5775,F-A1-PORTSCAN-V-03,PortScan,PortScan,RF-v3,0.00966971850722246,0.0034906074112497276,0.9868396740815275
5776,F-A1-PORTSCAN-V-03,PortScan,PortScan,RF-v3,0.00966971850722246,0.0034906074112497276,0.9868396740815275
5777,F-A1-PORTSCAN-V-03,PortScan,PortScan,RF-v3,0.00966971850722246,0.0034906074112497276,0.9868396740815275
5778,F-A1-PORTSCAN-V-03,PortScan,PortScan,RF-v3,0.00966971850722246,0.0034906074112497276,0.9868396740815275
5779,F-A1-PORTSCAN-V-03,PortScan,PortScan,RF-v3,0.007765084980849341,0.0016101204881968916,0.9906247945309538
5780,F-A1-PORTSCAN-V-03,PortScan,PortScan,RF-v3,0.00966971850722246,0.0034906074112497276,0.9868396740815275
5781,F-A1-PORTSCAN-V-03,PortScan,PortScan,RF-v3,0.00966971850722246,0.0034906074112497276,0.9868396740815275
5782,F-A1-PORTSCAN-V-03,PortScan,PortScan,RF-v3,0.00966971850722246,0.0034906074112497276,0.9868396740815275
5783,F-A1-PORTSCAN-V-03,PortScan,PortScan,RF-v3,0.00966971850722246,0.0034906074112497276,0.9868396740815275
5784,F-A1-PORTSCAN-V-03,PortScan,PortScan,RF-v3,0.007932008187120117,0.0016101204881968916,0.9904578713246829
5785,F-A1-PORTSCAN-V-03,PortScan,PortScan,RF-v3,0.00966971850722246,0.0034906074112497276,0.9868396740815275
5786,F-A1-PORTSCAN-V-03,PortScan,PortScan,RF-v3,0.00966971850722246,0.0034906074112497276,0.9868396740815275
5787,F-A1-PORTSCAN-V-03,PortScan,PortScan,RF-v3,0.00966971850722246,0.0034906074112497276,0.9868396740815275
5788,F-A1-PORTSCAN-V-03,PortScan,PortScan,RF-v3,0.00966971850722246,0.0034906074112497276,0.9868396740815275
5789,F-A1-PORTSCAN-V-03,PortScan,PortScan,RF-v3,0.00966971850722246,0.0034906074112497276,0.9868396740815275
5790,F-A1-PORTSCAN-V-03,PortScan,PortScan,RF-v3,0.00966971850722246,0.0034906074112497276,0.9868396740815275
5791,F-A1-PORTSCAN-V-03,PortScan,PortScan,RF-v3,0.00966971850722246,0.0034906074112497276,0.9868396740815275
5792,F-A1-PORTSCAN-V-03,PortScan,PortScan,RF-v3,0.00966971850722246,0.0034906074112497276,0.9868396740815275
5793,F-A1-PORTSCAN-V-03,PortScan,PortScan,RF-v3,0.00966971850722246,0.0034906074112497276,0.9868396740815275
5794,F-A1-PORTSCAN-V-03,PortScan,PortScan,RF-v3,0.00966971850722246,0.0034906074112497276,0.9868396740815275
5795,F-A1-PORTSCAN-V-03,PortScan,PortScan,RF-v3,0.007932008187120117,0.0016101204881968916,0.9904578713246829
5796,F-A1-PORTSCAN-V-03,PortScan,PortScan,RF-v3,0.011733400820822368,0.0016101204881968916,0.9866564786909806
5797,F-A1-PORTSCAN-V-03,PortScan,PortScan,RF-v3,0.00966971850722246,0.0034906074112497276,0.9868396740815275
5798,F-A1-PORTSCAN-V-03,PortScan,PortScan,RF-v3,0.00966971850722246,0.0034906074112497276,0.9868396740815275
5799,F-A1-PORTSCAN-V-03,PortScan,PortScan,RF-v3,0.011733400820822368,0.0016101204881968916,0.9866564786909806
5800,F-A1-PORTSCAN-V-03,PortScan,PortScan,RF-v3,0.007765084980849341,0.0016101204881968916,0.9906247945309538
5801,F-A1-PORTSCAN-V-03,PortScan,PortScan,RF-v3,0.00966971850722246,0.0034906074112497276,0.9868396740815275
5802,F-A1-PORTSCAN-V-03,PortScan,PortScan,RF-v3,0.00966971850722246,0.0034906074112497276,0.9868396740815275
5803,F-A1-PORTSCAN-V-03,PortScan,PortScan,RF-v3,0.00966971850722246,0.0034906074112497276,0.9868396740815275
5804,F-A1-PORTSCAN-V-03,PortScan,PortScan,RF-v3,0.00966971850722246,0.0034906074112497276,0.9868396740815275
5805,F-A1-PORTSCAN-V-03,PortScan,PortScan,RF-v3,0.011733400820822368,0.0016101204881968916,0.9866564786909806
5806,F-A1-PORTSCAN-V-03,PortScan,PortScan,RF-v3,0.00966971850722246,0.0034906074112497276,0.9868396740815275
5807,F-A1-PORTSCAN-V-03,PortScan,PortScan,RF-v3,0.007765084980849341,0.0016101204881968916,0.9906247945309538
5808,F-A1-PORTSCAN-V-03,PortScan,PortScan,RF-v3,0.00966971850722246,0.0034906074112497276,0.9868396740815275
5809,F-A1-PORTSCAN-V-03,PortScan,PortScan,RF-v3,0.00966971850722246,0.0034906074112497276,0.9868396740815275
5810,F-A1-PORTSCAN-V-03,PortScan,PortScan,RF-v3,0.00966971850722246,0.0034906074112497276,0.9868396740815275
5811,F-A1-PORTSCAN-V-03,PortScan,PortScan,RF-v3,0.00966971850722246,0.0034906074112497276,0.9868396740815275
5812,F-A1-PORTSCAN-V-03,PortScan,PortScan,RF-v3,0.00966971850722246,0.0034906074112497276,0.9868396740815275
5813,F-A1-PORTSCAN-V-03,PortScan,PortScan,RF-v3,0.00966971850722246,0.0034906074112497276,0.9868396740815275
5814,F-A1-PORTSCAN-V-03,PortScan,PortScan,RF-v3,0.007765084980849341,0.0016101204881968916,0.9906247945309538
5815,F-A1-PORTSCAN-V-03,PortScan,PortScan,RF-v3,0.00966971850722246,0.0034906074112497276,0.9868396740815275
5816,F-A1-PORTSCAN-V-03,PortScan,PortScan,RF-v3,0.00966971850722246,0.0034906074112497276,0.9868396740815275
5817,F-A1-PORTSCAN-V-03,PortScan,PortScan,RF-v3,0.00966971850722246,0.0034906074112497276,0.9868396740815275
5818,F-A1-PORTSCAN-V-03,PortScan,PortScan,RF-v3,0.007765084980849341,0.0016101204881968916,0.9906247945309538
5819,F-A1-PORTSCAN-V-03,PortScan,PortScan,RF-v3,0.00966971850722246,0.0034906074112497276,0.9868396740815275
5820,F-A1-PORTSCAN-V-03,PortScan,PortScan,RF-v3,0.00966971850722246,0.0034906074112497276,0.9868396740815275
5821,F-A1-PORTSCAN-V-03,PortScan,PortScan,RF-v3,0.007765084980849341,0.0016101204881968916,0.9906247945309538
5822,F-A1-PORTSCAN-V-03,PortScan,PortScan,RF-v3,0.011733400820822368,0.0016101204881968916,0.9866564786909806
5823,F-A1-PORTSCAN-V-03,PortScan,PortScan,RF-v3,0.007765084980849341,0.0016101204881968916,0.9906247945309538
5824,F-A1-PORTSCAN-V-03,PortScan,PortScan,RF-v3,0.00966971850722246,0.0034906074112497276,0.9868396740815275
5825,F-A1-PORTSCAN-V-03,PortScan,PortScan,RF-v3,0.00966971850722246,0.0034906074112497276,0.9868396740815275
5826,F-A1-PORTSCAN-V-03,PortScan,PortScan,RF-v3,0.00966971850722246,0.0034906074112497276,0.9868396740815275
5827,F-A1-PORTSCAN-V-03,PortScan,PortScan,RF-v3,0.00966971850722246,0.0034906074112497276,0.9868396740815275
5828,F-A1-PORTSCAN-V-03,PortScan,PortScan,RF-v3,0.00966971850722246,0.0034906074112497276,0.9868396740815275
5829,F-A1-PORTSCAN-V-03,PortScan,PortScan,RF-v3,0.011733400820822368,0.0016101204881968916,0.9866564786909806
5830,F-A1-PORTSCAN-V-03,PortScan,PortScan,RF-v3,0.00966971850722246,0.0034906074112497276,0.9868396740815275
5831,F-A1-PORTSCAN-V-03,PortScan,PortScan,RF-v3,0.00966971850722246,0.0034906074112497276,0.9868396740815275
5832,F-A1-PORTSCAN-V-03,PortScan,PortScan,RF-v3,0.00966971850722246,0.0034906074112497276,0.9868396740815275
5833,F-A1-PORTSCAN-V-03,PortScan,PortScan,RF-v3,0.00966971850722246,0.0034906074112497276,0.9868396740815275
5834,F-A1-PORTSCAN-V-03,PortScan,PortScan,RF-v3,0.00966971850722246,0.0034906074112497276,0.9868396740815275
5835,F-A1-PORTSCAN-V-03,PortScan,PortScan,RF-v3,0.00966971850722246,0.0034906074112497276,0.9868396740815275
5836,F-A1-PORTSCAN-V-03,PortScan,PortScan,RF-v3,0.00966971850722246,0.0034906074112497276,0.9868396740815275
5837,F-A1-PORTSCAN-V-03,PortScan,PortScan,RF-v3,0.00966971850722246,0.0034906074112497276,0.9868396740815275
5838,F-A1-PORTSCAN-V-03,PortScan,PortScan,RF-v3,0.00966971850722246,0.0034906074112497276,0.9868396740815275
5839,F-A1-PORTSCAN-V-03,PortScan,PortScan,RF-v3,0.00966971850722246,0.0034906074112497276,0.9868396740815275
5840,F-A1-PORTSCAN-V-03,PortScan,PortScan,RF-v3,0.00966971850722246,0.0034906074112497276,0.9868396740815275
5841,F-A1-PORTSCAN-V-03,PortScan,PortScan,RF-v3,0.00966971850722246,0.0034906074112497276,0.9868396740815275
5842,F-A1-PORTSCAN-V-03,PortScan,PortScan,RF-v3,0.00966971850722246,0.0034906074112497276,0.9868396740815275
5843,F-A1-PORTSCAN-V-03,PortScan,PortScan,RF-v3,0.00966971850722246,0.0034906074112497276,0.9868396740815275
5844,F-A1-PORTSCAN-V-03,PortScan,PortScan,RF-v3,0.00966971850722246,0.0034906074112497276,0.9868396740815275
5845,F-A1-PORTSCAN-V-03,PortScan,PortScan,RF-v3,0.00966971850722246,0.0034906074112497276,0.9868396740815275
5846,F-A1-PORTSCAN-V-03,PortScan,PortScan,RF-v3,0.007765084980849341,0.0016101204881968916,0.9906247945309538
5847,F-A1-PORTSCAN-V-03,PortScan,PortScan,RF-v3,0.00966971850722246,0.0034906074112497276,0.9868396740815275
5848,F-A1-PORTSCAN-V-03,PortScan,PortScan,RF-v3,0.00966971850722246,0.0034906074112497276,0.9868396740815275
5849,F-A1-PORTSCAN-V-03,PortScan,PortScan,RF-v3,0.00966971850722246,0.0034906074112497276,0.9868396740815275
5850,F-A1-PORTSCAN-V-03,PortScan,PortScan,RF-v3,0.007765084980849341,0.0016101204881968916,0.9906247945309538
5851,F-A1-PORTSCAN-V-03,PortScan,PortScan,RF-v3,0.007765084980849341,0.0016101204881968916,0.9906247945309538
5852,F-A1-PORTSCAN-V-03,PortScan,PortScan,RF-v3,0.00966971850722246,0.0034906074112497276,0.9868396740815275
5853,F-A1-PORTSCAN-V-03,PortScan,PortScan,RF-v3,0.00966971850722246,0.0034906074112497276,0.9868396740815275
5854,F-A1-PORTSCAN-V-03,PortScan,PortScan,RF-v3,0.00966971850722246,0.0034906074112497276,0.9868396740815275
5855,F-A1-PORTSCAN-V-03,PortScan,PortScan,RF-v3,0.00966971850722246,0.0034906074112497276,0.9868396740815275
5856,F-A1-PORTSCAN-V-03,PortScan,PortScan,RF-v3,0.00966971850722246,0.0034906074112497276,0.9868396740815275
5857,F-A1-PORTSCAN-V-03,PortScan,PortScan,RF-v3,0.00966971850722246,0.0034906074112497276,0.9868396740815275
5858,F-A1-PORTSCAN-V-03,PortScan,PortScan,RF-v3,0.00966971850722246,0.0034906074112497276,0.9868396740815275
5859,F-A1-PORTSCAN-V-03,PortScan,PortScan,RF-v3,0.00966971850722246,0.0034906074112497276,0.9868396740815275
5860,F-A1-PORTSCAN-V-03,PortScan,PortScan,RF-v3,0.007765084980849341,0.0016101204881968916,0.9906247945309538
5861,F-A1-PORTSCAN-V-03,PortScan,PortScan,RF-v3,0.00966971850722246,0.0034906074112497276,0.9868396740815275
5862,F-A1-PORTSCAN-V-03,PortScan,PortScan,RF-v3,0.00966971850722246,0.0034906074112497276,0.9868396740815275
5863,F-A1-PORTSCAN-V-03,PortScan,PortScan,RF-v3,0.00966971850722246,0.0034906074112497276,0.9868396740815275
5864,F-A1-PORTSCAN-V-03,PortScan,PortScan,RF-v3,0.00966971850722246,0.0034906074112497276,0.9868396740815275
5865,F-A1-PORTSCAN-V-03,PortScan,PortScan,RF-v3,0.00966971850722246,0.0034906074112497276,0.9868396740815275
5866,F-A1-PORTSCAN-V-03,PortScan,PortScan,RF-v3,0.00966971850722246,0.0034906074112497276,0.9868396740815275
5867,F-A1-PORTSCAN-V-03,PortScan,PortScan,RF-v3,0.00966971850722246,0.0034906074112497276,0.9868396740815275
5868,F-A1-PORTSCAN-V-03,PortScan,PortScan,RF-v3,0.00966971850722246,0.0034906074112497276,0.9868396740815275
5869,F-A1-PORTSCAN-V-03,PortScan,PortScan,RF-v3,0.00966971850722246,0.0034906074112497276,0.9868396740815275
5870,F-A1-PORTSCAN-V-03,PortScan,PortScan,RF-v3,0.00966971850722246,0.0034906074112497276,0.9868396740815275
5871,F-A1-PORTSCAN-V-03,PortScan,PortScan,RF-v3,0.00966971850722246,0.0034906074112497276,0.9868396740815275
5872,F-A1-PORTSCAN-V-03,PortScan,PortScan,RF-v3,0.00966971850722246,0.0034906074112497276,0.9868396740815275
5873,F-A1-PORTSCAN-V-03,PortScan,PortScan,RF-v3,0.00966971850722246,0.0034906074112497276,0.9868396740815275
5874,F-A1-PORTSCAN-V-03,PortScan,PortScan,RF-v3,0.00966971850722246,0.0034906074112497276,0.9868396740815275
5875,F-A1-PORTSCAN-V-03,PortScan,PortScan,RF-v3,0.00966971850722246,0.0034906074112497276,0.9868396740815275
5876,F-A1-PORTSCAN-V-03,PortScan,PortScan,RF-v3,0.012506084246095481,0.0016101204881968916,0.9858837952657076
5877,F-A1-PORTSCAN-V-03,PortScan,PortScan,RF-v3,0.00966971850722246,0.0034906074112497276,0.9868396740815275
5878,F-A1-PORTSCAN-V-03,PortScan,PortScan,RF-v3,0.00966971850722246,0.0034906074112497276,0.9868396740815275
5879,F-A1-PORTSCAN-V-03,PortScan,PortScan,RF-v3,0.011733400820822368,0.0016101204881968916,0.9866564786909806
5880,F-A1-PORTSCAN-V-03,PortScan,PortScan,RF-v3,0.00966971850722246,0.0034906074112497276,0.9868396740815275
5881,F-A1-PORTSCAN-V-03,PortScan,PortScan,RF-v3,0.00966971850722246,0.0034906074112497276,0.9868396740815275
5882,F-A1-PORTSCAN-V-03,PortScan,PortScan,RF-v3,0.00966971850722246,0.0034906074112497276,0.9868396740815275
5883,F-A1-PORTSCAN-V-03,PortScan,PortScan,RF-v3,0.00966971850722246,0.0034906074112497276,0.9868396740815275
5884,F-A1-PORTSCAN-V-03,PortScan,PortScan,RF-v3,0.007765084980849341,0.0016101204881968916,0.9906247945309538
5885,F-A1-PORTSCAN-V-03,PortScan,PortScan,RF-v3,0.00966971850722246,0.0034906074112497276,0.9868396740815275
5886,F-A1-PORTSCAN-V-03,PortScan,PortScan,RF-v3,0.007765084980849341,0.0016101204881968916,0.9906247945309538
5887,F-A1-PORTSCAN-V-03,PortScan,PortScan,RF-v3,0.00966971850722246,0.0034906074112497276,0.9868396740815275
5888,F-A1-PORTSCAN-V-03,PortScan,PortScan,RF-v3,0.00966971850722246,0.0034906074112497276,0.9868396740815275
5889,F-A1-PORTSCAN-V-03,PortScan,PortScan,RF-v3,0.00966971850722246,0.0034906074112497276,0.9868396740815275
5890,F-A1-PORTSCAN-V-03,PortScan,PortScan,RF-v3,0.00966971850722246,0.0034906074112497276,0.9868396740815275
5891,F-A1-PORTSCAN-V-03,PortScan,PortScan,RF-v3,0.00966971850722246,0.0034906074112497276,0.9868396740815275
5892,F-A1-PORTSCAN-V-03,PortScan,PortScan,RF-v3,0.00966971850722246,0.0034906074112497276,0.9868396740815275
5893,F-A1-PORTSCAN-V-03,PortScan,PortScan,RF-v3,0.00966971850722246,0.0034906074112497276,0.9868396740815275
5894,F-A1-PORTSCAN-V-03,PortScan,PortScan,RF-v3,0.00966971850722246,0.0034906074112497276,0.9868396740815275
5895,F-A1-PORTSCAN-V-03,PortScan,PortScan,RF-v3,0.00966971850722246,0.0034906074112497276,0.9868396740815275
5896,F-A1-PORTSCAN-V-03,PortScan,PortScan,RF-v3,0.00966971850722246,0.0034906074112497276,0.9868396740815275
5897,F-A1-PORTSCAN-V-03,PortScan,PortScan,RF-v3,0.00966971850722246,0.0034906074112497276,0.9868396740815275
5898,F-A1-PORTSCAN-V-03,PortScan,PortScan,RF-v3,0.00966971850722246,0.0034906074112497276,0.9868396740815275
5899,F-A1-PORTSCAN-V-03,PortScan,PortScan,RF-v3,0.00966971850722246,0.0034906074112497276,0.9868396740815275
5900,F-A1-PORTSCAN-V-03,PortScan,PortScan,RF-v3,0.007765084980849341,0.0016101204881968916,0.9906247945309538
5901,F-A1-PORTSCAN-V-03,PortScan,PortScan,RF-v3,0.00966971850722246,0.0034906074112497276,0.9868396740815275
5902,F-A1-PORTSCAN-V-03,PortScan,PortScan,RF-v3,0.00966971850722246,0.0034906074112497276,0.9868396740815275
5903,F-A1-PORTSCAN-V-03,PortScan,PortScan,RF-v3,0.00966971850722246,0.0034906074112497276,0.9868396740815275
5904,F-A1-PORTSCAN-V-03,PortScan,PortScan,RF-v3,0.00966971850722246,0.0034906074112497276,0.9868396740815275
5905,F-A1-PORTSCAN-V-03,PortScan,PortScan,RF-v3,0.007765084980849341,0.0016101204881968916,0.9906247945309538
5906,F-A1-PORTSCAN-V-03,PortScan,PortScan,RF-v3,0.00966971850722246,0.0034906074112497276,0.9868396740815275
5907,F-A1-PORTSCAN-V-03,PortScan,PortScan,RF-v3,0.00966971850722246,0.0034906074112497276,0.9868396740815275
5908,F-A1-PORTSCAN-V-03,PortScan,PortScan,RF-v3,0.00966971850722246,0.0034906074112497276,0.9868396740815275
5909,F-A1-PORTSCAN-V-03,PortScan,PortScan,RF-v3,0.00966971850722246,0.0034906074112497276,0.9868396740815275
5910,F-A1-PORTSCAN-V-03,PortScan,PortScan,RF-v3,0.00966971850722246,0.0034906074112497276,0.9868396740815275
5911,F-A1-PORTSCAN-V-03,PortScan,PortScan,RF-v3,0.00966971850722246,0.0034906074112497276,0.9868396740815275
5912,F-A1-PORTSCAN-V-03,PortScan,PortScan,RF-v3,0.007765084980849341,0.0016101204881968916,0.9906247945309538
5913,F-A1-PORTSCAN-V-03,PortScan,PortScan,RF-v3,0.00966971850722246,0.0034906074112497276,0.9868396740815275
5914,F-A1-PORTSCAN-V-03,PortScan,PortScan,RF-v3,0.00966971850722246,0.0034906074112497276,0.9868396740815275
5915,F-A1-PORTSCAN-V-03,PortScan,PortScan,RF-v3,0.00966971850722246,0.0034906074112497276,0.9868396740815275
5916,F-A1-PORTSCAN-V-03,PortScan,PortScan,RF-v3,0.00966971850722246,0.0034906074112497276,0.9868396740815275
5917,F-A1-PORTSCAN-V-03,PortScan,PortScan,RF-v3,0.0070646848036685795,0.0016198991628057163,0.9913154160335257
5918,F-A1-PORTSCAN-V-03,PortScan,PortScan,RF-v3,0.00966971850722246,0.0034906074112497276,0.9868396740815275
5919,F-A1-PORTSCAN-V-03,PortScan,PortScan,RF-v3,0.011733400820822368,0.0016101204881968916,0.9866564786909806
5920,F-A1-PORTSCAN-V-03,PortScan,PortScan,RF-v3,0.00966971850722246,0.0034906074112497276,0.9868396740815275
5921,F-A1-PORTSCAN-V-03,PortScan,PortScan,RF-v3,0.00966971850722246,0.0034906074112497276,0.9868396740815275
5922,F-A1-PORTSCAN-V-03,PortScan,PortScan,RF-v3,0.00966971850722246,0.0034906074112497276,0.9868396740815275
5923,F-A1-PORTSCAN-V-03,PortScan,PortScan,RF-v3,0.00966971850722246,0.0034906074112497276,0.9868396740815275
5924,F-A1-PORTSCAN-V-03,PortScan,PortScan,RF-v3,0.00966971850722246,0.0034906074112497276,0.9868396740815275
5925,F-A1-PORTSCAN-V-03,PortScan,PortScan,RF-v3,0.00966971850722246,0.0034906074112497276,0.9868396740815275
5926,F-A1-PORTSCAN-V-03,PortScan,PortScan,RF-v3,0.007765084980849341,0.0016101204881968916,0.9906247945309538
5927,F-A1-PORTSCAN-V-03,PortScan,PortScan,RF-v3,0.00966971850722246,0.0034906074112497276,0.9868396740815275
5928,F-A1-PORTSCAN-V-03,PortScan,PortScan,RF-v3,0.00966971850722246,0.0034906074112497276,0.9868396740815275
5929,F-A1-PORTSCAN-V-03,PortScan,PortScan,RF-v3,0.00966971850722246,0.0034906074112497276,0.9868396740815275
5930,F-A1-PORTSCAN-V-03,PortScan,PortScan,RF-v3,0.00966971850722246,0.0034906074112497276,0.9868396740815275
5931,F-A1-PORTSCAN-V-03,PortScan,PortScan,RF-v3,0.007932008187120117,0.0016101204881968916,0.9904578713246829
5932,F-A1-PORTSCAN-V-03,PortScan,PortScan,RF-v3,0.00966971850722246,0.0034906074112497276,0.9868396740815275
5933,F-A1-PORTSCAN-V-03,PortScan,PortScan,RF-v3,0.00966971850722246,0.0034906074112497276,0.9868396740815275
5934,F-A1-PORTSCAN-V-03,PortScan,PortScan,RF-v3,0.00966971850722246,0.0034906074112497276,0.9868396740815275
5935,F-A1-PORTSCAN-V-03,PortScan,PortScan,RF-v3,0.00966971850722246,0.0034906074112497276,0.9868396740815275
5936,F-A1-PORTSCAN-V-03,PortScan,PortScan,RF-v3,0.00966971850722246,0.0034906074112497276,0.9868396740815275
5937,F-A1-PORTSCAN-V-03,PortScan,PortScan,RF-v3,0.00966971850722246,0.0034906074112497276,0.9868396740815275
5938,F-A1-PORTSCAN-V-03,PortScan,PortScan,RF-v3,0.011733400820822368,0.0016101204881968916,0.9866564786909806
5939,F-A1-PORTSCAN-V-03,PortScan,PortScan,RF-v3,0.00966971850722246,0.0034906074112497276,0.9868396740815275
5940,F-A1-PORTSCAN-V-03,PortScan,PortScan,RF-v3,0.0070646848036685795,0.0016198991628057163,0.9913154160335257
5941,F-A1-PORTSCAN-V-03,PortScan,PortScan,RF-v3,0.00966971850722246,0.0034906074112497276,0.9868396740815275
5942,F-A1-PORTSCAN-V-03,PortScan,PortScan,RF-v3,0.00966971850722246,0.0034906074112497276,0.9868396740815275
5943,F-A1-PORTSCAN-V-03,PortScan,PortScan,RF-v3,0.011733400820822368,0.0016101204881968916,0.9866564786909806
5944,F-A1-PORTSCAN-V-03,PortScan,PortScan,RF-v3,0.00966971850722246,0.0034906074112497276,0.9868396740815275
5945,F-A1-PORTSCAN-V-03,PortScan,PortScan,RF-v3,0.00966971850722246,0.0034906074112497276,0.9868396740815275
5946,F-A1-PORTSCAN-V-03,PortScan,PortScan,RF-v3,0.011733400820822368,0.0016101204881968916,0.9866564786909806
5947,F-A1-PORTSCAN-V-03,PortScan,PortScan,RF-v3,0.00966971850722246,0.0034906074112497276,0.9868396740815275
5948,F-A1-PORTSCAN-V-03,PortScan,PortScan,RF-v3,0.00966971850722246,0.0034906074112497276,0.9868396740815275
5949,F-A1-PORTSCAN-V-03,PortScan,PortScan,RF-v3,0.00966971850722246,0.0034906074112497276,0.9868396740815275
5950,F-A1-PORTSCAN-V-03,PortScan,PortScan,RF-v3,0.00966971850722246,0.0034906074112497276,0.9868396740815275
5951,F-A1-PORTSCAN-V-03,PortScan,PortScan,RF-v3,0.00966971850722246,0.0034906074112497276,0.9868396740815275
5952,F-A1-PORTSCAN-V-03,PortScan,PortScan,RF-v3,0.00966971850722246,0.0034906074112497276,0.9868396740815275
5953,F-A1-PORTSCAN-V-03,PortScan,PortScan,RF-v3,0.00966971850722246,0.0034906074112497276,0.9868396740815275
5954,F-A1-PORTSCAN-V-03,PortScan,PortScan,RF-v3,0.00966971850722246,0.0034906074112497276,0.9868396740815275
5955,F-A1-PORTSCAN-V-03,PortScan,PortScan,RF-v3,0.00966971850722246,0.0034906074112497276,0.9868396740815275
5956,F-A1-PORTSCAN-V-03,PortScan,PortScan,RF-v3,0.00966971850722246,0.0034906074112497276,0.9868396740815275
5957,F-A1-PORTSCAN-V-03,PortScan,PortScan,RF-v3,0.007765084980849341,0.0016101204881968916,0.9906247945309538
5958,F-A1-PORTSCAN-V-03,PortScan,PortScan,RF-v3,0.00966971850722246,0.0034906074112497276,0.9868396740815275
5959,F-A1-PORTSCAN-V-03,PortScan,PortScan,RF-v3,0.00966971850722246,0.0034906074112497276,0.9868396740815275
5960,F-A1-PORTSCAN-V-03,PortScan,PortScan,RF-v3,0.00966971850722246,0.0034906074112497276,0.9868396740815275
5961,F-A1-PORTSCAN-V-03,PortScan,PortScan,RF-v3,0.007765084980849341,0.0016101204881968916,0.9906247945309538
5962,F-A1-PORTSCAN-V-03,PortScan,PortScan,RF-v3,0.00966971850722246,0.0034906074112497276,0.9868396740815275
5963,F-A1-PORTSCAN-V-03,PortScan,PortScan,RF-v3,0.00966971850722246,0.0034906074112497276,0.9868396740815275
5964,F-A1-PORTSCAN-V-03,PortScan,PortScan,RF-v3,0.011733400820822368,0.0016101204881968916,0.9866564786909806
5965,F-A1-PORTSCAN-V-03,PortScan,PortScan,RF-v3,0.00966971850722246,0.0034906074112497276,0.9868396740815275
5966,F-A1-PORTSCAN-V-03,PortScan,PortScan,RF-v3,0.00966971850722246,0.0034906074112497276,0.9868396740815275
5967,F-A1-PORTSCAN-V-03,PortScan,PortScan,RF-v3,0.007765084980849341,0.0016101204881968916,0.9906247945309538
5968,F-A1-PORTSCAN-V-03,PortScan,PortScan,RF-v3,0.00966971850722246,0.0034906074112497276,0.9868396740815275
5969,F-A1-PORTSCAN-V-03,PortScan,PortScan,RF-v3,0.007765084980849341,0.0016101204881968916,0.9906247945309538
5970,F-A1-PORTSCAN-V-03,PortScan,PortScan,RF-v3,0.00966971850722246,0.0034906074112497276,0.9868396740815275
5971,F-A1-PORTSCAN-V-03,PortScan,PortScan,RF-v3,0.00966971850722246,0.0034906074112497276,0.9868396740815275
5972,F-A1-PORTSCAN-V-03,PortScan,PortScan,RF-v3,0.00966971850722246,0.0034906074112497276,0.9868396740815275
5973,F-A1-PORTSCAN-V-03,PortScan,PortScan,RF-v3,0.007765084980849341,0.0016101204881968916,0.9906247945309538
5974,F-A1-PORTSCAN-V-03,PortScan,PortScan,RF-v3,0.00966971850722246,0.0034906074112497276,0.9868396740815275
5975,F-A1-PORTSCAN-V-03,PortScan,PortScan,RF-v3,0.007765084980849341,0.0016101204881968916,0.9906247945309538
5976,F-A1-PORTSCAN-V-03,PortScan,PortScan,RF-v3,0.00966971850722246,0.0034906074112497276,0.9868396740815275
5977,F-A1-PORTSCAN-V-03,PortScan,PortScan,RF-v3,0.007765084980849341,0.0016101204881968916,0.9906247945309538
5978,F-A1-PORTSCAN-V-03,PortScan,PortScan,RF-v3,0.00966971850722246,0.0034906074112497276,0.9868396740815275
5979,F-A1-PORTSCAN-V-03,PortScan,PortScan,RF-v3,0.00966971850722246,0.0034906074112497276,0.9868396740815275
5980,F-A1-PORTSCAN-V-03,PortScan,PortScan,RF-v3,0.007765084980849341,0.0016101204881968916,0.9906247945309538
5981,F-A1-PORTSCAN-V-03,PortScan,PortScan,RF-v3,0.00966971850722246,0.0034906074112497276,0.9868396740815275
5982,F-A1-PORTSCAN-V-03,PortScan,PortScan,RF-v3,0.0070646848036685795,0.0016198991628057163,0.9913154160335257
5983,F-A1-PORTSCAN-V-03,PortScan,PortScan,RF-v3,0.00966971850722246,0.0034906074112497276,0.9868396740815275
5984,F-A1-PORTSCAN-V-03,PortScan,PortScan,RF-v3,0.00966971850722246,0.0034906074112497276,0.9868396740815275
5985,F-A1-PORTSCAN-V-03,PortScan,PortScan,RF-v3,0.00966971850722246,0.0034906074112497276,0.9868396740815275
5986,F-A1-PORTSCAN-V-03,PortScan,PortScan,RF-v3,0.00966971850722246,0.0034906074112497276,0.9868396740815275
5987,F-A1-PORTSCAN-V-03,PortScan,PortScan,RF-v3,0.00966971850722246,0.0034906074112497276,0.9868396740815275
5988,F-A1-PORTSCAN-V-03,PortScan,PortScan,RF-v3,0.00966971850722246,0.0034906074112497276,0.9868396740815275
5989,F-A1-PORTSCAN-V-03,PortScan,PortScan,RF-v3,0.00966971850722246,0.0034906074112497276,0.9868396740815275
5990,F-A1-PORTSCAN-V-03,PortScan,PortScan,RF-v3,0.00966971850722246,0.0034906074112497276,0.9868396740815275
5991,F-A1-PORTSCAN-V-03,PortScan,PortScan,RF-v3,0.00966971850722246,0.0034906074112497276,0.9868396740815275
5992,F-A1-PORTSCAN-V-03,PortScan,PortScan,RF-v3,0.00966971850722246,0.0034906074112497276,0.9868396740815275
5993,F-A1-PORTSCAN-V-03,PortScan,PortScan,RF-v3,0.00966971850722246,0.0034906074112497276,0.9868396740815275
5994,F-A1-PORTSCAN-V-03,PortScan,PortScan,RF-v3,0.00966971850722246,0.0034906074112497276,0.9868396740815275
5995,F-A1-PORTSCAN-V-03,PortScan,PortScan,RF-v3,0.00966971850722246,0.0034906074112497276,0.9868396740815275
5996,F-A1-PORTSCAN-V-03,PortScan,PortScan,RF-v3,0.00966971850722246,0.0034906074112497276,0.9868396740815275
5997,F-A1-PORTSCAN-V-03,PortScan,PortScan,RF-v3,0.00966971850722246,0.0034906074112497276,0.9868396740815275
5998,F-A1-PORTSCAN-V-03,PortScan,PortScan,RF-v3,0.00966971850722246,0.0034906074112497276,0.9868396740815275
