row_id,session_id,ground_truth_class,predicted_class,model_id,probability_Normal,probability_DDoS,probability_PortScan
0,F-A1-NORMAL-V-01-R1,Normal,Normal,RF-v5,0.7032723681200812,0.2832554101474231,0.0134722217324956
1,F-A1-NORMAL-V-01-R1,Normal,Normal,RF-v5,0.998650024567885,0.0013465254725463205,3.44995956867291e-06
2,F-A1-NORMAL-V-01-R1,Normal,Normal,RF-v5,0.9772699444520708,0.01858456173491308,0.0041454938130172795
3,F-A1-NORMAL-V-01-R1,Normal,Normal,RF-v5,0.975611977600175,0.024384572440256394,3.44995956867291e-06
4,F-A1-NORMAL-V-01-R1,Normal,Normal,RF-v5,0.9774361100111577,0.01841839617582625,0.0041454938130172795
5,F-A1-NORMAL-V-01-R1,Normal,Normal,RF-v5,0.9967117173515283,0.0017554595349811796,0.0015328231134905635
6,F-A1-NORMAL-V-01-R1,Normal,Normal,RF-v5,0.9776442395077148,0.018221125460805742,0.00413463503148049
7,F-A1-NORMAL-V-01-R1,Normal,Normal,RF-v5,0.9939875791442969,0.006008970896134482,3.44995956867291e-06
8,F-A1-NORMAL-V-01-R1,Normal,Normal,RF-v5,0.9774096909233135,0.01844481526367037,0.0041454938130172795
9,F-A1-NORMAL-V-01-R1,Normal,Normal,RF-v5,0.9936329420568663,0.006358041651037662,9.016292096122324e-06
10,F-A1-NORMAL-V-01-R1,Normal,Normal,RF-v5,0.9776442395077148,0.018221125460805742,0.00413463503148049
11,F-A1-NORMAL-V-01-R1,Normal,Normal,RF-v5,0.9898962489588083,0.010100301081622973,3.44995956867291e-06
12,F-A1-NORMAL-V-01-R1,Normal,Normal,RF-v5,0.8776403789611631,0.11825069735720214,0.004108923681634157
13,F-A1-NORMAL-V-01-R1,Normal,Normal,RF-v5,0.9969837142851891,0.0030128357552423697,3.44995956867291e-06
14,F-A1-NORMAL-V-01-R1,Normal,Normal,RF-v5,0.9774096909233135,0.01844481526367037,0.0041454938130172795
15,F-A1-NORMAL-V-01-R1,Normal,Normal,RF-v5,0.9990283019341838,0.0009626817737201522,9.016292096122324e-06
16,F-A1-NORMAL-V-01-R1,Normal,Normal,RF-v5,0.9776442395077148,0.018221125460805742,0.00413463503148049
17,F-A1-NORMAL-V-01-R1,Normal,Normal,RF-v5,0.999032599003693,0.0009583847042109034,9.016292096122324e-06
18,F-A1-NORMAL-V-01-R1,Normal,Normal,RF-v5,0.9747247247220392,0.02113517339204783,0.004140101885914223
19,F-A1-NORMAL-V-01-R1,Normal,Normal,RF-v5,0.9979043057575939,0.0020866779503099803,9.016292096122324e-06
20,F-A1-NORMAL-V-01-R1,Normal,Normal,RF-v5,0.9774096909233135,0.01844481526367037,0.0041454938130172795
21,F-A1-NORMAL-V-01-R1,Normal,Normal,RF-v5,0.9936329420568663,0.006358041651037662,9.016292096122324e-06
22,F-A1-NORMAL-V-01-R1,Normal,Normal,RF-v5,0.9769149039698436,0.01820915304070183,0.0048759429894556575
23,F-A1-NORMAL-V-01-R1,Normal,Normal,RF-v5,0.9990283019341838,0.0009626817737201522,9.016292096122324e-06
24,F-A1-NORMAL-V-01-R1,Normal,Normal,RF-v5,0.9774096909233135,0.01844481526367037,0.0041454938130172795
25,F-A1-NORMAL-V-01-R1,Normal,Normal,RF-v5,0.9986444582353576,0.0013465254725463205,9.016292096122324e-06
26,F-A1-NORMAL-V-01-R1,Normal,Normal,RF-v5,0.9774096909233135,0.01844481526367037,0.0041454938130172795
27,F-A1-NORMAL-V-01-R1,Normal,Normal,RF-v5,0.9986487553048669,0.0013422284030370718,9.016292096122324e-06
28,F-A1-NORMAL-V-01-R1,Normal,Normal,RF-v5,0.9623808938457442,0.03347361234123978,0.0041454938130172795
29,F-A1-NORMAL-V-01-R1,Normal,Normal,RF-v5,0.999032599003693,0.0009583847042109034,9.016292096122324e-06
30,F-A1-NORMAL-V-01-R1,Normal,Normal,RF-v5,0.9774361100111577,0.01841839617582625,0.0041454938130172795
31,F-A1-NORMAL-V-01-R1,Normal,Normal,RF-v5,0.9983750241018593,0.0016159596060445907,9.016292096122324e-06
32,F-A1-NORMAL-V-01-R1,Normal,Normal,RF-v5,0.9776442395077148,0.018221125460805742,0.00413463503148049
33,F-A1-NORMAL-V-01-R1,Normal,Normal,RF-v5,0.9985148217084577,0.0014817283319736607,3.44995956867291e-06
34,F-A1-NORMAL-V-01-R1,Normal,Normal,RF-v5,0.9774096909233135,0.01844481526367037,0.0041454938130172795
35,F-A1-NORMAL-V-01-R1,Normal,Normal,RF-v5,0.9986487553048669,0.0013422284030370718,9.016292096122324e-06
36,F-A1-NORMAL-V-01-R1,Normal,Normal,RF-v5,0.9774096909233135,0.01844481526367037,0.0041454938130172795
37,F-A1-NORMAL-V-01-R1,Normal,Normal,RF-v5,0.9940381653362205,0.005958384704210904,3.44995956867291e-06
38,F-A1-NORMAL-V-01-R1,Normal,Normal,RF-v5,0.7344568446929555,0.26007948983393164,0.005463665473113822
39,F-A1-NORMAL-V-01-R1,Normal,Normal,RF-v5,0.9936487553048668,0.006342228403037071,9.016292096122324e-06
40,F-A1-NORMAL-V-01-R1,Normal,Normal,RF-v5,0.9774096909233135,0.01844481526367037,0.0041454938130172795
41,F-A1-NORMAL-V-01-R1,Normal,Normal,RF-v5,0.9986487553048669,0.0013422284030370718,9.016292096122324e-06
42,F-A1-NORMAL-V-01-R1,Normal,Normal,RF-v5,0.9776442395077148,0.018221125460805742,0.00413463503148049
43,F-A1-NORMAL-V-01-R1,Normal,Normal,RF-v5,0.999032599003693,0.0009583847042109034,9.016292096122324e-06
44,F-A1-NORMAL-V-01-R1,Normal,Normal,RF-v5,0.9776442395077148,0.018221125460805742,0.00413463503148049
45,F-A1-NORMAL-V-01-R1,Normal,Normal,RF-v5,0.998708948450786,0.001287601589645407,3.44995956867291e-06
46,F-A1-NORMAL-V-01-R1,Normal,Normal,RF-v5,0.9776442395077148,0.018221125460805742,0.00413463503148049
47,F-A1-NORMAL-V-01-R1,Normal,Normal,RF-v5,0.9987132455202952,0.001283304520136158,3.44995956867291e-06
48,F-A1-NORMAL-V-01-R1,Normal,Normal,RF-v5,0.9774096909233135,0.01844481526367037,0.0041454938130172795
49,F-A1-NORMAL-V-01-R1,Normal,Normal,RF-v5,0.9927745547431301,0.007221995297301269,3.44995956867291e-06
50,F-A1-NORMAL-V-01-R1,Normal,Normal,RF-v5,0.9774096909233135,0.01844481526367037,0.0041454938130172795
51,F-A1-NORMAL-V-01-R1,Normal,Normal,RF-v5,0.9935879221974702,0.006408627842961239,3.44995956867291e-06
52,F-A1-NORMAL-V-01-R1,Normal,Normal,RF-v5,0.9623808938457442,0.03347361234123978,0.0041454938130172795
53,F-A1-NORMAL-V-01-R1,Normal,Normal,RF-v5,0.9880910459833787,0.0119055040570527,3.44995956867291e-06
54,F-A1-NORMAL-V-01-R1,Normal,Normal,RF-v5,0.8776403789611631,0.11825069735720214,0.004108923681634157
55,F-A1-NORMAL-V-01-R1,Normal,Normal,RF-v5,0.999032599003693,0.0009583847042109034,9.016292096122324e-06
56,F-A1-NORMAL-V-01-R1,Normal,DDoS,RF-v5,0.2283574699823657,0.7668005443366883,0.004841985680946787
57,F-A1-NORMAL-V-01-R1,Normal,Normal,RF-v5,0.998650024567885,0.0013465254725463205,3.44995956867291e-06
58,F-A1-NORMAL-V-01-R1,Normal,Normal,RF-v5,0.9776442395077148,0.018221125460805742,0.00413463503148049
59,F-A1-NORMAL-V-01-R1,Normal,Normal,RF-v5,0.5194123814540549,0.43872816531293046,0.04185945323301588
60,F-A1-NORMAL-V-02,Normal,Normal,RF-v5,0.9933647771863862,0.006631772854045181,3.44995956867291e-06
61,F-A1-NORMAL-V-02,Normal,Normal,RF-v5,0.9776442395077148,0.018221125460805742,0.00413463503148049
62,F-A1-NORMAL-V-02,Normal,Normal,RF-v5,0.9982937157889475,0.001702834251483812,3.44995956867291e-06
63,F-A1-NORMAL-V-02,Normal,Normal,RF-v5,0.9774361100111577,0.01841839617582625,0.0041454938130172795
64,F-A1-NORMAL-V-02,Normal,Normal,RF-v5,0.9893532564424704,0.009464605599535703,0.0011821379579937264
65,F-A1-NORMAL-V-02,Normal,Normal,RF-v5,0.9776442395077148,0.018221125460805742,0.00413463503148049
66,F-A1-NORMAL-V-02,Normal,Normal,RF-v5,0.9986444582353576,0.0013465254725463205,9.016292096122324e-06
67,F-A1-NORMAL-V-02,Normal,Normal,RF-v5,0.9776442395077148,0.018221125460805742,0.00413463503148049
68,F-A1-NORMAL-V-02,Normal,Normal,RF-v5,0.9967592292977714,0.003237320742659931,3.44995956867291e-06
69,F-A1-NORMAL-V-02,Normal,Normal,RF-v5,0.9776442395077148,0.018221125460805742,0.00413463503148049
70,F-A1-NORMAL-V-02,Normal,Normal,RF-v5,0.9986487553048669,0.0013422284030370718,9.016292096122324e-06
71,F-A1-NORMAL-V-02,Normal,Normal,RF-v5,0.9774096909233135,0.01844481526367037,0.0041454938130172795
72,F-A1-NORMAL-V-02,Normal,Normal,RF-v5,0.9986487553048669,0.0013422284030370718,9.016292096122324e-06
73,F-A1-NORMAL-V-02,Normal,Normal,RF-v5,0.9659880128162319,0.029866493370752107,0.0041454938130172795
74,F-A1-NORMAL-V-02,Normal,Normal,RF-v5,0.9986487553048669,0.0013422284030370718,9.016292096122324e-06
75,F-A1-NORMAL-V-02,Normal,Normal,RF-v5,0.9774096909233135,0.01844481526367037,0.0041454938130172795
76,F-A1-NORMAL-V-02,Normal,Normal,RF-v5,0.999032599003693,0.0009583847042109034,9.016292096122324e-06
77,F-A1-NORMAL-V-02,Normal,Normal,RF-v5,0.9774361100111577,0.01841839617582625,0.0041454938130172795
78,F-A1-NORMAL-V-02,Normal,Normal,RF-v5,0.9986444582353576,0.0013465254725463205,9.016292096122324e-06
79,F-A1-NORMAL-V-02,Normal,Normal,RF-v5,0.9776442395077148,0.018221125460805742,0.00413463503148049
80,F-A1-NORMAL-V-02,Normal,Normal,RF-v5,0.9990338682667113,0.0009626817737201522,3.44995956867291e-06
81,F-A1-NORMAL-V-02,Normal,Normal,RF-v5,0.8057311426335803,0.1899755975574581,0.004293259808963643
82,F-A1-NORMAL-V-02,Normal,Normal,RF-v5,0.9986487553048669,0.0013422284030370718,9.016292096122324e-06
83,F-A1-NORMAL-V-02,Normal,DDoS,RF-v5,0.13107745404361335,0.8644663189775875,0.004456226978799849
84,F-A1-NORMAL-V-02,Normal,Normal,RF-v5,0.9986444582353576,0.0013465254725463205,9.016292096122324e-06
85,F-A1-NORMAL-V-02,Normal,Normal,RF-v5,0.9776442395077148,0.018221125460805742,0.00413463503148049
86,F-A1-NORMAL-V-02,Normal,Normal,RF-v5,0.9936487553048668,0.006342228403037071,9.016292096122324e-06
87,F-A1-NORMAL-V-02,Normal,Normal,RF-v5,0.9776442395077148,0.018221125460805742,0.00413463503148049
88,F-A1-NORMAL-V-02,Normal,Normal,RF-v5,0.9986487553048669,0.0013422284030370718,9.016292096122324e-06
89,F-A1-NORMAL-V-02,Normal,Normal,RF-v5,0.9774361100111577,0.01841839617582625,0.0041454938130172795
90,F-A1-NORMAL-V-02,Normal,Normal,RF-v5,0.9972798321081763,0.0027167179322549902,3.44995956867291e-06
91,F-A1-NORMAL-V-02,Normal,Normal,RF-v5,0.8776403789611631,0.11825069735720214,0.004108923681634157
92,F-A1-NORMAL-V-02,Normal,Normal,RF-v5,0.9907738159740923,0.009222734066339024,3.44995956867291e-06
93,F-A1-NORMAL-V-02,Normal,Normal,RF-v5,0.9774361100111577,0.01841839617582625,0.0041454938130172795
94,F-A1-NORMAL-V-02,Normal,Normal,RF-v5,0.9990283019341838,0.0009626817737201522,9.016292096122324e-06
95,F-A1-NORMAL-V-02,Normal,DDoS,RF-v5,0.226879639854017,0.7667648554435731,0.0063555047024105435
96,F-A1-NORMAL-V-02,Normal,Normal,RF-v5,0.9981309780096315,0.001865572030799829,3.44995956867291e-06
97,F-A1-NORMAL-V-02,Normal,Normal,RF-v5,0.9776442395077148,0.018221125460805742,0.00413463503148049
98,F-A1-NORMAL-V-02,Normal,Normal,RF-v5,0.9890381653362205,0.010958384704210905,3.44995956867291e-06
99,F-A1-NORMAL-V-02,Normal,Normal,RF-v5,0.5009589991668768,0.4951794220847393,0.0038615787483842574
100,F-A1-NORMAL-V-02,Normal,Normal,RF-v5,0.9990338682667113,0.0009626817737201522,3.44995956867291e-06
101,F-A1-NORMAL-V-02,Normal,Normal,RF-v5,0.8718572388148614,0.12361858725808363,0.004524173927054306
102,F-A1-NORMAL-V-02,Normal,Normal,RF-v5,0.999032599003693,0.0009583847042109034,9.016292096122324e-06
103,F-A1-NORMAL-V-02,Normal,Normal,RF-v5,0.9774096909233135,0.01844481526367037,0.0041454938130172795
104,F-A1-NORMAL-V-02,Normal,Normal,RF-v5,0.9986487553048669,0.0013422284030370718,9.016292096122324e-06
105,F-A1-NORMAL-V-02,Normal,Normal,RF-v5,0.9776442395077148,0.018221125460805742,0.00413463503148049
106,F-A1-NORMAL-V-02,Normal,Normal,RF-v5,0.9990283019341838,0.0009626817737201522,9.016292096122324e-06
107,F-A1-NORMAL-V-02,Normal,Normal,RF-v5,0.9776442395077148,0.018221125460805742,0.00413463503148049
108,F-A1-NORMAL-V-02,Normal,Normal,RF-v5,0.9990283019341838,0.0009626817737201522,9.016292096122324e-06
109,F-A1-NORMAL-V-02,Normal,DDoS,RF-v5,0.2781559397171113,0.7169234350812802,0.004920625201609391
110,F-A1-NORMAL-V-02,Normal,Normal,RF-v5,0.9973593253104007,0.0026316583975030377,9.016292096122324e-06
111,F-A1-NORMAL-V-02,Normal,Normal,RF-v5,0.9776442395077148,0.018221125460805742,0.00413463503148049
112,F-A1-NORMAL-V-02,Normal,Normal,RF-v5,0.998650024567885,0.0013465254725463205,3.44995956867291e-06
113,F-A1-NORMAL-V-02,Normal,Normal,RF-v5,0.9774096909233135,0.01844481526367037,0.0041454938130172795
114,F-A1-NORMAL-V-02,Normal,Normal,RF-v5,0.9986444582353576,0.0013465254725463205,9.016292096122324e-06
115,F-A1-NORMAL-V-02,Normal,Normal,RF-v5,0.9776442395077148,0.018221125460805742,0.00413463503148049
116,F-A1-NORMAL-V-02,Normal,Normal,RF-v5,0.9986444582353576,0.0013465254725463205,9.016292096122324e-06
117,F-A1-NORMAL-V-02,Normal,Normal,RF-v5,0.9774096909233135,0.01844481526367037,0.0041454938130172795
118,F-A1-NORMAL-V-02,Normal,DDoS,RF-v5,0.3524798154488488,0.6201602877132901,0.027359896837861254
119,F-A1-NORMAL-V-02,Normal,Normal,RF-v5,0.9776442395077148,0.018221125460805742,0.00413463503148049
120,F-A1-NORMAL-V-03,Normal,Normal,RF-v5,0.997996448939039,0.001166531925936828,0.0008370191350243387
121,F-A1-NORMAL-V-03,Normal,Normal,RF-v5,0.8718572388148614,0.12361858725808363,0.004524173927054306
122,F-A1-NORMAL-V-03,Normal,Normal,RF-v5,0.9875740385166989,0.012422511523732421,3.44995956867291e-06
123,F-A1-NORMAL-V-03,Normal,Normal,RF-v5,0.9774096909233135,0.01844481526367037,0.0041454938130172795
124,F-A1-NORMAL-V-03,Normal,Normal,RF-v5,0.9885842370149921,0.011412313025439116,3.44995956867291e-06
125,F-A1-NORMAL-V-03,Normal,Normal,RF-v5,0.9776442395077148,0.018221125460805742,0.00413463503148049
126,F-A1-NORMAL-V-03,Normal,Normal,RF-v5,0.9865698735729367,0.013172399076573338,0.00025772735048995175
127,F-A1-NORMAL-V-03,Normal,Normal,RF-v5,0.9774361100111577,0.01841839617582625,0.0041454938130172795
128,F-A1-NORMAL-V-03,Normal,Normal,RF-v5,0.9990283019341838,0.0009626817737201522,9.016292096122324e-06
129,F-A1-NORMAL-V-03,Normal,Normal,RF-v5,0.9774096909233135,0.01844481526367037,0.0041454938130172795
130,F-A1-NORMAL-V-03,Normal,Normal,RF-v5,0.9968386253690414,0.003152358338862504,9.016292096122324e-06
131,F-A1-NORMAL-V-03,Normal,Normal,RF-v5,0.9776442395077148,0.018221125460805742,0.00413463503148049
132,F-A1-NORMAL-V-03,Normal,Normal,RF-v5,0.9986444582353576,0.0013465254725463205,9.016292096122324e-06
133,F-A1-NORMAL-V-03,Normal,Normal,RF-v5,0.9776442395077148,0.018221125460805742,0.00413463503148049
134,F-A1-NORMAL-V-03,Normal,Normal,RF-v5,0.9990283019341838,0.0009626817737201522,9.016292096122324e-06
135,F-A1-NORMAL-V-03,Normal,Normal,RF-v5,0.9774361100111577,0.01841839617582625,0.0041454938130172795
136,F-A1-NORMAL-V-03,Normal,Normal,RF-v5,0.9986444582353576,0.0013465254725463205,9.016292096122324e-06
137,F-A1-NORMAL-V-03,Normal,Normal,RF-v5,0.9774096909233135,0.01844481526367037,0.0041454938130172795
138,F-A1-NORMAL-V-03,Normal,Normal,RF-v5,0.9986487553048669,0.0013422284030370718,9.016292096122324e-06
139,F-A1-NORMAL-V-03,Normal,Normal,RF-v5,0.9776442395077148,0.018221125460805742,0.00413463503148049
140,F-A1-NORMAL-V-03,Normal,Normal,RF-v5,0.9986444582353576,0.0013465254725463205,9.016292096122324e-06
141,F-A1-NORMAL-V-03,Normal,Normal,RF-v5,0.9776442395077148,0.018221125460805742,0.00413463503148049
142,F-A1-NORMAL-V-03,Normal,Normal,RF-v5,0.9986444582353576,0.0013465254725463205,9.016292096122324e-06
143,F-A1-NORMAL-V-03,Normal,Normal,RF-v5,0.9774953537780204,0.01820915304070183,0.004295493181278845
144,F-A1-NORMAL-V-03,Normal,Normal,RF-v5,0.9969837142851891,0.0030128357552423697,3.44995956867291e-06
145,F-A1-NORMAL-V-03,Normal,Normal,RF-v5,0.9774096909233135,0.01844481526367037,0.0041454938130172795
146,F-A1-NORMAL-V-03,Normal,Normal,RF-v5,0.999032599003693,0.0009583847042109034,9.016292096122324e-06
147,F-A1-NORMAL-V-03,Normal,DDoS,RF-v5,0.21703456107664973,0.7791038601749668,0.0038615787483842574
148,F-A1-NORMAL-V-03,Normal,Normal,RF-v5,0.9771445655624524,0.022015239986683623,0.0008401944508639716
149,F-A1-NORMAL-V-03,Normal,Normal,RF-v5,0.9776442395077148,0.018221125460805742,0.00413463503148049
150,F-A1-NORMAL-V-03,Normal,Normal,RF-v5,0.998628644987357,0.0013623387205469104,9.016292096122324e-06
151,F-A1-NORMAL-V-03,Normal,Normal,RF-v5,0.9774361100111577,0.01841839617582625,0.0041454938130172795
152,F-A1-NORMAL-V-03,Normal,Normal,RF-v5,0.9989875791442969,0.0010089708961344814,3.44995956867291e-06
153,F-A1-NORMAL-V-03,Normal,Normal,RF-v5,0.9659880128162319,0.029866493370752107,0.0041454938130172795
154,F-A1-NORMAL-V-03,Normal,Normal,RF-v5,0.9986444582353576,0.0013465254725463205,9.016292096122324e-06
155,F-A1-NORMAL-V-03,Normal,Normal,RF-v5,0.9774096909233135,0.01844481526367037,0.0041454938130172795
156,F-A1-NORMAL-V-03,Normal,Normal,RF-v5,0.996450484600706,0.0035404991071979214,9.016292096122324e-06
157,F-A1-NORMAL-V-03,Normal,Normal,RF-v5,0.9776442395077148,0.018221125460805742,0.00413463503148049
158,F-A1-NORMAL-V-03,Normal,Normal,RF-v5,0.9989875791442969,0.0010089708961344814,3.44995956867291e-06
159,F-A1-NORMAL-V-03,Normal,Normal,RF-v5,0.9776442395077148,0.018221125460805742,0.00413463503148049
160,F-A1-NORMAL-V-03,Normal,Normal,RF-v5,0.9986487553048669,0.0013422284030370718,9.016292096122324e-06
161,F-A1-NORMAL-V-03,Normal,Normal,RF-v5,0.9776442395077148,0.018221125460805742,0.00413463503148049
162,F-A1-NORMAL-V-03,Normal,Normal,RF-v5,0.9986444582353576,0.0013465254725463205,9.016292096122324e-06
163,F-A1-NORMAL-V-03,Normal,Normal,RF-v5,0.9769149039698436,0.01820915304070183,0.0048759429894556575
164,F-A1-NORMAL-V-03,Normal,Normal,RF-v5,0.9986444582353576,0.0013465254725463205,9.016292096122324e-06
165,F-A1-NORMAL-V-03,Normal,Normal,RF-v5,0.9774361100111577,0.01841839617582625,0.0041454938130172795
166,F-A1-NORMAL-V-03,Normal,Normal,RF-v5,0.9990283019341838,0.0009626817737201522,9.016292096122324e-06
167,F-A1-NORMAL-V-03,Normal,Normal,RF-v5,0.9776442395077148,0.018221125460805742,0.00413463503148049
168,F-A1-NORMAL-V-03,Normal,Normal,RF-v5,0.9990283019341838,0.0009626817737201522,9.016292096122324e-06
169,F-A1-NORMAL-V-03,Normal,Normal,RF-v5,0.9776442395077148,0.018221125460805742,0.00413463503148049
170,F-A1-NORMAL-V-03,Normal,Normal,RF-v5,0.9986444582353576,0.0013465254725463205,9.016292096122324e-06
171,F-A1-NORMAL-V-03,Normal,Normal,RF-v5,0.9744509935190316,0.021408904595055338,0.004140101885914223
172,F-A1-NORMAL-V-03,Normal,Normal,RF-v5,0.9990283019341838,0.0009626817737201522,9.016292096122324e-06
173,F-A1-NORMAL-V-03,Normal,Normal,RF-v5,0.9776442395077148,0.018221125460805742,0.00413463503148049
174,F-A1-NORMAL-V-03,Normal,Normal,RF-v5,0.9986444582353576,0.0013465254725463205,9.016292096122324e-06
175,F-A1-NORMAL-V-03,Normal,Normal,RF-v5,0.9774361100111577,0.01841839617582625,0.0041454938130172795
176,F-A1-NORMAL-V-03,Normal,Normal,RF-v5,0.9986444582353576,0.0013465254725463205,9.016292096122324e-06
177,F-A1-NORMAL-V-03,Normal,Normal,RF-v5,0.9776442395077148,0.018221125460805742,0.00413463503148049
178,F-A1-NORMAL-V-03,Normal,Normal,RF-v5,0.9986444582353576,0.0013465254725463205,9.016292096122324e-06
179,F-A1-NORMAL-V-03,Normal,Normal,RF-v5,0.9774361100111577,0.01841839617582625,0.0041454938130172795
180,F-A1-DDOSLIKE-V-01,DDoS,DDoS,RF-v5,0.004038165336220465,0.9959583847042108,3.44995956867291e-06
181,F-A1-DDOSLIKE-V-01,DDoS,DDoS,RF-v5,0.004038165336220465,0.9959583847042108,3.44995956867291e-06
182,F-A1-DDOSLIKE-V-01,DDoS,Normal,RF-v5,0.6556497910374933,0.3395386207663744,0.004811588196134985
183,F-A1-DDOSLIKE-V-01,DDoS,DDoS,RF-v5,0.4096265279524053,0.5854528468459863,0.004920625201609391
184,F-A1-DDOSLIKE-V-01,DDoS,DDoS,RF-v5,0.004038165336220465,0.9959583847042108,3.44995956867291e-06
185,F-A1-DDOSLIKE-V-01,DDoS,DDoS,RF-v5,0.0,1.0,0.0
186,F-A1-DDOSLIKE-V-01,DDoS,DDoS,RF-v5,0.13107745404361335,0.8644996801958503,0.004422865760537095
187,F-A1-DDOSLIKE-V-01,DDoS,DDoS,RF-v5,0.24433954131215718,0.7517988799394593,0.0038615787483842574
188,F-A1-DDOSLIKE-V-01,DDoS,DDoS,RF-v5,0.009038165336220465,0.9909583847042108,3.44995956867291e-06
189,F-A1-DDOSLIKE-V-01,DDoS,DDoS,RF-v5,0.4422286845217822,0.5539097367298336,0.0038615787483842574
190,F-A1-DDOSLIKE-V-01,DDoS,DDoS,RF-v5,0.01710155724418071,0.9828949927962508,3.44995956867291e-06
191,F-A1-DDOSLIKE-V-01,DDoS,DDoS,RF-v5,0.004038165336220465,0.9959583847042108,3.44995956867291e-06
192,F-A1-DDOSLIKE-V-01,DDoS,DDoS,RF-v5,0.0,1.0,0.0
193,F-A1-DDOSLIKE-V-01,DDoS,DDoS,RF-v5,0.13107745404361335,0.8644996801958503,0.004422865760537095
194,F-A1-DDOSLIKE-V-01,DDoS,DDoS,RF-v5,0.20647868392695032,0.789659737324666,0.0038615787483842574
195,F-A1-DDOSLIKE-V-01,DDoS,DDoS,RF-v5,0.005636401436572053,0.9943601486038592,3.44995956867291e-06
196,F-A1-DDOSLIKE-V-01,DDoS,DDoS,RF-v5,0.47939757338796196,0.5167408478636542,0.0038615787483842574
197,F-A1-DDOSLIKE-V-01,DDoS,DDoS,RF-v5,0.02028854833249319,0.9797080017079383,3.44995956867291e-06
198,F-A1-DDOSLIKE-V-01,DDoS,DDoS,RF-v5,0.13107745404361335,0.8644996801958503,0.004422865760537095
199,F-A1-DDOSLIKE-V-01,DDoS,DDoS,RF-v5,0.004038165336220465,0.9959583847042108,3.44995956867291e-06
200,F-A1-DDOSLIKE-V-01,DDoS,DDoS,RF-v5,0.21703456107664973,0.7791038601749668,0.0038615787483842574
201,F-A1-DDOSLIKE-V-01,DDoS,DDoS,RF-v5,0.004038165336220465,0.9959583847042108,3.44995956867291e-06
202,F-A1-DDOSLIKE-V-01,DDoS,DDoS,RF-v5,0.13107745404361335,0.8644996801958503,0.004422865760537095
203,F-A1-DDOSLIKE-V-01,DDoS,DDoS,RF-v5,0.009342425098166306,0.9906575749018337,0.0
204,F-A1-DDOSLIKE-V-01,DDoS,DDoS,RF-v5,0.011941086343276643,0.9880554636971547,3.44995956867291e-06
205,F-A1-DDOSLIKE-V-01,DDoS,DDoS,RF-v5,0.25119766043428193,0.7439907513695837,0.004811588196134985
206,F-A1-DDOSLIKE-V-01,DDoS,DDoS,RF-v5,0.13107745404361335,0.8644663189775875,0.004456226978799849
207,F-A1-DDOSLIKE-V-01,DDoS,DDoS,RF-v5,0.01648953630573733,0.9835070137346941,3.44995956867291e-06
208,F-A1-DDOSLIKE-V-01,DDoS,DDoS,RF-v5,0.004038165336220465,0.9959583847042108,3.44995956867291e-06
209,F-A1-DDOSLIKE-V-01,DDoS,DDoS,RF-v5,0.13107745404361335,0.8644663189775875,0.004456226978799849
210,F-A1-DDOSLIKE-V-01,DDoS,DDoS,RF-v5,0.004038165336220465,0.9959583847042108,3.44995956867291e-06
211,F-A1-DDOSLIKE-V-01,DDoS,DDoS,RF-v5,0.14157447087507316,0.8416123379458349,0.016813191179092402
212,F-A1-DDOSLIKE-V-01,DDoS,DDoS,RF-v5,0.005636401436572053,0.9943601486038592,3.44995956867291e-06
213,F-A1-DDOSLIKE-V-01,DDoS,DDoS,RF-v5,0.4360825432364105,0.5588584909451056,0.005058965818484994
214,F-A1-DDOSLIKE-V-01,DDoS,DDoS,RF-v5,0.0,1.0,0.0
215,F-A1-DDOSLIKE-V-01,DDoS,DDoS,RF-v5,0.0,1.0,0.0
216,F-A1-DDOSLIKE-V-01,DDoS,DDoS,RF-v5,0.2145840750419485,0.7815543462096679,0.0038615787483842574
217,F-A1-DDOSLIKE-V-01,DDoS,DDoS,RF-v5,0.45132528913992404,0.5448131321116919,0.0038615787483842574
218,F-A1-DDOSLIKE-V-01,DDoS,DDoS,RF-v5,0.004038165336220465,0.9959583847042108,3.44995956867291e-06
219,F-A1-DDOSLIKE-V-01,DDoS,DDoS,RF-v5,0.13107745404361335,0.8644996801958503,0.004422865760537095
220,F-A1-DDOSLIKE-V-01,DDoS,DDoS,RF-v5,0.0044082597227082946,0.995588290317723,3.44995956867291e-06
221,F-A1-DDOSLIKE-V-01,DDoS,DDoS,RF-v5,0.2145840750419485,0.7815543462096679,0.0038615787483842574
222,F-A1-DDOSLIKE-V-01,DDoS,DDoS,RF-v5,0.004038165336220465,0.9959583847042108,3.44995956867291e-06
223,F-A1-DDOSLIKE-V-01,DDoS,Normal,RF-v5,0.5712707937195295,0.4228672935472326,0.005861912733238509
224,F-A1-DDOSLIKE-V-01,DDoS,DDoS,RF-v5,0.004038165336220465,0.9959583847042108,3.44995956867291e-06
225,F-A1-DDOSLIKE-V-01,DDoS,DDoS,RF-v5,0.43997490763442393,0.554966126547092,0.005058965818484994
226,F-A1-DDOSLIKE-V-01,DDoS,DDoS,RF-v5,0.0044082597227082946,0.995588290317723,3.44995956867291e-06
227,F-A1-DDOSLIKE-V-01,DDoS,DDoS,RF-v5,0.13107745404361335,0.8644996801958503,0.004422865760537095
228,F-A1-DDOSLIKE-V-01,DDoS,DDoS,RF-v5,0.004038165336220465,0.9959583847042108,3.44995956867291e-06
229,F-A1-DDOSLIKE-V-01,DDoS,DDoS,RF-v5,0.22437847413546805,0.769266021162122,0.0063555047024105435
230,F-A1-DDOSLIKE-V-01,DDoS,DDoS,RF-v5,0.004038165336220465,0.9959583847042108,3.44995956867291e-06
231,F-A1-DDOSLIKE-V-01,DDoS,DDoS,RF-v5,0.24780522218397139,0.7473831896198943,0.004811588196134985
232,F-A1-DDOSLIKE-V-01,DDoS,DDoS,RF-v5,0.0044082597227082946,0.995588290317723,3.44995956867291e-06
233,F-A1-DDOSLIKE-V-01,DDoS,DDoS,RF-v5,0.13107745404361335,0.8644996801958503,0.004422865760537095
234,F-A1-DDOSLIKE-V-01,DDoS,DDoS,RF-v5,0.005636401436572053,0.9943601486038592,3.44995956867291e-06
235,F-A1-DDOSLIKE-V-01,DDoS,DDoS,RF-v5,0.13107745404361335,0.8644996801958503,0.004422865760537095
236,F-A1-DDOSLIKE-V-01,DDoS,DDoS,RF-v5,0.008713245520295211,0.9912833045201361,3.44995956867291e-06
237,F-A1-DDOSLIKE-V-01,DDoS,DDoS,RF-v5,0.47630613961849283,0.5176143618115587,0.006079498569948602
238,F-A1-DDOSLIKE-V-01,DDoS,DDoS,RF-v5,0.013024281655449286,0.9869722683849821,3.44995956867291e-06
239,F-A1-DDOSLIKE-V-01,DDoS,Normal,RF-v5,0.6552259857378416,0.33996242606602606,0.004811588196134985
240,F-A1-DDOSLIKE-V-01,DDoS,DDoS,RF-v5,0.013764434133212947,0.9862321159072184,3.44995956867291e-06
241,F-A1-DDOSLIKE-V-01,DDoS,Normal,RF-v5,0.6148998018451975,0.37794872400801066,0.007151474146792783
242,F-A1-DDOSLIKE-V-01,DDoS,DDoS,RF-v5,0.005636401436572053,0.9943601486038592,3.44995956867291e-06
243,F-A1-DDOSLIKE-V-01,DDoS,DDoS,RF-v5,0.24433954131215718,0.7517988799394593,0.0038615787483842574
244,F-A1-DDOSLIKE-V-01,DDoS,DDoS,RF-v5,0.006006495823059881,0.9939900542173714,3.44995956867291e-06
245,F-A1-DDOSLIKE-V-01,DDoS,DDoS,RF-v5,0.24433954131215718,0.7517988799394593,0.0038615787483842574
246,F-A1-DDOSLIKE-V-01,DDoS,DDoS,RF-v5,0.004038165336220465,0.9959583847042108,3.44995956867291e-06
247,F-A1-DDOSLIKE-V-01,DDoS,Normal,RF-v5,0.5712707937195295,0.4228672935472326,0.005861912733238509
248,F-A1-DDOSLIKE-V-01,DDoS,DDoS,RF-v5,0.004038165336220465,0.9959583847042108,3.44995956867291e-06
249,F-A1-DDOSLIKE-V-01,DDoS,DDoS,RF-v5,0.009038165336220465,0.9909583847042108,3.44995956867291e-06
250,F-A1-DDOSLIKE-V-01,DDoS,DDoS,RF-v5,0.24433954131215718,0.7517988799394593,0.0038615787483842574
251,F-A1-DDOSLIKE-V-01,DDoS,DDoS,RF-v5,0.2509130707239219,0.7452253505276946,0.0038615787483842574
252,F-A1-DDOSLIKE-V-01,DDoS,DDoS,RF-v5,0.008654321637394291,0.9913422284030371,3.44995956867291e-06
253,F-A1-DDOSLIKE-V-01,DDoS,DDoS,RF-v5,0.25119766043428193,0.7439907513695837,0.004811588196134985
254,F-A1-DDOSLIKE-V-01,DDoS,DDoS,RF-v5,0.008654321637394291,0.9913422284030371,3.44995956867291e-06
255,F-A1-DDOSLIKE-V-01,DDoS,DDoS,RF-v5,0.13107745404361335,0.8644996801958503,0.004422865760537095
256,F-A1-DDOSLIKE-V-01,DDoS,DDoS,RF-v5,0.0,1.0,0.0
257,F-A1-DDOSLIKE-V-01,DDoS,DDoS,RF-v5,0.13107745404361335,0.8644663189775875,0.004456226978799849
258,F-A1-DDOSLIKE-V-01,DDoS,DDoS,RF-v5,0.011941086343276643,0.9880554636971547,3.44995956867291e-06
259,F-A1-DDOSLIKE-V-01,DDoS,DDoS,RF-v5,0.24780522218397139,0.746194921661482,0.005999856154547085
260,F-A1-DDOSLIKE-V-01,DDoS,DDoS,RF-v5,0.0044082597227082946,0.995588290317723,3.44995956867291e-06
261,F-A1-DDOSLIKE-V-01,DDoS,DDoS,RF-v5,0.21086951859013423,0.7827749767074558,0.0063555047024105435
262,F-A1-DDOSLIKE-V-01,DDoS,DDoS,RF-v5,0.004038165336220465,0.9959583847042108,3.44995956867291e-06
263,F-A1-DDOSLIKE-V-01,DDoS,DDoS,RF-v5,0.24780522218397139,0.7473831896198943,0.004811588196134985
264,F-A1-DDOSLIKE-V-01,DDoS,DDoS,RF-v5,0.008638508389393708,0.9913580416510377,3.44995956867291e-06
265,F-A1-DDOSLIKE-V-01,DDoS,DDoS,RF-v5,0.24780522218397139,0.7473831896198943,0.004811588196134985
266,F-A1-DDOSLIKE-V-01,DDoS,DDoS,RF-v5,0.005636401436572053,0.9943601486038592,3.44995956867291e-06
267,F-A1-DDOSLIKE-V-01,DDoS,DDoS,RF-v5,0.20647868392695032,0.789659737324666,0.0038615787483842574
268,F-A1-DDOSLIKE-V-01,DDoS,DDoS,RF-v5,0.004038165336220465,0.9959583847042108,3.44995956867291e-06
269,F-A1-DDOSLIKE-V-01,DDoS,Normal,RF-v5,0.7663609593064629,0.22882745249740316,0.004811588196134985
270,F-A1-DDOSLIKE-V-01,DDoS,DDoS,RF-v5,0.005636401436572053,0.9943601486038592,3.44995956867291e-06
271,F-A1-DDOSLIKE-V-01,DDoS,DDoS,RF-v5,0.20858790855659184,0.7867661736864341,0.004645917756974542
272,F-A1-DDOSLIKE-V-01,DDoS,DDoS,RF-v5,0.008654321637394291,0.9913422284030371,3.44995956867291e-06
273,F-A1-DDOSLIKE-V-01,DDoS,DDoS,RF-v5,0.2344389282040504,0.7576689778551926,0.007892093940757612
274,F-A1-DDOSLIKE-V-01,DDoS,DDoS,RF-v5,0.004038165336220465,0.9959583847042108,3.44995956867291e-06
275,F-A1-DDOSLIKE-V-01,DDoS,DDoS,RF-v5,0.21140232875912665,0.7847360924924897,0.0038615787483842574
276,F-A1-DDOSLIKE-V-01,DDoS,DDoS,RF-v5,0.005636401436572053,0.9943601486038592,3.44995956867291e-06
277,F-A1-DDOSLIKE-V-01,DDoS,DDoS,RF-v5,0.20647868392695032,0.789659737324666,0.0038615787483842574
278,F-A1-DDOSLIKE-V-01,DDoS,DDoS,RF-v5,0.004038165336220465,0.9959583847042108,3.44995956867291e-06
279,F-A1-DDOSLIKE-V-01,DDoS,DDoS,RF-v5,0.2591487410256502,0.7359903534230289,0.004860905551321779
280,F-A1-DDOSLIKE-V-01,DDoS,DDoS,RF-v5,0.004038165336220465,0.9959583847042108,3.44995956867291e-06
281,F-A1-DDOSLIKE-V-01,DDoS,DDoS,RF-v5,0.226879639854017,0.7667648554435731,0.0063555047024105435
282,F-A1-DDOSLIKE-V-01,DDoS,DDoS,RF-v5,0.007324930042102818,0.9926716199983285,3.44995956867291e-06
283,F-A1-DDOSLIKE-V-01,DDoS,DDoS,RF-v5,0.43427987663831247,0.5606611575432034,0.005058965818484994
284,F-A1-DDOSLIKE-V-01,DDoS,DDoS,RF-v5,0.006294221863811313,0.99370232817662,3.44995956867291e-06
285,F-A1-DDOSLIKE-V-01,DDoS,DDoS,RF-v5,0.13107745404361335,0.8644996801958503,0.004422865760537095
286,F-A1-DDOSLIKE-V-01,DDoS,DDoS,RF-v5,0.0044082597227082946,0.995588290317723,3.44995956867291e-06
287,F-A1-DDOSLIKE-V-01,DDoS,DDoS,RF-v5,0.4111719079685169,0.5849665132830988,0.0038615787483842574
288,F-A1-DDOSLIKE-V-01,DDoS,DDoS,RF-v5,0.0044082597227082946,0.995588290317723,3.44995956867291e-06
289,F-A1-DDOSLIKE-V-01,DDoS,DDoS,RF-v5,0.13107745404361335,0.8644663189775875,0.004456226978799849
290,F-A1-DDOSLIKE-V-01,DDoS,DDoS,RF-v5,0.008298012858456806,0.9916985371819745,3.44995956867291e-06
291,F-A1-DDOSLIKE-V-01,DDoS,DDoS,RF-v5,0.13107745404361335,0.8644996801958503,0.004422865760537095
292,F-A1-DDOSLIKE-V-01,DDoS,DDoS,RF-v5,0.0,1.0,0.0
293,F-A1-DDOSLIKE-V-01,DDoS,DDoS,RF-v5,0.20647868392695032,0.789659737324666,0.0038615787483842574
294,F-A1-DDOSLIKE-V-01,DDoS,DDoS,RF-v5,0.004038165336220465,0.9959583847042108,3.44995956867291e-06
295,F-A1-DDOSLIKE-V-01,DDoS,DDoS,RF-v5,0.24780522218397139,0.7473831896198943,0.004811588196134985
296,F-A1-DDOSLIKE-V-01,DDoS,DDoS,RF-v5,0.004038165336220465,0.9959583847042108,3.44995956867291e-06
297,F-A1-DDOSLIKE-V-01,DDoS,Normal,RF-v5,0.6552259857378416,0.33996242606602606,0.004811588196134985
298,F-A1-DDOSLIKE-V-01,DDoS,DDoS,RF-v5,0.006294221863811313,0.99370232817662,3.44995956867291e-06
299,F-A1-DDOSLIKE-V-01,DDoS,DDoS,RF-v5,0.13107745404361335,0.8642741655987831,0.004648380357604228
300,F-A1-DDOSLIKE-V-01,DDoS,DDoS,RF-v5,0.004038165336220465,0.9959583847042108,3.44995956867291e-06
301,F-A1-DDOSLIKE-V-01,DDoS,DDoS,RF-v5,0.13107745404361335,0.8644663189775875,0.004456226978799849
302,F-A1-DDOSLIKE-V-01,DDoS,DDoS,RF-v5,0.004038165336220465,0.9959583847042108,3.44995956867291e-06
303,F-A1-DDOSLIKE-V-01,DDoS,DDoS,RF-v5,0.24780522218397139,0.7473831896198943,0.004811588196134985
304,F-A1-DDOSLIKE-V-01,DDoS,DDoS,RF-v5,0.007324930042102818,0.9926716199983285,3.44995956867291e-06
305,F-A1-DDOSLIKE-V-01,DDoS,Normal,RF-v5,0.5712707937195295,0.4228672935472326,0.005861912733238509
306,F-A1-DDOSLIKE-V-01,DDoS,DDoS,RF-v5,0.009038165336220465,0.9909583847042108,3.44995956867291e-06
307,F-A1-DDOSLIKE-V-01,DDoS,DDoS,RF-v5,0.13107745404361335,0.8642741655987831,0.004648380357604228
308,F-A1-DDOSLIKE-V-01,DDoS,DDoS,RF-v5,0.15744698547493252,0.8425530145250676,0.0
309,F-A1-DDOSLIKE-V-01,DDoS,DDoS,RF-v5,0.01365432163739429,0.9863422284030371,3.44995956867291e-06
310,F-A1-DDOSLIKE-V-01,DDoS,DDoS,RF-v5,0.25119766043428193,0.7439907513695837,0.004811588196134985
311,F-A1-DDOSLIKE-V-01,DDoS,Normal,RF-v5,0.6311534701561438,0.3640349416477225,0.004811588196134985
312,F-A1-DDOSLIKE-V-01,DDoS,DDoS,RF-v5,0.0044082597227082946,0.995588290317723,3.44995956867291e-06
313,F-A1-DDOSLIKE-V-01,DDoS,DDoS,RF-v5,0.13107745404361335,0.8644663189775875,0.004456226978799849
314,F-A1-DDOSLIKE-V-01,DDoS,DDoS,RF-v5,0.004038165336220465,0.9959583847042108,3.44995956867291e-06
315,F-A1-DDOSLIKE-V-01,DDoS,DDoS,RF-v5,0.21140232875912665,0.7847360924924897,0.0038615787483842574
316,F-A1-DDOSLIKE-V-01,DDoS,DDoS,RF-v5,0.004038165336220465,0.9959583847042108,3.44995956867291e-06
317,F-A1-DDOSLIKE-V-01,DDoS,DDoS,RF-v5,0.23749950334568773,0.7576542839976256,0.004846212656687351
318,F-A1-DDOSLIKE-V-01,DDoS,DDoS,RF-v5,0.004038165336220465,0.9959583847042108,3.44995956867291e-06
319,F-A1-DDOSLIKE-V-01,DDoS,DDoS,RF-v5,0.4305411843870963,0.5643998497944195,0.005058965818484994
320,F-A1-DDOSLIKE-V-01,DDoS,DDoS,RF-v5,0.004038165336220465,0.9959583847042108,3.44995956867291e-06
321,F-A1-DDOSLIKE-V-01,DDoS,DDoS,RF-v5,0.42107329633539364,0.5750651249162222,0.0038615787483842574
322,F-A1-DDOSLIKE-V-01,DDoS,DDoS,RF-v5,0.004038165336220465,0.9959583847042108,3.44995956867291e-06
323,F-A1-DDOSLIKE-V-01,DDoS,DDoS,RF-v5,0.13107745404361335,0.8644996801958503,0.004422865760537095
324,F-A1-DDOSLIKE-V-01,DDoS,DDoS,RF-v5,0.004038165336220465,0.9959583847042108,3.44995956867291e-06
325,F-A1-DDOSLIKE-V-01,DDoS,Normal,RF-v5,0.6311534701561438,0.3640349416477225,0.004811588196134985
326,F-A1-DDOSLIKE-V-01,DDoS,DDoS,RF-v5,0.004038165336220465,0.9959583847042108,3.44995956867291e-06
327,F-A1-DDOSLIKE-V-01,DDoS,DDoS,RF-v5,0.20647868392695032,0.789659737324666,0.0038615787483842574
328,F-A1-DDOSLIKE-V-01,DDoS,DDoS,RF-v5,0.004038165336220465,0.9959583847042108,3.44995956867291e-06
329,F-A1-DDOSLIKE-V-01,DDoS,DDoS,RF-v5,0.13107745404361335,0.8642741655987831,0.004648380357604228
330,F-A1-DDOSLIKE-V-01,DDoS,DDoS,RF-v5,0.0044082597227082946,0.995588290317723,3.44995956867291e-06
331,F-A1-DDOSLIKE-V-01,DDoS,DDoS,RF-v5,0.13107745404361335,0.8644663189775875,0.004456226978799849
332,F-A1-DDOSLIKE-V-01,DDoS,DDoS,RF-v5,0.0044082597227082946,0.995588290317723,3.44995956867291e-06
333,F-A1-DDOSLIKE-V-01,DDoS,DDoS,RF-v5,0.13107745404361335,0.8644663189775875,0.004456226978799849
334,F-A1-DDOSLIKE-V-01,DDoS,DDoS,RF-v5,0.004038165336220465,0.9959583847042108,3.44995956867291e-06
335,F-A1-DDOSLIKE-V-01,DDoS,DDoS,RF-v5,0.13107745404361335,0.8644663189775875,0.004456226978799849
336,F-A1-DDOSLIKE-V-01,DDoS,DDoS,RF-v5,0.005636401436572053,0.9943601486038592,3.44995956867291e-06
337,F-A1-DDOSLIKE-V-01,DDoS,DDoS,RF-v5,0.13107745404361335,0.8644996801958503,0.004422865760537095
338,F-A1-DDOSLIKE-V-01,DDoS,DDoS,RF-v5,0.005636401436572053,0.9943601486038592,3.44995956867291e-06
339,F-A1-DDOSLIKE-V-01,DDoS,DDoS,RF-v5,0.2145840750419485,0.7815543462096679,0.0038615787483842574
340,F-A1-DDOSLIKE-V-01,DDoS,DDoS,RF-v5,0.004038165336220465,0.9959583847042108,3.44995956867291e-06
341,F-A1-DDOSLIKE-V-01,DDoS,DDoS,RF-v5,0.13107745404361335,0.8644996801958503,0.004422865760537095
342,F-A1-DDOSLIKE-V-01,DDoS,DDoS,RF-v5,0.004038165336220465,0.9959583847042108,3.44995956867291e-06
343,F-A1-DDOSLIKE-V-01,DDoS,DDoS,RF-v5,0.13107745404361335,0.8644996801958503,0.004422865760537095
344,F-A1-DDOSLIKE-V-01,DDoS,DDoS,RF-v5,0.0015982361003515871,0.9984017638996484,0.0
345,F-A1-DDOSLIKE-V-01,DDoS,Normal,RF-v5,0.5712707937195295,0.4228672935472326,0.005861912733238509
346,F-A1-DDOSLIKE-V-01,DDoS,DDoS,RF-v5,0.004038165336220465,0.9959583847042108,3.44995956867291e-06
347,F-A1-DDOSLIKE-V-01,DDoS,DDoS,RF-v5,0.13107745404361335,0.8644663189775875,0.004456226978799849
348,F-A1-DDOSLIKE-V-01,DDoS,DDoS,RF-v5,0.008654321637394291,0.9913422284030371,3.44995956867291e-06
349,F-A1-DDOSLIKE-V-01,DDoS,DDoS,RF-v5,0.13107745404361335,0.8642741655987831,0.004648380357604228
350,F-A1-DDOSLIKE-V-01,DDoS,DDoS,RF-v5,0.008713245520295211,0.9912833045201361,3.44995956867291e-06
351,F-A1-DDOSLIKE-V-01,DDoS,Normal,RF-v5,0.975839348092164,0.01820915304070183,0.005951498867135269
352,F-A1-DDOSLIKE-V-01,DDoS,DDoS,RF-v5,0.006006495823059881,0.9939900542173714,3.44995956867291e-06
353,F-A1-DDOSLIKE-V-01,DDoS,DDoS,RF-v5,0.24433954131215718,0.7517988799394593,0.0038615787483842574
354,F-A1-DDOSLIKE-V-01,DDoS,DDoS,RF-v5,0.0044082597227082946,0.995588290317723,3.44995956867291e-06
355,F-A1-DDOSLIKE-V-01,DDoS,DDoS,RF-v5,0.20647868392695032,0.789659737324666,0.0038615787483842574
356,F-A1-DDOSLIKE-V-01,DDoS,DDoS,RF-v5,0.004038165336220465,0.9959583847042108,3.44995956867291e-06
357,F-A1-DDOSLIKE-V-01,DDoS,DDoS,RF-v5,0.20647868392695032,0.789659737324666,0.0038615787483842574
358,F-A1-DDOSLIKE-V-01,DDoS,DDoS,RF-v5,0.005636401436572053,0.9943601486038592,3.44995956867291e-06
359,F-A1-DDOSLIKE-V-01,DDoS,DDoS,RF-v5,0.2145840750419485,0.7815543462096679,0.0038615787483842574
360,F-A1-DDOSLIKE-V-01,DDoS,DDoS,RF-v5,0.008654321637394291,0.9913422284030371,3.44995956867291e-06
361,F-A1-DDOSLIKE-V-01,DDoS,DDoS,RF-v5,0.14157447087507316,0.8477041005139755,0.01072142861095188
362,F-A1-DDOSLIKE-V-01,DDoS,DDoS,RF-v5,0.004038165336220465,0.9959583847042108,3.44995956867291e-06
363,F-A1-DDOSLIKE-V-01,DDoS,DDoS,RF-v5,0.3028092884030185,0.6921317457784975,0.005058965818484994
364,F-A1-DDOSLIKE-V-01,DDoS,DDoS,RF-v5,0.004038165336220465,0.9959583847042108,3.44995956867291e-06
365,F-A1-DDOSLIKE-V-01,DDoS,DDoS,RF-v5,0.22585630426381675,0.768800801122797,0.005342894613386959
366,F-A1-DDOSLIKE-V-01,DDoS,DDoS,RF-v5,0.008923166142454406,0.991073383897977,3.44995956867291e-06
367,F-A1-DDOSLIKE-V-01,DDoS,DDoS,RF-v5,0.3788069179530788,0.6163814938507867,0.004811588196134985
368,F-A1-DDOSLIKE-V-01,DDoS,DDoS,RF-v5,0.004038165336220465,0.9959583847042108,3.44995956867291e-06
369,F-A1-DDOSLIKE-V-01,DDoS,DDoS,RF-v5,0.13107745404361335,0.8644996801958503,0.004422865760537095
370,F-A1-DDOSLIKE-V-01,DDoS,DDoS,RF-v5,0.004038165336220465,0.9959583847042108,3.44995956867291e-06
371,F-A1-DDOSLIKE-V-01,DDoS,DDoS,RF-v5,0.13107745404361335,0.8644996801958503,0.004422865760537095
372,F-A1-DDOSLIKE-V-01,DDoS,DDoS,RF-v5,0.008713245520295211,0.9912833045201361,3.44995956867291e-06
373,F-A1-DDOSLIKE-V-01,DDoS,DDoS,RF-v5,0.14157447087507316,0.8416123379458349,0.016813191179092402
374,F-A1-DDOSLIKE-V-01,DDoS,DDoS,RF-v5,0.008923166142454406,0.991073383897977,3.44995956867291e-06
375,F-A1-DDOSLIKE-V-01,DDoS,DDoS,RF-v5,0.005636401436572053,0.9943601486038592,3.44995956867291e-06
376,F-A1-DDOSLIKE-V-01,DDoS,Normal,RF-v5,0.6311534701561438,0.3640349416477225,0.004811588196134985
377,F-A1-DDOSLIKE-V-01,DDoS,DDoS,RF-v5,0.24433954131215718,0.7517988799394593,0.0038615787483842574
378,F-A1-DDOSLIKE-V-01,DDoS,DDoS,RF-v5,0.005636401436572053,0.9943601486038592,3.44995956867291e-06
379,F-A1-DDOSLIKE-V-01,DDoS,DDoS,RF-v5,0.13107745404361335,0.8580012638026453,0.010921282153742112
380,F-A1-DDOSLIKE-V-01,DDoS,DDoS,RF-v5,0.004038165336220465,0.9959583847042108,3.44995956867291e-06
381,F-A1-DDOSLIKE-V-01,DDoS,DDoS,RF-v5,0.4305411843870963,0.5643998497944195,0.005058965818484994
382,F-A1-DDOSLIKE-V-01,DDoS,DDoS,RF-v5,0.004038165336220465,0.9959583847042108,3.44995956867291e-06
383,F-A1-DDOSLIKE-V-01,DDoS,DDoS,RF-v5,0.13107745404361335,0.8644996801958503,0.004422865760537095
384,F-A1-DDOSLIKE-V-01,DDoS,DDoS,RF-v5,0.004038165336220465,0.9959583847042108,3.44995956867291e-06
385,F-A1-DDOSLIKE-V-01,DDoS,DDoS,RF-v5,0.24433954131215718,0.7517988799394593,0.0038615787483842574
386,F-A1-DDOSLIKE-V-01,DDoS,DDoS,RF-v5,0.0044082597227082946,0.995588290317723,3.44995956867291e-06
387,F-A1-DDOSLIKE-V-01,DDoS,DDoS,RF-v5,0.20647868392695032,0.789659737324666,0.0038615787483842574
388,F-A1-DDOSLIKE-V-01,DDoS,DDoS,RF-v5,0.004038165336220465,0.9959583847042108,3.44995956867291e-06
389,F-A1-DDOSLIKE-V-01,DDoS,Normal,RF-v5,0.5515856800295902,0.44335535415192545,0.005058965818484994
390,F-A1-DDOSLIKE-V-01,DDoS,DDoS,RF-v5,0.004038165336220465,0.9959583847042108,3.44995956867291e-06
391,F-A1-DDOSLIKE-V-01,DDoS,DDoS,RF-v5,0.20647868392695032,0.789659737324666,0.0038615787483842574
392,F-A1-DDOSLIKE-V-01,DDoS,DDoS,RF-v5,0.004038165336220465,0.9959583847042108,3.44995956867291e-06
393,F-A1-DDOSLIKE-V-01,DDoS,DDoS,RF-v5,0.4325626965115237,0.5623783376699922,0.005058965818484994
394,F-A1-DDOSLIKE-V-01,DDoS,DDoS,RF-v5,0.008638508389393708,0.9913580416510377,3.44995956867291e-06
395,F-A1-DDOSLIKE-V-01,DDoS,Normal,RF-v5,0.5727308764483614,0.42245753535550457,0.004811588196134985
396,F-A1-DDOSLIKE-V-01,DDoS,DDoS,RF-v5,0.011604167655872072,0.9883923823845593,3.44995956867291e-06
397,F-A1-DDOSLIKE-V-01,DDoS,DDoS,RF-v5,0.25119766043428193,0.7439907513695837,0.004811588196134985
398,F-A1-DDOSLIKE-V-01,DDoS,DDoS,RF-v5,0.008654321637394291,0.9913422284030371,3.44995956867291e-06
399,F-A1-DDOSLIKE-V-01,DDoS,DDoS,RF-v5,0.13107745404361335,0.8644663189775875,0.004456226978799849
400,F-A1-DDOSLIKE-V-01,DDoS,DDoS,RF-v5,0.008654321637394291,0.9913422284030371,3.44995956867291e-06
401,F-A1-DDOSLIKE-V-01,DDoS,Normal,RF-v5,0.7344568446929555,0.26007948983393164,0.005463665473113822
402,F-A1-DDOSLIKE-V-01,DDoS,DDoS,RF-v5,0.004038165336220465,0.9959583847042108,3.44995956867291e-06
403,F-A1-DDOSLIKE-V-01,DDoS,DDoS,RF-v5,0.13107745404361335,0.8644996801958503,0.004422865760537095
404,F-A1-DDOSLIKE-V-01,DDoS,DDoS,RF-v5,0.004038165336220465,0.9959583847042108,3.44995956867291e-06
405,F-A1-DDOSLIKE-V-01,DDoS,DDoS,RF-v5,0.2145840750419485,0.7815543462096679,0.0038615787483842574
406,F-A1-DDOSLIKE-V-01,DDoS,DDoS,RF-v5,0.004038165336220465,0.9959583847042108,3.44995956867291e-06
407,F-A1-DDOSLIKE-V-01,DDoS,DDoS,RF-v5,0.215659549966464,0.7729159796339278,0.011424470399608979
408,F-A1-DDOSLIKE-V-01,DDoS,DDoS,RF-v5,0.004038165336220465,0.9959583847042108,3.44995956867291e-06
409,F-A1-DDOSLIKE-V-01,DDoS,DDoS,RF-v5,0.42107329633539364,0.5750651249162222,0.0038615787483842574
410,F-A1-DDOSLIKE-V-01,DDoS,DDoS,RF-v5,0.007324930042102818,0.9926716199983285,3.44995956867291e-06
411,F-A1-DDOSLIKE-V-01,DDoS,DDoS,RF-v5,0.009896248958808394,0.990100301081623,3.44995956867291e-06
412,F-A1-DDOSLIKE-V-01,DDoS,DDoS,RF-v5,0.3093828178147832,0.6855582163667328,0.005058965818484994
413,F-A1-DDOSLIKE-V-01,DDoS,DDoS,RF-v5,0.13107745404361335,0.8644663189775875,0.004456226978799849
414,F-A1-DDOSLIKE-V-01,DDoS,DDoS,RF-v5,0.024036148533856022,0.9759604015065753,3.44995956867291e-06
415,F-A1-DDOSLIKE-V-01,DDoS,DDoS,RF-v5,0.006006495823059881,0.9939900542173714,3.44995956867291e-06
416,F-A1-DDOSLIKE-V-01,DDoS,DDoS,RF-v5,0.13107745404361335,0.8644663189775875,0.004456226978799849
417,F-A1-DDOSLIKE-V-01,DDoS,DDoS,RF-v5,0.004038165336220465,0.9959583847042108,3.44995956867291e-06
418,F-A1-DDOSLIKE-V-01,DDoS,DDoS,RF-v5,0.13107745404361335,0.8644996801958503,0.004422865760537095
419,F-A1-DDOSLIKE-V-01,DDoS,DDoS,RF-v5,0.002949846018477782,0.9970501539815223,0.0
420,F-A1-DDOSLIKE-V-01,DDoS,DDoS,RF-v5,0.22585630426381675,0.768800801122797,0.005342894613386959
421,F-A1-DDOSLIKE-V-01,DDoS,DDoS,RF-v5,0.004038165336220465,0.9959583847042108,3.44995956867291e-06
422,F-A1-DDOSLIKE-V-01,DDoS,DDoS,RF-v5,0.40814990434389137,0.5879885169077244,0.0038615787483842574
423,F-A1-DDOSLIKE-V-01,DDoS,DDoS,RF-v5,0.008654321637394291,0.9913422284030371,3.44995956867291e-06
424,F-A1-DDOSLIKE-V-01,DDoS,DDoS,RF-v5,0.13107745404361335,0.8644663189775875,0.004456226978799849
425,F-A1-DDOSLIKE-V-01,DDoS,DDoS,RF-v5,0.004038165336220465,0.9959583847042108,3.44995956867291e-06
426,F-A1-DDOSLIKE-V-01,DDoS,DDoS,RF-v5,0.2781559397171113,0.7169234350812802,0.004920625201609391
427,F-A1-DDOSLIKE-V-01,DDoS,DDoS,RF-v5,0.005636401436572053,0.9943601486038592,3.44995956867291e-06
428,F-A1-DDOSLIKE-V-01,DDoS,DDoS,RF-v5,0.21140232875912665,0.7847360924924897,0.0038615787483842574
429,F-A1-DDOSLIKE-V-01,DDoS,DDoS,RF-v5,0.0015982361003515871,0.9984017638996484,0.0
430,F-A1-DDOSLIKE-V-01,DDoS,DDoS,RF-v5,0.20647868392695032,0.789659737324666,0.0038615787483842574
431,F-A1-DDOSLIKE-V-01,DDoS,DDoS,RF-v5,0.005636401436572053,0.9943601486038592,3.44995956867291e-06
432,F-A1-DDOSLIKE-V-01,DDoS,DDoS,RF-v5,0.24780522218397139,0.746194921661482,0.005999856154547085
433,F-A1-DDOSLIKE-V-01,DDoS,DDoS,RF-v5,0.0044082597227082946,0.995588290317723,3.44995956867291e-06
434,F-A1-DDOSLIKE-V-01,DDoS,DDoS,RF-v5,0.005636401436572053,0.9943601486038592,3.44995956867291e-06
435,F-A1-DDOSLIKE-V-01,DDoS,DDoS,RF-v5,0.21140232875912665,0.7847360924924897,0.0038615787483842574
436,F-A1-DDOSLIKE-V-01,DDoS,DDoS,RF-v5,0.21086951859013423,0.7827749767074558,0.0063555047024105435
437,F-A1-DDOSLIKE-V-01,DDoS,DDoS,RF-v5,0.0044082597227082946,0.995588290317723,3.44995956867291e-06
438,F-A1-DDOSLIKE-V-01,DDoS,DDoS,RF-v5,0.20647868392695032,0.789659737324666,0.0038615787483842574
439,F-A1-DDOSLIKE-V-01,DDoS,DDoS,RF-v5,0.008654321637394291,0.9913422284030371,3.44995956867291e-06
440,F-A1-DDOSLIKE-V-01,DDoS,DDoS,RF-v5,0.13107745404361335,0.8644996801958503,0.004422865760537095
441,F-A1-DDOSLIKE-V-01,DDoS,DDoS,RF-v5,0.004038165336220465,0.9959583847042108,3.44995956867291e-06
442,F-A1-DDOSLIKE-V-01,DDoS,Normal,RF-v5,0.6556497910374933,0.3395386207663744,0.004811588196134985
443,F-A1-DDOSLIKE-V-01,DDoS,DDoS,RF-v5,0.004038165336220465,0.9959583847042108,3.44995956867291e-06
444,F-A1-DDOSLIKE-V-01,DDoS,DDoS,RF-v5,0.21703456107664973,0.7791038601749668,0.0038615787483842574
445,F-A1-DDOSLIKE-V-01,DDoS,DDoS,RF-v5,0.008654321637394291,0.9913422284030371,3.44995956867291e-06
446,F-A1-DDOSLIKE-V-01,DDoS,DDoS,RF-v5,0.4096265279524053,0.5854528468459863,0.004920625201609391
447,F-A1-DDOSLIKE-V-01,DDoS,DDoS,RF-v5,0.004038165336220465,0.9959583847042108,3.44995956867291e-06
448,F-A1-DDOSLIKE-V-01,DDoS,DDoS,RF-v5,0.2145840750419485,0.7815543462096679,0.0038615787483842574
449,F-A1-DDOSLIKE-V-01,DDoS,DDoS,RF-v5,0.008654321637394291,0.9913422284030371,3.44995956867291e-06
450,F-A1-DDOSLIKE-V-01,DDoS,Normal,RF-v5,0.7344568446929555,0.26007948983393164,0.005463665473113822
451,F-A1-DDOSLIKE-V-01,DDoS,DDoS,RF-v5,0.004038165336220465,0.9959583847042108,3.44995956867291e-06
452,F-A1-DDOSLIKE-V-01,DDoS,DDoS,RF-v5,0.4462495818561424,0.5498888393954736,0.0038615787483842574
453,F-A1-DDOSLIKE-V-01,DDoS,DDoS,RF-v5,0.004038165336220465,0.9959583847042108,3.44995956867291e-06
454,F-A1-DDOSLIKE-V-01,DDoS,DDoS,RF-v5,0.2145840750419485,0.7815543462096679,0.0038615787483842574
455,F-A1-DDOSLIKE-V-01,DDoS,DDoS,RF-v5,0.004038165336220465,0.9959583847042108,3.44995956867291e-06
456,F-A1-DDOSLIKE-V-01,DDoS,DDoS,RF-v5,0.20647868392695032,0.789659737324666,0.0038615787483842574
457,F-A1-DDOSLIKE-V-01,DDoS,DDoS,RF-v5,0.004038165336220465,0.9959583847042108,3.44995956867291e-06
458,F-A1-DDOSLIKE-V-01,DDoS,DDoS,RF-v5,0.477745643709603,0.5161748577204487,0.006079498569948602
459,F-A1-DDOSLIKE-V-01,DDoS,DDoS,RF-v5,0.0044082597227082946,0.995588290317723,3.44995956867291e-06
460,F-A1-DDOSLIKE-V-01,DDoS,DDoS,RF-v5,0.13107745404361335,0.8644663189775875,0.004456226978799849
461,F-A1-DDOSLIKE-V-01,DDoS,DDoS,RF-v5,0.005636401436572053,0.9943601486038592,3.44995956867291e-06
462,F-A1-DDOSLIKE-V-01,DDoS,DDoS,RF-v5,0.004038165336220465,0.9959583847042108,3.44995956867291e-06
463,F-A1-DDOSLIKE-V-01,DDoS,DDoS,RF-v5,0.20858790855659184,0.7867661736864341,0.004645917756974542
464,F-A1-DDOSLIKE-V-01,DDoS,DDoS,RF-v5,0.20858790855659184,0.7867661736864341,0.004645917756974542
465,F-A1-DDOSLIKE-V-01,DDoS,DDoS,RF-v5,0.010611694747985172,0.9876752683470101,0.0017130369050046752
466,F-A1-DDOSLIKE-V-01,DDoS,DDoS,RF-v5,0.25119766043428193,0.7439907513695837,0.004811588196134985
467,F-A1-DDOSLIKE-V-01,DDoS,DDoS,RF-v5,0.008654321637394291,0.9913422284030371,3.44995956867291e-06
468,F-A1-DDOSLIKE-V-01,DDoS,DDoS,RF-v5,0.13107745404361335,0.8644663189775875,0.004456226978799849
469,F-A1-DDOSLIKE-V-01,DDoS,DDoS,RF-v5,0.0044082597227082946,0.995588290317723,3.44995956867291e-06
470,F-A1-DDOSLIKE-V-01,DDoS,Normal,RF-v5,0.5307779318225312,0.46536048942908487,0.0038615787483842574
471,F-A1-DDOSLIKE-V-01,DDoS,DDoS,RF-v5,0.012364891642928326,0.987631658397503,3.44995956867291e-06
472,F-A1-DDOSLIKE-V-01,DDoS,DDoS,RF-v5,0.21710760360106454,0.7752005973578914,0.007691799041044801
473,F-A1-DDOSLIKE-V-01,DDoS,DDoS,RF-v5,0.009038165336220465,0.9909583847042108,3.44995956867291e-06
474,F-A1-DDOSLIKE-V-01,DDoS,Normal,RF-v5,0.5727308764483614,0.42245753535550457,0.004811588196134985
475,F-A1-DDOSLIKE-V-01,DDoS,DDoS,RF-v5,0.004038165336220465,0.9959583847042108,3.44995956867291e-06
476,F-A1-DDOSLIKE-V-01,DDoS,Normal,RF-v5,0.6488196188153371,0.3463383955037188,0.004841985680946787
477,F-A1-DDOSLIKE-V-01,DDoS,DDoS,RF-v5,0.004038165336220465,0.9959583847042108,3.44995956867291e-06
478,F-A1-DDOSLIKE-V-01,DDoS,DDoS,RF-v5,0.44601663937202785,0.5501217818795883,0.0038615787483842574
479,F-A1-DDOSLIKE-V-01,DDoS,DDoS,RF-v5,0.006006495823059881,0.9939900542173714,3.44995956867291e-06
480,F-A1-DDOSLIKE-V-01,DDoS,DDoS,RF-v5,0.13107745404361335,0.8644663189775875,0.004456226978799849
481,F-A1-DDOSLIKE-V-01,DDoS,DDoS,RF-v5,0.011763526367280681,0.9882330236731507,3.44995956867291e-06
482,F-A1-DDOSLIKE-V-01,DDoS,DDoS,RF-v5,0.13107745404361335,0.8644996801958503,0.004422865760537095
483,F-A1-DDOSLIKE-V-01,DDoS,DDoS,RF-v5,0.007896275515532706,0.9921037244844674,0.0
484,F-A1-DDOSLIKE-V-01,DDoS,DDoS,RF-v5,0.24780522218397139,0.7473831896198943,0.004811588196134985
485,F-A1-DDOSLIKE-V-01,DDoS,DDoS,RF-v5,0.004038165336220465,0.9959583847042108,3.44995956867291e-06
486,F-A1-DDOSLIKE-V-01,DDoS,DDoS,RF-v5,0.21703456107664973,0.7791038601749668,0.0038615787483842574
487,F-A1-DDOSLIKE-V-01,DDoS,DDoS,RF-v5,0.0044082597227082946,0.995588290317723,3.44995956867291e-06
488,F-A1-DDOSLIKE-V-01,DDoS,DDoS,RF-v5,0.13107745404361335,0.8644663189775875,0.004456226978799849
489,F-A1-DDOSLIKE-V-01,DDoS,DDoS,RF-v5,0.004038165336220465,0.9959583847042108,3.44995956867291e-06
490,F-A1-DDOSLIKE-V-01,DDoS,DDoS,RF-v5,0.23749950334568773,0.7576542839976256,0.004846212656687351
491,F-A1-DDOSLIKE-V-01,DDoS,DDoS,RF-v5,0.005636401436572053,0.9943601486038592,3.44995956867291e-06
492,F-A1-DDOSLIKE-V-01,DDoS,DDoS,RF-v5,0.4455700643969848,0.5505683568546311,0.0038615787483842574
493,F-A1-DDOSLIKE-V-01,DDoS,DDoS,RF-v5,0.004038165336220465,0.9959583847042108,3.44995956867291e-06
494,F-A1-DDOSLIKE-V-01,DDoS,DDoS,RF-v5,0.24433954131215718,0.7517988799394593,0.0038615787483842574
495,F-A1-DDOSLIKE-V-01,DDoS,DDoS,RF-v5,0.005636401436572053,0.9943601486038592,3.44995956867291e-06
496,F-A1-DDOSLIKE-V-01,DDoS,DDoS,RF-v5,0.45132528913992404,0.5448131321116919,0.0038615787483842574
497,F-A1-DDOSLIKE-V-01,DDoS,DDoS,RF-v5,0.008654321637394291,0.9913422284030371,3.44995956867291e-06
498,F-A1-DDOSLIKE-V-01,DDoS,DDoS,RF-v5,0.20647868392695032,0.789659737324666,0.0038615787483842574
499,F-A1-DDOSLIKE-V-01,DDoS,DDoS,RF-v5,0.004038165336220465,0.9959583847042108,3.44995956867291e-06
500,F-A1-DDOSLIKE-V-01,DDoS,DDoS,RF-v5,0.13107745404361335,0.8644996801958503,0.004422865760537095
501,F-A1-DDOSLIKE-V-01,DDoS,DDoS,RF-v5,0.008654321637394291,0.9913422284030371,3.44995956867291e-06
502,F-A1-DDOSLIKE-V-01,DDoS,DDoS,RF-v5,0.22585630426381675,0.768800801122797,0.005342894613386959
503,F-A1-DDOSLIKE-V-01,DDoS,DDoS,RF-v5,0.008654321637394291,0.9913422284030371,3.44995956867291e-06
504,F-A1-DDOSLIKE-V-01,DDoS,DDoS,RF-v5,0.25119766043428193,0.7439907513695837,0.004811588196134985
505,F-A1-DDOSLIKE-V-01,DDoS,DDoS,RF-v5,0.01365432163739429,0.9863422284030371,3.44995956867291e-06
506,F-A1-DDOSLIKE-V-01,DDoS,DDoS,RF-v5,0.13107745404361335,0.8644996801958503,0.004422865760537095
507,F-A1-DDOSLIKE-V-01,DDoS,DDoS,RF-v5,0.0044082597227082946,0.995588290317723,3.44995956867291e-06
508,F-A1-DDOSLIKE-V-01,DDoS,DDoS,RF-v5,0.24433954131215718,0.7517988799394593,0.0038615787483842574
509,F-A1-DDOSLIKE-V-01,DDoS,DDoS,RF-v5,0.011604167655872072,0.9883923823845593,3.44995956867291e-06
510,F-A1-DDOSLIKE-V-01,DDoS,DDoS,RF-v5,0.21703456107664973,0.7791038601749668,0.0038615787483842574
511,F-A1-DDOSLIKE-V-01,DDoS,DDoS,RF-v5,0.004038165336220465,0.9959583847042108,3.44995956867291e-06
512,F-A1-DDOSLIKE-V-01,DDoS,DDoS,RF-v5,0.13107745404361335,0.8644663189775875,0.004456226978799849
513,F-A1-DDOSLIKE-V-01,DDoS,DDoS,RF-v5,0.004038165336220465,0.9959583847042108,3.44995956867291e-06
514,F-A1-DDOSLIKE-V-01,DDoS,DDoS,RF-v5,0.25119766043428193,0.7439907513695837,0.004811588196134985
515,F-A1-DDOSLIKE-V-01,DDoS,DDoS,RF-v5,0.004038165336220465,0.9959583847042108,3.44995956867291e-06
516,F-A1-DDOSLIKE-V-01,DDoS,DDoS,RF-v5,0.13107745404361335,0.8644996801958503,0.004422865760537095
517,F-A1-DDOSLIKE-V-01,DDoS,DDoS,RF-v5,0.004038165336220465,0.9959583847042108,3.44995956867291e-06
518,F-A1-DDOSLIKE-V-01,DDoS,DDoS,RF-v5,0.13107745404361335,0.8644996801958503,0.004422865760537095
519,F-A1-DDOSLIKE-V-01,DDoS,DDoS,RF-v5,0.0044082597227082946,0.995588290317723,3.44995956867291e-06
520,F-A1-DDOSLIKE-V-01,DDoS,DDoS,RF-v5,0.47016271127628767,0.5259757099753282,0.0038615787483842574
521,F-A1-DDOSLIKE-V-01,DDoS,DDoS,RF-v5,0.014620948170519175,0.9853756018699121,3.44995956867291e-06
522,F-A1-DDOSLIKE-V-01,DDoS,DDoS,RF-v5,0.22585630426381675,0.768800801122797,0.005342894613386959
523,F-A1-DDOSLIKE-V-01,DDoS,DDoS,RF-v5,0.010266343345296221,0.9897302066951351,3.44995956867291e-06
524,F-A1-DDOSLIKE-V-01,DDoS,DDoS,RF-v5,0.21703456107664973,0.7791038601749668,0.0038615787483842574
525,F-A1-DDOSLIKE-V-01,DDoS,DDoS,RF-v5,0.0044082597227082946,0.995588290317723,3.44995956867291e-06
526,F-A1-DDOSLIKE-V-01,DDoS,DDoS,RF-v5,0.2145840750419485,0.7815543462096679,0.0038615787483842574
527,F-A1-DDOSLIKE-V-01,DDoS,DDoS,RF-v5,0.008713245520295211,0.9912833045201361,3.44995956867291e-06
528,F-A1-DDOSLIKE-V-01,DDoS,DDoS,RF-v5,0.13107745404361335,0.8644996801958503,0.004422865760537095
529,F-A1-DDOSLIKE-V-01,DDoS,DDoS,RF-v5,0.008298012858456806,0.9897783424418668,0.0019236446996765439
530,F-A1-DDOSLIKE-V-01,DDoS,DDoS,RF-v5,0.4422286845217822,0.5539097367298336,0.0038615787483842574
531,F-A1-DDOSLIKE-V-01,DDoS,DDoS,RF-v5,0.008654321637394291,0.9913422284030371,3.44995956867291e-06
532,F-A1-DDOSLIKE-V-01,DDoS,DDoS,RF-v5,0.13107745404361335,0.8644996801958503,0.004422865760537095
533,F-A1-DDOSLIKE-V-01,DDoS,DDoS,RF-v5,0.008654321637394291,0.9913422284030371,3.44995956867291e-06
534,F-A1-DDOSLIKE-V-01,DDoS,Normal,RF-v5,0.7344568446929555,0.26007948983393164,0.005463665473113822
535,F-A1-DDOSLIKE-V-01,DDoS,DDoS,RF-v5,0.004038165336220465,0.9959583847042108,3.44995956867291e-06
536,F-A1-DDOSLIKE-V-01,DDoS,Normal,RF-v5,0.5698781835842316,0.423261606384794,0.006860210030975367
537,F-A1-DDOSLIKE-V-01,DDoS,DDoS,RF-v5,0.01708574399618013,0.9829108060442512,3.44995956867291e-06
538,F-A1-DDOSLIKE-V-01,DDoS,DDoS,RF-v5,0.19779504025958164,0.788699391505648,0.013505568234770345
539,F-A1-DDOSLIKE-V-01,DDoS,DDoS,RF-v5,0.18052215923447046,0.8009722725307591,0.018505568234770346
540,F-A1-DDOSLIKE-V-01,DDoS,DDoS,RF-v5,0.215659549966464,0.7729159796339278,0.011424470399608979
541,F-A1-DDOSLIKE-V-01,DDoS,DDoS,RF-v5,0.215659549966464,0.7729159796339278,0.011424470399608979
542,F-A1-DDOSLIKE-V-01,DDoS,DDoS,RF-v5,0.007324930042102818,0.9926716199983285,3.44995956867291e-06
543,F-A1-DDOSLIKE-V-01,DDoS,DDoS,RF-v5,0.13107745404361335,0.8644663189775875,0.004456226978799849
544,F-A1-DDOSLIKE-V-01,DDoS,DDoS,RF-v5,0.008668107244944634,0.9894082480553789,0.0019236446996765439
545,F-A1-DDOSLIKE-V-01,DDoS,DDoS,RF-v5,0.13107745404361335,0.8644996801958503,0.004422865760537095
546,F-A1-DDOSLIKE-V-01,DDoS,DDoS,RF-v5,0.18052215923447046,0.8009722725307591,0.018505568234770346
547,F-A1-DDOSLIKE-V-01,DDoS,DDoS,RF-v5,0.13107745404361335,0.8644663189775875,0.004456226978799849
548,F-A1-DDOSLIKE-V-01,DDoS,DDoS,RF-v5,0.004038165336220465,0.9959583847042108,3.44995956867291e-06
549,F-A1-DDOSLIKE-V-01,DDoS,DDoS,RF-v5,0.13107745404361335,0.8644996801958503,0.004422865760537095
550,F-A1-DDOSLIKE-V-01,DDoS,DDoS,RF-v5,0.2505137679168806,0.7306626531953205,0.018823578887799106
551,F-A1-DDOSLIKE-V-01,DDoS,DDoS,RF-v5,0.13107745404361335,0.8644996801958503,0.004422865760537095
552,F-A1-DDOSLIKE-V-01,DDoS,DDoS,RF-v5,0.008654321637394291,0.9913422284030371,3.44995956867291e-06
553,F-A1-DDOSLIKE-V-01,DDoS,DDoS,RF-v5,0.2145840750419485,0.7815543462096679,0.0038615787483842574
554,F-A1-DDOSLIKE-V-01,DDoS,DDoS,RF-v5,0.25551376791688063,0.7256626531953205,0.018823578887799106
555,F-A1-DDOSLIKE-V-01,DDoS,DDoS,RF-v5,0.24780522218397139,0.7473831896198943,0.004811588196134985
556,F-A1-DDOSLIKE-V-01,DDoS,DDoS,RF-v5,0.004038165336220465,0.9959583847042108,3.44995956867291e-06
557,F-A1-DDOSLIKE-V-01,DDoS,DDoS,RF-v5,0.20647868392695032,0.789659737324666,0.0038615787483842574
558,F-A1-DDOSLIKE-V-01,DDoS,DDoS,RF-v5,0.0044082597227082946,0.995588290317723,3.44995956867291e-06
559,F-A1-DDOSLIKE-V-01,DDoS,DDoS,RF-v5,0.21140232875912665,0.7847360924924897,0.0038615787483842574
560,F-A1-DDOSLIKE-V-01,DDoS,DDoS,RF-v5,0.21595029563483345,0.7689653496562059,0.015084354708960588
561,F-A1-DDOSLIKE-V-01,DDoS,DDoS,RF-v5,0.13107745404361335,0.8644996801958503,0.004422865760537095
562,F-A1-DDOSLIKE-V-01,DDoS,DDoS,RF-v5,0.005636401436572053,0.9943601486038592,3.44995956867291e-06
563,F-A1-DDOSLIKE-V-01,DDoS,DDoS,RF-v5,0.13107745404361335,0.8642741655987831,0.004648380357604228
564,F-A1-DDOSLIKE-V-01,DDoS,DDoS,RF-v5,0.009602683601611981,0.9903938664388192,3.44995956867291e-06
565,F-A1-DDOSLIKE-V-01,DDoS,DDoS,RF-v5,0.21140232875912665,0.7847360924924897,0.0038615787483842574
566,F-A1-DDOSLIKE-V-01,DDoS,DDoS,RF-v5,0.26509931923591684,0.7160771018762841,0.018823578887799106
567,F-A1-DDOSLIKE-V-01,DDoS,DDoS,RF-v5,0.43997490763442393,0.554966126547092,0.005058965818484994
568,F-A1-DDOSLIKE-V-01,DDoS,DDoS,RF-v5,0.0044082597227082946,0.995588290317723,3.44995956867291e-06
569,F-A1-DDOSLIKE-V-01,DDoS,DDoS,RF-v5,0.21703456107664973,0.7791038601749668,0.0038615787483842574
570,F-A1-DDOSLIKE-V-01,DDoS,DDoS,RF-v5,0.015830308020797688,0.9841662420196338,3.44995956867291e-06
571,F-A1-DDOSLIKE-V-01,DDoS,Normal,RF-v5,0.6556497910374933,0.3395386207663744,0.004811588196134985
572,F-A1-DDOSLIKE-V-01,DDoS,DDoS,RF-v5,0.24428833865932884,0.7384668689270623,0.017244792413608864
573,F-A1-DDOSLIKE-V-01,DDoS,DDoS,RF-v5,0.13107745404361335,0.8580012638026453,0.010921282153742112
574,F-A1-DDOSLIKE-V-01,DDoS,DDoS,RF-v5,0.004038165336220465,0.9959583847042108,3.44995956867291e-06
575,F-A1-DDOSLIKE-V-01,DDoS,DDoS,RF-v5,0.13107745404361335,0.8644996801958503,0.004422865760537095
576,F-A1-DDOSLIKE-V-01,DDoS,DDoS,RF-v5,0.009038165336220465,0.9909583847042108,3.44995956867291e-06
577,F-A1-DDOSLIKE-V-01,DDoS,Normal,RF-v5,0.5712707937195295,0.4228672935472326,0.005861912733238509
578,F-A1-DDOSLIKE-V-01,DDoS,DDoS,RF-v5,0.005636401436572053,0.9943601486038592,3.44995956867291e-06
579,F-A1-DDOSLIKE-V-01,DDoS,Normal,RF-v5,0.5426250350845536,0.4552137269141172,0.002161238001329264
580,F-A1-DDOSLIKE-V-01,DDoS,Normal,RF-v5,0.9209942039735876,0.07448162209935939,0.004524173927054306
581,F-A1-DDOSLIKE-V-01,DDoS,DDoS,RF-v5,0.005636401436572053,0.9943601486038592,3.44995956867291e-06
582,F-A1-DDOSLIKE-V-01,DDoS,DDoS,RF-v5,0.13107745404361335,0.8644996801958503,0.004422865760537095
583,F-A1-DDOSLIKE-V-01,DDoS,DDoS,RF-v5,0.004038165336220465,0.9959583847042108,3.44995956867291e-06
584,F-A1-DDOSLIKE-V-01,DDoS,DDoS,RF-v5,0.21140232875912665,0.7847360924924897,0.0038615787483842574
585,F-A1-DDOSLIKE-V-01,DDoS,DDoS,RF-v5,0.0044082597227082946,0.995588290317723,3.44995956867291e-06
586,F-A1-DDOSLIKE-V-01,DDoS,DDoS,RF-v5,0.20647868392695032,0.789659737324666,0.0038615787483842574
587,F-A1-DDOSLIKE-V-01,DDoS,DDoS,RF-v5,0.0044082597227082946,0.995588290317723,3.44995956867291e-06
588,F-A1-DDOSLIKE-V-01,DDoS,DDoS,RF-v5,0.21140232875912665,0.7847360924924897,0.0038615787483842574
589,F-A1-DDOSLIKE-V-01,DDoS,DDoS,RF-v5,0.010980413357516077,0.9890195866424841,0.0
590,F-A1-DDOSLIKE-V-01,DDoS,Normal,RF-v5,0.9326235410171622,0.0626134611779304,0.004762997804908551
591,F-A1-DDOSLIKE-V-01,DDoS,DDoS,RF-v5,0.008004447501260394,0.991992102539171,3.44995956867291e-06
592,F-A1-DDOSLIKE-V-01,DDoS,DDoS,RF-v5,0.4111719079685169,0.5849665132830988,0.0038615787483842574
593,F-A1-DDOSLIKE-V-01,DDoS,DDoS,RF-v5,0.008638508389393708,0.9913580416510377,3.44995956867291e-06
594,F-A1-DDOSLIKE-V-01,DDoS,DDoS,RF-v5,0.2283574699823657,0.7668005443366883,0.004841985680946787
595,F-A1-DDOSLIKE-V-01,DDoS,DDoS,RF-v5,0.013764434133212947,0.9862321159072184,3.44995956867291e-06
596,F-A1-DDOSLIKE-V-01,DDoS,DDoS,RF-v5,0.23749950334568773,0.7576542839976256,0.004846212656687351
597,F-A1-DDOSLIKE-V-01,DDoS,DDoS,RF-v5,0.004038165336220465,0.9959583847042108,3.44995956867291e-06
598,F-A1-DDOSLIKE-V-01,DDoS,DDoS,RF-v5,0.22585630426381675,0.767091214177361,0.007052481558822962
599,F-A1-DDOSLIKE-V-01,DDoS,DDoS,RF-v5,0.005636401436572053,0.9943601486038592,3.44995956867291e-06
600,F-A1-DDOSLIKE-V-01,DDoS,DDoS,RF-v5,0.20647868392695032,0.789659737324666,0.0038615787483842574
601,F-A1-DDOSLIKE-V-01,DDoS,DDoS,RF-v5,0.006006495823059881,0.9939900542173714,3.44995956867291e-06
602,F-A1-DDOSLIKE-V-01,DDoS,DDoS,RF-v5,0.45132528913992404,0.5448131321116919,0.0038615787483842574
603,F-A1-DDOSLIKE-V-01,DDoS,DDoS,RF-v5,0.004038165336220465,0.9959583847042108,3.44995956867291e-06
604,F-A1-DDOSLIKE-V-01,DDoS,DDoS,RF-v5,0.477745643709603,0.5161748577204487,0.006079498569948602
605,F-A1-DDOSLIKE-V-01,DDoS,DDoS,RF-v5,0.01146034800274269,0.9885362020376887,3.44995956867291e-06
606,F-A1-DDOSLIKE-V-01,DDoS,DDoS,RF-v5,0.22585630426381675,0.768800801122797,0.005342894613386959
607,F-A1-DDOSLIKE-V-01,DDoS,DDoS,RF-v5,0.013764434133212947,0.9862321159072184,3.44995956867291e-06
608,F-A1-DDOSLIKE-V-01,DDoS,DDoS,RF-v5,0.13107745404361335,0.8644663189775875,0.004456226978799849
609,F-A1-DDOSLIKE-V-01,DDoS,DDoS,RF-v5,0.008713245520295211,0.9912833045201361,3.44995956867291e-06
610,F-A1-DDOSLIKE-V-01,DDoS,DDoS,RF-v5,0.20647868392695032,0.789659737324666,0.0038615787483842574
611,F-A1-DDOSLIKE-V-01,DDoS,DDoS,RF-v5,0.0044082597227082946,0.995588290317723,3.44995956867291e-06
612,F-A1-DDOSLIKE-V-01,DDoS,DDoS,RF-v5,0.24433954131215718,0.7517988799394593,0.0038615787483842574
613,F-A1-DDOSLIKE-V-01,DDoS,DDoS,RF-v5,0.004038165336220465,0.9959583847042108,3.44995956867291e-06
614,F-A1-DDOSLIKE-V-01,DDoS,DDoS,RF-v5,0.13107745404361335,0.8644996801958503,0.004422865760537095
615,F-A1-DDOSLIKE-V-01,DDoS,DDoS,RF-v5,0.004038165336220465,0.9959583847042108,3.44995956867291e-06
616,F-A1-DDOSLIKE-V-01,DDoS,DDoS,RF-v5,0.13107745404361335,0.8644663189775875,0.004456226978799849
617,F-A1-DDOSLIKE-V-01,DDoS,DDoS,RF-v5,0.0,1.0,0.0
618,F-A1-DDOSLIKE-V-01,DDoS,DDoS,RF-v5,0.21703456107664973,0.7791038601749668,0.0038615787483842574
619,F-A1-DDOSLIKE-V-01,DDoS,DDoS,RF-v5,0.0044082597227082946,0.995588290317723,3.44995956867291e-06
620,F-A1-DDOSLIKE-V-01,DDoS,DDoS,RF-v5,0.25119766043428193,0.7439907513695837,0.004811588196134985
621,F-A1-DDOSLIKE-V-01,DDoS,DDoS,RF-v5,0.004038165336220465,0.9959583847042108,3.44995956867291e-06
622,F-A1-DDOSLIKE-V-01,DDoS,DDoS,RF-v5,0.2145840750419485,0.7815543462096679,0.0038615787483842574
623,F-A1-DDOSLIKE-V-01,DDoS,DDoS,RF-v5,0.01365432163739429,0.9863422284030371,3.44995956867291e-06
624,F-A1-DDOSLIKE-V-01,DDoS,DDoS,RF-v5,0.13107745404361335,0.8644663189775875,0.004456226978799849
625,F-A1-DDOSLIKE-V-01,DDoS,DDoS,RF-v5,0.006844191701568865,0.9931523583388625,3.44995956867291e-06
626,F-A1-DDOSLIKE-V-01,DDoS,DDoS,RF-v5,0.13107745404361335,0.8644996801958503,0.004422865760537095
627,F-A1-DDOSLIKE-V-01,DDoS,DDoS,RF-v5,0.004038165336220465,0.9959583847042108,3.44995956867291e-06
628,F-A1-DDOSLIKE-V-01,DDoS,Normal,RF-v5,0.5873846972034452,0.40755633697807075,0.005058965818484994
629,F-A1-DDOSLIKE-V-01,DDoS,DDoS,RF-v5,0.006294221863811313,0.99370232817662,3.44995956867291e-06
630,F-A1-DDOSLIKE-V-01,DDoS,DDoS,RF-v5,0.13107745404361335,0.8644996801958503,0.004422865760537095
631,F-A1-DDOSLIKE-V-01,DDoS,DDoS,RF-v5,0.0044082597227082946,0.995588290317723,3.44995956867291e-06
632,F-A1-DDOSLIKE-V-01,DDoS,DDoS,RF-v5,0.21703456107664973,0.7791038601749668,0.0038615787483842574
633,F-A1-DDOSLIKE-V-01,DDoS,DDoS,RF-v5,0.004038165336220465,0.9959583847042108,3.44995956867291e-06
634,F-A1-DDOSLIKE-V-01,DDoS,DDoS,RF-v5,0.44654843704618863,0.5483925971353273,0.005058965818484994
635,F-A1-DDOSLIKE-V-01,DDoS,DDoS,RF-v5,0.0044082597227082946,0.995588290317723,3.44995956867291e-06
636,F-A1-DDOSLIKE-V-01,DDoS,DDoS,RF-v5,0.20647868392695032,0.789659737324666,0.0038615787483842574
637,F-A1-DDOSLIKE-V-01,DDoS,DDoS,RF-v5,0.006294221863811313,0.99370232817662,3.44995956867291e-06
638,F-A1-DDOSLIKE-V-01,DDoS,DDoS,RF-v5,0.4450702755199516,0.5510681457316641,0.0038615787483842574
639,F-A1-DDOSLIKE-V-01,DDoS,DDoS,RF-v5,0.004038165336220465,0.9959583847042108,3.44995956867291e-06
640,F-A1-DDOSLIKE-V-01,DDoS,DDoS,RF-v5,0.22585630426381675,0.768800801122797,0.005342894613386959
641,F-A1-DDOSLIKE-V-01,DDoS,DDoS,RF-v5,0.004038165336220465,0.9959583847042108,3.44995956867291e-06
642,F-A1-DDOSLIKE-V-01,DDoS,DDoS,RF-v5,0.13107745404361335,0.8644663189775875,0.004456226978799849
643,F-A1-DDOSLIKE-V-01,DDoS,DDoS,RF-v5,0.004038165336220465,0.9959583847042108,3.44995956867291e-06
644,F-A1-DDOSLIKE-V-01,DDoS,Normal,RF-v5,0.6311534701561438,0.3640349416477225,0.004811588196134985
645,F-A1-DDOSLIKE-V-01,DDoS,DDoS,RF-v5,0.0044082597227082946,0.995588290317723,3.44995956867291e-06
646,F-A1-DDOSLIKE-V-01,DDoS,DDoS,RF-v5,0.13107745404361335,0.8644663189775875,0.004456226978799849
647,F-A1-DDOSLIKE-V-01,DDoS,DDoS,RF-v5,0.004038165336220465,0.9959583847042108,3.44995956867291e-06
648,F-A1-DDOSLIKE-V-01,DDoS,DDoS,RF-v5,0.20647868392695032,0.789659737324666,0.0038615787483842574
649,F-A1-DDOSLIKE-V-01,DDoS,DDoS,RF-v5,0.008654321637394291,0.9913422284030371,3.44995956867291e-06
650,F-A1-DDOSLIKE-V-01,DDoS,DDoS,RF-v5,0.4096265279524053,0.5854528468459863,0.004920625201609391
651,F-A1-DDOSLIKE-V-01,DDoS,DDoS,RF-v5,0.007324930042102818,0.9926716199983285,3.44995956867291e-06
652,F-A1-DDOSLIKE-V-01,DDoS,DDoS,RF-v5,0.13107745404361335,0.8644996801958503,0.004422865760537095
653,F-A1-DDOSLIKE-V-01,DDoS,DDoS,RF-v5,0.004038165336220465,0.9959583847042108,3.44995956867291e-06
654,F-A1-DDOSLIKE-V-01,DDoS,DDoS,RF-v5,0.20647868392695032,0.789659737324666,0.0038615787483842574
655,F-A1-DDOSLIKE-V-01,DDoS,DDoS,RF-v5,0.008654321637394291,0.9913422284030371,3.44995956867291e-06
656,F-A1-DDOSLIKE-V-01,DDoS,DDoS,RF-v5,0.4325626965115237,0.5623783376699922,0.005058965818484994
657,F-A1-DDOSLIKE-V-01,DDoS,DDoS,RF-v5,0.004038165336220465,0.9959583847042108,3.44995956867291e-06
658,F-A1-DDOSLIKE-V-01,DDoS,DDoS,RF-v5,0.13107745404361335,0.8644663189775875,0.004456226978799849
659,F-A1-DDOSLIKE-V-01,DDoS,DDoS,RF-v5,0.004038165336220465,0.9959583847042108,3.44995956867291e-06
660,F-A1-DDOSLIKE-V-01,DDoS,DDoS,RF-v5,0.2145840750419485,0.7815543462096679,0.0038615787483842574
661,F-A1-DDOSLIKE-V-01,DDoS,DDoS,RF-v5,0.004038165336220465,0.9959583847042108,3.44995956867291e-06
662,F-A1-DDOSLIKE-V-01,DDoS,DDoS,RF-v5,0.21703456107664973,0.7791038601749668,0.0038615787483842574
663,F-A1-DDOSLIKE-V-01,DDoS,DDoS,RF-v5,0.01365432163739429,0.9863422284030371,3.44995956867291e-06
664,F-A1-DDOSLIKE-V-01,DDoS,DDoS,RF-v5,0.24780522218397139,0.746194921661482,0.005999856154547085
665,F-A1-DDOSLIKE-V-01,DDoS,DDoS,RF-v5,0.004038165336220465,0.9959583847042108,3.44995956867291e-06
666,F-A1-DDOSLIKE-V-01,DDoS,DDoS,RF-v5,0.13107745404361335,0.8644996801958503,0.004422865760537095
667,F-A1-DDOSLIKE-V-01,DDoS,DDoS,RF-v5,0.013135275079140783,0.9868612749612906,3.44995956867291e-06
668,F-A1-DDOSLIKE-V-01,DDoS,Normal,RF-v5,0.9774096909233135,0.01844481526367037,0.0041454938130172795
669,F-A1-DDOSLIKE-V-01,DDoS,DDoS,RF-v5,0.004038165336220465,0.9959583847042108,3.44995956867291e-06
670,F-A1-DDOSLIKE-V-01,DDoS,DDoS,RF-v5,0.13107745404361335,0.8644663189775875,0.004456226978799849
671,F-A1-DDOSLIKE-V-01,DDoS,DDoS,RF-v5,0.004038165336220465,0.9959583847042108,3.44995956867291e-06
672,F-A1-DDOSLIKE-V-01,DDoS,DDoS,RF-v5,0.378450704345356,0.6166286704530353,0.004920625201609391
673,F-A1-DDOSLIKE-V-01,DDoS,DDoS,RF-v5,0.004038165336220465,0.9959583847042108,3.44995956867291e-06
674,F-A1-DDOSLIKE-V-01,DDoS,Normal,RF-v5,0.8057311426335803,0.1899755975574581,0.004293259808963643
675,F-A1-DDOSLIKE-V-01,DDoS,DDoS,RF-v5,0.004038165336220465,0.9959583847042108,3.44995956867291e-06
676,F-A1-DDOSLIKE-V-01,DDoS,Normal,RF-v5,0.9076801350631386,0.08764709771377419,0.004672767223088266
677,F-A1-DDOSLIKE-V-01,DDoS,DDoS,RF-v5,0.008668107244944634,0.9913284427954868,3.44995956867291e-06
678,F-A1-DDOSLIKE-V-01,DDoS,DDoS,RF-v5,0.21140232875912665,0.7847360924924897,0.0038615787483842574
679,F-A1-DDOSLIKE-V-01,DDoS,DDoS,RF-v5,0.004038165336220465,0.9959583847042108,3.44995956867291e-06
680,F-A1-DDOSLIKE-V-01,DDoS,DDoS,RF-v5,0.13107745404361335,0.8644663189775875,0.004456226978799849
681,F-A1-DDOSLIKE-V-01,DDoS,DDoS,RF-v5,0.013135275079140783,0.9868612749612906,3.44995956867291e-06
682,F-A1-DDOSLIKE-V-01,DDoS,DDoS,RF-v5,0.13107745404361335,0.8644996801958503,0.004422865760537095
683,F-A1-DDOSLIKE-V-01,DDoS,DDoS,RF-v5,0.004038165336220465,0.9959583847042108,3.44995956867291e-06
684,F-A1-DDOSLIKE-V-01,DDoS,DDoS,RF-v5,0.4305411843870963,0.5643998497944195,0.005058965818484994
685,F-A1-DDOSLIKE-V-01,DDoS,DDoS,RF-v5,0.008654321637394291,0.9913422284030371,3.44995956867291e-06
686,F-A1-DDOSLIKE-V-01,DDoS,Normal,RF-v5,0.6552259857378416,0.33996242606602606,0.004811588196134985
687,F-A1-DDOSLIKE-V-01,DDoS,DDoS,RF-v5,0.05724551112482598,0.9427510389156052,3.44995956867291e-06
688,F-A1-DDOSLIKE-V-01,DDoS,Normal,RF-v5,0.9180963218465259,0.07716162898521732,0.004742049168258141
689,F-A1-DDOSLIKE-V-01,DDoS,DDoS,RF-v5,0.031103770440951885,0.9671581460643186,0.001738083494729606
690,F-A1-DDOSLIKE-V-01,DDoS,Normal,RF-v5,0.9774361100111577,0.01841839617582625,0.0041454938130172795
691,F-A1-DDOSLIKE-V-01,DDoS,DDoS,RF-v5,0.08740075126598569,0.9108862118290096,0.0017130369050046752
692,F-A1-DDOSLIKE-V-01,DDoS,Normal,RF-v5,0.9774096909233135,0.01844481526367037,0.0041454938130172795
693,F-A1-DDOSLIKE-V-01,DDoS,DDoS,RF-v5,0.021311917986073296,0.9769784950684907,0.0017095869454360022
694,F-A1-DDOSLIKE-V-01,DDoS,Normal,RF-v5,0.9774096909233135,0.01844481526367037,0.0041454938130172795
695,F-A1-DDOSLIKE-V-01,DDoS,DDoS,RF-v5,0.00648613904925442,0.9935104109911768,3.44995956867291e-06
696,F-A1-DDOSLIKE-V-01,DDoS,Normal,RF-v5,0.8745787147970537,0.1213232203028482,0.0040980649000973675
697,F-A1-DDOSLIKE-V-01,DDoS,DDoS,RF-v5,0.004609510809650354,0.9953904891903497,0.0
698,F-A1-DDOSLIKE-V-01,DDoS,Normal,RF-v5,0.8776403789611631,0.11825069735720214,0.004108923681634157
699,F-A1-DDOSLIKE-V-01,DDoS,DDoS,RF-v5,0.004038165336220465,0.9959583847042108,3.44995956867291e-06
700,F-A1-DDOSLIKE-V-01,DDoS,Normal,RF-v5,0.7738388812621134,0.2218678589289249,0.004293259808963643
701,F-A1-DDOSLIKE-V-01,DDoS,DDoS,RF-v5,0.01886394427303934,0.9794264687815247,0.0017095869454360022
702,F-A1-DDOSLIKE-V-01,DDoS,Normal,RF-v5,0.9774361100111577,0.01841839617582625,0.0041454938130172795
703,F-A1-DDOSLIKE-V-01,DDoS,DDoS,RF-v5,0.014604096750803002,0.983686316303761,0.0017095869454360022
704,F-A1-DDOSLIKE-V-01,DDoS,Normal,RF-v5,0.9774096909233135,0.01844481526367037,0.0041454938130172795
705,F-A1-DDOSLIKE-V-01,DDoS,DDoS,RF-v5,0.008654321637394291,0.9913422284030371,3.44995956867291e-06
706,F-A1-DDOSLIKE-V-01,DDoS,DDoS,RF-v5,0.4325626965115237,0.5623783376699922,0.005058965818484994
707,F-A1-DDOSLIKE-V-01,DDoS,DDoS,RF-v5,0.0044082597227082946,0.995588290317723,3.44995956867291e-06
708,F-A1-DDOSLIKE-V-01,DDoS,DDoS,RF-v5,0.13107745404361335,0.8644996801958503,0.004422865760537095
709,F-A1-DDOSLIKE-V-01,DDoS,DDoS,RF-v5,0.0044082597227082946,0.995588290317723,3.44995956867291e-06
710,F-A1-DDOSLIKE-V-01,DDoS,DDoS,RF-v5,0.14157447087507316,0.8477041005139755,0.01072142861095188
711,F-A1-DDOSLIKE-V-01,DDoS,DDoS,RF-v5,0.0044082597227082946,0.995588290317723,3.44995956867291e-06
712,F-A1-DDOSLIKE-V-01,DDoS,Normal,RF-v5,0.5657504648736063,0.42919056930790944,0.005058965818484994
713,F-A1-DDOSLIKE-V-01,DDoS,DDoS,RF-v5,0.005636401436572053,0.9943601486038592,3.44995956867291e-06
714,F-A1-DDOSLIKE-V-01,DDoS,DDoS,RF-v5,0.13107745404361335,0.8644996801958503,0.004422865760537095
715,F-A1-DDOSLIKE-V-01,DDoS,DDoS,RF-v5,0.007559356828128136,0.992440643171872,0.0
716,F-A1-DDOSLIKE-V-01,DDoS,Normal,RF-v5,0.6518635657893291,0.34327552865935185,0.004860905551321779
717,F-A1-DDOSLIKE-V-01,DDoS,DDoS,RF-v5,0.009038165336220465,0.9909583847042108,3.44995956867291e-06
718,F-A1-DDOSLIKE-V-01,DDoS,DDoS,RF-v5,0.13107745404361335,0.8644996801958503,0.004422865760537095
719,F-A1-DDOSLIKE-V-01,DDoS,DDoS,RF-v5,0.007324930042102818,0.9926716199983285,3.44995956867291e-06
720,F-A1-DDOSLIKE-V-01,DDoS,DDoS,RF-v5,0.13107745404361335,0.8644663189775875,0.004456226978799849
721,F-A1-DDOSLIKE-V-01,DDoS,DDoS,RF-v5,0.01602337388951702,0.9839731761509144,3.44995956867291e-06
722,F-A1-DDOSLIKE-V-01,DDoS,DDoS,RF-v5,0.13107745404361335,0.8644996801958503,0.004422865760537095
723,F-A1-DDOSLIKE-V-01,DDoS,DDoS,RF-v5,0.004038165336220465,0.9959583847042108,3.44995956867291e-06
724,F-A1-DDOSLIKE-V-01,DDoS,Normal,RF-v5,0.5005967995465448,0.4944254986576132,0.00497770179584242
725,F-A1-DDOSLIKE-V-01,DDoS,DDoS,RF-v5,0.0044082597227082946,0.995588290317723,3.44995956867291e-06
726,F-A1-DDOSLIKE-V-01,DDoS,DDoS,RF-v5,0.20647868392695032,0.789659737324666,0.0038615787483842574
727,F-A1-DDOSLIKE-V-01,DDoS,DDoS,RF-v5,0.0044082597227082946,0.995588290317723,3.44995956867291e-06
728,F-A1-DDOSLIKE-V-01,DDoS,DDoS,RF-v5,0.21140232875912665,0.7847360924924897,0.0038615787483842574
729,F-A1-DDOSLIKE-V-01,DDoS,DDoS,RF-v5,0.00826255235065073,0.9917339976897805,3.44995956867291e-06
730,F-A1-DDOSLIKE-V-01,DDoS,DDoS,RF-v5,0.21140232875912665,0.7847360924924897,0.0038615787483842574
731,F-A1-DDOSLIKE-V-01,DDoS,DDoS,RF-v5,0.005830255190896559,0.9941662948495348,3.44995956867291e-06
732,F-A1-DDOSLIKE-V-01,DDoS,DDoS,RF-v5,0.21086951859013423,0.7827749767074558,0.0063555047024105435
733,F-A1-DDOSLIKE-V-01,DDoS,DDoS,RF-v5,0.004038165336220465,0.9959583847042108,3.44995956867291e-06
734,F-A1-DDOSLIKE-V-01,DDoS,DDoS,RF-v5,0.13107745404361335,0.8644663189775875,0.004456226978799849
735,F-A1-DDOSLIKE-V-01,DDoS,DDoS,RF-v5,0.004038165336220465,0.9940381899641031,0.0019236446996765439
736,F-A1-DDOSLIKE-V-01,DDoS,DDoS,RF-v5,0.20647868392695032,0.789659737324666,0.0038615787483842574
737,F-A1-DDOSLIKE-V-01,DDoS,DDoS,RF-v5,0.008654321637394291,0.9913422284030371,3.44995956867291e-06
738,F-A1-DDOSLIKE-V-01,DDoS,DDoS,RF-v5,0.23749950334568773,0.7576542839976256,0.004846212656687351
739,F-A1-DDOSLIKE-V-01,DDoS,DDoS,RF-v5,0.009293260528942233,0.9907032895114891,3.44995956867291e-06
740,F-A1-DDOSLIKE-V-01,DDoS,DDoS,RF-v5,0.20647868392695032,0.789659737324666,0.0038615787483842574
741,F-A1-DDOSLIKE-V-01,DDoS,DDoS,RF-v5,0.004038165336220465,0.9959583847042108,3.44995956867291e-06
742,F-A1-DDOSLIKE-V-01,DDoS,Normal,RF-v5,0.6556497910374933,0.3395386207663744,0.004811588196134985
743,F-A1-DDOSLIKE-V-01,DDoS,DDoS,RF-v5,0.0044082597227082946,0.995588290317723,3.44995956867291e-06
744,F-A1-DDOSLIKE-V-01,DDoS,DDoS,RF-v5,0.13107745404361335,0.8644663189775875,0.004456226978799849
745,F-A1-DDOSLIKE-V-01,DDoS,DDoS,RF-v5,0.0044082597227082946,0.995588290317723,3.44995956867291e-06
746,F-A1-DDOSLIKE-V-01,DDoS,DDoS,RF-v5,0.13107745404361335,0.8644663189775875,0.004456226978799849
747,F-A1-DDOSLIKE-V-01,DDoS,DDoS,RF-v5,0.004038165336220465,0.9959583847042108,3.44995956867291e-06
748,F-A1-DDOSLIKE-V-01,DDoS,Normal,RF-v5,0.5704804555468523,0.42265933442217324,0.006860210030975367
749,F-A1-DDOSLIKE-V-01,DDoS,DDoS,RF-v5,0.004038165336220465,0.9959583847042108,3.44995956867291e-06
750,F-A1-DDOSLIKE-V-01,DDoS,DDoS,RF-v5,0.13107745404361335,0.8644996801958503,0.004422865760537095
751,F-A1-DDOSLIKE-V-01,DDoS,DDoS,RF-v5,0.008654321637394291,0.9913422284030371,3.44995956867291e-06
752,F-A1-DDOSLIKE-V-01,DDoS,DDoS,RF-v5,0.43427987663831247,0.5606611575432034,0.005058965818484994
753,F-A1-DDOSLIKE-V-01,DDoS,DDoS,RF-v5,0.004038165336220465,0.9959583847042108,3.44995956867291e-06
754,F-A1-DDOSLIKE-V-01,DDoS,DDoS,RF-v5,0.13107745404361335,0.8644663189775875,0.004456226978799849
755,F-A1-DDOSLIKE-V-01,DDoS,DDoS,RF-v5,0.008004447501260394,0.991992102539171,3.44995956867291e-06
756,F-A1-DDOSLIKE-V-01,DDoS,Normal,RF-v5,0.6229250468406204,0.372154327957771,0.004920625201609391
757,F-A1-DDOSLIKE-V-01,DDoS,DDoS,RF-v5,0.014620948170519175,0.9853756018699121,3.44995956867291e-06
758,F-A1-DDOSLIKE-V-01,DDoS,Normal,RF-v5,0.7344568446929555,0.26007948983393164,0.005463665473113822
759,F-A1-DDOSLIKE-V-01,DDoS,DDoS,RF-v5,0.0044082597227082946,0.995588290317723,3.44995956867291e-06
760,F-A1-DDOSLIKE-V-01,DDoS,DDoS,RF-v5,0.21703456107664973,0.7791038601749668,0.0038615787483842574
761,F-A1-DDOSLIKE-V-01,DDoS,DDoS,RF-v5,0.0044082597227082946,0.995588290317723,3.44995956867291e-06
762,F-A1-DDOSLIKE-V-01,DDoS,DDoS,RF-v5,0.20647868392695032,0.789659737324666,0.0038615787483842574
763,F-A1-DDOSLIKE-V-01,DDoS,DDoS,RF-v5,0.0044082597227082946,0.995588290317723,3.44995956867291e-06
764,F-A1-DDOSLIKE-V-01,DDoS,DDoS,RF-v5,0.21140232875912665,0.7847360924924897,0.0038615787483842574
765,F-A1-DDOSLIKE-V-01,DDoS,DDoS,RF-v5,0.0044082597227082946,0.995588290317723,3.44995956867291e-06
766,F-A1-DDOSLIKE-V-01,DDoS,DDoS,RF-v5,0.20647868392695032,0.789659737324666,0.0038615787483842574
767,F-A1-DDOSLIKE-V-01,DDoS,DDoS,RF-v5,0.0044082597227082946,0.995588290317723,3.44995956867291e-06
768,F-A1-DDOSLIKE-V-01,DDoS,DDoS,RF-v5,0.21086951859013423,0.7827749767074558,0.0063555047024105435
769,F-A1-DDOSLIKE-V-01,DDoS,DDoS,RF-v5,0.004038165336220465,0.9959583847042108,3.44995956867291e-06
770,F-A1-DDOSLIKE-V-01,DDoS,DDoS,RF-v5,0.13107745404361335,0.8644996801958503,0.004422865760537095
771,F-A1-DDOSLIKE-V-01,DDoS,DDoS,RF-v5,0.004038165336220465,0.9959583847042108,3.44995956867291e-06
772,F-A1-DDOSLIKE-V-01,DDoS,DDoS,RF-v5,0.13107745404361335,0.8644663189775875,0.004456226978799849
773,F-A1-DDOSLIKE-V-01,DDoS,DDoS,RF-v5,0.007324930042102818,0.9926716199983285,3.44995956867291e-06
774,F-A1-DDOSLIKE-V-01,DDoS,DDoS,RF-v5,0.13107745404361335,0.8644996801958503,0.004422865760537095
775,F-A1-DDOSLIKE-V-01,DDoS,DDoS,RF-v5,0.005636401436572053,0.9943601486038592,3.44995956867291e-06
776,F-A1-DDOSLIKE-V-01,DDoS,DDoS,RF-v5,0.21315632494612635,0.7794799780302882,0.007363697023585929
777,F-A1-DDOSLIKE-V-01,DDoS,DDoS,RF-v5,0.009038165336220465,0.9909583847042108,3.44995956867291e-06
778,F-A1-DDOSLIKE-V-01,DDoS,DDoS,RF-v5,0.13107745404361335,0.8644663189775875,0.004456226978799849
779,F-A1-DDOSLIKE-V-01,DDoS,DDoS,RF-v5,0.004038165336220465,0.9959583847042108,3.44995956867291e-06
780,F-A1-DDOSLIKE-V-01,DDoS,DDoS,RF-v5,0.40814990434389137,0.5879885169077244,0.0038615787483842574
781,F-A1-DDOSLIKE-V-01,DDoS,DDoS,RF-v5,0.004038165336220465,0.9959583847042108,3.44995956867291e-06
782,F-A1-DDOSLIKE-V-01,DDoS,Normal,RF-v5,0.7344568446929555,0.26007948983393164,0.005463665473113822
783,F-A1-DDOSLIKE-V-01,DDoS,DDoS,RF-v5,0.01365432163739429,0.9863422284030371,3.44995956867291e-06
784,F-A1-DDOSLIKE-V-01,DDoS,DDoS,RF-v5,0.13107745404361335,0.8644663189775875,0.004456226978799849
785,F-A1-DDOSLIKE-V-01,DDoS,DDoS,RF-v5,0.004038165336220465,0.9959583847042108,3.44995956867291e-06
786,F-A1-DDOSLIKE-V-01,DDoS,DDoS,RF-v5,0.13107745404361335,0.8642741655987831,0.004648380357604228
787,F-A1-DDOSLIKE-V-01,DDoS,DDoS,RF-v5,0.008654321637394291,0.9913422284030371,3.44995956867291e-06
788,F-A1-DDOSLIKE-V-01,DDoS,DDoS,RF-v5,0.14157447087507316,0.8477041005139755,0.01072142861095188
789,F-A1-DDOSLIKE-V-01,DDoS,DDoS,RF-v5,0.004038165336220465,0.9959583847042108,3.44995956867291e-06
790,F-A1-DDOSLIKE-V-01,DDoS,DDoS,RF-v5,0.13107745404361335,0.8644996801958503,0.004422865760537095
791,F-A1-DDOSLIKE-V-01,DDoS,DDoS,RF-v5,0.0044082597227082946,0.995588290317723,3.44995956867291e-06
792,F-A1-DDOSLIKE-V-01,DDoS,DDoS,RF-v5,0.13107745404361335,0.8644996801958503,0.004422865760537095
793,F-A1-DDOSLIKE-V-01,DDoS,DDoS,RF-v5,0.004038165336220465,0.9959583847042108,3.44995956867291e-06
794,F-A1-DDOSLIKE-V-01,DDoS,DDoS,RF-v5,0.14649672845728928,0.8357250037753664,0.01777826776734468
795,F-A1-DDOSLIKE-V-01,DDoS,DDoS,RF-v5,0.025058133008903475,0.9749418669910966,0.0
796,F-A1-DDOSLIKE-V-01,DDoS,Normal,RF-v5,0.5904735633264012,0.40448628745017495,0.005040149223424999
797,F-A1-DDOSLIKE-V-01,DDoS,DDoS,RF-v5,0.011486139049254418,0.988510410991177,3.44995956867291e-06
798,F-A1-DDOSLIKE-V-01,DDoS,DDoS,RF-v5,0.22585630426381675,0.768800801122797,0.005342894613386959
799,F-A1-DDOSLIKE-V-01,DDoS,DDoS,RF-v5,0.004038165336220465,0.9959583847042108,3.44995956867291e-06
800,F-A1-DDOSLIKE-V-01,DDoS,DDoS,RF-v5,0.20647868392695032,0.789659737324666,0.0038615787483842574
801,F-A1-DDOSLIKE-V-01,DDoS,DDoS,RF-v5,0.005636401436572053,0.9943601486038592,3.44995956867291e-06
802,F-A1-DDOSLIKE-V-01,DDoS,DDoS,RF-v5,0.13107745404361335,0.8644996801958503,0.004422865760537095
803,F-A1-DDOSLIKE-V-01,DDoS,DDoS,RF-v5,0.005636401436572053,0.9943601486038592,3.44995956867291e-06
804,F-A1-DDOSLIKE-V-01,DDoS,DDoS,RF-v5,0.226879639854017,0.7667648554435731,0.0063555047024105435
805,F-A1-DDOSLIKE-V-01,DDoS,DDoS,RF-v5,0.008638508389393708,0.9913580416510377,3.44995956867291e-06
806,F-A1-DDOSLIKE-V-01,DDoS,DDoS,RF-v5,0.24780522218397139,0.744835213180601,0.007359564635428165
807,F-A1-DDOSLIKE-V-01,DDoS,DDoS,RF-v5,0.007949846018477782,0.9920501539815223,0.0
808,F-A1-DDOSLIKE-V-01,DDoS,DDoS,RF-v5,0.2283574699823657,0.7668005443366883,0.004841985680946787
809,F-A1-DDOSLIKE-V-01,DDoS,DDoS,RF-v5,0.008654321637394291,0.9913422284030371,3.44995956867291e-06
810,F-A1-DDOSLIKE-V-01,DDoS,DDoS,RF-v5,0.24780522218397139,0.7473831896198943,0.004811588196134985
811,F-A1-DDOSLIKE-V-01,DDoS,DDoS,RF-v5,0.0044082597227082946,0.995588290317723,3.44995956867291e-06
812,F-A1-DDOSLIKE-V-01,DDoS,DDoS,RF-v5,0.20647868392695032,0.789659737324666,0.0038615787483842574
813,F-A1-DDOSLIKE-V-01,DDoS,DDoS,RF-v5,0.0044082597227082946,0.995588290317723,3.44995956867291e-06
814,F-A1-DDOSLIKE-V-01,DDoS,DDoS,RF-v5,0.4111719079685169,0.5849665132830988,0.0038615787483842574
815,F-A1-DDOSLIKE-V-01,DDoS,DDoS,RF-v5,0.01365432163739429,0.9863422284030371,3.44995956867291e-06
816,F-A1-DDOSLIKE-V-01,DDoS,DDoS,RF-v5,0.13107745404361335,0.8644996801958503,0.004422865760537095
817,F-A1-DDOSLIKE-V-01,DDoS,DDoS,RF-v5,0.004038165336220465,0.9959583847042108,3.44995956867291e-06
818,F-A1-DDOSLIKE-V-01,DDoS,DDoS,RF-v5,0.3607516282344892,0.6343277465639021,0.004920625201609391
819,F-A1-DDOSLIKE-V-01,DDoS,DDoS,RF-v5,0.006720565835279737,0.9932794341647204,0.0
820,F-A1-DDOSLIKE-V-01,DDoS,Normal,RF-v5,0.8752963034624421,0.1206056316374597,0.0040980649000973675
821,F-A1-DDOSLIKE-V-01,DDoS,DDoS,RF-v5,0.004038165336220465,0.9959583847042108,3.44995956867291e-06
822,F-A1-DDOSLIKE-V-01,DDoS,Normal,RF-v5,0.6290990305800428,0.3660589837390127,0.004841985680946787
823,F-A1-DDOSLIKE-V-01,DDoS,DDoS,RF-v5,0.004609510809650354,0.9953904891903497,0.0
824,F-A1-DDOSLIKE-V-01,DDoS,DDoS,RF-v5,0.24780522218397139,0.7473831896198943,0.004811588196134985
825,F-A1-DDOSLIKE-V-01,DDoS,DDoS,RF-v5,0.008654321637394291,0.9913422284030371,3.44995956867291e-06
826,F-A1-DDOSLIKE-V-01,DDoS,DDoS,RF-v5,0.13107745404361335,0.8644996801958503,0.004422865760537095
827,F-A1-DDOSLIKE-V-01,DDoS,DDoS,RF-v5,0.009946346201963812,0.9900502038384675,3.44995956867291e-06
828,F-A1-DDOSLIKE-V-01,DDoS,DDoS,RF-v5,0.43316329478734844,0.5617777393941676,0.005058965818484994
829,F-A1-DDOSLIKE-V-01,DDoS,DDoS,RF-v5,0.009038165336220465,0.9909583847042108,3.44995956867291e-06
830,F-A1-DDOSLIKE-V-01,DDoS,DDoS,RF-v5,0.13107745404361335,0.8644996801958503,0.004422865760537095
831,F-A1-DDOSLIKE-V-01,DDoS,DDoS,RF-v5,0.004038165336220465,0.9959583847042108,3.44995956867291e-06
832,F-A1-DDOSLIKE-V-01,DDoS,DDoS,RF-v5,0.13107745404361335,0.8644663189775875,0.004456226978799849
833,F-A1-DDOSLIKE-V-01,DDoS,DDoS,RF-v5,0.008654321637394291,0.9913422284030371,3.44995956867291e-06
834,F-A1-DDOSLIKE-V-01,DDoS,DDoS,RF-v5,0.20858790855659184,0.7867661736864341,0.004645917756974542
835,F-A1-DDOSLIKE-V-01,DDoS,DDoS,RF-v5,0.015050291073163033,0.9849462589672683,3.44995956867291e-06
836,F-A1-DDOSLIKE-V-01,DDoS,DDoS,RF-v5,0.21140232875912665,0.7847360924924897,0.0038615787483842574
837,F-A1-DDOSLIKE-V-01,DDoS,DDoS,RF-v5,0.0066643162502991425,0.9933322337901322,3.44995956867291e-06
838,F-A1-DDOSLIKE-V-01,DDoS,DDoS,RF-v5,0.13107745404361335,0.8644663189775875,0.004456226978799849
839,F-A1-DDOSLIKE-V-01,DDoS,DDoS,RF-v5,0.009038165336220465,0.9909583847042108,3.44995956867291e-06
840,F-A1-DDOSLIKE-V-01,DDoS,DDoS,RF-v5,0.21703456107664973,0.7791038601749668,0.0038615787483842574
841,F-A1-DDOSLIKE-V-01,DDoS,DDoS,RF-v5,0.004038165336220465,0.9959583847042108,3.44995956867291e-06
842,F-A1-DDOSLIKE-V-01,DDoS,Normal,RF-v5,0.7663609593064629,0.22882745249740316,0.004811588196134985
843,F-A1-DDOSLIKE-V-01,DDoS,DDoS,RF-v5,0.011763526367280681,0.9882330236731507,3.44995956867291e-06
844,F-A1-DDOSLIKE-V-01,DDoS,DDoS,RF-v5,0.13107745404361335,0.8644996801958503,0.004422865760537095
845,F-A1-DDOSLIKE-V-01,DDoS,DDoS,RF-v5,0.008638508389393708,0.9913580416510377,3.44995956867291e-06
846,F-A1-DDOSLIKE-V-01,DDoS,DDoS,RF-v5,0.13107745404361335,0.8644996801958503,0.004422865760537095
847,F-A1-DDOSLIKE-V-01,DDoS,DDoS,RF-v5,0.012914169159630631,0.9870823808808008,3.44995956867291e-06
848,F-A1-DDOSLIKE-V-01,DDoS,DDoS,RF-v5,0.13107745404361335,0.8644663189775875,0.004456226978799849
849,F-A1-DDOSLIKE-V-01,DDoS,DDoS,RF-v5,0.009580986569693665,0.9904155634707377,3.44995956867291e-06
850,F-A1-DDOSLIKE-V-01,DDoS,DDoS,RF-v5,0.13107745404361335,0.8644663189775875,0.004456226978799849
851,F-A1-DDOSLIKE-V-01,DDoS,DDoS,RF-v5,0.0044082597227082946,0.995588290317723,3.44995956867291e-06
852,F-A1-DDOSLIKE-V-01,DDoS,DDoS,RF-v5,0.20647868392695032,0.789659737324666,0.0038615787483842574
853,F-A1-DDOSLIKE-V-01,DDoS,DDoS,RF-v5,0.006988011354698247,0.9930085386857331,3.44995956867291e-06
854,F-A1-DDOSLIKE-V-01,DDoS,DDoS,RF-v5,0.22585630426381675,0.768800801122797,0.005342894613386959
855,F-A1-DDOSLIKE-V-01,DDoS,DDoS,RF-v5,0.004038165336220465,0.9959583847042108,3.44995956867291e-06
856,F-A1-DDOSLIKE-V-01,DDoS,DDoS,RF-v5,0.13107745404361335,0.8642741655987831,0.004648380357604228
857,F-A1-DDOSLIKE-V-01,DDoS,DDoS,RF-v5,0.004038165336220465,0.9959583847042108,3.44995956867291e-06
858,F-A1-DDOSLIKE-V-01,DDoS,DDoS,RF-v5,0.21140232875912665,0.7847360924924897,0.0038615787483842574
859,F-A1-DDOSLIKE-V-01,DDoS,DDoS,RF-v5,0.009609510809650355,0.9903904891903497,0.0
860,F-A1-DDOSLIKE-V-01,DDoS,Normal,RF-v5,0.6488196188153371,0.3463383955037188,0.004841985680946787
861,F-A1-DDOSLIKE-V-01,DDoS,DDoS,RF-v5,0.013380590434386773,0.9866159596060445,3.44995956867291e-06
862,F-A1-DDOSLIKE-V-01,DDoS,Normal,RF-v5,0.6311534701561438,0.3640349416477225,0.004811588196134985
863,F-A1-DDOSLIKE-V-01,DDoS,DDoS,RF-v5,0.004038165336220465,0.9959583847042108,3.44995956867291e-06
864,F-A1-DDOSLIKE-V-01,DDoS,Normal,RF-v5,0.9774096909233135,0.01844481526367037,0.0041454938130172795
865,F-A1-DDOSLIKE-V-01,DDoS,DDoS,RF-v5,0.0044082597227082946,0.995588290317723,3.44995956867291e-06
866,F-A1-DDOSLIKE-V-01,DDoS,DDoS,RF-v5,0.21140232875912665,0.7847360924924897,0.0038615787483842574
867,F-A1-DDOSLIKE-V-01,DDoS,DDoS,RF-v5,0.014211500080314634,0.9857850499601167,3.44995956867291e-06
868,F-A1-DDOSLIKE-V-01,DDoS,DDoS,RF-v5,0.45132528913992404,0.5448131321116919,0.0038615787483842574
869,F-A1-DDOSLIKE-V-01,DDoS,DDoS,RF-v5,0.004038165336220465,0.9959583847042108,3.44995956867291e-06
870,F-A1-DDOSLIKE-V-01,DDoS,DDoS,RF-v5,0.13107745404361335,0.8644663189775875,0.004456226978799849
871,F-A1-DDOSLIKE-V-01,DDoS,DDoS,RF-v5,0.004038165336220465,0.9959583847042108,3.44995956867291e-06
872,F-A1-DDOSLIKE-V-01,DDoS,DDoS,RF-v5,0.2145840750419485,0.7815543462096679,0.0038615787483842574
873,F-A1-DDOSLIKE-V-01,DDoS,DDoS,RF-v5,0.007324930042102817,0.9926716199983285,3.44995956867291e-06
874,F-A1-DDOSLIKE-V-01,DDoS,DDoS,RF-v5,0.21140232875912665,0.7847360924924897,0.0038615787483842574
875,F-A1-DDOSLIKE-V-01,DDoS,DDoS,RF-v5,0.004038165336220465,0.9959583847042108,3.44995956867291e-06
876,F-A1-DDOSLIKE-V-01,DDoS,Normal,RF-v5,0.5712707937195295,0.4228672935472326,0.005861912733238509
877,F-A1-DDOSLIKE-V-01,DDoS,DDoS,RF-v5,0.0044082597227082946,0.995588290317723,3.44995956867291e-06
878,F-A1-DDOSLIKE-V-01,DDoS,DDoS,RF-v5,0.2145840750419485,0.7815543462096679,0.0038615787483842574
879,F-A1-DDOSLIKE-V-01,DDoS,DDoS,RF-v5,0.005636401436572053,0.9943601486038592,3.44995956867291e-06
880,F-A1-DDOSLIKE-V-01,DDoS,DDoS,RF-v5,0.13107745404361335,0.8644663189775875,0.004456226978799849
881,F-A1-DDOSLIKE-V-01,DDoS,DDoS,RF-v5,0.009580986569693665,0.9904155634707377,3.44995956867291e-06
882,F-A1-DDOSLIKE-V-01,DDoS,DDoS,RF-v5,0.13107745404361335,0.8644663189775875,0.004456226978799849
883,F-A1-DDOSLIKE-V-01,DDoS,DDoS,RF-v5,0.012364891642928326,0.987631658397503,3.44995956867291e-06
884,F-A1-DDOSLIKE-V-01,DDoS,DDoS,RF-v5,0.24433954131215718,0.7517988799394593,0.0038615787483842574
885,F-A1-DDOSLIKE-V-01,DDoS,DDoS,RF-v5,0.004038165336220465,0.9959583847042108,3.44995956867291e-06
886,F-A1-DDOSLIKE-V-01,DDoS,DDoS,RF-v5,0.13107745404361335,0.8644663189775875,0.004456226978799849
887,F-A1-DDOSLIKE-V-01,DDoS,DDoS,RF-v5,0.005636401436572053,0.9943601486038592,3.44995956867291e-06
888,F-A1-DDOSLIKE-V-01,DDoS,DDoS,RF-v5,0.24780522218397139,0.7473831896198943,0.004811588196134985
889,F-A1-DDOSLIKE-V-01,DDoS,DDoS,RF-v5,0.005636401436572053,0.9943601486038592,3.44995956867291e-06
890,F-A1-DDOSLIKE-V-01,DDoS,DDoS,RF-v5,0.4163427375917732,0.5797956836598427,0.0038615787483842574
891,F-A1-DDOSLIKE-V-01,DDoS,DDoS,RF-v5,0.004038165336220465,0.9959583847042108,3.44995956867291e-06
892,F-A1-DDOSLIKE-V-01,DDoS,Normal,RF-v5,0.6552259857378416,0.33996242606602606,0.004811588196134985
893,F-A1-DDOSLIKE-V-01,DDoS,DDoS,RF-v5,0.004038165336220465,0.9959583847042108,3.44995956867291e-06
894,F-A1-DDOSLIKE-V-01,DDoS,DDoS,RF-v5,0.23749950334568773,0.7576542839976256,0.004846212656687351
895,F-A1-DDOSLIKE-V-01,DDoS,DDoS,RF-v5,0.0044082597227082946,0.995588290317723,3.44995956867291e-06
896,F-A1-DDOSLIKE-V-01,DDoS,DDoS,RF-v5,0.46308631820488166,0.5330521030467343,0.0038615787483842574
897,F-A1-DDOSLIKE-V-01,DDoS,DDoS,RF-v5,0.0044082597227082946,0.995588290317723,3.44995956867291e-06
898,F-A1-DDOSLIKE-V-01,DDoS,DDoS,RF-v5,0.13107745404361335,0.8644663189775875,0.004456226978799849
899,F-A1-DDOSLIKE-V-01,DDoS,DDoS,RF-v5,0.004038165336220465,0.9959583847042108,3.44995956867291e-06
900,F-A1-DDOSLIKE-V-01,DDoS,DDoS,RF-v5,0.13107745404361335,0.8644663189775875,0.004456226978799849
901,F-A1-DDOSLIKE-V-01,DDoS,DDoS,RF-v5,0.008654321637394291,0.9913422284030371,3.44995956867291e-06
902,F-A1-DDOSLIKE-V-01,DDoS,DDoS,RF-v5,0.43997490763442393,0.554966126547092,0.005058965818484994
903,F-A1-DDOSLIKE-V-01,DDoS,DDoS,RF-v5,0.004038165336220465,0.9959583847042108,3.44995956867291e-06
904,F-A1-DDOSLIKE-V-01,DDoS,DDoS,RF-v5,0.13107745404361335,0.8644996801958503,0.004422865760537095
905,F-A1-DDOSLIKE-V-01,DDoS,DDoS,RF-v5,0.0044082597227082946,0.995588290317723,3.44995956867291e-06
906,F-A1-DDOSLIKE-V-01,DDoS,DDoS,RF-v5,0.13107745404361335,0.8644996801958503,0.004422865760537095
907,F-A1-DDOSLIKE-V-01,DDoS,DDoS,RF-v5,0.004038165336220465,0.9959583847042108,3.44995956867291e-06
908,F-A1-DDOSLIKE-V-01,DDoS,Normal,RF-v5,0.6229250468406204,0.372154327957771,0.004920625201609391
909,F-A1-DDOSLIKE-V-01,DDoS,DDoS,RF-v5,0.0044082597227082946,0.995588290317723,3.44995956867291e-06
910,F-A1-DDOSLIKE-V-01,DDoS,DDoS,RF-v5,0.13107745404361335,0.8644663189775875,0.004456226978799849
911,F-A1-DDOSLIKE-V-01,DDoS,DDoS,RF-v5,0.008654321637394291,0.9913422284030371,3.44995956867291e-06
912,F-A1-DDOSLIKE-V-01,DDoS,Normal,RF-v5,0.6556497910374933,0.3395386207663744,0.004811588196134985
913,F-A1-DDOSLIKE-V-01,DDoS,DDoS,RF-v5,0.008004447501260394,0.991992102539171,3.44995956867291e-06
914,F-A1-DDOSLIKE-V-01,DDoS,DDoS,RF-v5,0.20647868392695032,0.789659737324666,0.0038615787483842574
915,F-A1-DDOSLIKE-V-01,DDoS,DDoS,RF-v5,0.008654321637394291,0.9913422284030371,3.44995956867291e-06
916,F-A1-DDOSLIKE-V-01,DDoS,DDoS,RF-v5,0.2145840750419485,0.7815543462096679,0.0038615787483842574
917,F-A1-DDOSLIKE-V-01,DDoS,DDoS,RF-v5,0.005636401436572053,0.9943601486038592,3.44995956867291e-06
918,F-A1-DDOSLIKE-V-01,DDoS,DDoS,RF-v5,0.13107745404361335,0.8644663189775875,0.004456226978799849
919,F-A1-DDOSLIKE-V-01,DDoS,DDoS,RF-v5,0.0078924579641629,0.9921040920762684,3.44995956867291e-06
920,F-A1-DDOSLIKE-V-01,DDoS,DDoS,RF-v5,0.21703456107664973,0.7791038601749668,0.0038615787483842574
921,F-A1-DDOSLIKE-V-01,DDoS,DDoS,RF-v5,0.0044082597227082946,0.995588290317723,3.44995956867291e-06
922,F-A1-DDOSLIKE-V-01,DDoS,Normal,RF-v5,0.5307779318225312,0.46536048942908487,0.0038615787483842574
923,F-A1-DDOSLIKE-V-01,DDoS,DDoS,RF-v5,0.005636401436572053,0.9943601486038592,3.44995956867291e-06
924,F-A1-DDOSLIKE-V-01,DDoS,Normal,RF-v5,0.9336478114693739,0.06160409580421766,0.00474809272640958
925,F-A1-DDOSLIKE-V-01,DDoS,DDoS,RF-v5,0.004038165336220465,0.9959583847042108,3.44995956867291e-06
926,F-A1-DDOSLIKE-V-01,DDoS,DDoS,RF-v5,0.20647868392695032,0.789659737324666,0.0038615787483842574
927,F-A1-DDOSLIKE-V-01,DDoS,DDoS,RF-v5,0.0044082597227082946,0.995588290317723,3.44995956867291e-06
928,F-A1-DDOSLIKE-V-01,DDoS,DDoS,RF-v5,0.13107745404361335,0.8644663189775875,0.004456226978799849
929,F-A1-DDOSLIKE-V-01,DDoS,DDoS,RF-v5,0.004038165336220465,0.9959583847042108,3.44995956867291e-06
930,F-A1-DDOSLIKE-V-01,DDoS,DDoS,RF-v5,0.2145840750419485,0.7815543462096679,0.0038615787483842574
931,F-A1-DDOSLIKE-V-01,DDoS,DDoS,RF-v5,0.004038165336220465,0.9959583847042108,3.44995956867291e-06
932,F-A1-DDOSLIKE-V-01,DDoS,DDoS,RF-v5,0.20647868392695032,0.789659737324666,0.0038615787483842574
933,F-A1-DDOSLIKE-V-01,DDoS,DDoS,RF-v5,0.009038165336220465,0.9909583847042108,3.44995956867291e-06
934,F-A1-DDOSLIKE-V-01,DDoS,DDoS,RF-v5,0.2781559397171113,0.7169234350812802,0.004920625201609391
935,F-A1-DDOSLIKE-V-01,DDoS,DDoS,RF-v5,0.011763526367280681,0.9882330236731507,3.44995956867291e-06
936,F-A1-DDOSLIKE-V-01,DDoS,DDoS,RF-v5,0.13107745404361335,0.8644996801958503,0.004422865760537095
937,F-A1-DDOSLIKE-V-01,DDoS,DDoS,RF-v5,0.004038165336220465,0.9959583847042108,3.44995956867291e-06
938,F-A1-DDOSLIKE-V-01,DDoS,DDoS,RF-v5,0.2145840750419485,0.7815543462096679,0.0038615787483842574
939,F-A1-DDOSLIKE-V-01,DDoS,DDoS,RF-v5,0.01365432163739429,0.9863422284030371,3.44995956867291e-06
940,F-A1-DDOSLIKE-V-01,DDoS,DDoS,RF-v5,0.25119766043428193,0.7439907513695837,0.004811588196134985
941,F-A1-DDOSLIKE-V-01,DDoS,DDoS,RF-v5,0.008298012858456806,0.9916985371819745,3.44995956867291e-06
942,F-A1-DDOSLIKE-V-01,DDoS,DDoS,RF-v5,0.2283574699823657,0.7668005443366883,0.004841985680946787
943,F-A1-DDOSLIKE-V-01,DDoS,DDoS,RF-v5,0.008713245520295211,0.9912833045201361,3.44995956867291e-06
944,F-A1-DDOSLIKE-V-01,DDoS,DDoS,RF-v5,0.13107745404361335,0.8644996801958503,0.004422865760537095
945,F-A1-DDOSLIKE-V-01,DDoS,DDoS,RF-v5,0.008654321637394291,0.9913422284030371,3.44995956867291e-06
946,F-A1-DDOSLIKE-V-01,DDoS,DDoS,RF-v5,0.24780522218397139,0.746194921661482,0.005999856154547085
947,F-A1-DDOSLIKE-V-01,DDoS,DDoS,RF-v5,0.004038165336220465,0.9959583847042108,3.44995956867291e-06
948,F-A1-DDOSLIKE-V-01,DDoS,DDoS,RF-v5,0.21212620140948954,0.7664493281909022,0.021424470399608972
949,F-A1-DDOSLIKE-V-01,DDoS,DDoS,RF-v5,0.008654321637394291,0.9913422284030371,3.44995956867291e-06
950,F-A1-DDOSLIKE-V-01,DDoS,DDoS,RF-v5,0.13107745404361335,0.8644663189775875,0.004456226978799849
951,F-A1-DDOSLIKE-V-01,DDoS,DDoS,RF-v5,0.004038165336220465,0.9959583847042108,3.44995956867291e-06
952,F-A1-DDOSLIKE-V-01,DDoS,DDoS,RF-v5,0.13107745404361335,0.8644663189775875,0.004456226978799849
953,F-A1-DDOSLIKE-V-01,DDoS,DDoS,RF-v5,0.004038165336220465,0.9959583847042108,3.44995956867291e-06
954,F-A1-DDOSLIKE-V-01,DDoS,Normal,RF-v5,0.6997260571324772,0.2953642083011824,0.004909734566341149
955,F-A1-DDOSLIKE-V-01,DDoS,DDoS,RF-v5,0.0044082597227082946,0.995588290317723,3.44995956867291e-06
956,F-A1-DDOSLIKE-V-01,DDoS,DDoS,RF-v5,0.13107745404361335,0.8644663189775875,0.004456226978799849
957,F-A1-DDOSLIKE-V-01,DDoS,DDoS,RF-v5,0.027711190357948435,0.9722603130927581,2.8496549293604067e-05
958,F-A1-DDOSLIKE-V-01,DDoS,Normal,RF-v5,0.937360416883397,0.05853065943497069,0.004108923681634157
959,F-A1-DDOSLIKE-V-01,DDoS,DDoS,RF-v5,0.011104039223805205,0.9888925108166262,3.44995956867291e-06
960,F-A1-DDOSLIKE-V-01,DDoS,DDoS,RF-v5,0.2145840750419485,0.7815543462096679,0.0038615787483842574
961,F-A1-DDOSLIKE-V-01,DDoS,DDoS,RF-v5,0.01365432163739429,0.9863422284030371,3.44995956867291e-06
962,F-A1-DDOSLIKE-V-01,DDoS,DDoS,RF-v5,0.13107745404361335,0.8644996801958503,0.004422865760537095
963,F-A1-DDOSLIKE-V-01,DDoS,DDoS,RF-v5,0.004038165336220465,0.9959583847042108,3.44995956867291e-06
964,F-A1-DDOSLIKE-V-01,DDoS,DDoS,RF-v5,0.4111719079685169,0.5849665132830988,0.0038615787483842574
965,F-A1-DDOSLIKE-V-01,DDoS,DDoS,RF-v5,0.008654321637394291,0.9913422284030371,3.44995956867291e-06
966,F-A1-DDOSLIKE-V-01,DDoS,Normal,RF-v5,0.7344568446929555,0.26007948983393164,0.005463665473113822
967,F-A1-DDOSLIKE-V-01,DDoS,DDoS,RF-v5,0.0044082597227082946,0.995588290317723,3.44995956867291e-06
968,F-A1-DDOSLIKE-V-01,DDoS,DDoS,RF-v5,0.21086951859013423,0.7827749767074558,0.0063555047024105435
969,F-A1-DDOSLIKE-V-01,DDoS,DDoS,RF-v5,0.008654321637394291,0.9913422284030371,3.44995956867291e-06
970,F-A1-DDOSLIKE-V-01,DDoS,DDoS,RF-v5,0.2145840750419485,0.7815543462096679,0.0038615787483842574
971,F-A1-DDOSLIKE-V-01,DDoS,DDoS,RF-v5,0.008654321637394291,0.9913422284030371,3.44995956867291e-06
972,F-A1-DDOSLIKE-V-01,DDoS,DDoS,RF-v5,0.13107745404361335,0.8644663189775875,0.004456226978799849
973,F-A1-DDOSLIKE-V-01,DDoS,DDoS,RF-v5,0.008638508389393708,0.9913580416510377,3.44995956867291e-06
974,F-A1-DDOSLIKE-V-01,DDoS,Normal,RF-v5,0.7663609593064629,0.22882745249740316,0.004811588196134985
975,F-A1-DDOSLIKE-V-01,DDoS,DDoS,RF-v5,0.004038165336220465,0.9959583847042108,3.44995956867291e-06
976,F-A1-DDOSLIKE-V-01,DDoS,Normal,RF-v5,0.5712707937195295,0.4228672935472326,0.005861912733238509
977,F-A1-DDOSLIKE-V-01,DDoS,DDoS,RF-v5,0.006988011354698248,0.9930085386857331,3.44995956867291e-06
978,F-A1-DDOSLIKE-V-01,DDoS,DDoS,RF-v5,0.13107745404361335,0.8644663189775875,0.004456226978799849
979,F-A1-DDOSLIKE-V-01,DDoS,DDoS,RF-v5,0.005636401436572053,0.9943601486038592,3.44995956867291e-06
980,F-A1-DDOSLIKE-V-01,DDoS,DDoS,RF-v5,0.21086951859013423,0.7827749767074558,0.0063555047024105435
981,F-A1-DDOSLIKE-V-01,DDoS,DDoS,RF-v5,0.004038165336220465,0.9959583847042108,3.44995956867291e-06
982,F-A1-DDOSLIKE-V-01,DDoS,DDoS,RF-v5,0.20647868392695032,0.789659737324666,0.0038615787483842574
983,F-A1-DDOSLIKE-V-01,DDoS,DDoS,RF-v5,0.008654321637394291,0.9913422284030371,3.44995956867291e-06
984,F-A1-DDOSLIKE-V-01,DDoS,Normal,RF-v5,0.7344568446929555,0.26007948983393164,0.005463665473113822
985,F-A1-DDOSLIKE-V-01,DDoS,DDoS,RF-v5,0.011763526367280681,0.9882330236731507,3.44995956867291e-06
986,F-A1-DDOSLIKE-V-01,DDoS,DDoS,RF-v5,0.24433954131215718,0.7517988799394593,0.0038615787483842574
987,F-A1-DDOSLIKE-V-01,DDoS,DDoS,RF-v5,0.004038165336220465,0.9959583847042108,3.44995956867291e-06
988,F-A1-DDOSLIKE-V-01,DDoS,DDoS,RF-v5,0.21703456107664973,0.7791038601749668,0.0038615787483842574
989,F-A1-DDOSLIKE-V-01,DDoS,DDoS,RF-v5,0.004038165336220465,0.9959583847042108,3.44995956867291e-06
990,F-A1-DDOSLIKE-V-01,DDoS,DDoS,RF-v5,0.4111719079685169,0.5849665132830988,0.0038615787483842574
991,F-A1-DDOSLIKE-V-01,DDoS,DDoS,RF-v5,0.0044082597227082946,0.995588290317723,3.44995956867291e-06
992,F-A1-DDOSLIKE-V-01,DDoS,DDoS,RF-v5,0.13107745404361335,0.8644663189775875,0.004456226978799849
993,F-A1-DDOSLIKE-V-01,DDoS,DDoS,RF-v5,0.008519118777966956,0.9914774312624643,3.44995956867291e-06
994,F-A1-DDOSLIKE-V-01,DDoS,DDoS,RF-v5,0.4563510109958604,0.5385900231856555,0.005058965818484994
995,F-A1-DDOSLIKE-V-01,DDoS,DDoS,RF-v5,0.009038165336220465,0.9909583847042108,3.44995956867291e-06
996,F-A1-DDOSLIKE-V-01,DDoS,DDoS,RF-v5,0.2344389282040504,0.7576689778551926,0.007892093940757612
997,F-A1-DDOSLIKE-V-01,DDoS,DDoS,RF-v5,0.004038165336220465,0.9959583847042108,3.44995956867291e-06
998,F-A1-DDOSLIKE-V-01,DDoS,DDoS,RF-v5,0.21140232875912665,0.7847360924924897,0.0038615787483842574
999,F-A1-DDOSLIKE-V-01,DDoS,DDoS,RF-v5,0.004038165336220465,0.9959583847042108,3.44995956867291e-06
1000,F-A1-DDOSLIKE-V-01,DDoS,Normal,RF-v5,0.6311534701561438,0.3640349416477225,0.004811588196134985
1001,F-A1-DDOSLIKE-V-01,DDoS,DDoS,RF-v5,0.0044082597227082946,0.995588290317723,3.44995956867291e-06
1002,F-A1-DDOSLIKE-V-01,DDoS,DDoS,RF-v5,0.23749950334568773,0.7576542839976256,0.004846212656687351
1003,F-A1-DDOSLIKE-V-01,DDoS,DDoS,RF-v5,0.008638508389393708,0.9913580416510377,3.44995956867291e-06
1004,F-A1-DDOSLIKE-V-01,DDoS,DDoS,RF-v5,0.24780522218397139,0.7473831896198943,0.004811588196134985
1005,F-A1-DDOSLIKE-V-01,DDoS,DDoS,RF-v5,0.0044082597227082946,0.995588290317723,3.44995956867291e-06
1006,F-A1-DDOSLIKE-V-01,DDoS,DDoS,RF-v5,0.2145840750419485,0.7815543462096679,0.0038615787483842574
1007,F-A1-DDOSLIKE-V-01,DDoS,DDoS,RF-v5,0.005636401436572053,0.9943601486038592,3.44995956867291e-06
1008,F-A1-DDOSLIKE-V-01,DDoS,DDoS,RF-v5,0.007324930042102818,0.9926716199983285,3.44995956867291e-06
1009,F-A1-DDOSLIKE-V-01,DDoS,DDoS,RF-v5,0.21086951859013423,0.7844845636528918,0.004645917756974542
1010,F-A1-DDOSLIKE-V-01,DDoS,DDoS,RF-v5,0.21710760360106454,0.7752005973578914,0.007691799041044801
1011,F-A1-DDOSLIKE-V-01,DDoS,DDoS,RF-v5,0.006294221863811313,0.99370232817662,3.44995956867291e-06
1012,F-A1-DDOSLIKE-V-01,DDoS,DDoS,RF-v5,0.13107745404361335,0.8642741655987831,0.004648380357604228
1013,F-A1-DDOSLIKE-V-01,DDoS,DDoS,RF-v5,0.006294221863811313,0.99370232817662,3.44995956867291e-06
1014,F-A1-DDOSLIKE-V-01,DDoS,DDoS,RF-v5,0.13107745404361335,0.8644663189775875,0.004456226978799849
1015,F-A1-DDOSLIKE-V-01,DDoS,DDoS,RF-v5,0.0044082597227082946,0.995588290317723,3.44995956867291e-06
1016,F-A1-DDOSLIKE-V-01,DDoS,Normal,RF-v5,0.5712707937195295,0.4228672935472326,0.005861912733238509
1017,F-A1-DDOSLIKE-V-01,DDoS,DDoS,RF-v5,0.004038165336220465,0.9959583847042108,3.44995956867291e-06
1018,F-A1-DDOSLIKE-V-01,DDoS,DDoS,RF-v5,0.21140232875912665,0.7847360924924897,0.0038615787483842574
1019,F-A1-DDOSLIKE-V-01,DDoS,DDoS,RF-v5,0.0044082597227082946,0.995588290317723,3.44995956867291e-06
1020,F-A1-DDOSLIKE-V-01,DDoS,DDoS,RF-v5,0.13107745404361335,0.8644663189775875,0.004456226978799849
1021,F-A1-DDOSLIKE-V-01,DDoS,DDoS,RF-v5,0.008654321637394291,0.9913422284030371,3.44995956867291e-06
1022,F-A1-DDOSLIKE-V-01,DDoS,DDoS,RF-v5,0.13107745404361335,0.8644996801958503,0.004422865760537095
1023,F-A1-DDOSLIKE-V-01,DDoS,DDoS,RF-v5,0.0044082597227082946,0.995588290317723,3.44995956867291e-06
1024,F-A1-DDOSLIKE-V-01,DDoS,DDoS,RF-v5,0.20647868392695032,0.789659737324666,0.0038615787483842574
1025,F-A1-DDOSLIKE-V-01,DDoS,DDoS,RF-v5,0.004038165336220465,0.9959583847042108,3.44995956867291e-06
1026,F-A1-DDOSLIKE-V-01,DDoS,DDoS,RF-v5,0.13107745404361335,0.8644663189775875,0.004456226978799849
1027,F-A1-DDOSLIKE-V-01,DDoS,DDoS,RF-v5,0.006988011354698247,0.9930085386857331,3.44995956867291e-06
1028,F-A1-DDOSLIKE-V-01,DDoS,Normal,RF-v5,0.6311534701561438,0.3640349416477225,0.004811588196134985
1029,F-A1-DDOSLIKE-V-01,DDoS,DDoS,RF-v5,0.0,1.0,0.0
1030,F-A1-DDOSLIKE-V-01,DDoS,DDoS,RF-v5,0.13107745404361335,0.8644663189775875,0.004456226978799849
1031,F-A1-DDOSLIKE-V-01,DDoS,DDoS,RF-v5,0.008638508389393708,0.9913580416510377,3.44995956867291e-06
1032,F-A1-DDOSLIKE-V-01,DDoS,DDoS,RF-v5,0.24780522218397139,0.744835213180601,0.007359564635428165
1033,F-A1-DDOSLIKE-V-01,DDoS,DDoS,RF-v5,0.011570460498561346,0.98842608954187,3.44995956867291e-06
1034,F-A1-DDOSLIKE-V-01,DDoS,Normal,RF-v5,0.6311534701561438,0.3640349416477225,0.004811588196134985
1035,F-A1-DDOSLIKE-V-01,DDoS,DDoS,RF-v5,0.004038165336220465,0.9959583847042108,3.44995956867291e-06
1036,F-A1-DDOSLIKE-V-01,DDoS,DDoS,RF-v5,0.13107745404361335,0.8644996801958503,0.004422865760537095
1037,F-A1-DDOSLIKE-V-01,DDoS,DDoS,RF-v5,0.004038165336220465,0.9959583847042108,3.44995956867291e-06
1038,F-A1-DDOSLIKE-V-01,DDoS,DDoS,RF-v5,0.24433954131215718,0.7517988799394593,0.0038615787483842574
1039,F-A1-DDOSLIKE-V-01,DDoS,DDoS,RF-v5,0.004038165336220465,0.9959583847042108,3.44995956867291e-06
1040,F-A1-DDOSLIKE-V-01,DDoS,DDoS,RF-v5,0.4111719079685169,0.5849665132830988,0.0038615787483842574
1041,F-A1-DDOSLIKE-V-01,DDoS,DDoS,RF-v5,0.0044082597227082946,0.995588290317723,3.44995956867291e-06
1042,F-A1-DDOSLIKE-V-01,DDoS,DDoS,RF-v5,0.20647868392695032,0.789659737324666,0.0038615787483842574
1043,F-A1-DDOSLIKE-V-01,DDoS,DDoS,RF-v5,0.0044082597227082946,0.995588290317723,3.44995956867291e-06
1044,F-A1-DDOSLIKE-V-01,DDoS,DDoS,RF-v5,0.13107745404361335,0.8644996801958503,0.004422865760537095
1045,F-A1-DDOSLIKE-V-01,DDoS,DDoS,RF-v5,0.009038165336220465,0.9909583847042108,3.44995956867291e-06
1046,F-A1-DDOSLIKE-V-01,DDoS,Normal,RF-v5,0.5727308764483614,0.42245753535550457,0.004811588196134985
1047,F-A1-DDOSLIKE-V-01,DDoS,DDoS,RF-v5,0.0044082597227082946,0.995588290317723,3.44995956867291e-06
1048,F-A1-DDOSLIKE-V-01,DDoS,DDoS,RF-v5,0.21140232875912665,0.7847360924924897,0.0038615787483842574
1049,F-A1-DDOSLIKE-V-01,DDoS,DDoS,RF-v5,0.0013227461037680016,0.9986772538962321,0.0
1050,F-A1-DDOSLIKE-V-01,DDoS,Normal,RF-v5,0.9353783333725125,0.05985866882258004,0.004762997804908551
1051,F-A1-DDOSLIKE-V-01,DDoS,DDoS,RF-v5,0.01426717806339843,0.9840232349911656,0.0017095869454360022
1052,F-A1-DDOSLIKE-V-01,DDoS,Normal,RF-v5,0.6290990305800428,0.3660589837390127,0.004841985680946787
1053,F-A1-DDOSLIKE-V-01,DDoS,DDoS,RF-v5,0.008713245520295211,0.9912833045201361,3.44995956867291e-06
1054,F-A1-DDOSLIKE-V-01,DDoS,DDoS,RF-v5,0.13107745404361335,0.8644996801958503,0.004422865760537095
1055,F-A1-DDOSLIKE-V-01,DDoS,DDoS,RF-v5,0.0044082597227082946,0.995588290317723,3.44995956867291e-06
1056,F-A1-DDOSLIKE-V-01,DDoS,DDoS,RF-v5,0.13107745404361335,0.8644663189775875,0.004456226978799849
1057,F-A1-DDOSLIKE-V-01,DDoS,DDoS,RF-v5,0.004038165336220465,0.9959583847042108,3.44995956867291e-06
1058,F-A1-DDOSLIKE-V-01,DDoS,Normal,RF-v5,0.6488196188153371,0.3463383955037188,0.004841985680946787
1059,F-A1-DDOSLIKE-V-01,DDoS,DDoS,RF-v5,0.014018434211595298,0.9859781158288361,3.44995956867291e-06
1060,F-A1-DDOSLIKE-V-01,DDoS,Normal,RF-v5,0.9209942039735876,0.07448162209935939,0.004524173927054306
1061,F-A1-DDOSLIKE-V-01,DDoS,DDoS,RF-v5,0.012889448307494333,0.9871071017329369,3.44995956867291e-06
1062,F-A1-DDOSLIKE-V-01,DDoS,DDoS,RF-v5,0.13107745404361335,0.8644996801958503,0.004422865760537095
1063,F-A1-DDOSLIKE-V-01,DDoS,DDoS,RF-v5,0.008654321637394291,0.9913422284030371,3.44995956867291e-06
1064,F-A1-DDOSLIKE-V-01,DDoS,DDoS,RF-v5,0.43316329478734844,0.5617777393941676,0.005058965818484994
1065,F-A1-DDOSLIKE-V-01,DDoS,DDoS,RF-v5,0.006006495823059881,0.9939900542173714,3.44995956867291e-06
1066,F-A1-DDOSLIKE-V-01,DDoS,DDoS,RF-v5,0.13107745404361335,0.8644663189775875,0.004456226978799849
1067,F-A1-DDOSLIKE-V-01,DDoS,DDoS,RF-v5,0.0044082597227082946,0.995588290317723,3.44995956867291e-06
1068,F-A1-DDOSLIKE-V-01,DDoS,DDoS,RF-v5,0.2145840750419485,0.7815543462096679,0.0038615787483842574
1069,F-A1-DDOSLIKE-V-01,DDoS,DDoS,RF-v5,0.004038165336220465,0.9959583847042108,3.44995956867291e-06
1070,F-A1-DDOSLIKE-V-01,DDoS,DDoS,RF-v5,0.25119766043428193,0.7439907513695837,0.004811588196134985
1071,F-A1-DDOSLIKE-V-01,DDoS,DDoS,RF-v5,0.0044082597227082946,0.995588290317723,3.44995956867291e-06
1072,F-A1-DDOSLIKE-V-01,DDoS,DDoS,RF-v5,0.20647868392695032,0.789659737324666,0.0038615787483842574
1073,F-A1-DDOSLIKE-V-01,DDoS,DDoS,RF-v5,0.0066643162502991425,0.9933322337901322,3.44995956867291e-06
1074,F-A1-DDOSLIKE-V-01,DDoS,DDoS,RF-v5,0.42107329633539364,0.5750651249162222,0.0038615787483842574
1075,F-A1-DDOSLIKE-V-01,DDoS,DDoS,RF-v5,0.01365432163739429,0.9863422284030371,3.44995956867291e-06
1076,F-A1-DDOSLIKE-V-01,DDoS,DDoS,RF-v5,0.13107745404361335,0.8644996801958503,0.004422865760537095
1077,F-A1-DDOSLIKE-V-01,DDoS,DDoS,RF-v5,0.008654321637394291,0.9913422284030371,3.44995956867291e-06
1078,F-A1-DDOSLIKE-V-01,DDoS,DDoS,RF-v5,0.2781559397171113,0.7169234350812802,0.004920625201609391
1079,F-A1-DDOSLIKE-V-01,DDoS,DDoS,RF-v5,0.007324930042102818,0.9926716199983285,3.44995956867291e-06
1080,F-A1-DDOSLIKE-V-01,DDoS,DDoS,RF-v5,0.2145840750419485,0.7815543462096679,0.0038615787483842574
1081,F-A1-DDOSLIKE-V-01,DDoS,DDoS,RF-v5,0.0044082597227082946,0.995588290317723,3.44995956867291e-06
1082,F-A1-DDOSLIKE-V-01,DDoS,DDoS,RF-v5,0.20647868392695032,0.789659737324666,0.0038615787483842574
1083,F-A1-DDOSLIKE-V-01,DDoS,DDoS,RF-v5,0.005636401436572053,0.9943601486038592,3.44995956867291e-06
1084,F-A1-DDOSLIKE-V-01,DDoS,DDoS,RF-v5,0.21703456107664973,0.7791038601749668,0.0038615787483842574
1085,F-A1-DDOSLIKE-V-01,DDoS,DDoS,RF-v5,0.004038165336220465,0.9959583847042108,3.44995956867291e-06
1086,F-A1-DDOSLIKE-V-01,DDoS,DDoS,RF-v5,0.13107745404361335,0.8644996801958503,0.004422865760537095
1087,F-A1-DDOSLIKE-V-01,DDoS,DDoS,RF-v5,0.004038165336220465,0.9959583847042108,3.44995956867291e-06
1088,F-A1-DDOSLIKE-V-01,DDoS,DDoS,RF-v5,0.13107745404361335,0.8644663189775875,0.004456226978799849
1089,F-A1-DDOSLIKE-V-01,DDoS,DDoS,RF-v5,0.006294221863811313,0.99370232817662,3.44995956867291e-06
1090,F-A1-DDOSLIKE-V-01,DDoS,Normal,RF-v5,0.5005967995465448,0.4944254986576132,0.00497770179584242
1091,F-A1-DDOSLIKE-V-01,DDoS,DDoS,RF-v5,0.0078924579641629,0.9921040920762684,3.44995956867291e-06
1092,F-A1-DDOSLIKE-V-01,DDoS,DDoS,RF-v5,0.13107745404361335,0.8644663189775875,0.004456226978799849
1093,F-A1-DDOSLIKE-V-01,DDoS,DDoS,RF-v5,0.005636401436572053,0.9943601486038592,3.44995956867291e-06
1094,F-A1-DDOSLIKE-V-01,DDoS,DDoS,RF-v5,0.20647868392695032,0.789659737324666,0.0038615787483842574
1095,F-A1-DDOSLIKE-V-01,DDoS,DDoS,RF-v5,0.007324930042102818,0.9926716199983285,3.44995956867291e-06
1096,F-A1-DDOSLIKE-V-01,DDoS,DDoS,RF-v5,0.13107745404361335,0.8644996801958503,0.004422865760537095
1097,F-A1-DDOSLIKE-V-01,DDoS,DDoS,RF-v5,0.01146034800274269,0.9885362020376887,3.44995956867291e-06
1098,F-A1-DDOSLIKE-V-01,DDoS,Normal,RF-v5,0.8718572388148614,0.12361858725808363,0.004524173927054306
1099,F-A1-DDOSLIKE-V-01,DDoS,DDoS,RF-v5,0.004038165336220465,0.9959583847042108,3.44995956867291e-06
1100,F-A1-DDOSLIKE-V-01,DDoS,DDoS,RF-v5,0.4689467944446838,0.5232641200399318,0.007789085515384605
1101,F-A1-DDOSLIKE-V-01,DDoS,DDoS,RF-v5,0.012364891642928326,0.987631658397503,3.44995956867291e-06
1102,F-A1-DDOSLIKE-V-01,DDoS,DDoS,RF-v5,0.13107745404361335,0.8644996801958503,0.004422865760537095
1103,F-A1-DDOSLIKE-V-01,DDoS,DDoS,RF-v5,0.008654321637394291,0.9913422284030371,3.44995956867291e-06
1104,F-A1-DDOSLIKE-V-01,DDoS,DDoS,RF-v5,0.14157447087507316,0.8477041005139755,0.01072142861095188
1105,F-A1-DDOSLIKE-V-01,DDoS,DDoS,RF-v5,0.012914169159630631,0.9870823808808008,3.44995956867291e-06
1106,F-A1-DDOSLIKE-V-01,DDoS,DDoS,RF-v5,0.13107745404361335,0.8644663189775875,0.004456226978799849
1107,F-A1-DDOSLIKE-V-01,DDoS,DDoS,RF-v5,0.008654321637394291,0.9913422284030371,3.44995956867291e-06
1108,F-A1-DDOSLIKE-V-01,DDoS,DDoS,RF-v5,0.42107329633539364,0.5750651249162222,0.0038615787483842574
1109,F-A1-DDOSLIKE-V-01,DDoS,DDoS,RF-v5,0.004038165336220465,0.9959583847042108,3.44995956867291e-06
1110,F-A1-DDOSLIKE-V-01,DDoS,DDoS,RF-v5,0.43997490763442393,0.554966126547092,0.005058965818484994
1111,F-A1-DDOSLIKE-V-01,DDoS,DDoS,RF-v5,0.44229930494110176,0.4965335934217034,0.06116710163719566
1112,F-A1-DDOSLIKE-V-01,DDoS,Normal,RF-v5,0.6556919876110752,0.2860154632474708,0.05829254914145422
1113,F-A1-DDOSLIKE-V-01,DDoS,Normal,RF-v5,0.8737753618409466,0.11188804400525902,0.014336594153794584
1114,F-A1-DDOSLIKE-V-01,DDoS,DDoS,RF-v5,0.2518143911155984,0.6843914889698738,0.06379411991452892
1115,F-A1-DDOSLIKE-V-01,DDoS,DDoS,RF-v5,0.4053668053039655,0.5334660930588396,0.06116710163719566
1116,F-A1-DDOSLIKE-V-01,DDoS,Normal,RF-v5,0.4698026631471008,0.4638178885379309,0.06637944831496898
1117,F-A1-DDOSLIKE-V-02,DDoS,DDoS,RF-v5,0.08626738885402699,0.912150374712214,0.0015822364337589158
1118,F-A1-DDOSLIKE-V-02,DDoS,DDoS,RF-v5,0.028318317118451675,0.9700994464477894,0.0015822364337589158
1119,F-A1-DDOSLIKE-V-02,DDoS,Normal,RF-v5,0.5727308764483614,0.42245753535550457,0.004811588196134985
1120,F-A1-DDOSLIKE-V-02,DDoS,DDoS,RF-v5,0.2591487410256502,0.7359903534230289,0.004860905551321779
1121,F-A1-DDOSLIKE-V-02,DDoS,DDoS,RF-v5,0.13747433744661314,0.8608160756079509,0.0017095869454360022
1122,F-A1-DDOSLIKE-V-02,DDoS,DDoS,RF-v5,0.004038165336220465,0.9959583847042108,3.44995956867291e-06
1123,F-A1-DDOSLIKE-V-02,DDoS,Normal,RF-v5,0.9744509935190316,0.021408904595055338,0.004140101885914223
1124,F-A1-DDOSLIKE-V-02,DDoS,DDoS,RF-v5,0.25119766043428193,0.7439907513695837,0.004811588196134985
1125,F-A1-DDOSLIKE-V-02,DDoS,DDoS,RF-v5,0.005636401436572053,0.9943601486038592,3.44995956867291e-06
1126,F-A1-DDOSLIKE-V-02,DDoS,DDoS,RF-v5,0.2145840750419485,0.7815543462096679,0.0038615787483842574
1127,F-A1-DDOSLIKE-V-02,DDoS,DDoS,RF-v5,0.004038165336220465,0.9959583847042108,3.44995956867291e-06
1128,F-A1-DDOSLIKE-V-02,DDoS,DDoS,RF-v5,0.13107745404361335,0.8644663189775875,0.004456226978799849
1129,F-A1-DDOSLIKE-V-02,DDoS,DDoS,RF-v5,0.004038165336220465,0.9959583847042108,3.44995956867291e-06
1130,F-A1-DDOSLIKE-V-02,DDoS,DDoS,RF-v5,0.12413406331892951,0.8758659366810707,0.0
1131,F-A1-DDOSLIKE-V-02,DDoS,Normal,RF-v5,0.9391843276719243,0.05670674864644337,0.004108923681634157
1132,F-A1-DDOSLIKE-V-02,DDoS,DDoS,RF-v5,0.20647868392695032,0.789659737324666,0.0038615787483842574
1133,F-A1-DDOSLIKE-V-02,DDoS,DDoS,RF-v5,0.005923089156941243,0.9940769108430588,0.0
1134,F-A1-DDOSLIKE-V-02,DDoS,DDoS,RF-v5,0.24780522218397139,0.746194921661482,0.005999856154547085
1135,F-A1-DDOSLIKE-V-02,DDoS,DDoS,RF-v5,0.0,1.0,0.0
1136,F-A1-DDOSLIKE-V-02,DDoS,DDoS,RF-v5,0.3810487998499248,0.6150896214016907,0.0038615787483842574
1137,F-A1-DDOSLIKE-V-02,DDoS,DDoS,RF-v5,0.004038165336220465,0.9959583847042108,3.44995956867291e-06
1138,F-A1-DDOSLIKE-V-02,DDoS,Normal,RF-v5,0.6552259857378416,0.33996242606602606,0.004811588196134985
1139,F-A1-DDOSLIKE-V-02,DDoS,DDoS,RF-v5,0.008638508389393708,0.9913580416510377,3.44995956867291e-06
1140,F-A1-DDOSLIKE-V-02,DDoS,Normal,RF-v5,0.9374260008646786,0.05846507545368909,0.004108923681634157
1141,F-A1-DDOSLIKE-V-02,DDoS,DDoS,RF-v5,0.004038165336220465,0.9959583847042108,3.44995956867291e-06
1142,F-A1-DDOSLIKE-V-02,DDoS,DDoS,RF-v5,0.011179222670045254,0.9888173273703861,3.44995956867291e-06
1143,F-A1-DDOSLIKE-V-02,DDoS,DDoS,RF-v5,0.22585630426381675,0.768800801122797,0.005342894613386959
1144,F-A1-DDOSLIKE-V-02,DDoS,DDoS,RF-v5,0.2509130707239219,0.7452253505276946,0.0038615787483842574
1145,F-A1-DDOSLIKE-V-02,DDoS,DDoS,RF-v5,0.005636401436572053,0.9943601486038592,3.44995956867291e-06
1146,F-A1-DDOSLIKE-V-02,DDoS,DDoS,RF-v5,0.13107745404361335,0.8644663189775875,0.004456226978799849
1147,F-A1-DDOSLIKE-V-02,DDoS,DDoS,RF-v5,0.0044082597227082946,0.995588290317723,3.44995956867291e-06
1148,F-A1-DDOSLIKE-V-02,DDoS,DDoS,RF-v5,0.13107745404361335,0.8644663189775875,0.004456226978799849
1149,F-A1-DDOSLIKE-V-02,DDoS,DDoS,RF-v5,0.0,1.0,0.0
1150,F-A1-DDOSLIKE-V-02,DDoS,DDoS,RF-v5,0.13107745404361335,0.8644663189775875,0.004456226978799849
1151,F-A1-DDOSLIKE-V-02,DDoS,DDoS,RF-v5,0.02332940182146904,0.9766671482189624,3.44995956867291e-06
1152,F-A1-DDOSLIKE-V-02,DDoS,DDoS,RF-v5,0.13107745404361335,0.8644663189775875,0.004456226978799849
1153,F-A1-DDOSLIKE-V-02,DDoS,DDoS,RF-v5,0.008654321637394291,0.9913422284030371,3.44995956867291e-06
1154,F-A1-DDOSLIKE-V-02,DDoS,DDoS,RF-v5,0.13107745404361335,0.8644996801958503,0.004422865760537095
1155,F-A1-DDOSLIKE-V-02,DDoS,DDoS,RF-v5,0.004038165336220465,0.9959583847042108,3.44995956867291e-06
1156,F-A1-DDOSLIKE-V-02,DDoS,DDoS,RF-v5,0.13107745404361335,0.8644663189775875,0.004456226978799849
1157,F-A1-DDOSLIKE-V-02,DDoS,DDoS,RF-v5,0.007559356828128136,0.992440643171872,0.0
1158,F-A1-DDOSLIKE-V-02,DDoS,DDoS,RF-v5,0.2283574699823657,0.7668005443366883,0.004841985680946787
1159,F-A1-DDOSLIKE-V-02,DDoS,DDoS,RF-v5,0.004038165336220465,0.9959583847042108,3.44995956867291e-06
1160,F-A1-DDOSLIKE-V-02,DDoS,DDoS,RF-v5,0.13107745404361335,0.8644996801958503,0.004422865760537095
1161,F-A1-DDOSLIKE-V-02,DDoS,DDoS,RF-v5,0.0044082597227082946,0.995588290317723,3.44995956867291e-06
1162,F-A1-DDOSLIKE-V-02,DDoS,DDoS,RF-v5,0.13107745404361335,0.8644996801958503,0.004422865760537095
1163,F-A1-DDOSLIKE-V-02,DDoS,DDoS,RF-v5,0.011102295350428244,0.9888942546900031,3.44995956867291e-06
1164,F-A1-DDOSLIKE-V-02,DDoS,Normal,RF-v5,0.9774096909233135,0.01844481526367037,0.0041454938130172795
1165,F-A1-DDOSLIKE-V-02,DDoS,DDoS,RF-v5,0.004038165336220465,0.9959583847042108,3.44995956867291e-06
1166,F-A1-DDOSLIKE-V-02,DDoS,Normal,RF-v5,0.5712707937195295,0.4228672935472326,0.005861912733238509
1167,F-A1-DDOSLIKE-V-02,DDoS,DDoS,RF-v5,0.011102295350428244,0.9888942546900031,3.44995956867291e-06
1168,F-A1-DDOSLIKE-V-02,DDoS,Normal,RF-v5,0.5698781835842316,0.423261606384794,0.006860210030975367
1169,F-A1-DDOSLIKE-V-02,DDoS,DDoS,RF-v5,0.006006495823059881,0.9939900542173714,3.44995956867291e-06
1170,F-A1-DDOSLIKE-V-02,DDoS,DDoS,RF-v5,0.13107745404361335,0.8644996801958503,0.004422865760537095
1171,F-A1-DDOSLIKE-V-02,DDoS,DDoS,RF-v5,0.009038165336220465,0.9909583847042108,3.44995956867291e-06
1172,F-A1-DDOSLIKE-V-02,DDoS,DDoS,RF-v5,0.13107745404361335,0.8644663189775875,0.004456226978799849
1173,F-A1-DDOSLIKE-V-02,DDoS,DDoS,RF-v5,0.004038165336220465,0.9959583847042108,3.44995956867291e-06
1174,F-A1-DDOSLIKE-V-02,DDoS,DDoS,RF-v5,0.4689467944446838,0.5232641200399318,0.007789085515384605
1175,F-A1-DDOSLIKE-V-02,DDoS,DDoS,RF-v5,0.004038165336220465,0.9959583847042108,3.44995956867291e-06
1176,F-A1-DDOSLIKE-V-02,DDoS,DDoS,RF-v5,0.2781559397171113,0.7169234350812802,0.004920625201609391
1177,F-A1-DDOSLIKE-V-02,DDoS,DDoS,RF-v5,0.008654321637394291,0.9913422284030371,3.44995956867291e-06
1178,F-A1-DDOSLIKE-V-02,DDoS,Normal,RF-v5,0.6552259857378416,0.33996242606602606,0.004811588196134985
1179,F-A1-DDOSLIKE-V-02,DDoS,DDoS,RF-v5,0.004038165336220465,0.9959583847042108,3.44995956867291e-06
1180,F-A1-DDOSLIKE-V-02,DDoS,DDoS,RF-v5,0.13107745404361335,0.8642741655987831,0.004648380357604228
1181,F-A1-DDOSLIKE-V-02,DDoS,DDoS,RF-v5,0.008923166142454406,0.991073383897977,3.44995956867291e-06
1182,F-A1-DDOSLIKE-V-02,DDoS,DDoS,RF-v5,0.13107745404361335,0.8644996801958503,0.004422865760537095
1183,F-A1-DDOSLIKE-V-02,DDoS,DDoS,RF-v5,0.004038165336220465,0.9959583847042108,3.44995956867291e-06
1184,F-A1-DDOSLIKE-V-02,DDoS,DDoS,RF-v5,0.13107745404361335,0.8644996801958503,0.004422865760537095
1185,F-A1-DDOSLIKE-V-02,DDoS,DDoS,RF-v5,0.006006495823059881,0.9939900542173714,3.44995956867291e-06
1186,F-A1-DDOSLIKE-V-02,DDoS,DDoS,RF-v5,0.4111719079685169,0.5849665132830988,0.0038615787483842574
1187,F-A1-DDOSLIKE-V-02,DDoS,DDoS,RF-v5,0.0,1.0,0.0
1188,F-A1-DDOSLIKE-V-02,DDoS,DDoS,RF-v5,0.005636401436572053,0.9943601486038592,3.44995956867291e-06
1189,F-A1-DDOSLIKE-V-02,DDoS,DDoS,RF-v5,0.20858790855659184,0.7867661736864341,0.004645917756974542
1190,F-A1-DDOSLIKE-V-02,DDoS,DDoS,RF-v5,0.20858790855659184,0.7867661736864341,0.004645917756974542
1191,F-A1-DDOSLIKE-V-02,DDoS,DDoS,RF-v5,0.004038165336220465,0.9959583847042108,3.44995956867291e-06
1192,F-A1-DDOSLIKE-V-02,DDoS,DDoS,RF-v5,0.42107329633539364,0.5750651249162222,0.0038615787483842574
1193,F-A1-DDOSLIKE-V-02,DDoS,DDoS,RF-v5,0.0044082597227082946,0.995588290317723,3.44995956867291e-06
1194,F-A1-DDOSLIKE-V-02,DDoS,DDoS,RF-v5,0.13107745404361335,0.8644663189775875,0.004456226978799849
1195,F-A1-DDOSLIKE-V-02,DDoS,DDoS,RF-v5,0.0044082597227082946,0.995588290317723,3.44995956867291e-06
1196,F-A1-DDOSLIKE-V-02,DDoS,DDoS,RF-v5,0.20647868392695032,0.789659737324666,0.0038615787483842574
1197,F-A1-DDOSLIKE-V-02,DDoS,DDoS,RF-v5,0.011763526367280681,0.9882330236731507,3.44995956867291e-06
1198,F-A1-DDOSLIKE-V-02,DDoS,DDoS,RF-v5,0.21140232875912665,0.7847360924924897,0.0038615787483842574
1199,F-A1-DDOSLIKE-V-02,DDoS,DDoS,RF-v5,0.0,1.0,0.0
1200,F-A1-DDOSLIKE-V-02,DDoS,Normal,RF-v5,0.9776442395077148,0.018221125460805742,0.00413463503148049
1201,F-A1-DDOSLIKE-V-02,DDoS,DDoS,RF-v5,0.031997993423813126,0.9679985566166183,3.44995956867291e-06
1202,F-A1-DDOSLIKE-V-02,DDoS,DDoS,RF-v5,0.030441797991379593,0.9695547520490517,3.44995956867291e-06
1203,F-A1-DDOSLIKE-V-02,DDoS,DDoS,RF-v5,0.004038165336220465,0.9959583847042108,3.44995956867291e-06
1204,F-A1-DDOSLIKE-V-02,DDoS,DDoS,RF-v5,0.40814990434389137,0.5879885169077244,0.0038615787483842574
1205,F-A1-DDOSLIKE-V-02,DDoS,DDoS,RF-v5,0.005636401436572053,0.9943601486038592,3.44995956867291e-06
1206,F-A1-DDOSLIKE-V-02,DDoS,DDoS,RF-v5,0.13107745404361335,0.8644663189775875,0.004456226978799849
1207,F-A1-DDOSLIKE-V-02,DDoS,DDoS,RF-v5,0.004038165336220465,0.9959583847042108,3.44995956867291e-06
1208,F-A1-DDOSLIKE-V-02,DDoS,DDoS,RF-v5,0.4305411843870963,0.5643998497944195,0.005058965818484994
1209,F-A1-DDOSLIKE-V-02,DDoS,DDoS,RF-v5,0.008654321637394291,0.9913422284030371,3.44995956867291e-06
1210,F-A1-DDOSLIKE-V-02,DDoS,DDoS,RF-v5,0.13107745404361335,0.8644663189775875,0.004456226978799849
1211,F-A1-DDOSLIKE-V-02,DDoS,DDoS,RF-v5,0.005830255190896559,0.9941662948495348,3.44995956867291e-06
1212,F-A1-DDOSLIKE-V-02,DDoS,DDoS,RF-v5,0.44601663937202785,0.5501217818795883,0.0038615787483842574
1213,F-A1-DDOSLIKE-V-02,DDoS,DDoS,RF-v5,0.004038165336220465,0.9959583847042108,3.44995956867291e-06
1214,F-A1-DDOSLIKE-V-02,DDoS,DDoS,RF-v5,0.13107745404361335,0.8644663189775875,0.004456226978799849
1215,F-A1-DDOSLIKE-V-02,DDoS,DDoS,RF-v5,0.008654321637394291,0.9913422284030371,3.44995956867291e-06
1216,F-A1-DDOSLIKE-V-02,DDoS,DDoS,RF-v5,0.13107745404361335,0.8644996801958503,0.004422865760537095
1217,F-A1-DDOSLIKE-V-02,DDoS,DDoS,RF-v5,0.004038165336220465,0.9959583847042108,3.44995956867291e-06
1218,F-A1-DDOSLIKE-V-02,DDoS,Normal,RF-v5,0.5009589991668768,0.4951794220847393,0.0038615787483842574
1219,F-A1-DDOSLIKE-V-02,DDoS,DDoS,RF-v5,0.0044082597227082946,0.995588290317723,3.44995956867291e-06
1220,F-A1-DDOSLIKE-V-02,DDoS,DDoS,RF-v5,0.47138508346538677,0.5247533377862291,0.0038615787483842574
1221,F-A1-DDOSLIKE-V-02,DDoS,DDoS,RF-v5,0.0013227461037680016,0.9986772538962321,0.0
1222,F-A1-DDOSLIKE-V-02,DDoS,DDoS,RF-v5,0.2591487410256502,0.7359903534230289,0.004860905551321779
1223,F-A1-DDOSLIKE-V-02,DDoS,DDoS,RF-v5,0.004038165336220465,0.9959583847042108,3.44995956867291e-06
1224,F-A1-DDOSLIKE-V-02,DDoS,DDoS,RF-v5,0.20647868392695032,0.789659737324666,0.0038615787483842574
1225,F-A1-DDOSLIKE-V-02,DDoS,DDoS,RF-v5,0.01365432163739429,0.9863422284030371,3.44995956867291e-06
1226,F-A1-DDOSLIKE-V-02,DDoS,DDoS,RF-v5,0.13107745404361335,0.8644996801958503,0.004422865760537095
1227,F-A1-DDOSLIKE-V-02,DDoS,DDoS,RF-v5,0.017914169159630632,0.9820823808808008,3.44995956867291e-06
1228,F-A1-DDOSLIKE-V-02,DDoS,DDoS,RF-v5,0.43997490763442393,0.554966126547092,0.005058965818484994
1229,F-A1-DDOSLIKE-V-02,DDoS,DDoS,RF-v5,0.004038165336220465,0.9959583847042108,3.44995956867291e-06
1230,F-A1-DDOSLIKE-V-02,DDoS,DDoS,RF-v5,0.2145840750419485,0.7815543462096679,0.0038615787483842574
1231,F-A1-DDOSLIKE-V-02,DDoS,DDoS,RF-v5,0.008713245520295211,0.9912833045201361,3.44995956867291e-06
1232,F-A1-DDOSLIKE-V-02,DDoS,DDoS,RF-v5,0.20647868392695032,0.789659737324666,0.0038615787483842574
1233,F-A1-DDOSLIKE-V-02,DDoS,DDoS,RF-v5,0.004038165336220465,0.9959583847042108,3.44995956867291e-06
1234,F-A1-DDOSLIKE-V-02,DDoS,DDoS,RF-v5,0.020191533673458092,0.9798050163669733,3.44995956867291e-06
1235,F-A1-DDOSLIKE-V-02,DDoS,DDoS,RF-v5,0.4689467944446838,0.5232641200399318,0.007789085515384605
1236,F-A1-DDOSLIKE-V-02,DDoS,DDoS,RF-v5,0.006006495823059881,0.9939900542173714,3.44995956867291e-06
1237,F-A1-DDOSLIKE-V-02,DDoS,DDoS,RF-v5,0.24433954131215718,0.7517988799394593,0.0038615787483842574
1238,F-A1-DDOSLIKE-V-02,DDoS,DDoS,RF-v5,0.0044082597227082946,0.995588290317723,3.44995956867291e-06
1239,F-A1-DDOSLIKE-V-02,DDoS,DDoS,RF-v5,0.4096265279524053,0.5854528468459863,0.004920625201609391
1240,F-A1-DDOSLIKE-V-02,DDoS,DDoS,RF-v5,0.008654321637394291,0.9913422284030371,3.44995956867291e-06
1241,F-A1-DDOSLIKE-V-02,DDoS,DDoS,RF-v5,0.21140232875912665,0.7847360924924897,0.0038615787483842574
1242,F-A1-DDOSLIKE-V-02,DDoS,DDoS,RF-v5,0.0044082597227082946,0.995588290317723,3.44995956867291e-06
1243,F-A1-DDOSLIKE-V-02,DDoS,DDoS,RF-v5,0.13107745404361335,0.8644663189775875,0.004456226978799849
1244,F-A1-DDOSLIKE-V-02,DDoS,DDoS,RF-v5,0.0044082597227082946,0.995588290317723,3.44995956867291e-06
1245,F-A1-DDOSLIKE-V-02,DDoS,DDoS,RF-v5,0.2145840750419485,0.7815543462096679,0.0038615787483842574
1246,F-A1-DDOSLIKE-V-02,DDoS,DDoS,RF-v5,0.004038165336220465,0.9959583847042108,3.44995956867291e-06
1247,F-A1-DDOSLIKE-V-02,DDoS,DDoS,RF-v5,0.13107745404361335,0.8644996801958503,0.004422865760537095
1248,F-A1-DDOSLIKE-V-02,DDoS,DDoS,RF-v5,0.0044082597227082946,0.995588290317723,3.44995956867291e-06
1249,F-A1-DDOSLIKE-V-02,DDoS,DDoS,RF-v5,0.13107745404361335,0.8644663189775875,0.004456226978799849
1250,F-A1-DDOSLIKE-V-02,DDoS,DDoS,RF-v5,0.0044082597227082946,0.995588290317723,3.44995956867291e-06
1251,F-A1-DDOSLIKE-V-02,DDoS,DDoS,RF-v5,0.20647868392695032,0.789659737324666,0.0038615787483842574
1252,F-A1-DDOSLIKE-V-02,DDoS,DDoS,RF-v5,0.0044082597227082946,0.995588290317723,3.44995956867291e-06
1253,F-A1-DDOSLIKE-V-02,DDoS,DDoS,RF-v5,0.20647868392695032,0.789659737324666,0.0038615787483842574
1254,F-A1-DDOSLIKE-V-02,DDoS,DDoS,RF-v5,0.004038165336220465,0.9959583847042108,3.44995956867291e-06
1255,F-A1-DDOSLIKE-V-02,DDoS,DDoS,RF-v5,0.44568184919982945,0.5504565720517866,0.0038615787483842574
1256,F-A1-DDOSLIKE-V-02,DDoS,DDoS,RF-v5,0.007324930042102818,0.9926716199983285,3.44995956867291e-06
1257,F-A1-DDOSLIKE-V-02,DDoS,DDoS,RF-v5,0.13107745404361335,0.8644663189775875,0.004456226978799849
1258,F-A1-DDOSLIKE-V-02,DDoS,DDoS,RF-v5,0.0078924579641629,0.9921040920762684,3.44995956867291e-06
1259,F-A1-DDOSLIKE-V-02,DDoS,DDoS,RF-v5,0.13107745404361335,0.8644663189775875,0.004456226978799849
1260,F-A1-DDOSLIKE-V-02,DDoS,DDoS,RF-v5,0.0044082597227082946,0.995588290317723,3.44995956867291e-06
1261,F-A1-DDOSLIKE-V-02,DDoS,DDoS,RF-v5,0.13107745404361335,0.8644663189775875,0.004456226978799849
1262,F-A1-DDOSLIKE-V-02,DDoS,DDoS,RF-v5,0.006988011354698248,0.9930085386857331,3.44995956867291e-06
1263,F-A1-DDOSLIKE-V-02,DDoS,DDoS,RF-v5,0.4422286845217822,0.5539097367298336,0.0038615787483842574
1264,F-A1-DDOSLIKE-V-02,DDoS,DDoS,RF-v5,0.009244067882289096,0.9907524821581423,3.44995956867291e-06
1265,F-A1-DDOSLIKE-V-02,DDoS,DDoS,RF-v5,0.20647868392695032,0.789659737324666,0.0038615787483842574
1266,F-A1-DDOSLIKE-V-02,DDoS,DDoS,RF-v5,0.004038165336220465,0.9959583847042108,3.44995956867291e-06
1267,F-A1-DDOSLIKE-V-02,DDoS,DDoS,RF-v5,0.13107745404361335,0.8644996801958503,0.004422865760537095
1268,F-A1-DDOSLIKE-V-02,DDoS,DDoS,RF-v5,0.008298012858456806,0.9916985371819745,3.44995956867291e-06
1269,F-A1-DDOSLIKE-V-02,DDoS,DDoS,RF-v5,0.22585630426381675,0.768800801122797,0.005342894613386959
1270,F-A1-DDOSLIKE-V-02,DDoS,DDoS,RF-v5,0.009602683601611981,0.9903938664388192,3.44995956867291e-06
1271,F-A1-DDOSLIKE-V-02,DDoS,DDoS,RF-v5,0.13107745404361335,0.8644663189775875,0.004456226978799849
1272,F-A1-DDOSLIKE-V-02,DDoS,DDoS,RF-v5,0.0032867647058823527,0.9947930405540099,0.0019201947401078709
1273,F-A1-DDOSLIKE-V-02,DDoS,DDoS,RF-v5,0.21703456107664973,0.7791038601749668,0.0038615787483842574
1274,F-A1-DDOSLIKE-V-02,DDoS,DDoS,RF-v5,0.004038165336220465,0.9959583847042108,3.44995956867291e-06
1275,F-A1-DDOSLIKE-V-02,DDoS,DDoS,RF-v5,0.43997490763442393,0.554966126547092,0.005058965818484994
1276,F-A1-DDOSLIKE-V-02,DDoS,DDoS,RF-v5,0.004038165336220465,0.9940381899641031,0.0019236446996765439
1277,F-A1-DDOSLIKE-V-02,DDoS,DDoS,RF-v5,0.13107745404361335,0.8644996801958503,0.004422865760537095
1278,F-A1-DDOSLIKE-V-02,DDoS,DDoS,RF-v5,0.0044082597227082946,0.995588290317723,3.44995956867291e-06
1279,F-A1-DDOSLIKE-V-02,DDoS,DDoS,RF-v5,0.20647868392695032,0.789659737324666,0.0038615787483842574
1280,F-A1-DDOSLIKE-V-02,DDoS,DDoS,RF-v5,0.07411940061895068,0.9258771494214806,3.44995956867291e-06
1281,F-A1-DDOSLIKE-V-02,DDoS,DDoS,RF-v5,0.20858790855659184,0.7867661736864341,0.004645917756974542
1282,F-A1-DDOSLIKE-V-02,DDoS,DDoS,RF-v5,0.022773552241355945,0.9772229977990754,3.44995956867291e-06
1283,F-A1-DDOSLIKE-V-02,DDoS,DDoS,RF-v5,0.22585630426381675,0.768800801122797,0.005342894613386959
1284,F-A1-DDOSLIKE-V-02,DDoS,DDoS,RF-v5,0.02532797107531616,0.9746400824158217,3.194650886227698e-05
1285,F-A1-DDOSLIKE-V-02,DDoS,Normal,RF-v5,0.9774361100111577,0.01841839617582625,0.0041454938130172795
1286,F-A1-DDOSLIKE-V-02,DDoS,DDoS,RF-v5,0.010980413357516077,0.9890195866424841,0.0
1287,F-A1-DDOSLIKE-V-02,DDoS,Normal,RF-v5,0.9774096909233135,0.01844481526367037,0.0041454938130172795
1288,F-A1-DDOSLIKE-V-02,DDoS,DDoS,RF-v5,0.026038186783065777,0.9722522262714982,0.0017095869454360022
1289,F-A1-DDOSLIKE-V-02,DDoS,Normal,RF-v5,0.9774361100111577,0.01841839617582625,0.0041454938130172795
1290,F-A1-DDOSLIKE-V-02,DDoS,DDoS,RF-v5,0.02402733721852576,0.9742596258764696,0.0017130369050046752
1291,F-A1-DDOSLIKE-V-02,DDoS,Normal,RF-v5,0.9076801350631386,0.08764709771377419,0.004672767223088266
1292,F-A1-DDOSLIKE-V-02,DDoS,DDoS,RF-v5,0.08024670491440279,0.9197498451260284,3.44995956867291e-06
1293,F-A1-DDOSLIKE-V-02,DDoS,DDoS,RF-v5,0.24780522218397139,0.7473831896198943,0.004811588196134985
1294,F-A1-DDOSLIKE-V-02,DDoS,DDoS,RF-v5,0.07826515247612498,0.9217313975643063,3.44995956867291e-06
1295,F-A1-DDOSLIKE-V-02,DDoS,Normal,RF-v5,0.9659880128162319,0.029866493370752107,0.0041454938130172795
1296,F-A1-DDOSLIKE-V-02,DDoS,DDoS,RF-v5,0.04998583418624862,0.9482760823190219,0.001738083494729606
1297,F-A1-DDOSLIKE-V-02,DDoS,Normal,RF-v5,0.9776442395077148,0.018221125460805742,0.00413463503148049
1298,F-A1-DDOSLIKE-V-02,DDoS,DDoS,RF-v5,0.05690619594053687,0.9430903540998944,3.44995956867291e-06
1299,F-A1-DDOSLIKE-V-02,DDoS,Normal,RF-v5,0.9774096909233135,0.01844481526367037,0.0041454938130172795
1300,F-A1-DDOSLIKE-V-02,DDoS,DDoS,RF-v5,0.01146034800274269,0.9885362020376887,3.44995956867291e-06
1301,F-A1-DDOSLIKE-V-02,DDoS,DDoS,RF-v5,0.3093828178147832,0.6855582163667328,0.005058965818484994
1302,F-A1-DDOSLIKE-V-02,DDoS,DDoS,RF-v5,0.007358105741186076,0.9926384442992452,3.44995956867291e-06
1303,F-A1-DDOSLIKE-V-02,DDoS,DDoS,RF-v5,0.13107745404361335,0.8644663189775875,0.004456226978799849
1304,F-A1-DDOSLIKE-V-02,DDoS,DDoS,RF-v5,0.004038165336220465,0.9959583847042108,3.44995956867291e-06
1305,F-A1-DDOSLIKE-V-02,DDoS,DDoS,RF-v5,0.13107745404361335,0.8644996801958503,0.004422865760537095
1306,F-A1-DDOSLIKE-V-02,DDoS,DDoS,RF-v5,0.004038165336220465,0.9959583847042108,3.44995956867291e-06
1307,F-A1-DDOSLIKE-V-02,DDoS,DDoS,RF-v5,0.21140232875912665,0.7847360924924897,0.0038615787483842574
1308,F-A1-DDOSLIKE-V-02,DDoS,DDoS,RF-v5,0.008638508389393708,0.9913580416510377,3.44995956867291e-06
1309,F-A1-DDOSLIKE-V-02,DDoS,DDoS,RF-v5,0.2283574699823657,0.7668005443366883,0.004841985680946787
1310,F-A1-DDOSLIKE-V-02,DDoS,DDoS,RF-v5,0.004038165336220465,0.9959583847042108,3.44995956867291e-06
1311,F-A1-DDOSLIKE-V-02,DDoS,DDoS,RF-v5,0.4325626965115237,0.5623783376699922,0.005058965818484994
1312,F-A1-DDOSLIKE-V-02,DDoS,DDoS,RF-v5,0.006988011354698247,0.9930085386857331,3.44995956867291e-06
1313,F-A1-DDOSLIKE-V-02,DDoS,Normal,RF-v5,0.5727308764483614,0.42245753535550457,0.004811588196134985
1314,F-A1-DDOSLIKE-V-02,DDoS,DDoS,RF-v5,0.0044082597227082946,0.995588290317723,3.44995956867291e-06
1315,F-A1-DDOSLIKE-V-02,DDoS,DDoS,RF-v5,0.20647868392695032,0.789659737324666,0.0038615787483842574
1316,F-A1-DDOSLIKE-V-02,DDoS,DDoS,RF-v5,0.008638508389393708,0.9913580416510377,3.44995956867291e-06
1317,F-A1-DDOSLIKE-V-02,DDoS,DDoS,RF-v5,0.22585630426381675,0.767091214177361,0.007052481558822962
1318,F-A1-DDOSLIKE-V-02,DDoS,DDoS,RF-v5,0.008654321637394291,0.9913422284030371,3.44995956867291e-06
1319,F-A1-DDOSLIKE-V-02,DDoS,Normal,RF-v5,0.7344568446929555,0.26007948983393164,0.005463665473113822
1320,F-A1-DDOSLIKE-V-02,DDoS,DDoS,RF-v5,0.004038165336220465,0.9959583847042108,3.44995956867291e-06
1321,F-A1-DDOSLIKE-V-02,DDoS,Normal,RF-v5,0.5904735633264012,0.40448628745017495,0.005040149223424999
1322,F-A1-DDOSLIKE-V-02,DDoS,DDoS,RF-v5,0.004038165336220465,0.9959583847042108,3.44995956867291e-06
1323,F-A1-DDOSLIKE-V-02,DDoS,DDoS,RF-v5,0.13107745404361335,0.8644663189775875,0.004456226978799849
1324,F-A1-DDOSLIKE-V-02,DDoS,DDoS,RF-v5,0.0044082597227082946,0.995588290317723,3.44995956867291e-06
1325,F-A1-DDOSLIKE-V-02,DDoS,DDoS,RF-v5,0.20647868392695032,0.789659737324666,0.0038615787483842574
1326,F-A1-DDOSLIKE-V-02,DDoS,DDoS,RF-v5,0.004038165336220465,0.9959583847042108,3.44995956867291e-06
1327,F-A1-DDOSLIKE-V-02,DDoS,DDoS,RF-v5,0.45132528913992404,0.5448131321116919,0.0038615787483842574
1328,F-A1-DDOSLIKE-V-02,DDoS,DDoS,RF-v5,0.0044082597227082946,0.995588290317723,3.44995956867291e-06
1329,F-A1-DDOSLIKE-V-02,DDoS,DDoS,RF-v5,0.20647868392695032,0.789659737324666,0.0038615787483842574
1330,F-A1-DDOSLIKE-V-02,DDoS,DDoS,RF-v5,0.0044082597227082946,0.995588290317723,3.44995956867291e-06
1331,F-A1-DDOSLIKE-V-02,DDoS,DDoS,RF-v5,0.13107745404361335,0.8644996801958503,0.004422865760537095
1332,F-A1-DDOSLIKE-V-02,DDoS,DDoS,RF-v5,0.004038165336220465,0.9959583847042108,3.44995956867291e-06
1333,F-A1-DDOSLIKE-V-02,DDoS,Normal,RF-v5,0.6552259857378416,0.33996242606602606,0.004811588196134985
1334,F-A1-DDOSLIKE-V-02,DDoS,DDoS,RF-v5,0.004038165336220465,0.9959583847042108,3.44995956867291e-06
1335,F-A1-DDOSLIKE-V-02,DDoS,DDoS,RF-v5,0.226879639854017,0.7667648554435731,0.0063555047024105435
1336,F-A1-DDOSLIKE-V-02,DDoS,DDoS,RF-v5,0.008004447501260394,0.991992102539171,3.44995956867291e-06
1337,F-A1-DDOSLIKE-V-02,DDoS,DDoS,RF-v5,0.13107745404361335,0.8644663189775875,0.004456226978799849
1338,F-A1-DDOSLIKE-V-02,DDoS,DDoS,RF-v5,0.0044082597227082946,0.995588290317723,3.44995956867291e-06
1339,F-A1-DDOSLIKE-V-02,DDoS,DDoS,RF-v5,0.13107745404361335,0.8644663189775875,0.004456226978799849
1340,F-A1-DDOSLIKE-V-02,DDoS,DDoS,RF-v5,0.0044082597227082946,0.995588290317723,3.44995956867291e-06
1341,F-A1-DDOSLIKE-V-02,DDoS,DDoS,RF-v5,0.4111719079685169,0.5849665132830988,0.0038615787483842574
1342,F-A1-DDOSLIKE-V-02,DDoS,DDoS,RF-v5,0.004038165336220465,0.9959583847042108,3.44995956867291e-06
1343,F-A1-DDOSLIKE-V-02,DDoS,DDoS,RF-v5,0.2283574699823657,0.7668005443366883,0.004841985680946787
1344,F-A1-DDOSLIKE-V-02,DDoS,DDoS,RF-v5,0.004038165336220465,0.9959583847042108,3.44995956867291e-06
1345,F-A1-DDOSLIKE-V-02,DDoS,DDoS,RF-v5,0.004038165336220465,0.9959583847042108,3.44995956867291e-06
1346,F-A1-DDOSLIKE-V-02,DDoS,DDoS,RF-v5,0.20647868392695032,0.789659737324666,0.0038615787483842574
1347,F-A1-DDOSLIKE-V-02,DDoS,DDoS,RF-v5,0.2145840750419485,0.7815543462096679,0.0038615787483842574
1348,F-A1-DDOSLIKE-V-02,DDoS,DDoS,RF-v5,0.004038165336220465,0.9959583847042108,3.44995956867291e-06
1349,F-A1-DDOSLIKE-V-02,DDoS,DDoS,RF-v5,0.13107745404361335,0.8644663189775875,0.004456226978799849
1350,F-A1-DDOSLIKE-V-02,DDoS,DDoS,RF-v5,0.004038165336220465,0.9959583847042108,3.44995956867291e-06
1351,F-A1-DDOSLIKE-V-02,DDoS,DDoS,RF-v5,0.44654843704618863,0.5483925971353273,0.005058965818484994
1352,F-A1-DDOSLIKE-V-02,DDoS,DDoS,RF-v5,0.0044082597227082946,0.995588290317723,3.44995956867291e-06
1353,F-A1-DDOSLIKE-V-02,DDoS,DDoS,RF-v5,0.20647868392695032,0.789659737324666,0.0038615787483842574
1354,F-A1-DDOSLIKE-V-02,DDoS,DDoS,RF-v5,0.008654321637394291,0.9913422284030371,3.44995956867291e-06
1355,F-A1-DDOSLIKE-V-02,DDoS,DDoS,RF-v5,0.13107745404361335,0.8644996801958503,0.004422865760537095
1356,F-A1-DDOSLIKE-V-02,DDoS,DDoS,RF-v5,0.004038165336220465,0.9959583847042108,3.44995956867291e-06
1357,F-A1-DDOSLIKE-V-02,DDoS,DDoS,RF-v5,0.21140232875912665,0.7847360924924897,0.0038615787483842574
1358,F-A1-DDOSLIKE-V-02,DDoS,DDoS,RF-v5,0.006988011354698247,0.9930085386857331,3.44995956867291e-06
1359,F-A1-DDOSLIKE-V-02,DDoS,DDoS,RF-v5,0.23749950334568773,0.7576542839976256,0.004846212656687351
1360,F-A1-DDOSLIKE-V-02,DDoS,DDoS,RF-v5,0.004038165336220465,0.9959583847042108,3.44995956867291e-06
1361,F-A1-DDOSLIKE-V-02,DDoS,DDoS,RF-v5,0.14157447087507316,0.8416123379458349,0.016813191179092402
1362,F-A1-DDOSLIKE-V-02,DDoS,DDoS,RF-v5,0.007324930042102818,0.9926716199983285,3.44995956867291e-06
1363,F-A1-DDOSLIKE-V-02,DDoS,DDoS,RF-v5,0.21140232875912665,0.7847360924924897,0.0038615787483842574
1364,F-A1-DDOSLIKE-V-02,DDoS,DDoS,RF-v5,0.004038165336220465,0.9959583847042108,3.44995956867291e-06
1365,F-A1-DDOSLIKE-V-02,DDoS,DDoS,RF-v5,0.42107329633539364,0.5750651249162222,0.0038615787483842574
1366,F-A1-DDOSLIKE-V-02,DDoS,DDoS,RF-v5,0.004038165336220465,0.9959583847042108,3.44995956867291e-06
1367,F-A1-DDOSLIKE-V-02,DDoS,DDoS,RF-v5,0.33862678148031966,0.6563142527011964,0.005058965818484994
1368,F-A1-DDOSLIKE-V-02,DDoS,DDoS,RF-v5,0.004038165336220465,0.9959583847042108,3.44995956867291e-06
1369,F-A1-DDOSLIKE-V-02,DDoS,DDoS,RF-v5,0.13107745404361335,0.8642741655987831,0.004648380357604228
1370,F-A1-DDOSLIKE-V-02,DDoS,DDoS,RF-v5,0.008654321637394291,0.9913422284030371,3.44995956867291e-06
1371,F-A1-DDOSLIKE-V-02,DDoS,DDoS,RF-v5,0.2344389282040504,0.7576689778551926,0.007892093940757612
1372,F-A1-DDOSLIKE-V-02,DDoS,DDoS,RF-v5,0.0044082597227082946,0.995588290317723,3.44995956867291e-06
1373,F-A1-DDOSLIKE-V-02,DDoS,DDoS,RF-v5,0.215659549966464,0.7729159796339278,0.011424470399608979
1374,F-A1-DDOSLIKE-V-02,DDoS,DDoS,RF-v5,0.004038165336220465,0.9959583847042108,3.44995956867291e-06
1375,F-A1-DDOSLIKE-V-02,DDoS,Normal,RF-v5,0.7663609593064629,0.22882745249740316,0.004811588196134985
1376,F-A1-DDOSLIKE-V-02,DDoS,DDoS,RF-v5,0.01365432163739429,0.9863422284030371,3.44995956867291e-06
1377,F-A1-DDOSLIKE-V-02,DDoS,DDoS,RF-v5,0.13107745404361335,0.8644663189775875,0.004456226978799849
1378,F-A1-DDOSLIKE-V-02,DDoS,DDoS,RF-v5,0.004038165336220465,0.9959583847042108,3.44995956867291e-06
1379,F-A1-DDOSLIKE-V-02,DDoS,DDoS,RF-v5,0.20647868392695032,0.789659737324666,0.0038615787483842574
1380,F-A1-DDOSLIKE-V-02,DDoS,DDoS,RF-v5,0.005636401436572053,0.9943601486038592,3.44995956867291e-06
1381,F-A1-DDOSLIKE-V-02,DDoS,DDoS,RF-v5,0.21703456107664973,0.7791038601749668,0.0038615787483842574
1382,F-A1-DDOSLIKE-V-02,DDoS,DDoS,RF-v5,0.004038165336220465,0.9940381899641031,0.0019236446996765439
1383,F-A1-DDOSLIKE-V-02,DDoS,DDoS,RF-v5,0.13107745404361335,0.8644663189775875,0.004456226978799849
1384,F-A1-DDOSLIKE-V-02,DDoS,DDoS,RF-v5,0.0,1.0,0.0
1385,F-A1-DDOSLIKE-V-02,DDoS,Normal,RF-v5,0.6602415603500025,0.2893344578948145,0.050423981755182555
1386,F-A1-DDOSLIKE-V-02,DDoS,DDoS,RF-v5,0.24421329778285386,0.742917934334609,0.012868767882537817
1387,F-A1-DDOSLIKE-V-02,DDoS,DDoS,RF-v5,0.004038165336220465,0.9959583847042108,3.44995956867291e-06
1388,F-A1-DDOSLIKE-V-02,DDoS,DDoS,RF-v5,0.21140232875912665,0.7847360924924897,0.0038615787483842574
1389,F-A1-DDOSLIKE-V-02,DDoS,DDoS,RF-v5,0.008654321637394291,0.9913422284030371,3.44995956867291e-06
1390,F-A1-DDOSLIKE-V-02,DDoS,DDoS,RF-v5,0.24433954131215718,0.7517988799394593,0.0038615787483842574
1391,F-A1-DDOSLIKE-V-02,DDoS,DDoS,RF-v5,0.027572039347768914,0.9724245106926623,3.44995956867291e-06
1392,F-A1-DDOSLIKE-V-02,DDoS,DDoS,RF-v5,0.45024665277494696,0.5104816267128173,0.03927172051223734
1393,F-A1-DDOSLIKE-V-02,DDoS,DDoS,RF-v5,0.01146034800274269,0.9885362020376887,3.44995956867291e-06
1394,F-A1-DDOSLIKE-V-02,DDoS,DDoS,RF-v5,0.2283574699823657,0.7668005443366883,0.004841985680946787
1395,F-A1-DDOSLIKE-V-02,DDoS,DDoS,RF-v5,0.006988011354698247,0.9930085386857331,3.44995956867291e-06
1396,F-A1-DDOSLIKE-V-02,DDoS,DDoS,RF-v5,0.22585630426381675,0.768800801122797,0.005342894613386959
1397,F-A1-DDOSLIKE-V-02,DDoS,DDoS,RF-v5,0.008654321637394291,0.9913422284030371,3.44995956867291e-06
1398,F-A1-DDOSLIKE-V-02,DDoS,DDoS,RF-v5,0.43427987663831247,0.5606611575432034,0.005058965818484994
1399,F-A1-DDOSLIKE-V-02,DDoS,DDoS,RF-v5,0.004038165336220465,0.9959583847042108,3.44995956867291e-06
1400,F-A1-DDOSLIKE-V-02,DDoS,DDoS,RF-v5,0.43316329478734844,0.5617777393941676,0.005058965818484994
1401,F-A1-DDOSLIKE-V-02,DDoS,DDoS,RF-v5,0.004038165336220465,0.9959583847042108,3.44995956867291e-06
1402,F-A1-DDOSLIKE-V-02,DDoS,DDoS,RF-v5,0.13107745404361335,0.8644663189775875,0.004456226978799849
1403,F-A1-DDOSLIKE-V-02,DDoS,DDoS,RF-v5,0.01365432163739429,0.9863422284030371,3.44995956867291e-06
1404,F-A1-DDOSLIKE-V-02,DDoS,DDoS,RF-v5,0.13107745404361335,0.8644663189775875,0.004456226978799849
1405,F-A1-DDOSLIKE-V-02,DDoS,DDoS,RF-v5,0.004038165336220465,0.9959583847042108,3.44995956867291e-06
1406,F-A1-DDOSLIKE-V-02,DDoS,DDoS,RF-v5,0.4450702755199516,0.5510681457316641,0.0038615787483842574
1407,F-A1-DDOSLIKE-V-02,DDoS,DDoS,RF-v5,0.009292165414602817,0.9907043846258285,3.44995956867291e-06
1408,F-A1-DDOSLIKE-V-02,DDoS,Normal,RF-v5,0.6290990305800428,0.3660589837390127,0.004841985680946787
1409,F-A1-DDOSLIKE-V-02,DDoS,DDoS,RF-v5,0.005636401436572053,0.9943601486038592,3.44995956867291e-06
1410,F-A1-DDOSLIKE-V-02,DDoS,DDoS,RF-v5,0.13107745404361335,0.8642741655987831,0.004648380357604228
1411,F-A1-DDOSLIKE-V-02,DDoS,DDoS,RF-v5,0.009038165336220465,0.9909583847042108,3.44995956867291e-06
1412,F-A1-DDOSLIKE-V-02,DDoS,DDoS,RF-v5,0.13107745404361335,0.8644663189775875,0.004456226978799849
1413,F-A1-DDOSLIKE-V-02,DDoS,DDoS,RF-v5,0.013135275079140783,0.9868612749612906,3.44995956867291e-06
1414,F-A1-DDOSLIKE-V-02,DDoS,DDoS,RF-v5,0.13107745404361335,0.8644996801958503,0.004422865760537095
1415,F-A1-DDOSLIKE-V-02,DDoS,DDoS,RF-v5,0.004038165336220465,0.9959583847042108,3.44995956867291e-06
1416,F-A1-DDOSLIKE-V-02,DDoS,Normal,RF-v5,0.6997260571324772,0.2953642083011824,0.004909734566341149
1417,F-A1-DDOSLIKE-V-02,DDoS,DDoS,RF-v5,0.009293260528942233,0.9907032895114891,3.44995956867291e-06
1418,F-A1-DDOSLIKE-V-02,DDoS,DDoS,RF-v5,0.13107745404361335,0.8644996801958503,0.004422865760537095
1419,F-A1-DDOSLIKE-V-02,DDoS,DDoS,RF-v5,0.009602683601611981,0.9903938664388192,3.44995956867291e-06
1420,F-A1-DDOSLIKE-V-02,DDoS,Normal,RF-v5,0.5893404090770542,0.4056194416995219,0.005040149223424999
1421,F-A1-DDOSLIKE-V-02,DDoS,DDoS,RF-v5,0.004038165336220465,0.9959583847042108,3.44995956867291e-06
1422,F-A1-DDOSLIKE-V-02,DDoS,DDoS,RF-v5,0.42107329633539364,0.5750651249162222,0.0038615787483842574
1423,F-A1-DDOSLIKE-V-02,DDoS,DDoS,RF-v5,0.004038165336220465,0.9959583847042108,3.44995956867291e-06
1424,F-A1-DDOSLIKE-V-02,DDoS,Normal,RF-v5,0.6311534701561438,0.3640349416477225,0.004811588196134985
1425,F-A1-DDOSLIKE-V-02,DDoS,DDoS,RF-v5,0.010274776060580599,0.9897217739798506,3.44995956867291e-06
1426,F-A1-DDOSLIKE-V-02,DDoS,DDoS,RF-v5,0.13107745404361335,0.8644996801958503,0.004422865760537095
1427,F-A1-DDOSLIKE-V-02,DDoS,DDoS,RF-v5,0.004038165336220465,0.9959583847042108,3.44995956867291e-06
1428,F-A1-DDOSLIKE-V-02,DDoS,DDoS,RF-v5,0.3093828178147832,0.6855582163667328,0.005058965818484994
1429,F-A1-DDOSLIKE-V-02,DDoS,DDoS,RF-v5,0.0,1.0,0.0
1430,F-A1-DDOSLIKE-V-02,DDoS,DDoS,RF-v5,0.44654843704618863,0.5483925971353273,0.005058965818484994
1431,F-A1-DDOSLIKE-V-02,DDoS,DDoS,RF-v5,0.01365432163739429,0.9863422284030371,3.44995956867291e-06
1432,F-A1-DDOSLIKE-V-02,DDoS,DDoS,RF-v5,0.13107745404361335,0.8644663189775875,0.004456226978799849
1433,F-A1-DDOSLIKE-V-02,DDoS,DDoS,RF-v5,0.010636401436572051,0.9893601486038592,3.44995956867291e-06
1434,F-A1-DDOSLIKE-V-02,DDoS,DDoS,RF-v5,0.13107745404361335,0.8644996801958503,0.004422865760537095
1435,F-A1-DDOSLIKE-V-02,DDoS,DDoS,RF-v5,0.008713245520295211,0.9912833045201361,3.44995956867291e-06
1436,F-A1-DDOSLIKE-V-02,DDoS,DDoS,RF-v5,0.13107745404361335,0.8644663189775875,0.004456226978799849
1437,F-A1-DDOSLIKE-V-02,DDoS,DDoS,RF-v5,0.012914169159630631,0.9870823808808008,3.44995956867291e-06
1438,F-A1-DDOSLIKE-V-02,DDoS,DDoS,RF-v5,0.21703456107664973,0.7791038601749668,0.0038615787483842574
1439,F-A1-DDOSLIKE-V-02,DDoS,DDoS,RF-v5,0.012914169159630631,0.9870823808808008,3.44995956867291e-06
1440,F-A1-DDOSLIKE-V-02,DDoS,DDoS,RF-v5,0.23749950334568773,0.7576542839976256,0.004846212656687351
1441,F-A1-DDOSLIKE-V-02,DDoS,DDoS,RF-v5,0.008654321637394291,0.9913422284030371,3.44995956867291e-06
1442,F-A1-DDOSLIKE-V-02,DDoS,DDoS,RF-v5,0.2145840750419485,0.7815543462096679,0.0038615787483842574
1443,F-A1-DDOSLIKE-V-02,DDoS,DDoS,RF-v5,0.004038165336220465,0.9959583847042108,3.44995956867291e-06
1444,F-A1-DDOSLIKE-V-02,DDoS,DDoS,RF-v5,0.4096265279524053,0.5854528468459863,0.004920625201609391
1445,F-A1-DDOSLIKE-V-02,DDoS,DDoS,RF-v5,0.004038165336220465,0.9959583847042108,3.44995956867291e-06
1446,F-A1-DDOSLIKE-V-02,DDoS,DDoS,RF-v5,0.4422286845217822,0.5539097367298336,0.0038615787483842574
1447,F-A1-DDOSLIKE-V-02,DDoS,DDoS,RF-v5,0.005636401436572053,0.9943601486038592,3.44995956867291e-06
1448,F-A1-DDOSLIKE-V-02,DDoS,DDoS,RF-v5,0.24433954131215718,0.7517988799394593,0.0038615787483842574
1449,F-A1-DDOSLIKE-V-02,DDoS,DDoS,RF-v5,0.0044082597227082946,0.995588290317723,3.44995956867291e-06
1450,F-A1-DDOSLIKE-V-02,DDoS,DDoS,RF-v5,0.4422286845217822,0.5539097367298336,0.0038615787483842574
1451,F-A1-DDOSLIKE-V-02,DDoS,DDoS,RF-v5,0.005636401436572053,0.9943601486038592,3.44995956867291e-06
1452,F-A1-DDOSLIKE-V-02,DDoS,DDoS,RF-v5,0.2509130707239219,0.7452253505276946,0.0038615787483842574
1453,F-A1-DDOSLIKE-V-02,DDoS,DDoS,RF-v5,0.013898459453867524,0.9843885036411278,0.0017130369050046752
1454,F-A1-DDOSLIKE-V-02,DDoS,DDoS,RF-v5,0.13107745404361335,0.8644996801958503,0.004422865760537095
1455,F-A1-DDOSLIKE-V-02,DDoS,DDoS,RF-v5,0.004038165336220465,0.9959583847042108,3.44995956867291e-06
1456,F-A1-DDOSLIKE-V-02,DDoS,Normal,RF-v5,0.6552259857378416,0.33996242606602606,0.004811588196134985
1457,F-A1-DDOSLIKE-V-02,DDoS,DDoS,RF-v5,0.004038165336220465,0.9959583847042108,3.44995956867291e-06
1458,F-A1-DDOSLIKE-V-02,DDoS,Normal,RF-v5,0.7344568446929555,0.26007948983393164,0.005463665473113822
1459,F-A1-DDOSLIKE-V-02,DDoS,DDoS,RF-v5,0.005938902404941829,0.9940610975950582,0.0
1460,F-A1-DDOSLIKE-V-02,DDoS,DDoS,RF-v5,0.20647868392695032,0.789659737324666,0.0038615787483842574
1461,F-A1-DDOSLIKE-V-02,DDoS,DDoS,RF-v5,0.010202892889400064,0.9880875201651641,0.0017095869454360022
1462,F-A1-DDOSLIKE-V-02,DDoS,DDoS,RF-v5,0.21703456107664973,0.7791038601749668,0.0038615787483842574
1463,F-A1-DDOSLIKE-V-02,DDoS,DDoS,RF-v5,0.022780186569494834,0.9772163634709365,3.44995956867291e-06
1464,F-A1-DDOSLIKE-V-02,DDoS,DDoS,RF-v5,0.008638508389393708,0.9913580416510377,3.44995956867291e-06
1465,F-A1-DDOSLIKE-V-02,DDoS,Normal,RF-v5,0.7663609593064629,0.22882745249740316,0.004811588196134985
1466,F-A1-DDOSLIKE-V-02,DDoS,DDoS,RF-v5,0.008638508389393708,0.9913580416510377,3.44995956867291e-06
1467,F-A1-DDOSLIKE-V-02,DDoS,DDoS,RF-v5,0.2283574699823657,0.7668005443366883,0.004841985680946787
1468,F-A1-DDOSLIKE-V-02,DDoS,DDoS,RF-v5,0.0044082597227082946,0.995588290317723,3.44995956867291e-06
1469,F-A1-DDOSLIKE-V-02,DDoS,DDoS,RF-v5,0.13107745404361335,0.8644663189775875,0.004456226978799849
1470,F-A1-DDOSLIKE-V-02,DDoS,DDoS,RF-v5,0.0044082597227082946,0.995588290317723,3.44995956867291e-06
1471,F-A1-DDOSLIKE-V-02,DDoS,DDoS,RF-v5,0.23749950334568773,0.7576542839976256,0.004846212656687351
1472,F-A1-DDOSLIKE-V-02,DDoS,DDoS,RF-v5,0.0044082597227082946,0.995588290317723,3.44995956867291e-06
1473,F-A1-DDOSLIKE-V-02,DDoS,DDoS,RF-v5,0.13107745404361335,0.8644996801958503,0.004422865760537095
1474,F-A1-DDOSLIKE-V-02,DDoS,DDoS,RF-v5,0.004038165336220465,0.9959583847042108,3.44995956867291e-06
1475,F-A1-DDOSLIKE-V-02,DDoS,DDoS,RF-v5,0.46308631820488166,0.5330521030467343,0.0038615787483842574
1476,F-A1-DDOSLIKE-V-02,DDoS,DDoS,RF-v5,0.004038165336220465,0.9959583847042108,3.44995956867291e-06
1477,F-A1-DDOSLIKE-V-02,DDoS,Normal,RF-v5,0.7663609593064629,0.22882745249740316,0.004811588196134985
1478,F-A1-DDOSLIKE-V-02,DDoS,DDoS,RF-v5,0.008654321637394291,0.9913422284030371,3.44995956867291e-06
1479,F-A1-DDOSLIKE-V-02,DDoS,DDoS,RF-v5,0.43997490763442393,0.554966126547092,0.005058965818484994
1480,F-A1-DDOSLIKE-V-02,DDoS,DDoS,RF-v5,0.009038165336220465,0.9909583847042108,3.44995956867291e-06
1481,F-A1-DDOSLIKE-V-02,DDoS,DDoS,RF-v5,0.46308631820488166,0.5330521030467343,0.0038615787483842574
1482,F-A1-DDOSLIKE-V-02,DDoS,DDoS,RF-v5,0.01365432163739429,0.9863422284030371,3.44995956867291e-06
1483,F-A1-DDOSLIKE-V-02,DDoS,DDoS,RF-v5,0.21710760360106454,0.7752005973578914,0.007691799041044801
1484,F-A1-DDOSLIKE-V-02,DDoS,DDoS,RF-v5,0.006006495823059881,0.9939900542173714,3.44995956867291e-06
1485,F-A1-DDOSLIKE-V-02,DDoS,DDoS,RF-v5,0.13107745404361335,0.8644663189775875,0.004456226978799849
1486,F-A1-DDOSLIKE-V-02,DDoS,DDoS,RF-v5,0.0032867647058823527,0.9967132352941177,0.0
1487,F-A1-DDOSLIKE-V-02,DDoS,DDoS,RF-v5,0.2509130707239219,0.7452253505276946,0.0038615787483842574
1488,F-A1-DDOSLIKE-V-02,DDoS,DDoS,RF-v5,0.01365432163739429,0.9863422284030371,3.44995956867291e-06
1489,F-A1-DDOSLIKE-V-02,DDoS,DDoS,RF-v5,0.13107745404361335,0.8644996801958503,0.004422865760537095
1490,F-A1-DDOSLIKE-V-02,DDoS,DDoS,RF-v5,0.005636401436572053,0.9943601486038592,3.44995956867291e-06
1491,F-A1-DDOSLIKE-V-02,DDoS,DDoS,RF-v5,0.13107745404361335,0.8644663189775875,0.004456226978799849
1492,F-A1-DDOSLIKE-V-02,DDoS,DDoS,RF-v5,0.0,1.0,0.0
1493,F-A1-DDOSLIKE-V-02,DDoS,Normal,RF-v5,0.6229250468406204,0.372154327957771,0.004920625201609391
1494,F-A1-DDOSLIKE-V-02,DDoS,DDoS,RF-v5,0.004038165336220465,0.9959583847042108,3.44995956867291e-06
1495,F-A1-DDOSLIKE-V-02,DDoS,DDoS,RF-v5,0.20647868392695032,0.789659737324666,0.0038615787483842574
1496,F-A1-DDOSLIKE-V-02,DDoS,DDoS,RF-v5,0.006395969435768743,0.9936040305642312,0.0
1497,F-A1-DDOSLIKE-V-02,DDoS,Normal,RF-v5,0.5005967995465448,0.4944254986576132,0.00497770179584242
1498,F-A1-DDOSLIKE-V-02,DDoS,DDoS,RF-v5,0.004038165336220465,0.9959583847042108,3.44995956867291e-06
1499,F-A1-DDOSLIKE-V-02,DDoS,DDoS,RF-v5,0.215659549966464,0.7729159796339278,0.011424470399608979
1500,F-A1-DDOSLIKE-V-02,DDoS,DDoS,RF-v5,0.02048367728420116,0.9778067357703629,0.0017095869454360022
1501,F-A1-DDOSLIKE-V-02,DDoS,DDoS,RF-v5,0.2145840750419485,0.7815543462096679,0.0038615787483842574
1502,F-A1-DDOSLIKE-V-02,DDoS,DDoS,RF-v5,0.011102295350428244,0.9888942546900031,3.44995956867291e-06
1503,F-A1-DDOSLIKE-V-02,DDoS,DDoS,RF-v5,0.47138508346538677,0.5247533377862291,0.0038615787483842574
1504,F-A1-DDOSLIKE-V-02,DDoS,DDoS,RF-v5,0.012364891642928326,0.987631658397503,3.44995956867291e-06
1505,F-A1-DDOSLIKE-V-02,DDoS,Normal,RF-v5,0.9772699444520708,0.01858456173491308,0.0041454938130172795
1506,F-A1-DDOSLIKE-V-02,DDoS,DDoS,RF-v5,0.004038165336220465,0.9959583847042108,3.44995956867291e-06
1507,F-A1-DDOSLIKE-V-02,DDoS,DDoS,RF-v5,0.21212620140948954,0.7664493281909022,0.021424470399608972
1508,F-A1-DDOSLIKE-V-02,DDoS,DDoS,RF-v5,0.007550189071651023,0.992449810928349,0.0
1509,F-A1-DDOSLIKE-V-02,DDoS,DDoS,RF-v5,0.13107745404361335,0.8644996801958503,0.004422865760537095
1510,F-A1-DDOSLIKE-V-02,DDoS,DDoS,RF-v5,0.009292165414602817,0.9907043846258285,3.44995956867291e-06
1511,F-A1-DDOSLIKE-V-02,DDoS,DDoS,RF-v5,0.24780522218397139,0.7473831896198943,0.004811588196134985
1512,F-A1-DDOSLIKE-V-02,DDoS,DDoS,RF-v5,0.008654321637394291,0.9913422284030371,3.44995956867291e-06
1513,F-A1-DDOSLIKE-V-02,DDoS,DDoS,RF-v5,0.22585630426381675,0.768800801122797,0.005342894613386959
1514,F-A1-DDOSLIKE-V-02,DDoS,DDoS,RF-v5,0.004038165336220465,0.9959583847042108,3.44995956867291e-06
1515,F-A1-DDOSLIKE-V-02,DDoS,DDoS,RF-v5,0.21140232875912665,0.7847360924924897,0.0038615787483842574
1516,F-A1-DDOSLIKE-V-02,DDoS,DDoS,RF-v5,0.004038165336220465,0.9959583847042108,3.44995956867291e-06
1517,F-A1-DDOSLIKE-V-02,DDoS,DDoS,RF-v5,0.21703456107664973,0.7791038601749668,0.0038615787483842574
1518,F-A1-DDOSLIKE-V-02,DDoS,DDoS,RF-v5,0.005636401436572053,0.9943601486038592,3.44995956867291e-06
1519,F-A1-DDOSLIKE-V-02,DDoS,Normal,RF-v5,0.7344568446929555,0.26007948983393164,0.005463665473113822
1520,F-A1-DDOSLIKE-V-02,DDoS,DDoS,RF-v5,0.004038165336220465,0.9959583847042108,3.44995956867291e-06
1521,F-A1-DDOSLIKE-V-02,DDoS,DDoS,RF-v5,0.13107745404361335,0.8644996801958503,0.004422865760537095
1522,F-A1-DDOSLIKE-V-02,DDoS,DDoS,RF-v5,0.0127487353417545,0.9872478146986768,3.44995956867291e-06
1523,F-A1-DDOSLIKE-V-02,DDoS,DDoS,RF-v5,0.215659549966464,0.7729159796339278,0.011424470399608979
1524,F-A1-DDOSLIKE-V-02,DDoS,DDoS,RF-v5,0.008654321637394291,0.9913422284030371,3.44995956867291e-06
1525,F-A1-DDOSLIKE-V-02,DDoS,DDoS,RF-v5,0.13107745404361335,0.8644996801958503,0.004422865760537095
1526,F-A1-DDOSLIKE-V-02,DDoS,DDoS,RF-v5,0.005636401436572053,0.9943601486038592,3.44995956867291e-06
1527,F-A1-DDOSLIKE-V-02,DDoS,DDoS,RF-v5,0.24433954131215718,0.7517988799394593,0.0038615787483842574
1528,F-A1-DDOSLIKE-V-02,DDoS,DDoS,RF-v5,0.004038165336220465,0.9959583847042108,3.44995956867291e-06
1529,F-A1-DDOSLIKE-V-02,DDoS,DDoS,RF-v5,0.42107329633539364,0.5750651249162222,0.0038615787483842574
1530,F-A1-DDOSLIKE-V-02,DDoS,DDoS,RF-v5,0.008654321637394291,0.9913422284030371,3.44995956867291e-06
1531,F-A1-DDOSLIKE-V-02,DDoS,DDoS,RF-v5,0.25119766043428193,0.7439907513695837,0.004811588196134985
1532,F-A1-DDOSLIKE-V-02,DDoS,DDoS,RF-v5,0.01365432163739429,0.9863422284030371,3.44995956867291e-06
1533,F-A1-DDOSLIKE-V-02,DDoS,DDoS,RF-v5,0.13107745404361335,0.8642741655987831,0.004648380357604228
1534,F-A1-DDOSLIKE-V-02,DDoS,DDoS,RF-v5,0.004038165336220465,0.9959583847042108,3.44995956867291e-06
1535,F-A1-DDOSLIKE-V-02,DDoS,DDoS,RF-v5,0.13107745404361335,0.8644663189775875,0.004456226978799849
1536,F-A1-DDOSLIKE-V-02,DDoS,DDoS,RF-v5,0.004038165336220465,0.9959583847042108,3.44995956867291e-06
1537,F-A1-DDOSLIKE-V-02,DDoS,DDoS,RF-v5,0.13107745404361335,0.8644663189775875,0.004456226978799849
1538,F-A1-DDOSLIKE-V-02,DDoS,DDoS,RF-v5,0.005636401436572053,0.9943601486038592,3.44995956867291e-06
1539,F-A1-DDOSLIKE-V-02,DDoS,DDoS,RF-v5,0.21703456107664973,0.7791038601749668,0.0038615787483842574
1540,F-A1-DDOSLIKE-V-02,DDoS,DDoS,RF-v5,0.004038165336220465,0.9959583847042108,3.44995956867291e-06
1541,F-A1-DDOSLIKE-V-02,DDoS,DDoS,RF-v5,0.13107745404361335,0.8644996801958503,0.004422865760537095
1542,F-A1-DDOSLIKE-V-02,DDoS,DDoS,RF-v5,0.004038165336220465,0.9959583847042108,3.44995956867291e-06
1543,F-A1-DDOSLIKE-V-02,DDoS,Normal,RF-v5,0.5307779318225312,0.46536048942908487,0.0038615787483842574
1544,F-A1-DDOSLIKE-V-02,DDoS,DDoS,RF-v5,0.008654321637394291,0.9913422284030371,3.44995956867291e-06
1545,F-A1-DDOSLIKE-V-02,DDoS,DDoS,RF-v5,0.13107745404361335,0.8644996801958503,0.004422865760537095
1546,F-A1-DDOSLIKE-V-02,DDoS,DDoS,RF-v5,0.006006495823059881,0.9939900542173714,3.44995956867291e-06
1547,F-A1-DDOSLIKE-V-02,DDoS,DDoS,RF-v5,0.2344389282040504,0.7576689778551926,0.007892093940757612
1548,F-A1-DDOSLIKE-V-02,DDoS,DDoS,RF-v5,0.004038165336220465,0.9959583847042108,3.44995956867291e-06
1549,F-A1-DDOSLIKE-V-02,DDoS,DDoS,RF-v5,0.43427987663831247,0.5606611575432034,0.005058965818484994
1550,F-A1-DDOSLIKE-V-02,DDoS,DDoS,RF-v5,0.004038165336220465,0.9959583847042108,3.44995956867291e-06
1551,F-A1-DDOSLIKE-V-02,DDoS,Normal,RF-v5,0.8718572388148614,0.12361858725808363,0.004524173927054306
1552,F-A1-DDOSLIKE-V-02,DDoS,DDoS,RF-v5,0.008654321637394291,0.9913422284030371,3.44995956867291e-06
1553,F-A1-DDOSLIKE-V-02,DDoS,DDoS,RF-v5,0.13107745404361335,0.8644996801958503,0.004422865760537095
1554,F-A1-DDOSLIKE-V-02,DDoS,DDoS,RF-v5,0.014018434211595298,0.9859781158288361,3.44995956867291e-06
1555,F-A1-DDOSLIKE-V-02,DDoS,Normal,RF-v5,0.5702568112875943,0.42476372912578986,0.004979459586616766
1556,F-A1-DDOSLIKE-V-02,DDoS,DDoS,RF-v5,0.01746365540660251,0.9825328946338289,3.44995956867291e-06
1557,F-A1-DDOSLIKE-V-02,DDoS,DDoS,RF-v5,0.013119461831140197,0.9868770882092912,3.44995956867291e-06
1558,F-A1-DDOSLIKE-V-02,DDoS,DDoS,RF-v5,0.0044082597227082946,0.995588290317723,3.44995956867291e-06
1559,F-A1-DDOSLIKE-V-02,DDoS,DDoS,RF-v5,0.47138508346538677,0.5247533377862291,0.0038615787483842574
1560,F-A1-DDOSLIKE-V-02,DDoS,DDoS,RF-v5,0.0,1.0,0.0
1561,F-A1-DDOSLIKE-V-02,DDoS,DDoS,RF-v5,0.23749950334568773,0.7576542839976256,0.004846212656687351
1562,F-A1-DDOSLIKE-V-02,DDoS,DDoS,RF-v5,0.0044082597227082946,0.995588290317723,3.44995956867291e-06
1563,F-A1-DDOSLIKE-V-02,DDoS,DDoS,RF-v5,0.13107745404361335,0.8644996801958503,0.004422865760537095
1564,F-A1-DDOSLIKE-V-02,DDoS,DDoS,RF-v5,0.004038165336220465,0.9959583847042108,3.44995956867291e-06
1565,F-A1-DDOSLIKE-V-02,DDoS,DDoS,RF-v5,0.43997490763442393,0.554966126547092,0.005058965818484994
1566,F-A1-DDOSLIKE-V-02,DDoS,DDoS,RF-v5,0.0044082597227082946,0.995588290317723,3.44995956867291e-06
1567,F-A1-DDOSLIKE-V-02,DDoS,DDoS,RF-v5,0.47138508346538677,0.5247533377862291,0.0038615787483842574
1568,F-A1-DDOSLIKE-V-02,DDoS,DDoS,RF-v5,0.008654321637394291,0.9913422284030371,3.44995956867291e-06
1569,F-A1-DDOSLIKE-V-02,DDoS,DDoS,RF-v5,0.33862678148031966,0.6563142527011964,0.005058965818484994
1570,F-A1-DDOSLIKE-V-02,DDoS,DDoS,RF-v5,0.008654321637394291,0.9913422284030371,3.44995956867291e-06
1571,F-A1-DDOSLIKE-V-02,DDoS,DDoS,RF-v5,0.24780522218397139,0.7473831896198943,0.004811588196134985
1572,F-A1-DDOSLIKE-V-02,DDoS,DDoS,RF-v5,0.021344831613239093,0.9781951424370868,0.0004600259496741693
1573,F-A1-DDOSLIKE-V-02,DDoS,DDoS,RF-v5,0.25119766043428193,0.7439907513695837,0.004811588196134985
1574,F-A1-DDOSLIKE-V-02,DDoS,DDoS,RF-v5,0.004038165336220465,0.9959583847042108,3.44995956867291e-06
1575,F-A1-DDOSLIKE-V-02,DDoS,DDoS,RF-v5,0.13107745404361335,0.8644996801958503,0.004422865760537095
1576,F-A1-DDOSLIKE-V-02,DDoS,DDoS,RF-v5,0.004038165336220465,0.9959583847042108,3.44995956867291e-06
1577,F-A1-DDOSLIKE-V-02,DDoS,DDoS,RF-v5,0.13107745404361335,0.8644663189775875,0.004456226978799849
1578,F-A1-DDOSLIKE-V-02,DDoS,DDoS,RF-v5,0.008654321637394291,0.9913422284030371,3.44995956867291e-06
1579,F-A1-DDOSLIKE-V-02,DDoS,DDoS,RF-v5,0.4305411843870963,0.5643998497944195,0.005058965818484994
1580,F-A1-DDOSLIKE-V-02,DDoS,DDoS,RF-v5,0.008654321637394291,0.9913422284030371,3.44995956867291e-06
1581,F-A1-DDOSLIKE-V-02,DDoS,DDoS,RF-v5,0.23749950334568773,0.7576542839976256,0.004846212656687351
1582,F-A1-DDOSLIKE-V-02,DDoS,DDoS,RF-v5,0.004038165336220465,0.9959583847042108,3.44995956867291e-06
1583,F-A1-DDOSLIKE-V-02,DDoS,DDoS,RF-v5,0.13107745404361335,0.8644996801958503,0.004422865760537095
1584,F-A1-DDOSLIKE-V-02,DDoS,DDoS,RF-v5,0.004038165336220465,0.9959583847042108,3.44995956867291e-06
1585,F-A1-DDOSLIKE-V-02,DDoS,Normal,RF-v5,0.6518635657893291,0.34327552865935185,0.004860905551321779
1586,F-A1-DDOSLIKE-V-02,DDoS,DDoS,RF-v5,0.006988011354698247,0.9930085386857331,3.44995956867291e-06
1587,F-A1-DDOSLIKE-V-02,DDoS,Normal,RF-v5,0.9336478114693739,0.06160409580421766,0.00474809272640958
1588,F-A1-DDOSLIKE-V-02,DDoS,DDoS,RF-v5,0.004038165336220465,0.9959583847042108,3.44995956867291e-06
1589,F-A1-DDOSLIKE-V-02,DDoS,DDoS,RF-v5,0.4111719079685169,0.5849665132830988,0.0038615787483842574
1590,F-A1-DDOSLIKE-V-02,DDoS,DDoS,RF-v5,0.004038165336220465,0.9959583847042108,3.44995956867291e-06
1591,F-A1-DDOSLIKE-V-02,DDoS,Normal,RF-v5,0.9773289053913077,0.01820915304070183,0.004461941567991549
1592,F-A1-DDOSLIKE-V-02,DDoS,DDoS,RF-v5,0.008654321637394291,0.9913422284030371,3.44995956867291e-06
1593,F-A1-DDOSLIKE-V-02,DDoS,DDoS,RF-v5,0.23749950334568773,0.7576542839976256,0.004846212656687351
1594,F-A1-DDOSLIKE-V-02,DDoS,DDoS,RF-v5,0.015050291073163033,0.9832366720218323,0.0017130369050046752
1595,F-A1-DDOSLIKE-V-02,DDoS,Normal,RF-v5,0.7663609593064629,0.22882745249740316,0.004811588196134985
1596,F-A1-DDOSLIKE-V-02,DDoS,DDoS,RF-v5,0.008654321637394291,0.9913422284030371,3.44995956867291e-06
1597,F-A1-DDOSLIKE-V-02,DDoS,DDoS,RF-v5,0.13107745404361335,0.8644996801958503,0.004422865760537095
1598,F-A1-DDOSLIKE-V-02,DDoS,DDoS,RF-v5,0.011763526367280681,0.9882330236731507,3.44995956867291e-06
1599,F-A1-DDOSLIKE-V-02,DDoS,DDoS,RF-v5,0.22585630426381675,0.768800801122797,0.005342894613386959
1600,F-A1-DDOSLIKE-V-02,DDoS,DDoS,RF-v5,0.004038165336220465,0.9959583847042108,3.44995956867291e-06
1601,F-A1-DDOSLIKE-V-02,DDoS,DDoS,RF-v5,0.13107745404361335,0.8644996801958503,0.004422865760537095
1602,F-A1-DDOSLIKE-V-02,DDoS,DDoS,RF-v5,0.004038165336220465,0.9959583847042108,3.44995956867291e-06
1603,F-A1-DDOSLIKE-V-02,DDoS,DDoS,RF-v5,0.43997490763442393,0.554966126547092,0.005058965818484994
1604,F-A1-DDOSLIKE-V-02,DDoS,DDoS,RF-v5,0.004038165336220465,0.9959583847042108,3.44995956867291e-06
1605,F-A1-DDOSLIKE-V-02,DDoS,DDoS,RF-v5,0.13107745404361335,0.8644996801958503,0.004422865760537095
1606,F-A1-DDOSLIKE-V-02,DDoS,DDoS,RF-v5,0.013552012936839159,0.9864445371035923,3.44995956867291e-06
1607,F-A1-DDOSLIKE-V-02,DDoS,DDoS,RF-v5,0.378450704345356,0.6166286704530353,0.004920625201609391
1608,F-A1-DDOSLIKE-V-02,DDoS,DDoS,RF-v5,0.008298012858456806,0.9916985371819745,3.44995956867291e-06
1609,F-A1-DDOSLIKE-V-02,DDoS,DDoS,RF-v5,0.13107745404361335,0.8644996801958503,0.004422865760537095
1610,F-A1-DDOSLIKE-V-02,DDoS,DDoS,RF-v5,0.008654321637394291,0.9913422284030371,3.44995956867291e-06
1611,F-A1-DDOSLIKE-V-02,DDoS,DDoS,RF-v5,0.13107745404361335,0.8644663189775875,0.004456226978799849
1612,F-A1-DDOSLIKE-V-02,DDoS,DDoS,RF-v5,0.004038165336220465,0.9959583847042108,3.44995956867291e-06
1613,F-A1-DDOSLIKE-V-02,DDoS,DDoS,RF-v5,0.47016271127628767,0.5259757099753282,0.0038615787483842574
1614,F-A1-DDOSLIKE-V-02,DDoS,DDoS,RF-v5,0.004038165336220465,0.9959583847042108,3.44995956867291e-06
1615,F-A1-DDOSLIKE-V-02,DDoS,DDoS,RF-v5,0.43997490763442393,0.554966126547092,0.005058965818484994
1616,F-A1-DDOSLIKE-V-02,DDoS,DDoS,RF-v5,0.004038165336220465,0.9959583847042108,3.44995956867291e-06
1617,F-A1-DDOSLIKE-V-02,DDoS,DDoS,RF-v5,0.21703456107664973,0.7791038601749668,0.0038615787483842574
1618,F-A1-DDOSLIKE-V-02,DDoS,DDoS,RF-v5,0.0044082597227082946,0.995588290317723,3.44995956867291e-06
1619,F-A1-DDOSLIKE-V-02,DDoS,DDoS,RF-v5,0.2145840750419485,0.7815543462096679,0.0038615787483842574
1620,F-A1-DDOSLIKE-V-02,DDoS,DDoS,RF-v5,0.004038165336220465,0.9959583847042108,3.44995956867291e-06
1621,F-A1-DDOSLIKE-V-02,DDoS,Normal,RF-v5,0.7344568446929555,0.26007948983393164,0.005463665473113822
1622,F-A1-DDOSLIKE-V-02,DDoS,DDoS,RF-v5,0.004038165336220465,0.9959583847042108,3.44995956867291e-06
1623,F-A1-DDOSLIKE-V-02,DDoS,DDoS,RF-v5,0.20647868392695032,0.789659737324666,0.0038615787483842574
1624,F-A1-DDOSLIKE-V-02,DDoS,DDoS,RF-v5,0.005636401436572053,0.9943601486038592,3.44995956867291e-06
1625,F-A1-DDOSLIKE-V-02,DDoS,DDoS,RF-v5,0.46308631820488166,0.5330521030467343,0.0038615787483842574
1626,F-A1-DDOSLIKE-V-02,DDoS,DDoS,RF-v5,0.005636401436572053,0.9943601486038592,3.44995956867291e-06
1627,F-A1-DDOSLIKE-V-02,DDoS,DDoS,RF-v5,0.21140232875912665,0.7847360924924897,0.0038615787483842574
1628,F-A1-DDOSLIKE-V-02,DDoS,DDoS,RF-v5,0.01365432163739429,0.9863422284030371,3.44995956867291e-06
1629,F-A1-DDOSLIKE-V-02,DDoS,Normal,RF-v5,0.5712707937195295,0.4228672935472326,0.005861912733238509
1630,F-A1-DDOSLIKE-V-02,DDoS,DDoS,RF-v5,0.012902921007056178,0.9870970789929439,0.0
1631,F-A1-DDOSLIKE-V-02,DDoS,DDoS,RF-v5,0.4096265279524053,0.5854528468459863,0.004920625201609391
1632,F-A1-DDOSLIKE-V-02,DDoS,DDoS,RF-v5,0.005636401436572053,0.9943601486038592,3.44995956867291e-06
1633,F-A1-DDOSLIKE-V-02,DDoS,DDoS,RF-v5,0.020871051132615667,0.9791254989078156,3.44995956867291e-06
1634,F-A1-DDOSLIKE-V-02,DDoS,DDoS,RF-v5,0.45132528913992404,0.5448131321116919,0.0038615787483842574
1635,F-A1-DDOSLIKE-V-02,DDoS,DDoS,RF-v5,0.004038165336220465,0.9959583847042108,3.44995956867291e-06
1636,F-A1-DDOSLIKE-V-02,DDoS,Normal,RF-v5,0.7344568446929555,0.26007948983393164,0.005463665473113822
1637,F-A1-DDOSLIKE-V-02,DDoS,DDoS,RF-v5,0.12084729861304716,0.879152701386953,0.0
1638,F-A1-DDOSLIKE-V-02,DDoS,DDoS,RF-v5,0.010842303982640683,0.9891542460577906,3.44995956867291e-06
1639,F-A1-DDOSLIKE-V-02,DDoS,Normal,RF-v5,0.86346280063244,0.07756232811273271,0.058974871254828816
1640,F-A1-DDOSLIKE-V-02,DDoS,DDoS,RF-v5,0.13107745404361335,0.8644663189775875,0.004456226978799849
1641,F-A1-DDOSLIKE-V-02,DDoS,DDoS,RF-v5,0.005636401436572053,0.9943601486038592,3.44995956867291e-06
1642,F-A1-DDOSLIKE-V-02,DDoS,DDoS,RF-v5,0.20647868392695032,0.789659737324666,0.0038615787483842574
1643,F-A1-DDOSLIKE-V-02,DDoS,DDoS,RF-v5,0.004038165336220465,0.9959583847042108,3.44995956867291e-06
1644,F-A1-DDOSLIKE-V-02,DDoS,DDoS,RF-v5,0.22585630426381675,0.768800801122797,0.005342894613386959
1645,F-A1-DDOSLIKE-V-02,DDoS,DDoS,RF-v5,0.004038165336220465,0.9959583847042108,3.44995956867291e-06
1646,F-A1-DDOSLIKE-V-02,DDoS,DDoS,RF-v5,0.13107745404361335,0.8644663189775875,0.004456226978799849
1647,F-A1-DDOSLIKE-V-02,DDoS,DDoS,RF-v5,0.002621416159860993,0.997378583840139,0.0
1648,F-A1-DDOSLIKE-V-02,DDoS,DDoS,RF-v5,0.24433954131215718,0.7517988799394593,0.0038615787483842574
1649,F-A1-DDOSLIKE-V-02,DDoS,DDoS,RF-v5,0.007324930042102818,0.9926716199983285,3.44995956867291e-06
1650,F-A1-DDOSLIKE-V-02,DDoS,DDoS,RF-v5,0.21703456107664973,0.7791038601749668,0.0038615787483842574
1651,F-A1-DDOSLIKE-V-02,DDoS,DDoS,RF-v5,0.010636401436572051,0.9893601486038592,3.44995956867291e-06
1652,F-A1-DDOSLIKE-V-02,DDoS,DDoS,RF-v5,0.43997490763442393,0.554966126547092,0.005058965818484994
1653,F-A1-DDOSLIKE-V-02,DDoS,DDoS,RF-v5,0.0044082597227082946,0.995588290317723,3.44995956867291e-06
1654,F-A1-DDOSLIKE-V-02,DDoS,DDoS,RF-v5,0.2145840750419485,0.7815543462096679,0.0038615787483842574
1655,F-A1-DDOSLIKE-V-02,DDoS,DDoS,RF-v5,0.0044082597227082946,0.995588290317723,3.44995956867291e-06
1656,F-A1-DDOSLIKE-V-02,DDoS,DDoS,RF-v5,0.21140232875912665,0.7847360924924897,0.0038615787483842574
1657,F-A1-DDOSLIKE-V-02,DDoS,DDoS,RF-v5,0.01365432163739429,0.9863422284030371,3.44995956867291e-06
1658,F-A1-DDOSLIKE-V-02,DDoS,DDoS,RF-v5,0.45132528913992404,0.5448131321116919,0.0038615787483842574
1659,F-A1-DDOSLIKE-V-02,DDoS,DDoS,RF-v5,0.007324930042102818,0.9926716199983285,3.44995956867291e-06
1660,F-A1-DDOSLIKE-V-02,DDoS,DDoS,RF-v5,0.13107745404361335,0.8644663189775875,0.004456226978799849
1661,F-A1-DDOSLIKE-V-02,DDoS,DDoS,RF-v5,0.008654321637394291,0.9913422284030371,3.44995956867291e-06
1662,F-A1-DDOSLIKE-V-02,DDoS,DDoS,RF-v5,0.43427987663831247,0.5606611575432034,0.005058965818484994
1663,F-A1-DDOSLIKE-V-02,DDoS,DDoS,RF-v5,0.0044082597227082946,0.995588290317723,3.44995956867291e-06
1664,F-A1-DDOSLIKE-V-02,DDoS,DDoS,RF-v5,0.21140232875912665,0.7847360924924897,0.0038615787483842574
1665,F-A1-DDOSLIKE-V-02,DDoS,DDoS,RF-v5,0.006006495823059881,0.9939900542173714,3.44995956867291e-06
1666,F-A1-DDOSLIKE-V-02,DDoS,DDoS,RF-v5,0.21703456107664973,0.7791038601749668,0.0038615787483842574
1667,F-A1-DDOSLIKE-V-02,DDoS,DDoS,RF-v5,0.008638508389393708,0.9913580416510377,3.44995956867291e-06
1668,F-A1-DDOSLIKE-V-02,DDoS,Normal,RF-v5,0.7344568446929555,0.26007948983393164,0.005463665473113822
1669,F-A1-DDOSLIKE-V-02,DDoS,DDoS,RF-v5,0.007324930042102818,0.9926716199983285,3.44995956867291e-06
1670,F-A1-DDOSLIKE-V-02,DDoS,DDoS,RF-v5,0.2145840750419485,0.7815543462096679,0.0038615787483842574
1671,F-A1-DDOSLIKE-V-02,DDoS,DDoS,RF-v5,0.004038165336220465,0.9959583847042108,3.44995956867291e-06
1672,F-A1-DDOSLIKE-V-02,DDoS,DDoS,RF-v5,0.22585630426381675,0.768800801122797,0.005342894613386959
1673,F-A1-DDOSLIKE-V-02,DDoS,DDoS,RF-v5,0.008654321637394291,0.9913422284030371,3.44995956867291e-06
1674,F-A1-DDOSLIKE-V-02,DDoS,DDoS,RF-v5,0.15063936911782336,0.846356078452778,0.0030045524293986756
1675,F-A1-DDOSLIKE-V-02,DDoS,DDoS,RF-v5,0.13107745404361335,0.8644996801958503,0.004422865760537095
1676,F-A1-DDOSLIKE-V-02,DDoS,DDoS,RF-v5,0.25119766043428193,0.7439907513695837,0.004811588196134985
1677,F-A1-DDOSLIKE-V-02,DDoS,DDoS,RF-v5,0.006006495823059881,0.9939900542173714,3.44995956867291e-06
1678,F-A1-DDOSLIKE-V-02,DDoS,DDoS,RF-v5,0.44654843704618863,0.5483925971353273,0.005058965818484994
1679,F-A1-DDOSLIKE-V-02,DDoS,DDoS,RF-v5,0.004038165336220465,0.9959583847042108,3.44995956867291e-06
1680,F-A1-DDOSLIKE-V-02,DDoS,DDoS,RF-v5,0.2145840750419485,0.7815543462096679,0.0038615787483842574
1681,F-A1-DDOSLIKE-V-02,DDoS,DDoS,RF-v5,0.011763526367280681,0.9882330236731507,3.44995956867291e-06
1682,F-A1-DDOSLIKE-V-02,DDoS,DDoS,RF-v5,0.21140232875912665,0.7847360924924897,0.0038615787483842574
1683,F-A1-DDOSLIKE-V-02,DDoS,DDoS,RF-v5,0.004038165336220465,0.9959583847042108,3.44995956867291e-06
1684,F-A1-DDOSLIKE-V-02,DDoS,DDoS,RF-v5,0.226879639854017,0.7667648554435731,0.0063555047024105435
1685,F-A1-DDOSLIKE-V-02,DDoS,DDoS,RF-v5,0.004038165336220465,0.9959583847042108,3.44995956867291e-06
1686,F-A1-DDOSLIKE-V-02,DDoS,DDoS,RF-v5,0.2145840750419485,0.7815543462096679,0.0038615787483842574
1687,F-A1-DDOSLIKE-V-02,DDoS,DDoS,RF-v5,0.008654321637394291,0.9913422284030371,3.44995956867291e-06
1688,F-A1-DDOSLIKE-V-02,DDoS,DDoS,RF-v5,0.3093828178147832,0.6855582163667328,0.005058965818484994
1689,F-A1-DDOSLIKE-V-02,DDoS,DDoS,RF-v5,0.04175569289855911,0.9582408571418723,3.44995956867291e-06
1690,F-A1-DDOSLIKE-V-02,DDoS,DDoS,RF-v5,0.021037315158324122,0.9789592348821072,3.44995956867291e-06
1691,F-A1-DDOSLIKE-V-02,DDoS,DDoS,RF-v5,0.13107745404361335,0.8644663189775875,0.004456226978799849
1692,F-A1-DDOSLIKE-V-02,DDoS,DDoS,RF-v5,0.13107745404361335,0.8644663189775875,0.004456226978799849
1693,F-A1-DDOSLIKE-V-02,DDoS,DDoS,RF-v5,0.006200349577384388,0.9918760057229392,0.0019236446996765439
1694,F-A1-DDOSLIKE-V-02,DDoS,DDoS,RF-v5,0.004038165336220465,0.9959583847042108,3.44995956867291e-06
1695,F-A1-DDOSLIKE-V-02,DDoS,DDoS,RF-v5,0.215659549966464,0.7729159796339278,0.011424470399608979
1696,F-A1-DDOSLIKE-V-02,DDoS,Normal,RF-v5,0.7395827711477027,0.21179775878234305,0.048619470069953936
1697,F-A1-DDOSLIKE-V-02,DDoS,DDoS,RF-v5,0.004038165336220465,0.9959583847042108,3.44995956867291e-06
1698,F-A1-DDOSLIKE-V-02,DDoS,DDoS,RF-v5,0.22585630426381675,0.767091214177361,0.007052481558822962
1699,F-A1-DDOSLIKE-V-02,DDoS,DDoS,RF-v5,0.0044082597227082946,0.995588290317723,3.44995956867291e-06
1700,F-A1-DDOSLIKE-V-02,DDoS,DDoS,RF-v5,0.4689467944446838,0.5232641200399318,0.007789085515384605
1701,F-A1-DDOSLIKE-V-02,DDoS,DDoS,RF-v5,0.006200349577384388,0.993796200463047,3.44995956867291e-06
1702,F-A1-DDOSLIKE-V-02,DDoS,DDoS,RF-v5,0.47939757338796196,0.5167408478636542,0.0038615787483842574
1703,F-A1-DDOSLIKE-V-02,DDoS,DDoS,RF-v5,0.01365432163739429,0.9863422284030371,3.44995956867291e-06
1704,F-A1-DDOSLIKE-V-02,DDoS,DDoS,RF-v5,0.13107745404361335,0.8644663189775875,0.004456226978799849
1705,F-A1-DDOSLIKE-V-02,DDoS,DDoS,RF-v5,0.004038165336220465,0.9959583847042108,3.44995956867291e-06
1706,F-A1-DDOSLIKE-V-02,DDoS,Normal,RF-v5,0.9774361100111577,0.01841839617582625,0.0041454938130172795
1707,F-A1-DDOSLIKE-V-02,DDoS,DDoS,RF-v5,0.013350311773633185,0.9866496882263669,0.0
1708,F-A1-DDOSLIKE-V-02,DDoS,DDoS,RF-v5,0.25119766043428193,0.7439907513695837,0.004811588196134985
1709,F-A1-DDOSLIKE-V-02,DDoS,DDoS,RF-v5,0.0013227461037680016,0.9986772538962321,0.0
1710,F-A1-DDOSLIKE-V-02,DDoS,DDoS,RF-v5,0.24780522218397139,0.746194921661482,0.005999856154547085
1711,F-A1-DDOSLIKE-V-02,DDoS,DDoS,RF-v5,0.004038165336220465,0.9959583847042108,3.44995956867291e-06
1712,F-A1-DDOSLIKE-V-02,DDoS,DDoS,RF-v5,0.25119766043428193,0.7439907513695837,0.004811588196134985
1713,F-A1-DDOSLIKE-V-02,DDoS,DDoS,RF-v5,0.007324930042102818,0.9926716199983285,3.44995956867291e-06
1714,F-A1-DDOSLIKE-V-02,DDoS,Normal,RF-v5,0.7103852116902246,0.2841511228366623,0.005463665473113822
1715,F-A1-DDOSLIKE-V-02,DDoS,DDoS,RF-v5,0.008586247455049836,0.9914103025853813,3.44995956867291e-06
1716,F-A1-DDOSLIKE-V-02,DDoS,Normal,RF-v5,0.7738388812621134,0.2218678589289249,0.004293259808963643
1717,F-A1-DDOSLIKE-V-02,DDoS,DDoS,RF-v5,0.004038165336220465,0.9959583847042108,3.44995956867291e-06
1718,F-A1-DDOSLIKE-V-02,DDoS,DDoS,RF-v5,0.2283574699823657,0.7668005443366883,0.004841985680946787
1719,F-A1-DDOSLIKE-V-02,DDoS,DDoS,RF-v5,0.016667355140269124,0.9833291949001622,3.44995956867291e-06
1720,F-A1-DDOSLIKE-V-02,DDoS,DDoS,RF-v5,0.2145840750419485,0.7815543462096679,0.0038615787483842574
1721,F-A1-DDOSLIKE-V-02,DDoS,DDoS,RF-v5,0.013764434133212947,0.9862321159072184,3.44995956867291e-06
1722,F-A1-DDOSLIKE-V-02,DDoS,Normal,RF-v5,0.8718572388148614,0.12361858725808363,0.004524173927054306
1723,F-A1-DDOSLIKE-V-02,DDoS,DDoS,RF-v5,0.006988011354698247,0.9930085386857331,3.44995956867291e-06
1724,F-A1-DDOSLIKE-V-02,DDoS,Normal,RF-v5,0.9370578495624312,0.05883322675593655,0.004108923681634157
1725,F-A1-DDOSLIKE-V-02,DDoS,DDoS,RF-v5,0.004038165336220465,0.9959583847042108,3.44995956867291e-06
1726,F-A1-DDOSLIKE-V-02,DDoS,DDoS,RF-v5,0.22585630426381675,0.768800801122797,0.005342894613386959
1727,F-A1-DDOSLIKE-V-02,DDoS,DDoS,RF-v5,0.007324930042102818,0.9926716199983285,3.44995956867291e-06
1728,F-A1-DDOSLIKE-V-02,DDoS,DDoS,RF-v5,0.13107745404361335,0.8644996801958503,0.004422865760537095
1729,F-A1-DDOSLIKE-V-02,DDoS,DDoS,RF-v5,0.004038165336220465,0.9959583847042108,3.44995956867291e-06
1730,F-A1-DDOSLIKE-V-02,DDoS,DDoS,RF-v5,0.13107745404361335,0.8644663189775875,0.004456226978799849
1731,F-A1-DDOSLIKE-V-02,DDoS,DDoS,RF-v5,0.008654321637394291,0.9913422284030371,3.44995956867291e-06
1732,F-A1-DDOSLIKE-V-02,DDoS,DDoS,RF-v5,0.24433954131215718,0.7517988799394593,0.0038615787483842574
1733,F-A1-DDOSLIKE-V-02,DDoS,DDoS,RF-v5,0.004038165336220465,0.9959583847042108,3.44995956867291e-06
1734,F-A1-DDOSLIKE-V-02,DDoS,DDoS,RF-v5,0.46308631820488166,0.5330521030467343,0.0038615787483842574
1735,F-A1-DDOSLIKE-V-02,DDoS,DDoS,RF-v5,0.004038165336220465,0.9959583847042108,3.44995956867291e-06
1736,F-A1-DDOSLIKE-V-02,DDoS,DDoS,RF-v5,0.25119766043428193,0.7439907513695837,0.004811588196134985
1737,F-A1-DDOSLIKE-V-02,DDoS,DDoS,RF-v5,0.008654321637394291,0.9913422284030371,3.44995956867291e-06
1738,F-A1-DDOSLIKE-V-02,DDoS,Normal,RF-v5,0.9171402459105034,0.07670754075698998,0.006152213332508042
1739,F-A1-DDOSLIKE-V-02,DDoS,DDoS,RF-v5,0.004038165336220465,0.9959583847042108,3.44995956867291e-06
1740,F-A1-DDOSLIKE-V-02,DDoS,Normal,RF-v5,0.9675370526241052,0.028299813147331473,0.004163134228564612
1741,F-A1-DDOSLIKE-V-02,DDoS,DDoS,RF-v5,0.004038165336220465,0.9959583847042108,3.44995956867291e-06
1742,F-A1-DDOSLIKE-V-02,DDoS,DDoS,RF-v5,0.2145840750419485,0.7815543462096679,0.0038615787483842574
1743,F-A1-DDOSLIKE-V-02,DDoS,DDoS,RF-v5,0.004038165336220465,0.9959583847042108,3.44995956867291e-06
1744,F-A1-DDOSLIKE-V-02,DDoS,DDoS,RF-v5,0.13107745404361335,0.8644996801958503,0.004422865760537095
1745,F-A1-DDOSLIKE-V-02,DDoS,DDoS,RF-v5,0.004038165336220465,0.9959583847042108,3.44995956867291e-06
1746,F-A1-DDOSLIKE-V-02,DDoS,DDoS,RF-v5,0.13107745404361335,0.8644663189775875,0.004456226978799849
1747,F-A1-DDOSLIKE-V-02,DDoS,DDoS,RF-v5,0.004038165336220465,0.9959583847042108,3.44995956867291e-06
1748,F-A1-DDOSLIKE-V-02,DDoS,DDoS,RF-v5,0.13107745404361335,0.8644996801958503,0.004422865760537095
1749,F-A1-DDOSLIKE-V-02,DDoS,DDoS,RF-v5,0.008654321637394291,0.9913422284030371,3.44995956867291e-06
1750,F-A1-DDOSLIKE-V-02,DDoS,DDoS,RF-v5,0.21086951859013423,0.7827749767074558,0.0063555047024105435
1751,F-A1-DDOSLIKE-V-02,DDoS,DDoS,RF-v5,0.004038165336220465,0.9959583847042108,3.44995956867291e-06
1752,F-A1-DDOSLIKE-V-02,DDoS,DDoS,RF-v5,0.20647868392695032,0.789659737324666,0.0038615787483842574
1753,F-A1-DDOSLIKE-V-02,DDoS,DDoS,RF-v5,0.021351007962157147,0.9786455420782743,3.44995956867291e-06
1754,F-A1-DDOSLIKE-V-02,DDoS,DDoS,RF-v5,0.23749950334568773,0.7576542839976256,0.004846212656687351
1755,F-A1-DDOSLIKE-V-02,DDoS,DDoS,RF-v5,0.08546684646784573,0.9145331535321543,0.0
1756,F-A1-DDOSLIKE-V-02,DDoS,DDoS,RF-v5,0.005636401436572053,0.9943601486038592,3.44995956867291e-06
1757,F-A1-DDOSLIKE-V-02,DDoS,Normal,RF-v5,0.9454598542897185,0.05041369319739832,0.004126452512884439
1758,F-A1-DDOSLIKE-V-02,DDoS,DDoS,RF-v5,0.13107745404361335,0.8644996801958503,0.004422865760537095
1759,F-A1-DDOSLIKE-V-02,DDoS,DDoS,RF-v5,0.004038165336220465,0.9959583847042108,3.44995956867291e-06
1760,F-A1-DDOSLIKE-V-02,DDoS,DDoS,RF-v5,0.23749950334568773,0.7576542839976256,0.004846212656687351
1761,F-A1-DDOSLIKE-V-02,DDoS,DDoS,RF-v5,0.007324930042102818,0.9926716199983285,3.44995956867291e-06
1762,F-A1-DDOSLIKE-V-02,DDoS,DDoS,RF-v5,0.20647868392695032,0.789659737324666,0.0038615787483842574
1763,F-A1-DDOSLIKE-V-02,DDoS,DDoS,RF-v5,0.012264295023496734,0.9877322550169347,3.44995956867291e-06
1764,F-A1-DDOSLIKE-V-02,DDoS,DDoS,RF-v5,0.44601663937202785,0.5501217818795883,0.0038615787483842574
1765,F-A1-DDOSLIKE-V-02,DDoS,DDoS,RF-v5,0.006294221863811313,0.99370232817662,3.44995956867291e-06
1766,F-A1-DDOSLIKE-V-02,DDoS,DDoS,RF-v5,0.42107329633539364,0.5750651249162222,0.0038615787483842574
1767,F-A1-DDOSLIKE-V-02,DDoS,DDoS,RF-v5,0.005636401436572053,0.9943601486038592,3.44995956867291e-06
1768,F-A1-DDOSLIKE-V-02,DDoS,DDoS,RF-v5,0.13107745404361335,0.8644996801958503,0.004422865760537095
1769,F-A1-DDOSLIKE-V-02,DDoS,DDoS,RF-v5,0.004038165336220465,0.9959583847042108,3.44995956867291e-06
1770,F-A1-DDOSLIKE-V-02,DDoS,DDoS,RF-v5,0.43997490763442393,0.554966126547092,0.005058965818484994
1771,F-A1-DDOSLIKE-V-02,DDoS,DDoS,RF-v5,0.0044082597227082946,0.995588290317723,3.44995956867291e-06
1772,F-A1-DDOSLIKE-V-02,DDoS,DDoS,RF-v5,0.13107745404361335,0.8644663189775875,0.004456226978799849
1773,F-A1-DDOSLIKE-V-02,DDoS,DDoS,RF-v5,0.007324930042102818,0.9926716199983285,3.44995956867291e-06
1774,F-A1-DDOSLIKE-V-02,DDoS,DDoS,RF-v5,0.13107745404361335,0.8642741655987831,0.004648380357604228
1775,F-A1-DDOSLIKE-V-02,DDoS,DDoS,RF-v5,0.004038165336220465,0.9959583847042108,3.44995956867291e-06
1776,F-A1-DDOSLIKE-V-02,DDoS,DDoS,RF-v5,0.2145840750419485,0.7815543462096679,0.0038615787483842574
1777,F-A1-DDOSLIKE-V-02,DDoS,DDoS,RF-v5,0.004038165336220465,0.9959583847042108,3.44995956867291e-06
1778,F-A1-DDOSLIKE-V-02,DDoS,DDoS,RF-v5,0.13107745404361335,0.8644663189775875,0.004456226978799849
1779,F-A1-DDOSLIKE-V-02,DDoS,DDoS,RF-v5,0.004038165336220465,0.9959583847042108,3.44995956867291e-06
1780,F-A1-DDOSLIKE-V-02,DDoS,Normal,RF-v5,0.5712707937195295,0.4228672935472326,0.005861912733238509
1781,F-A1-DDOSLIKE-V-02,DDoS,DDoS,RF-v5,0.006294221863811313,0.99370232817662,3.44995956867291e-06
1782,F-A1-DDOSLIKE-V-02,DDoS,Normal,RF-v5,0.5712707937195295,0.4228672935472326,0.005861912733238509
1783,F-A1-DDOSLIKE-V-02,DDoS,DDoS,RF-v5,0.008654321637394291,0.9913422284030371,3.44995956867291e-06
1784,F-A1-DDOSLIKE-V-02,DDoS,DDoS,RF-v5,0.25119766043428193,0.7439907513695837,0.004811588196134985
1785,F-A1-DDOSLIKE-V-02,DDoS,DDoS,RF-v5,0.0044082597227082946,0.995588290317723,3.44995956867291e-06
1786,F-A1-DDOSLIKE-V-02,DDoS,DDoS,RF-v5,0.21140232875912665,0.7847360924924897,0.0038615787483842574
1787,F-A1-DDOSLIKE-V-02,DDoS,DDoS,RF-v5,0.008668107244944634,0.9913284427954868,3.44995956867291e-06
1788,F-A1-DDOSLIKE-V-02,DDoS,DDoS,RF-v5,0.13107745404361335,0.8644663189775875,0.004456226978799849
1789,F-A1-DDOSLIKE-V-02,DDoS,DDoS,RF-v5,0.008654321637394291,0.9913422284030371,3.44995956867291e-06
1790,F-A1-DDOSLIKE-V-02,DDoS,DDoS,RF-v5,0.1343642187494957,0.8547478603150256,0.010887920935479358
1791,F-A1-DDOSLIKE-V-02,DDoS,DDoS,RF-v5,0.008654321637394291,0.9913422284030371,3.44995956867291e-06
1792,F-A1-DDOSLIKE-V-02,DDoS,DDoS,RF-v5,0.21086951859013423,0.7844845636528918,0.004645917756974542
1793,F-A1-DDOSLIKE-V-02,DDoS,DDoS,RF-v5,0.0044082597227082946,0.995588290317723,3.44995956867291e-06
1794,F-A1-DDOSLIKE-V-02,DDoS,DDoS,RF-v5,0.2145840750419485,0.7815543462096679,0.0038615787483842574
1795,F-A1-DDOSLIKE-V-02,DDoS,DDoS,RF-v5,0.0044082597227082946,0.995588290317723,3.44995956867291e-06
1796,F-A1-DDOSLIKE-V-02,DDoS,DDoS,RF-v5,0.20647868392695032,0.789659737324666,0.0038615787483842574
1797,F-A1-DDOSLIKE-V-02,DDoS,DDoS,RF-v5,0.004038165336220465,0.9959583847042108,3.44995956867291e-06
1798,F-A1-DDOSLIKE-V-02,DDoS,DDoS,RF-v5,0.13107745404361335,0.8644996801958503,0.004422865760537095
1799,F-A1-DDOSLIKE-V-02,DDoS,DDoS,RF-v5,0.008638508389393708,0.9913580416510377,3.44995956867291e-06
1800,F-A1-DDOSLIKE-V-02,DDoS,DDoS,RF-v5,0.23749950334568773,0.7576542839976256,0.004846212656687351
1801,F-A1-DDOSLIKE-V-02,DDoS,DDoS,RF-v5,0.004038165336220465,0.9959583847042108,3.44995956867291e-06
1802,F-A1-DDOSLIKE-V-02,DDoS,DDoS,RF-v5,0.23749950334568773,0.7576542839976256,0.004846212656687351
1803,F-A1-DDOSLIKE-V-02,DDoS,DDoS,RF-v5,0.004038165336220465,0.9959583847042108,3.44995956867291e-06
1804,F-A1-DDOSLIKE-V-02,DDoS,DDoS,RF-v5,0.13107745404361335,0.8644663189775875,0.004456226978799849
1805,F-A1-DDOSLIKE-V-02,DDoS,DDoS,RF-v5,0.006988011354698248,0.9930085386857331,3.44995956867291e-06
1806,F-A1-DDOSLIKE-V-02,DDoS,DDoS,RF-v5,0.13107745404361335,0.8644663189775875,0.004456226978799849
1807,F-A1-DDOSLIKE-V-02,DDoS,DDoS,RF-v5,0.009292165414602817,0.9907043846258285,3.44995956867291e-06
1808,F-A1-DDOSLIKE-V-02,DDoS,DDoS,RF-v5,0.22585630426381675,0.768800801122797,0.005342894613386959
1809,F-A1-DDOSLIKE-V-02,DDoS,DDoS,RF-v5,0.004038165336220465,0.9959583847042108,3.44995956867291e-06
1810,F-A1-DDOSLIKE-V-02,DDoS,DDoS,RF-v5,0.13107745404361335,0.8644996801958503,0.004422865760537095
1811,F-A1-DDOSLIKE-V-02,DDoS,DDoS,RF-v5,0.004038165336220465,0.9959583847042108,3.44995956867291e-06
1812,F-A1-DDOSLIKE-V-02,DDoS,DDoS,RF-v5,0.21140232875912665,0.7847360924924897,0.0038615787483842574
1813,F-A1-DDOSLIKE-V-02,DDoS,DDoS,RF-v5,0.004038165336220465,0.9959583847042108,3.44995956867291e-06
1814,F-A1-DDOSLIKE-V-02,DDoS,DDoS,RF-v5,0.24479129351177742,0.7503667208072765,0.004841985680946787
1815,F-A1-DDOSLIKE-V-02,DDoS,DDoS,RF-v5,0.0044082597227082946,0.995588290317723,3.44995956867291e-06
1816,F-A1-DDOSLIKE-V-02,DDoS,Normal,RF-v5,0.5712707937195295,0.4228672935472326,0.005861912733238509
1817,F-A1-DDOSLIKE-V-02,DDoS,DDoS,RF-v5,0.004038165336220465,0.9959583847042108,3.44995956867291e-06
1818,F-A1-DDOSLIKE-V-02,DDoS,DDoS,RF-v5,0.1343642187494957,0.8547478603150256,0.010887920935479358
1819,F-A1-DDOSLIKE-V-02,DDoS,DDoS,RF-v5,0.010980413357516077,0.9890195866424841,0.0
1820,F-A1-DDOSLIKE-V-02,DDoS,DDoS,RF-v5,0.2591487410256502,0.7359903534230289,0.004860905551321779
1821,F-A1-DDOSLIKE-V-02,DDoS,DDoS,RF-v5,0.014335779606642835,0.9856642203933572,0.0
1822,F-A1-DDOSLIKE-V-02,DDoS,DDoS,RF-v5,0.20647868392695032,0.789659737324666,0.0038615787483842574
1823,F-A1-DDOSLIKE-V-02,DDoS,DDoS,RF-v5,0.01365432163739429,0.9863422284030371,3.44995956867291e-06
1824,F-A1-DDOSLIKE-V-02,DDoS,DDoS,RF-v5,0.13107745404361335,0.8644996801958503,0.004422865760537095
1825,F-A1-DDOSLIKE-V-02,DDoS,DDoS,RF-v5,0.006988011354698248,0.9930085386857331,3.44995956867291e-06
1826,F-A1-DDOSLIKE-V-02,DDoS,DDoS,RF-v5,0.13107745404361335,0.8644663189775875,0.004456226978799849
1827,F-A1-DDOSLIKE-V-02,DDoS,DDoS,RF-v5,0.008654321637394291,0.9913422284030371,3.44995956867291e-06
1828,F-A1-DDOSLIKE-V-02,DDoS,DDoS,RF-v5,0.20647868392695032,0.789659737324666,0.0038615787483842574
1829,F-A1-DDOSLIKE-V-02,DDoS,DDoS,RF-v5,0.0044082597227082946,0.995588290317723,3.44995956867291e-06
1830,F-A1-DDOSLIKE-V-02,DDoS,DDoS,RF-v5,0.13107745404361335,0.8610471450867155,0.007875400869671853
1831,F-A1-DDOSLIKE-V-02,DDoS,DDoS,RF-v5,0.021427409189169064,0.9781125648611568,0.0004600259496741693
1832,F-A1-DDOSLIKE-V-02,DDoS,DDoS,RF-v5,0.2344389282040504,0.7576689778551926,0.007892093940757612
1833,F-A1-DDOSLIKE-V-02,DDoS,DDoS,RF-v5,0.020824426547255342,0.9785561454358229,0.0006194280169217921
1834,F-A1-DDOSLIKE-V-02,DDoS,DDoS,RF-v5,0.01365432163739429,0.9863422284030371,3.44995956867291e-06
1835,F-A1-DDOSLIKE-V-02,DDoS,DDoS,RF-v5,0.13107745404361335,0.8644996801958503,0.004422865760537095
1836,F-A1-DDOSLIKE-V-02,DDoS,DDoS,RF-v5,0.007324930042102817,0.9926716199983285,3.44995956867291e-06
1837,F-A1-DDOSLIKE-V-02,DDoS,DDoS,RF-v5,0.20647868392695032,0.789659737324666,0.0038615787483842574
1838,F-A1-DDOSLIKE-V-02,DDoS,DDoS,RF-v5,0.011604167655872072,0.9883923823845593,3.44995956867291e-06
1839,F-A1-DDOSLIKE-V-02,DDoS,DDoS,RF-v5,0.2145840750419485,0.7815543462096679,0.0038615787483842574
1840,F-A1-DDOSLIKE-V-02,DDoS,DDoS,RF-v5,0.004038165336220465,0.9959583847042108,3.44995956867291e-06
1841,F-A1-DDOSLIKE-V-02,DDoS,Normal,RF-v5,0.6311534701561438,0.3640349416477225,0.004811588196134985
1842,F-A1-DDOSLIKE-V-02,DDoS,DDoS,RF-v5,0.007324930042102818,0.9926716199983285,3.44995956867291e-06
1843,F-A1-DDOSLIKE-V-02,DDoS,DDoS,RF-v5,0.43316329478734844,0.5617777393941676,0.005058965818484994
1844,F-A1-DDOSLIKE-V-02,DDoS,DDoS,RF-v5,0.006006495823059881,0.9939900542173714,3.44995956867291e-06
1845,F-A1-DDOSLIKE-V-02,DDoS,DDoS,RF-v5,0.2145840750419485,0.7815543462096679,0.0038615787483842574
1846,F-A1-DDOSLIKE-V-02,DDoS,DDoS,RF-v5,0.004038165336220465,0.9959583847042108,3.44995956867291e-06
1847,F-A1-DDOSLIKE-V-02,DDoS,DDoS,RF-v5,0.24780522218397139,0.7473831896198943,0.004811588196134985
1848,F-A1-DDOSLIKE-V-02,DDoS,DDoS,RF-v5,0.006988011354698248,0.9930085386857331,3.44995956867291e-06
1849,F-A1-DDOSLIKE-V-02,DDoS,DDoS,RF-v5,0.13107745404361335,0.8644996801958503,0.004422865760537095
1850,F-A1-DDOSLIKE-V-02,DDoS,DDoS,RF-v5,0.006988011354698247,0.9930085386857331,3.44995956867291e-06
1851,F-A1-DDOSLIKE-V-02,DDoS,DDoS,RF-v5,0.24780522218397139,0.7473831896198943,0.004811588196134985
1852,F-A1-DDOSLIKE-V-02,DDoS,DDoS,RF-v5,0.004038165336220465,0.9959583847042108,3.44995956867291e-06
1853,F-A1-DDOSLIKE-V-02,DDoS,DDoS,RF-v5,0.13107745404361335,0.8644996801958503,0.004422865760537095
1854,F-A1-DDOSLIKE-V-02,DDoS,DDoS,RF-v5,0.004038165336220465,0.9959583847042108,3.44995956867291e-06
1855,F-A1-DDOSLIKE-V-02,DDoS,DDoS,RF-v5,0.43997490763442393,0.554966126547092,0.005058965818484994
1856,F-A1-DDOSLIKE-V-02,DDoS,DDoS,RF-v5,0.013298012858456805,0.9866985371819745,3.44995956867291e-06
1857,F-A1-DDOSLIKE-V-02,DDoS,DDoS,RF-v5,0.21703456107664973,0.7791038601749668,0.0038615787483842574
1858,F-A1-DDOSLIKE-V-02,DDoS,DDoS,RF-v5,0.01365432163739429,0.9863422284030371,3.44995956867291e-06
1859,F-A1-DDOSLIKE-V-02,DDoS,DDoS,RF-v5,0.13107745404361335,0.8644996801958503,0.004422865760537095
1860,F-A1-DDOSLIKE-V-02,DDoS,DDoS,RF-v5,0.004038165336220465,0.9959583847042108,3.44995956867291e-06
1861,F-A1-DDOSLIKE-V-02,DDoS,DDoS,RF-v5,0.2781559397171113,0.7169234350812802,0.004920625201609391
1862,F-A1-DDOSLIKE-V-02,DDoS,DDoS,RF-v5,0.008654321637394291,0.9913422284030371,3.44995956867291e-06
1863,F-A1-DDOSLIKE-V-02,DDoS,DDoS,RF-v5,0.13107745404361335,0.8644996801958503,0.004422865760537095
1864,F-A1-DDOSLIKE-V-02,DDoS,DDoS,RF-v5,0.004038165336220465,0.9959583847042108,3.44995956867291e-06
1865,F-A1-DDOSLIKE-V-02,DDoS,DDoS,RF-v5,0.22585630426381675,0.768800801122797,0.005342894613386959
1866,F-A1-DDOSLIKE-V-02,DDoS,DDoS,RF-v5,0.004038165336220465,0.9959583847042108,3.44995956867291e-06
1867,F-A1-DDOSLIKE-V-02,DDoS,DDoS,RF-v5,0.2591487410256502,0.7359903534230289,0.004860905551321779
1868,F-A1-DDOSLIKE-V-02,DDoS,DDoS,RF-v5,0.0,1.0,0.0
1869,F-A1-DDOSLIKE-V-02,DDoS,DDoS,RF-v5,0.3607516282344892,0.6343277465639021,0.004920625201609391
1870,F-A1-DDOSLIKE-V-02,DDoS,DDoS,RF-v5,0.004038165336220465,0.9959583847042108,3.44995956867291e-06
1871,F-A1-DDOSLIKE-V-02,DDoS,DDoS,RF-v5,0.2145840750419485,0.7815543462096679,0.0038615787483842574
1872,F-A1-DDOSLIKE-V-02,DDoS,DDoS,RF-v5,0.004038165336220465,0.9959583847042108,3.44995956867291e-06
1873,F-A1-DDOSLIKE-V-02,DDoS,DDoS,RF-v5,0.13107745404361335,0.8642741655987831,0.004648380357604228
1874,F-A1-DDOSLIKE-V-02,DDoS,DDoS,RF-v5,0.005923089156941243,0.9940769108430588,0.0
1875,F-A1-DDOSLIKE-V-02,DDoS,DDoS,RF-v5,0.4096265279524053,0.5854528468459863,0.004920625201609391
1876,F-A1-DDOSLIKE-V-02,DDoS,DDoS,RF-v5,0.006844191701568865,0.9931523583388625,3.44995956867291e-06
1877,F-A1-DDOSLIKE-V-02,DDoS,DDoS,RF-v5,0.3028092884030185,0.6921317457784975,0.005058965818484994
1878,F-A1-DDOSLIKE-V-02,DDoS,DDoS,RF-v5,0.004609510809650354,0.9953904891903497,0.0
1879,F-A1-DDOSLIKE-V-02,DDoS,Normal,RF-v5,0.6552259857378416,0.33996242606602606,0.004811588196134985
1880,F-A1-DDOSLIKE-V-02,DDoS,DDoS,RF-v5,0.007409005382115461,0.9908814076724487,0.0017095869454360022
1881,F-A1-DDOSLIKE-V-02,DDoS,DDoS,RF-v5,0.2283574699823657,0.7668005443366883,0.004841985680946787
1882,F-A1-DDOSLIKE-V-02,DDoS,DDoS,RF-v5,0.0044082597227082946,0.995588290317723,3.44995956867291e-06
1883,F-A1-DDOSLIKE-V-02,DDoS,DDoS,RF-v5,0.13107745404361335,0.8644996801958503,0.004422865760537095
1884,F-A1-DDOSLIKE-V-02,DDoS,DDoS,RF-v5,0.004038165336220465,0.9959583847042108,3.44995956867291e-06
1885,F-A1-DDOSLIKE-V-02,DDoS,DDoS,RF-v5,0.4325626965115237,0.5623783376699922,0.005058965818484994
1886,F-A1-DDOSLIKE-V-02,DDoS,DDoS,RF-v5,0.008654321637394291,0.9913422284030371,3.44995956867291e-06
1887,F-A1-DDOSLIKE-V-02,DDoS,DDoS,RF-v5,0.42107329633539364,0.5750651249162222,0.0038615787483842574
1888,F-A1-DDOSLIKE-V-02,DDoS,DDoS,RF-v5,0.008654321637394291,0.9913422284030371,3.44995956867291e-06
1889,F-A1-DDOSLIKE-V-02,DDoS,Normal,RF-v5,0.6556497910374933,0.3395386207663744,0.004811588196134985
1890,F-A1-DDOSLIKE-V-02,DDoS,DDoS,RF-v5,0.004038165336220465,0.9959583847042108,3.44995956867291e-06
1891,F-A1-DDOSLIKE-V-02,DDoS,DDoS,RF-v5,0.13107745404361335,0.8644996801958503,0.004422865760537095
1892,F-A1-DDOSLIKE-V-02,DDoS,DDoS,RF-v5,0.008519118777966956,0.9914774312624643,3.44995956867291e-06
1893,F-A1-DDOSLIKE-V-02,DDoS,DDoS,RF-v5,0.13107745404361335,0.8644996801958503,0.004422865760537095
1894,F-A1-DDOSLIKE-V-02,DDoS,DDoS,RF-v5,0.004038165336220465,0.9959583847042108,3.44995956867291e-06
1895,F-A1-DDOSLIKE-V-02,DDoS,DDoS,RF-v5,0.13107745404361335,0.8644996801958503,0.004422865760537095
1896,F-A1-DDOSLIKE-V-02,DDoS,DDoS,RF-v5,0.01609358981950955,0.9839064101804905,0.0
1897,F-A1-DDOSLIKE-V-02,DDoS,DDoS,RF-v5,0.13107745404361335,0.8644996801958503,0.004422865760537095
1898,F-A1-DDOSLIKE-V-02,DDoS,DDoS,RF-v5,0.004038165336220465,0.9959583847042108,3.44995956867291e-06
1899,F-A1-DDOSLIKE-V-02,DDoS,DDoS,RF-v5,0.20647868392695032,0.789659737324666,0.0038615787483842574
1900,F-A1-DDOSLIKE-V-02,DDoS,DDoS,RF-v5,0.004038165336220465,0.9959583847042108,3.44995956867291e-06
1901,F-A1-DDOSLIKE-V-02,DDoS,DDoS,RF-v5,0.13107745404361335,0.8644663189775875,0.004456226978799849
1902,F-A1-DDOSLIKE-V-02,DDoS,DDoS,RF-v5,0.008654321637394291,0.9913422284030371,3.44995956867291e-06
1903,F-A1-DDOSLIKE-V-02,DDoS,DDoS,RF-v5,0.13107745404361335,0.8644996801958503,0.004422865760537095
1904,F-A1-DDOSLIKE-V-02,DDoS,DDoS,RF-v5,0.02307658057062567,0.9769234194293744,0.0
1905,F-A1-DDOSLIKE-V-02,DDoS,Normal,RF-v5,0.5727308764483614,0.42245753535550457,0.004811588196134985
1906,F-A1-DDOSLIKE-V-02,DDoS,DDoS,RF-v5,0.008638508389393708,0.9913580416510377,3.44995956867291e-06
1907,F-A1-DDOSLIKE-V-02,DDoS,Normal,RF-v5,0.5727308764483614,0.42245753535550457,0.004811588196134985
1908,F-A1-DDOSLIKE-V-02,DDoS,DDoS,RF-v5,0.004038165336220465,0.9959583847042108,3.44995956867291e-06
1909,F-A1-DDOSLIKE-V-02,DDoS,DDoS,RF-v5,0.13107745404361335,0.8644663189775875,0.004456226978799849
1910,F-A1-DDOSLIKE-V-02,DDoS,DDoS,RF-v5,0.0044082597227082946,0.995588290317723,3.44995956867291e-06
1911,F-A1-DDOSLIKE-V-02,DDoS,DDoS,RF-v5,0.13107745404361335,0.8644996801958503,0.004422865760537095
1912,F-A1-DDOSLIKE-V-02,DDoS,DDoS,RF-v5,0.011941086343276643,0.9880554636971547,3.44995956867291e-06
1913,F-A1-DDOSLIKE-V-02,DDoS,DDoS,RF-v5,0.2145840750419485,0.7815543462096679,0.0038615787483842574
1914,F-A1-DDOSLIKE-V-02,DDoS,DDoS,RF-v5,0.0044082597227082946,0.995588290317723,3.44995956867291e-06
1915,F-A1-DDOSLIKE-V-02,DDoS,DDoS,RF-v5,0.21140232875912665,0.7847360924924897,0.0038615787483842574
1916,F-A1-DDOSLIKE-V-02,DDoS,DDoS,RF-v5,0.008654321637394291,0.9913422284030371,3.44995956867291e-06
1917,F-A1-DDOSLIKE-V-02,DDoS,DDoS,RF-v5,0.24780522218397139,0.7473831896198943,0.004811588196134985
1918,F-A1-DDOSLIKE-V-02,DDoS,DDoS,RF-v5,0.008654321637394291,0.9913422284030371,3.44995956867291e-06
1919,F-A1-DDOSLIKE-V-02,DDoS,DDoS,RF-v5,0.25119766043428193,0.7439907513695837,0.004811588196134985
1920,F-A1-DDOSLIKE-V-02,DDoS,DDoS,RF-v5,0.004038165336220465,0.9959583847042108,3.44995956867291e-06
1921,F-A1-DDOSLIKE-V-02,DDoS,Normal,RF-v5,0.5727308764483614,0.42245753535550457,0.004811588196134985
1922,F-A1-DDOSLIKE-V-02,DDoS,DDoS,RF-v5,0.004038165336220465,0.9959583847042108,3.44995956867291e-06
1923,F-A1-DDOSLIKE-V-02,DDoS,DDoS,RF-v5,0.42107329633539364,0.5750651249162222,0.0038615787483842574
1924,F-A1-DDOSLIKE-V-02,DDoS,DDoS,RF-v5,0.008654321637394291,0.9913422284030371,3.44995956867291e-06
1925,F-A1-DDOSLIKE-V-02,DDoS,Normal,RF-v5,0.7344568446929555,0.26007948983393164,0.005463665473113822
1926,F-A1-DDOSLIKE-V-02,DDoS,DDoS,RF-v5,0.062104793646869716,0.9378917563935615,3.44995956867291e-06
1927,F-A1-DDOSLIKE-V-02,DDoS,Normal,RF-v5,0.6556497910374933,0.3395386207663744,0.004811588196134985
1928,F-A1-DDOSLIKE-V-02,DDoS,DDoS,RF-v5,0.007896275515532706,0.9903941375390314,0.0017095869454360022
1929,F-A1-DDOSLIKE-V-02,DDoS,Normal,RF-v5,0.9506695596460536,0.04523369182414519,0.004096748529802644
1930,F-A1-DDOSLIKE-V-02,DDoS,DDoS,RF-v5,0.027374271670543866,0.9725972317801628,2.8496549293604067e-05
1931,F-A1-DDOSLIKE-V-02,DDoS,Normal,RF-v5,0.9774361100111577,0.01841839617582625,0.0041454938130172795
1932,F-A1-DDOSLIKE-V-02,DDoS,DDoS,RF-v5,0.008638508389393708,0.9913580416510377,3.44995956867291e-06
1933,F-A1-DDOSLIKE-V-02,DDoS,Normal,RF-v5,0.9744509935190316,0.021408904595055338,0.004140101885914223
1934,F-A1-DDOSLIKE-V-02,DDoS,DDoS,RF-v5,0.07340068165693633,0.9265993183430636,0.0
1935,F-A1-DDOSLIKE-V-02,DDoS,Normal,RF-v5,0.9774096909233135,0.01844481526367037,0.0041454938130172795
1936,F-A1-DDOSLIKE-V-02,DDoS,DDoS,RF-v5,0.08122079932636012,0.917066163768635,0.0017130369050046752
1937,F-A1-DDOSLIKE-V-02,DDoS,Normal,RF-v5,0.9776442395077148,0.018221125460805742,0.00413463503148049
1938,F-A1-DDOSLIKE-V-02,DDoS,DDoS,RF-v5,0.08608008184840386,0.9122068812465913,0.0017130369050046752
1939,F-A1-DDOSLIKE-V-02,DDoS,Normal,RF-v5,0.9776442395077148,0.018221125460805742,0.00413463503148049
1940,F-A1-DDOSLIKE-V-02,DDoS,DDoS,RF-v5,0.03355174415398584,0.9647101723512848,0.001738083494729606
1941,F-A1-DDOSLIKE-V-02,DDoS,Normal,RF-v5,0.9391843276719243,0.05670674864644337,0.004108923681634157
1942,F-A1-DDOSLIKE-V-02,DDoS,DDoS,RF-v5,0.021311917986073296,0.9769784950684907,0.0017095869454360022
1943,F-A1-DDOSLIKE-V-02,DDoS,Normal,RF-v5,0.9772699444520708,0.01858456173491308,0.0041454938130172795
1944,F-A1-DDOSLIKE-V-02,DDoS,DDoS,RF-v5,0.06878452535576252,0.9312154746442374,0.0
1945,F-A1-DDOSLIKE-V-02,DDoS,Normal,RF-v5,0.9774096909233135,0.01844481526367037,0.0041454938130172795
1946,F-A1-DDOSLIKE-V-02,DDoS,DDoS,RF-v5,0.004038165336220465,0.9959583847042108,3.44995956867291e-06
1947,F-A1-DDOSLIKE-V-02,DDoS,DDoS,RF-v5,0.21004873218270628,0.78608968906891,0.0038615787483842574
1948,F-A1-DDOSLIKE-V-02,DDoS,DDoS,RF-v5,0.004038165336220465,0.9959583847042108,3.44995956867291e-06
1949,F-A1-DDOSLIKE-V-02,DDoS,DDoS,RF-v5,0.21086951859013423,0.7844845636528918,0.004645917756974542
1950,F-A1-DDOSLIKE-V-02,DDoS,DDoS,RF-v5,0.008638508389393708,0.9913580416510377,3.44995956867291e-06
1951,F-A1-DDOSLIKE-V-02,DDoS,Normal,RF-v5,0.6290990305800428,0.3660589837390127,0.004841985680946787
1952,F-A1-DDOSLIKE-V-02,DDoS,DDoS,RF-v5,0.0044082597227082946,0.995588290317723,3.44995956867291e-06
1953,F-A1-DDOSLIKE-V-02,DDoS,Normal,RF-v5,0.5702568112875943,0.42476372912578986,0.004979459586616766
1954,F-A1-DDOSLIKE-V-02,DDoS,DDoS,RF-v5,0.004038165336220465,0.9959583847042108,3.44995956867291e-06
1955,F-A1-DDOSLIKE-V-02,DDoS,DDoS,RF-v5,0.25119766043428193,0.7439907513695837,0.004811588196134985
1956,F-A1-DDOSLIKE-V-02,DDoS,DDoS,RF-v5,0.009038165336220465,0.9909583847042108,3.44995956867291e-06
1957,F-A1-DDOSLIKE-V-02,DDoS,Normal,RF-v5,0.9774361100111577,0.01841839617582625,0.0041454938130172795
1958,F-A1-DDOSLIKE-V-02,DDoS,DDoS,RF-v5,0.18315201768025427,0.7967636276107851,0.02008435470896059
1959,F-A1-DDOSLIKE-V-02,DDoS,DDoS,RF-v5,0.13107745404361335,0.8644996801958503,0.004422865760537095
1960,F-A1-DDOSLIKE-V-02,DDoS,DDoS,RF-v5,0.24428833865932884,0.7384668689270623,0.017244792413608864
1961,F-A1-DDOSLIKE-V-02,DDoS,DDoS,RF-v5,0.2145840750419485,0.7815543462096679,0.0038615787483842574
1962,F-A1-DDOSLIKE-V-02,DDoS,DDoS,RF-v5,0.0044082597227082946,0.995588290317723,3.44995956867291e-06
1963,F-A1-DDOSLIKE-V-02,DDoS,DDoS,RF-v5,0.13107745404361335,0.8644663189775875,0.004456226978799849
1964,F-A1-DDOSLIKE-V-02,DDoS,DDoS,RF-v5,0.008519118777966956,0.9914774312624643,3.44995956867291e-06
1965,F-A1-DDOSLIKE-V-02,DDoS,DDoS,RF-v5,0.20647868392695032,0.789659737324666,0.0038615787483842574
1966,F-A1-DDOSLIKE-V-02,DDoS,DDoS,RF-v5,0.0044082597227082946,0.995588290317723,3.44995956867291e-06
1967,F-A1-DDOSLIKE-V-02,DDoS,DDoS,RF-v5,0.2145840750419485,0.7815543462096679,0.0038615787483842574
1968,F-A1-DDOSLIKE-V-02,DDoS,DDoS,RF-v5,0.004609510809650354,0.9953904891903497,0.0
1969,F-A1-DDOSLIKE-V-02,DDoS,DDoS,RF-v5,0.2480780582176597,0.7470799561013942,0.004841985680946787
1970,F-A1-DDOSLIKE-V-02,DDoS,DDoS,RF-v5,0.02080478428764484,0.9791917657527865,3.44995956867291e-06
1971,F-A1-DDOSLIKE-V-02,DDoS,DDoS,RF-v5,0.0044082597227082946,0.995588290317723,3.44995956867291e-06
1972,F-A1-DDOSLIKE-V-02,DDoS,DDoS,RF-v5,0.13107745404361335,0.8644663189775875,0.004456226978799849
1973,F-A1-DDOSLIKE-V-02,DDoS,DDoS,RF-v5,0.004038165336220465,0.9959583847042108,3.44995956867291e-06
1974,F-A1-DDOSLIKE-V-02,DDoS,Normal,RF-v5,0.6290990305800428,0.3660589837390127,0.004841985680946787
1975,F-A1-DDOSLIKE-V-02,DDoS,DDoS,RF-v5,0.011941086343276643,0.9880554636971547,3.44995956867291e-06
1976,F-A1-DDOSLIKE-V-02,DDoS,Normal,RF-v5,0.7663609593064629,0.22882745249740316,0.004811588196134985
1977,F-A1-DDOSLIKE-V-02,DDoS,DDoS,RF-v5,0.25722700321099823,0.7239494179012027,0.018823578887799106
1978,F-A1-DDOSLIKE-V-02,DDoS,Normal,RF-v5,0.7103852116902246,0.2841511228366623,0.005463665473113822
1979,F-A1-DDOSLIKE-V-02,DDoS,DDoS,RF-v5,0.018699793344532298,0.981296756695899,3.44995956867291e-06
1980,F-A1-DDOSLIKE-V-02,DDoS,DDoS,RF-v5,0.004038165336220465,0.9959583847042108,3.44995956867291e-06
1981,F-A1-DDOSLIKE-V-02,DDoS,DDoS,RF-v5,0.21703456107664973,0.7791038601749668,0.0038615787483842574
1982,F-A1-DDOSLIKE-V-02,DDoS,DDoS,RF-v5,0.004038165336220465,0.9959583847042108,3.44995956867291e-06
1983,F-A1-DDOSLIKE-V-02,DDoS,DDoS,RF-v5,0.24479129351177742,0.7503667208072765,0.004841985680946787
1984,F-A1-DDOSLIKE-V-02,DDoS,DDoS,RF-v5,0.024826396994486282,0.9747135770558397,0.0004600259496741693
1985,F-A1-DDOSLIKE-V-02,DDoS,DDoS,RF-v5,0.004609510809650354,0.9953904891903497,0.0
1986,F-A1-DDOSLIKE-V-02,DDoS,DDoS,RF-v5,0.2283574699823657,0.7668005443366883,0.004841985680946787
1987,F-A1-DDOSLIKE-V-02,DDoS,DDoS,RF-v5,0.24428833865932884,0.7384668689270623,0.017244792413608864
1988,F-A1-DDOSLIKE-V-02,DDoS,DDoS,RF-v5,0.21703456107664973,0.7791038601749668,0.0038615787483842574
1989,F-A1-DDOSLIKE-V-02,DDoS,DDoS,RF-v5,0.008713245520295211,0.9912833045201361,3.44995956867291e-06
1990,F-A1-DDOSLIKE-V-02,DDoS,DDoS,RF-v5,0.2145840750419485,0.7815543462096679,0.0038615787483842574
1991,F-A1-DDOSLIKE-V-02,DDoS,DDoS,RF-v5,0.004038165336220465,0.9959583847042108,3.44995956867291e-06
1992,F-A1-DDOSLIKE-V-02,DDoS,DDoS,RF-v5,0.13107745404361335,0.8644996801958503,0.004422865760537095
1993,F-A1-DDOSLIKE-V-02,DDoS,DDoS,RF-v5,0.012557860380693146,0.9874386896597384,3.44995956867291e-06
1994,F-A1-DDOSLIKE-V-02,DDoS,DDoS,RF-v5,0.2283574699823657,0.7668005443366883,0.004841985680946787
1995,F-A1-DDOSLIKE-V-02,DDoS,DDoS,RF-v5,0.004038165336220465,0.9959583847042108,3.44995956867291e-06
1996,F-A1-DDOSLIKE-V-02,DDoS,DDoS,RF-v5,0.13107745404361335,0.8644663189775875,0.004456226978799849
1997,F-A1-DDOSLIKE-V-02,DDoS,DDoS,RF-v5,0.011291212207142748,0.9887053378332886,3.44995956867291e-06
1998,F-A1-DDOSLIKE-V-02,DDoS,DDoS,RF-v5,0.13107745404361335,0.8644663189775875,0.004456226978799849
1999,F-A1-DDOSLIKE-V-02,DDoS,DDoS,RF-v5,0.006988011354698248,0.9930085386857331,3.44995956867291e-06
2000,F-A1-DDOSLIKE-V-02,DDoS,DDoS,RF-v5,0.13107745404361335,0.8644663189775875,0.004456226978799849
2001,F-A1-DDOSLIKE-V-02,DDoS,DDoS,RF-v5,0.004038165336220465,0.9959583847042108,3.44995956867291e-06
2002,F-A1-DDOSLIKE-V-02,DDoS,DDoS,RF-v5,0.20647868392695032,0.789659737324666,0.0038615787483842574
2003,F-A1-DDOSLIKE-V-02,DDoS,DDoS,RF-v5,0.004038165336220465,0.9959583847042108,3.44995956867291e-06
2004,F-A1-DDOSLIKE-V-02,DDoS,DDoS,RF-v5,0.24433954131215718,0.7517988799394593,0.0038615787483842574
2005,F-A1-DDOSLIKE-V-02,DDoS,DDoS,RF-v5,0.19517405908025753,0.7847415862107819,0.02008435470896059
2006,F-A1-DDOSLIKE-V-02,DDoS,Normal,RF-v5,0.6552259857378416,0.33996242606602606,0.004811588196134985
2007,F-A1-DDOSLIKE-V-02,DDoS,DDoS,RF-v5,0.008638508389393708,0.9913580416510377,3.44995956867291e-06
2008,F-A1-DDOSLIKE-V-02,DDoS,DDoS,RF-v5,0.4096265279524053,0.5854528468459863,0.004920625201609391
2009,F-A1-DDOSLIKE-V-02,DDoS,DDoS,RF-v5,0.004038165336220465,0.9959583847042108,3.44995956867291e-06
2010,F-A1-DDOSLIKE-V-02,DDoS,DDoS,RF-v5,0.13107745404361335,0.8644663189775875,0.004456226978799849
2011,F-A1-DDOSLIKE-V-02,DDoS,DDoS,RF-v5,0.0044082597227082946,0.995588290317723,3.44995956867291e-06
2012,F-A1-DDOSLIKE-V-02,DDoS,DDoS,RF-v5,0.13107745404361335,0.8644996801958503,0.004422865760537095
2013,F-A1-DDOSLIKE-V-02,DDoS,DDoS,RF-v5,0.0044082597227082946,0.995588290317723,3.44995956867291e-06
2014,F-A1-DDOSLIKE-V-02,DDoS,DDoS,RF-v5,0.13107745404361335,0.8644663189775875,0.004456226978799849
2015,F-A1-DDOSLIKE-V-02,DDoS,DDoS,RF-v5,0.0044082597227082946,0.995588290317723,3.44995956867291e-06
2016,F-A1-DDOSLIKE-V-02,DDoS,DDoS,RF-v5,0.13107745404361335,0.8644996801958503,0.004422865760537095
2017,F-A1-DDOSLIKE-V-02,DDoS,DDoS,RF-v5,0.004038165336220465,0.9959583847042108,3.44995956867291e-06
2018,F-A1-DDOSLIKE-V-02,DDoS,DDoS,RF-v5,0.3028092884030185,0.6921317457784975,0.005058965818484994
2019,F-A1-DDOSLIKE-V-02,DDoS,DDoS,RF-v5,0.008654321637394291,0.9913422284030371,3.44995956867291e-06
2020,F-A1-DDOSLIKE-V-02,DDoS,DDoS,RF-v5,0.13107745404361335,0.8644663189775875,0.004456226978799849
2021,F-A1-DDOSLIKE-V-02,DDoS,DDoS,RF-v5,0.13462746896648986,0.8518704127583088,0.013502118275201671
2022,F-A1-DDOSLIKE-V-02,DDoS,DDoS,RF-v5,0.44601663937202785,0.5501217818795883,0.0038615787483842574
2023,F-A1-DDOSLIKE-V-02,DDoS,DDoS,RF-v5,0.004038165336220465,0.9959583847042108,3.44995956867291e-06
2024,F-A1-DDOSLIKE-V-02,DDoS,DDoS,RF-v5,0.13107745404361335,0.8644996801958503,0.004422865760537095
2025,F-A1-DDOSLIKE-V-02,DDoS,DDoS,RF-v5,0.004038165336220465,0.9959583847042108,3.44995956867291e-06
2026,F-A1-DDOSLIKE-V-02,DDoS,DDoS,RF-v5,0.43997490763442393,0.554966126547092,0.005058965818484994
2027,F-A1-DDOSLIKE-V-02,DDoS,DDoS,RF-v5,0.004038165336220465,0.9959583847042108,3.44995956867291e-06
2028,F-A1-DDOSLIKE-V-02,DDoS,DDoS,RF-v5,0.20858790855659184,0.7867661736864341,0.004645917756974542
2029,F-A1-DDOSLIKE-V-02,DDoS,DDoS,RF-v5,0.0044082597227082946,0.995588290317723,3.44995956867291e-06
2030,F-A1-DDOSLIKE-V-02,DDoS,DDoS,RF-v5,0.2145840750419485,0.7815543462096679,0.0038615787483842574
2031,F-A1-DDOSLIKE-V-02,DDoS,DDoS,RF-v5,0.0044082597227082946,0.995588290317723,3.44995956867291e-06
2032,F-A1-DDOSLIKE-V-02,DDoS,DDoS,RF-v5,0.3797754520767046,0.6163629691749114,0.0038615787483842574
2033,F-A1-DDOSLIKE-V-02,DDoS,DDoS,RF-v5,0.20520090953519748,0.7747147357558418,0.02008435470896059
2034,F-A1-DDOSLIKE-V-02,DDoS,DDoS,RF-v5,0.21703456107664973,0.7791038601749668,0.0038615787483842574
2035,F-A1-DDOSLIKE-V-02,DDoS,DDoS,RF-v5,0.011102295350428244,0.9888942546900031,3.44995956867291e-06
2036,F-A1-DDOSLIKE-V-02,DDoS,DDoS,RF-v5,0.2283574699823657,0.7668005443366883,0.004841985680946787
2037,F-A1-DDOSLIKE-V-02,DDoS,DDoS,RF-v5,0.006720565835279737,0.9932794341647204,0.0
2038,F-A1-DDOSLIKE-V-02,DDoS,Normal,RF-v5,0.9336478114693739,0.06160409580421766,0.00474809272640958
2039,F-A1-DDOSLIKE-V-02,DDoS,DDoS,RF-v5,0.0013227461037680016,0.9986772538962321,0.0
2040,F-A1-DDOSLIKE-V-02,DDoS,Normal,RF-v5,0.9076801350631386,0.08764709771377419,0.004672767223088266
2041,F-A1-DDOSLIKE-V-02,DDoS,DDoS,RF-v5,0.004038165336220465,0.9959583847042108,3.44995956867291e-06
2042,F-A1-DDOSLIKE-V-02,DDoS,DDoS,RF-v5,0.13107745404361335,0.8644996801958503,0.004422865760537095
2043,F-A1-DDOSLIKE-V-02,DDoS,DDoS,RF-v5,0.004038165336220465,0.9959583847042108,3.44995956867291e-06
2044,F-A1-DDOSLIKE-V-02,DDoS,DDoS,RF-v5,0.20647868392695032,0.789659737324666,0.0038615787483842574
2045,F-A1-DDOSLIKE-V-02,DDoS,DDoS,RF-v5,0.2518143911155984,0.6887675918488411,0.05941801703556157
2046,F-A1-DDOSLIKE-V-02,DDoS,DDoS,RF-v5,0.2518143911155984,0.6843914889698738,0.06379411991452892
2047,F-A1-DDOSLIKE-V-02,DDoS,Normal,RF-v5,0.6045558632617302,0.34587825949861345,0.0495658772396572
2048,F-A1-DDOSLIKE-V-02,DDoS,Normal,RF-v5,0.5742243082480124,0.3854378478995436,0.0403378438524438
2049,F-A1-DDOSLIKE-V-02,DDoS,DDoS,RF-v5,0.25936132360055175,0.681220659363888,0.05941801703556157
2050,F-A1-DDOSLIKE-V-02,DDoS,DDoS,RF-v5,0.4053668053039655,0.5334660930588396,0.06116710163719566
2051,F-A1-DDOSLIKE-V-02,DDoS,Normal,RF-v5,0.7352881638423241,0.2485218455545145,0.01618999060316186
2052,F-A1-DDOSLIKE-V-02,DDoS,DDoS,RF-v5,0.2518143911155984,0.6887675918488411,0.05941801703556157
2053,F-A1-DDOSLIKE-V-02,DDoS,DDoS,RF-v5,0.25936132360055175,0.681220659363888,0.05941801703556157
2054,F-A1-DDOSLIKE-V-02,DDoS,DDoS,RF-v5,0.2518143911155984,0.6887675918488411,0.05941801703556157
2055,F-A1-DDOSLIKE-V-02,DDoS,Normal,RF-v5,0.4692912651290734,0.46600277553854896,0.06470595933237837
2056,F-A1-DDOSLIKE-V-02,DDoS,Normal,RF-v5,0.5097540059354381,0.43948627566750564,0.050759718397056376
2057,F-A1-DDOSLIKE-V-02,DDoS,Normal,RF-v5,0.5477398275094526,0.3876120779951529,0.06464809449539546
2058,F-A1-DDOSLIKE-V-02,DDoS,DDoS,RF-v5,0.2764201604574053,0.607324087292638,0.11625575224995885
2059,F-A1-DDOSLIKE-V-03,DDoS,DDoS,RF-v5,0.004038165336220465,0.9959583847042108,3.44995956867291e-06
2060,F-A1-DDOSLIKE-V-03,DDoS,Normal,RF-v5,0.9326235410171622,0.0626134611779304,0.004762997804908551
2061,F-A1-DDOSLIKE-V-03,DDoS,DDoS,RF-v5,0.004038165336220465,0.9959583847042108,3.44995956867291e-06
2062,F-A1-DDOSLIKE-V-03,DDoS,Normal,RF-v5,0.9774361100111577,0.01841839617582625,0.0041454938130172795
2063,F-A1-DDOSLIKE-V-03,DDoS,DDoS,RF-v5,0.009038165336220465,0.9909583847042108,3.44995956867291e-06
2064,F-A1-DDOSLIKE-V-03,DDoS,DDoS,RF-v5,0.013298012858456805,0.9866985371819745,3.44995956867291e-06
2065,F-A1-DDOSLIKE-V-03,DDoS,DDoS,RF-v5,0.2169594840655775,0.7791789371860389,0.0038615787483842574
2066,F-A1-DDOSLIKE-V-03,DDoS,DDoS,RF-v5,0.13107745404361335,0.8644996801958503,0.004422865760537095
2067,F-A1-DDOSLIKE-V-03,DDoS,DDoS,RF-v5,0.004038165336220465,0.9959583847042108,3.44995956867291e-06
2068,F-A1-DDOSLIKE-V-03,DDoS,DDoS,RF-v5,0.25119766043428193,0.7439907513695837,0.004811588196134985
2069,F-A1-DDOSLIKE-V-03,DDoS,DDoS,RF-v5,0.005636401436572053,0.9943601486038592,3.44995956867291e-06
2070,F-A1-DDOSLIKE-V-03,DDoS,DDoS,RF-v5,0.21086951859013423,0.7827749767074558,0.0063555047024105435
2071,F-A1-DDOSLIKE-V-03,DDoS,DDoS,RF-v5,0.004038165336220465,0.9959583847042108,3.44995956867291e-06
2072,F-A1-DDOSLIKE-V-03,DDoS,DDoS,RF-v5,0.0015982361003515871,0.9984017638996484,0.0
2073,F-A1-DDOSLIKE-V-03,DDoS,DDoS,RF-v5,0.4305411843870963,0.5643998497944195,0.005058965818484994
2074,F-A1-DDOSLIKE-V-03,DDoS,DDoS,RF-v5,0.20647868392695032,0.789659737324666,0.0038615787483842574
2075,F-A1-DDOSLIKE-V-03,DDoS,DDoS,RF-v5,0.004038165336220465,0.9959583847042108,3.44995956867291e-06
2076,F-A1-DDOSLIKE-V-03,DDoS,Normal,RF-v5,0.6997260571324772,0.2953642083011824,0.004909734566341149
2077,F-A1-DDOSLIKE-V-03,DDoS,DDoS,RF-v5,0.0044082597227082946,0.995588290317723,3.44995956867291e-06
2078,F-A1-DDOSLIKE-V-03,DDoS,DDoS,RF-v5,0.20647868392695032,0.789659737324666,0.0038615787483842574
2079,F-A1-DDOSLIKE-V-03,DDoS,DDoS,RF-v5,0.018962554503750825,0.9810339955366804,3.44995956867291e-06
2080,F-A1-DDOSLIKE-V-03,DDoS,DDoS,RF-v5,0.004038165336220465,0.9959583847042108,3.44995956867291e-06
2081,F-A1-DDOSLIKE-V-03,DDoS,DDoS,RF-v5,0.12995348584684493,0.870046514153155,0.0
2082,F-A1-DDOSLIKE-V-03,DDoS,DDoS,RF-v5,0.2781559397171113,0.7169234350812802,0.004920625201609391
2083,F-A1-DDOSLIKE-V-03,DDoS,Normal,RF-v5,0.5727308764483614,0.42245753535550457,0.004811588196134985
2084,F-A1-DDOSLIKE-V-03,DDoS,DDoS,RF-v5,0.004038165336220465,0.9959583847042108,3.44995956867291e-06
2085,F-A1-DDOSLIKE-V-03,DDoS,DDoS,RF-v5,0.21703456107664973,0.7791038601749668,0.0038615787483842574
2086,F-A1-DDOSLIKE-V-03,DDoS,DDoS,RF-v5,0.0044082597227082946,0.995588290317723,3.44995956867291e-06
2087,F-A1-DDOSLIKE-V-03,DDoS,DDoS,RF-v5,0.13107745404361335,0.8644996801958503,0.004422865760537095
2088,F-A1-DDOSLIKE-V-03,DDoS,DDoS,RF-v5,0.0044082597227082946,0.995588290317723,3.44995956867291e-06
2089,F-A1-DDOSLIKE-V-03,DDoS,DDoS,RF-v5,0.13107745404361335,0.8644663189775875,0.004456226978799849
2090,F-A1-DDOSLIKE-V-03,DDoS,DDoS,RF-v5,0.004038165336220465,0.9959583847042108,3.44995956867291e-06
2091,F-A1-DDOSLIKE-V-03,DDoS,DDoS,RF-v5,0.22585630426381675,0.7645432377380676,0.009600457998116142
2092,F-A1-DDOSLIKE-V-03,DDoS,DDoS,RF-v5,0.017633736147988438,0.982362813892443,3.44995956867291e-06
2093,F-A1-DDOSLIKE-V-03,DDoS,DDoS,RF-v5,0.13107745404361335,0.8644663189775875,0.004456226978799849
2094,F-A1-DDOSLIKE-V-03,DDoS,DDoS,RF-v5,0.008004447501260394,0.991992102539171,3.44995956867291e-06
2095,F-A1-DDOSLIKE-V-03,DDoS,DDoS,RF-v5,0.13107745404361335,0.8644663189775875,0.004456226978799849
2096,F-A1-DDOSLIKE-V-03,DDoS,DDoS,RF-v5,0.008654321637394291,0.9913422284030371,3.44995956867291e-06
2097,F-A1-DDOSLIKE-V-03,DDoS,DDoS,RF-v5,0.21703456107664973,0.7791038601749668,0.0038615787483842574
2098,F-A1-DDOSLIKE-V-03,DDoS,DDoS,RF-v5,0.004038165336220465,0.9959583847042108,3.44995956867291e-06
2099,F-A1-DDOSLIKE-V-03,DDoS,Normal,RF-v5,0.5712707937195295,0.4228672935472326,0.005861912733238509
2100,F-A1-DDOSLIKE-V-03,DDoS,DDoS,RF-v5,0.005636401436572053,0.9943601486038592,3.44995956867291e-06
2101,F-A1-DDOSLIKE-V-03,DDoS,DDoS,RF-v5,0.24433954131215718,0.7517988799394593,0.0038615787483842574
2102,F-A1-DDOSLIKE-V-03,DDoS,DDoS,RF-v5,0.0,1.0,0.0
2103,F-A1-DDOSLIKE-V-03,DDoS,DDoS,RF-v5,0.40814990434389137,0.5879885169077244,0.0038615787483842574
2104,F-A1-DDOSLIKE-V-03,DDoS,DDoS,RF-v5,0.004038165336220465,0.9959583847042108,3.44995956867291e-06
2105,F-A1-DDOSLIKE-V-03,DDoS,DDoS,RF-v5,0.25119766043428193,0.7439907513695837,0.004811588196134985
2106,F-A1-DDOSLIKE-V-03,DDoS,DDoS,RF-v5,0.004038165336220465,0.9959583847042108,3.44995956867291e-06
2107,F-A1-DDOSLIKE-V-03,DDoS,DDoS,RF-v5,0.13107745404361335,0.8644996801958503,0.004422865760537095
2108,F-A1-DDOSLIKE-V-03,DDoS,DDoS,RF-v5,0.004038165336220465,0.9959583847042108,3.44995956867291e-06
2109,F-A1-DDOSLIKE-V-03,DDoS,DDoS,RF-v5,0.21140232875912665,0.7847360924924897,0.0038615787483842574
2110,F-A1-DDOSLIKE-V-03,DDoS,DDoS,RF-v5,0.008713245520295211,0.9912833045201361,3.44995956867291e-06
2111,F-A1-DDOSLIKE-V-03,DDoS,DDoS,RF-v5,0.23749950334568773,0.7576542839976256,0.004846212656687351
2112,F-A1-DDOSLIKE-V-03,DDoS,DDoS,RF-v5,0.004038165336220465,0.9959583847042108,3.44995956867291e-06
2113,F-A1-DDOSLIKE-V-03,DDoS,DDoS,RF-v5,0.21140232875912665,0.7847360924924897,0.0038615787483842574
2114,F-A1-DDOSLIKE-V-03,DDoS,DDoS,RF-v5,0.004038165336220465,0.9959583847042108,3.44995956867291e-06
2115,F-A1-DDOSLIKE-V-03,DDoS,DDoS,RF-v5,0.20647868392695032,0.789659737324666,0.0038615787483842574
2116,F-A1-DDOSLIKE-V-03,DDoS,DDoS,RF-v5,0.008654321637394291,0.9913422284030371,3.44995956867291e-06
2117,F-A1-DDOSLIKE-V-03,DDoS,DDoS,RF-v5,0.13107745404361335,0.8580012638026453,0.010921282153742112
2118,F-A1-DDOSLIKE-V-03,DDoS,DDoS,RF-v5,0.004038165336220465,0.9959583847042108,3.44995956867291e-06
2119,F-A1-DDOSLIKE-V-03,DDoS,DDoS,RF-v5,0.13107745404361335,0.8644996801958503,0.004422865760537095
2120,F-A1-DDOSLIKE-V-03,DDoS,DDoS,RF-v5,0.0127487353417545,0.9872478146986768,3.44995956867291e-06
2121,F-A1-DDOSLIKE-V-03,DDoS,DDoS,RF-v5,0.13107745404361335,0.8644996801958503,0.004422865760537095
2122,F-A1-DDOSLIKE-V-03,DDoS,DDoS,RF-v5,0.004038165336220465,0.9959583847042108,3.44995956867291e-06
2123,F-A1-DDOSLIKE-V-03,DDoS,DDoS,RF-v5,0.2145840750419485,0.7815543462096679,0.0038615787483842574
2124,F-A1-DDOSLIKE-V-03,DDoS,DDoS,RF-v5,0.007324930042102818,0.9926716199983285,3.44995956867291e-06
2125,F-A1-DDOSLIKE-V-03,DDoS,DDoS,RF-v5,0.13107745404361335,0.8644996801958503,0.004422865760537095
2126,F-A1-DDOSLIKE-V-03,DDoS,DDoS,RF-v5,0.010266343345296221,0.9897302066951351,3.44995956867291e-06
2127,F-A1-DDOSLIKE-V-03,DDoS,Normal,RF-v5,0.9773289053913077,0.01820915304070183,0.004461941567991549
2128,F-A1-DDOSLIKE-V-03,DDoS,DDoS,RF-v5,0.004038165336220465,0.9959583847042108,3.44995956867291e-06
2129,F-A1-DDOSLIKE-V-03,DDoS,Normal,RF-v5,0.6290990305800428,0.3660589837390127,0.004841985680946787
2130,F-A1-DDOSLIKE-V-03,DDoS,DDoS,RF-v5,0.011407217588343194,0.9885893324520881,3.44995956867291e-06
2131,F-A1-DDOSLIKE-V-03,DDoS,DDoS,RF-v5,0.43427987663831247,0.5606611575432034,0.005058965818484994
2132,F-A1-DDOSLIKE-V-03,DDoS,DDoS,RF-v5,0.015050291073163033,0.9832366720218323,0.0017130369050046752
2133,F-A1-DDOSLIKE-V-03,DDoS,Normal,RF-v5,0.9774096909233135,0.01844481526367037,0.0041454938130172795
2134,F-A1-DDOSLIKE-V-03,DDoS,DDoS,RF-v5,0.0044082597227082946,0.995588290317723,3.44995956867291e-06
2135,F-A1-DDOSLIKE-V-03,DDoS,DDoS,RF-v5,0.24433954131215718,0.7517988799394593,0.0038615787483842574
2136,F-A1-DDOSLIKE-V-03,DDoS,DDoS,RF-v5,0.008298012858456806,0.9916985371819745,3.44995956867291e-06
2137,F-A1-DDOSLIKE-V-03,DDoS,DDoS,RF-v5,0.25119766043428193,0.7439907513695837,0.004811588196134985
2138,F-A1-DDOSLIKE-V-03,DDoS,DDoS,RF-v5,0.004038165336220465,0.9959583847042108,3.44995956867291e-06
2139,F-A1-DDOSLIKE-V-03,DDoS,Normal,RF-v5,0.5515856800295902,0.44335535415192545,0.005058965818484994
2140,F-A1-DDOSLIKE-V-03,DDoS,DDoS,RF-v5,0.004038165336220465,0.9959583847042108,3.44995956867291e-06
2141,F-A1-DDOSLIKE-V-03,DDoS,DDoS,RF-v5,0.2145840750419485,0.7815543462096679,0.0038615787483842574
2142,F-A1-DDOSLIKE-V-03,DDoS,DDoS,RF-v5,0.004038165336220465,0.9959583847042108,3.44995956867291e-06
2143,F-A1-DDOSLIKE-V-03,DDoS,Normal,RF-v5,0.6552259857378416,0.33996242606602606,0.004811588196134985
2144,F-A1-DDOSLIKE-V-03,DDoS,DDoS,RF-v5,0.0044082597227082946,0.995588290317723,3.44995956867291e-06
2145,F-A1-DDOSLIKE-V-03,DDoS,DDoS,RF-v5,0.20647868392695032,0.789659737324666,0.0038615787483842574
2146,F-A1-DDOSLIKE-V-03,DDoS,DDoS,RF-v5,0.004038165336220465,0.9959583847042108,3.44995956867291e-06
2147,F-A1-DDOSLIKE-V-03,DDoS,Normal,RF-v5,0.6552259857378416,0.33996242606602606,0.004811588196134985
2148,F-A1-DDOSLIKE-V-03,DDoS,DDoS,RF-v5,0.011012125736942569,0.9872782873176215,0.0017095869454360022
2149,F-A1-DDOSLIKE-V-03,DDoS,Normal,RF-v5,0.6518635657893291,0.34327552865935185,0.004860905551321779
2150,F-A1-DDOSLIKE-V-03,DDoS,DDoS,RF-v5,0.008638508389393708,0.9913580416510377,3.44995956867291e-06
2151,F-A1-DDOSLIKE-V-03,DDoS,DDoS,RF-v5,0.13107745404361335,0.8644663189775875,0.004456226978799849
2152,F-A1-DDOSLIKE-V-03,DDoS,DDoS,RF-v5,0.011941086343276643,0.9880554636971547,3.44995956867291e-06
2153,F-A1-DDOSLIKE-V-03,DDoS,Normal,RF-v5,0.5307779318225312,0.46536048942908487,0.0038615787483842574
2154,F-A1-DDOSLIKE-V-03,DDoS,DDoS,RF-v5,0.008654321637394291,0.9913422284030371,3.44995956867291e-06
2155,F-A1-DDOSLIKE-V-03,DDoS,Normal,RF-v5,0.6518635657893291,0.34327552865935185,0.004860905551321779
2156,F-A1-DDOSLIKE-V-03,DDoS,DDoS,RF-v5,0.008654321637394291,0.9913422284030371,3.44995956867291e-06
2157,F-A1-DDOSLIKE-V-03,DDoS,DDoS,RF-v5,0.20647868392695032,0.789659737324666,0.0038615787483842574
2158,F-A1-DDOSLIKE-V-03,DDoS,DDoS,RF-v5,0.007902921007056179,0.9903874920475079,0.0017095869454360022
2159,F-A1-DDOSLIKE-V-03,DDoS,DDoS,RF-v5,0.22585630426381675,0.768800801122797,0.005342894613386959
2160,F-A1-DDOSLIKE-V-03,DDoS,DDoS,RF-v5,0.008668107244944634,0.9894082480553789,0.0019236446996765439
2161,F-A1-DDOSLIKE-V-03,DDoS,DDoS,RF-v5,0.23749950334568773,0.7576542839976256,0.004846212656687351
2162,F-A1-DDOSLIKE-V-03,DDoS,DDoS,RF-v5,0.008654321637394291,0.9913422284030371,3.44995956867291e-06
2163,F-A1-DDOSLIKE-V-03,DDoS,DDoS,RF-v5,0.215659549966464,0.7729159796339278,0.011424470399608979
2164,F-A1-DDOSLIKE-V-03,DDoS,DDoS,RF-v5,0.004038165336220465,0.9959583847042108,3.44995956867291e-06
2165,F-A1-DDOSLIKE-V-03,DDoS,DDoS,RF-v5,0.22585630426381675,0.768800801122797,0.005342894613386959
2166,F-A1-DDOSLIKE-V-03,DDoS,DDoS,RF-v5,0.006006495823059881,0.9939900542173714,3.44995956867291e-06
2167,F-A1-DDOSLIKE-V-03,DDoS,DDoS,RF-v5,0.24433954131215718,0.7517988799394593,0.0038615787483842574
2168,F-A1-DDOSLIKE-V-03,DDoS,DDoS,RF-v5,0.004038165336220465,0.9959583847042108,3.44995956867291e-06
2169,F-A1-DDOSLIKE-V-03,DDoS,DDoS,RF-v5,0.24433954131215718,0.7517988799394593,0.0038615787483842574
2170,F-A1-DDOSLIKE-V-03,DDoS,DDoS,RF-v5,0.008638508389393708,0.9913580416510377,3.44995956867291e-06
2171,F-A1-DDOSLIKE-V-03,DDoS,DDoS,RF-v5,0.21703456107664973,0.7791038601749668,0.0038615787483842574
2172,F-A1-DDOSLIKE-V-03,DDoS,DDoS,RF-v5,0.004038165336220465,0.9959583847042108,3.44995956867291e-06
2173,F-A1-DDOSLIKE-V-03,DDoS,DDoS,RF-v5,0.21140232875912665,0.7847360924924897,0.0038615787483842574
2174,F-A1-DDOSLIKE-V-03,DDoS,DDoS,RF-v5,0.01365432163739429,0.9863422284030371,3.44995956867291e-06
2175,F-A1-DDOSLIKE-V-03,DDoS,Normal,RF-v5,0.5727308764483614,0.42245753535550457,0.004811588196134985
2176,F-A1-DDOSLIKE-V-03,DDoS,DDoS,RF-v5,0.004038165336220465,0.9959583847042108,3.44995956867291e-06
2177,F-A1-DDOSLIKE-V-03,DDoS,DDoS,RF-v5,0.13107745404361335,0.8644663189775875,0.004456226978799849
2178,F-A1-DDOSLIKE-V-03,DDoS,DDoS,RF-v5,0.008654321637394291,0.9913422284030371,3.44995956867291e-06
2179,F-A1-DDOSLIKE-V-03,DDoS,DDoS,RF-v5,0.24433954131215718,0.7517988799394593,0.0038615787483842574
2180,F-A1-DDOSLIKE-V-03,DDoS,DDoS,RF-v5,0.007896275515532706,0.9921037244844674,0.0
2181,F-A1-DDOSLIKE-V-03,DDoS,DDoS,RF-v5,0.22585630426381675,0.768800801122797,0.005342894613386959
2182,F-A1-DDOSLIKE-V-03,DDoS,DDoS,RF-v5,0.004038165336220465,0.9959583847042108,3.44995956867291e-06
2183,F-A1-DDOSLIKE-V-03,DDoS,DDoS,RF-v5,0.22585630426381675,0.768800801122797,0.005342894613386959
2184,F-A1-DDOSLIKE-V-03,DDoS,DDoS,RF-v5,0.004038165336220465,0.9959583847042108,3.44995956867291e-06
2185,F-A1-DDOSLIKE-V-03,DDoS,DDoS,RF-v5,0.24780522218397139,0.7473831896198943,0.004811588196134985
2186,F-A1-DDOSLIKE-V-03,DDoS,DDoS,RF-v5,0.013350311773633185,0.9866496882263669,0.0
2187,F-A1-DDOSLIKE-V-03,DDoS,DDoS,RF-v5,0.2145840750419485,0.7815543462096679,0.0038615787483842574
2188,F-A1-DDOSLIKE-V-03,DDoS,DDoS,RF-v5,0.0044082597227082946,0.995588290317723,3.44995956867291e-06
2189,F-A1-DDOSLIKE-V-03,DDoS,DDoS,RF-v5,0.13107745404361335,0.8644996801958503,0.004422865760537095
2190,F-A1-DDOSLIKE-V-03,DDoS,DDoS,RF-v5,0.010007330541162091,0.9899926694588379,0.0
2191,F-A1-DDOSLIKE-V-03,DDoS,DDoS,RF-v5,0.22585630426381675,0.768800801122797,0.005342894613386959
2192,F-A1-DDOSLIKE-V-03,DDoS,DDoS,RF-v5,0.004038165336220465,0.9959583847042108,3.44995956867291e-06
2193,F-A1-DDOSLIKE-V-03,DDoS,DDoS,RF-v5,0.20647868392695032,0.789659737324666,0.0038615787483842574
2194,F-A1-DDOSLIKE-V-03,DDoS,DDoS,RF-v5,0.008654321637394291,0.9913422284030371,3.44995956867291e-06
2195,F-A1-DDOSLIKE-V-03,DDoS,DDoS,RF-v5,0.13107745404361335,0.8644996801958503,0.004422865760537095
2196,F-A1-DDOSLIKE-V-03,DDoS,DDoS,RF-v5,0.008654321637394291,0.9913422284030371,3.44995956867291e-06
2197,F-A1-DDOSLIKE-V-03,DDoS,DDoS,RF-v5,0.20647868392695032,0.789659737324666,0.0038615787483842574
2198,F-A1-DDOSLIKE-V-03,DDoS,DDoS,RF-v5,0.014211500080314634,0.9857850499601167,3.44995956867291e-06
2199,F-A1-DDOSLIKE-V-03,DDoS,DDoS,RF-v5,0.24780522218397139,0.7473831896198943,0.004811588196134985
2200,F-A1-DDOSLIKE-V-03,DDoS,DDoS,RF-v5,0.008764434133212946,0.9912321159072184,3.44995956867291e-06
2201,F-A1-DDOSLIKE-V-03,DDoS,Normal,RF-v5,0.6556497910374933,0.3395386207663744,0.004811588196134985
2202,F-A1-DDOSLIKE-V-03,DDoS,DDoS,RF-v5,0.0078924579641629,0.9921040920762684,3.44995956867291e-06
2203,F-A1-DDOSLIKE-V-03,DDoS,DDoS,RF-v5,0.13107745404361335,0.8644996801958503,0.004422865760537095
2204,F-A1-DDOSLIKE-V-03,DDoS,DDoS,RF-v5,0.011570460498561346,0.98842608954187,3.44995956867291e-06
2205,F-A1-DDOSLIKE-V-03,DDoS,DDoS,RF-v5,0.13107745404361335,0.8644996801958503,0.004422865760537095
2206,F-A1-DDOSLIKE-V-03,DDoS,DDoS,RF-v5,0.004038165336220465,0.9959583847042108,3.44995956867291e-06
2207,F-A1-DDOSLIKE-V-03,DDoS,DDoS,RF-v5,0.13107745404361335,0.8644663189775875,0.004456226978799849
2208,F-A1-DDOSLIKE-V-03,DDoS,DDoS,RF-v5,0.008764434133212947,0.9912321159072184,3.44995956867291e-06
2209,F-A1-DDOSLIKE-V-03,DDoS,DDoS,RF-v5,0.42107329633539364,0.5750651249162222,0.0038615787483842574
2210,F-A1-DDOSLIKE-V-03,DDoS,DDoS,RF-v5,0.004038165336220465,0.9959583847042108,3.44995956867291e-06
2211,F-A1-DDOSLIKE-V-03,DDoS,Normal,RF-v5,0.9774361100111577,0.01841839617582625,0.0041454938130172795
2212,F-A1-DDOSLIKE-V-03,DDoS,DDoS,RF-v5,0.004038165336220465,0.9959583847042108,3.44995956867291e-06
2213,F-A1-DDOSLIKE-V-03,DDoS,DDoS,RF-v5,0.42107329633539364,0.5750651249162222,0.0038615787483842574
2214,F-A1-DDOSLIKE-V-03,DDoS,DDoS,RF-v5,0.008654321637394291,0.9913422284030371,3.44995956867291e-06
2215,F-A1-DDOSLIKE-V-03,DDoS,DDoS,RF-v5,0.004038165336220465,0.9959583847042108,3.44995956867291e-06
2216,F-A1-DDOSLIKE-V-03,DDoS,Normal,RF-v5,0.6997260571324772,0.2953642083011824,0.004909734566341149
2217,F-A1-DDOSLIKE-V-03,DDoS,DDoS,RF-v5,0.47630613961849283,0.5176143618115587,0.006079498569948602
2218,F-A1-DDOSLIKE-V-03,DDoS,DDoS,RF-v5,0.017238700613699014,0.9827612993863011,0.0
2219,F-A1-DDOSLIKE-V-03,DDoS,DDoS,RF-v5,0.13107745404361335,0.8644996801958503,0.004422865760537095
2220,F-A1-DDOSLIKE-V-03,DDoS,DDoS,RF-v5,0.004038165336220465,0.9959583847042108,3.44995956867291e-06
2221,F-A1-DDOSLIKE-V-03,DDoS,Normal,RF-v5,0.9180963218465259,0.07716162898521732,0.004742049168258141
2222,F-A1-DDOSLIKE-V-03,DDoS,DDoS,RF-v5,0.01365432163739429,0.9863422284030371,3.44995956867291e-06
2223,F-A1-DDOSLIKE-V-03,DDoS,DDoS,RF-v5,0.13107745404361335,0.8644996801958503,0.004422865760537095
2224,F-A1-DDOSLIKE-V-03,DDoS,DDoS,RF-v5,0.009225667110824181,0.9907743328891759,0.0
2225,F-A1-DDOSLIKE-V-03,DDoS,DDoS,RF-v5,0.4360825432364105,0.5588584909451056,0.005058965818484994
2226,F-A1-DDOSLIKE-V-03,DDoS,DDoS,RF-v5,0.008654321637394291,0.9913422284030371,3.44995956867291e-06
2227,F-A1-DDOSLIKE-V-03,DDoS,DDoS,RF-v5,0.13107745404361335,0.8644663189775875,0.004456226978799849
2228,F-A1-DDOSLIKE-V-03,DDoS,DDoS,RF-v5,0.004038165336220465,0.9959583847042108,3.44995956867291e-06
2229,F-A1-DDOSLIKE-V-03,DDoS,DDoS,RF-v5,0.2145840750419485,0.7815543462096679,0.0038615787483842574
2230,F-A1-DDOSLIKE-V-03,DDoS,DDoS,RF-v5,0.004038165336220465,0.9959583847042108,3.44995956867291e-06
2231,F-A1-DDOSLIKE-V-03,DDoS,DDoS,RF-v5,0.24433954131215718,0.7517988799394593,0.0038615787483842574
2232,F-A1-DDOSLIKE-V-03,DDoS,DDoS,RF-v5,0.004038165336220465,0.9959583847042108,3.44995956867291e-06
2233,F-A1-DDOSLIKE-V-03,DDoS,DDoS,RF-v5,0.215659549966464,0.7729159796339278,0.011424470399608979
2234,F-A1-DDOSLIKE-V-03,DDoS,DDoS,RF-v5,0.0013227461037680016,0.9986772538962321,0.0
2235,F-A1-DDOSLIKE-V-03,DDoS,DDoS,RF-v5,0.2283574699823657,0.7668005443366883,0.004841985680946787
2236,F-A1-DDOSLIKE-V-03,DDoS,DDoS,RF-v5,0.011763526367280681,0.9882330236731507,3.44995956867291e-06
2237,F-A1-DDOSLIKE-V-03,DDoS,DDoS,RF-v5,0.13107745404361335,0.8644663189775875,0.004456226978799849
2238,F-A1-DDOSLIKE-V-03,DDoS,DDoS,RF-v5,0.0,1.0,0.0
2239,F-A1-DDOSLIKE-V-03,DDoS,Normal,RF-v5,0.6290990305800428,0.3660589837390127,0.004841985680946787
2240,F-A1-DDOSLIKE-V-03,DDoS,DDoS,RF-v5,0.004038165336220465,0.9959583847042108,3.44995956867291e-06
2241,F-A1-DDOSLIKE-V-03,DDoS,Normal,RF-v5,0.5904735633264012,0.40448628745017495,0.005040149223424999
2242,F-A1-DDOSLIKE-V-03,DDoS,DDoS,RF-v5,0.015651656348810678,0.9843448936916207,3.44995956867291e-06
2243,F-A1-DDOSLIKE-V-03,DDoS,DDoS,RF-v5,0.24433954131215718,0.7517988799394593,0.0038615787483842574
2244,F-A1-DDOSLIKE-V-03,DDoS,DDoS,RF-v5,0.0013227461037680016,0.9986772538962321,0.0
2245,F-A1-DDOSLIKE-V-03,DDoS,DDoS,RF-v5,0.25119766043428193,0.7439907513695837,0.004811588196134985
2246,F-A1-DDOSLIKE-V-03,DDoS,DDoS,RF-v5,0.0044082597227082946,0.995588290317723,3.44995956867291e-06
2247,F-A1-DDOSLIKE-V-03,DDoS,DDoS,RF-v5,0.3028092884030185,0.6921317457784975,0.005058965818484994
2248,F-A1-DDOSLIKE-V-03,DDoS,DDoS,RF-v5,0.01422566711082418,0.9857743328891759,0.0
2249,F-A1-DDOSLIKE-V-03,DDoS,Normal,RF-v5,0.6311534701561438,0.3640349416477225,0.004811588196134985
2250,F-A1-DDOSLIKE-V-03,DDoS,DDoS,RF-v5,0.008654321637394291,0.9913422284030371,3.44995956867291e-06
2251,F-A1-DDOSLIKE-V-03,DDoS,Normal,RF-v5,0.5712707937195295,0.4228672935472326,0.005861912733238509
2252,F-A1-DDOSLIKE-V-03,DDoS,DDoS,RF-v5,0.004038165336220465,0.9959583847042108,3.44995956867291e-06
2253,F-A1-DDOSLIKE-V-03,DDoS,DDoS,RF-v5,0.23749950334568773,0.7576542839976256,0.004846212656687351
2254,F-A1-DDOSLIKE-V-03,DDoS,DDoS,RF-v5,0.008638508389393708,0.9913580416510377,3.44995956867291e-06
2255,F-A1-DDOSLIKE-V-03,DDoS,DDoS,RF-v5,0.24780522218397139,0.7473831896198943,0.004811588196134985
2256,F-A1-DDOSLIKE-V-03,DDoS,DDoS,RF-v5,0.004038165336220465,0.9959583847042108,3.44995956867291e-06
2257,F-A1-DDOSLIKE-V-03,DDoS,DDoS,RF-v5,0.4419712791942954,0.5541671420573206,0.0038615787483842574
2258,F-A1-DDOSLIKE-V-03,DDoS,DDoS,RF-v5,0.012116782820376894,0.9878797672200544,3.44995956867291e-06
2259,F-A1-DDOSLIKE-V-03,DDoS,DDoS,RF-v5,0.13107745404361335,0.8644996801958503,0.004422865760537095
2260,F-A1-DDOSLIKE-V-03,DDoS,DDoS,RF-v5,0.004038165336220465,0.9959583847042108,3.44995956867291e-06
2261,F-A1-DDOSLIKE-V-03,DDoS,DDoS,RF-v5,0.24780522218397139,0.7473831896198943,0.004811588196134985
2262,F-A1-DDOSLIKE-V-03,DDoS,DDoS,RF-v5,0.008638508389393708,0.9913580416510377,3.44995956867291e-06
2263,F-A1-DDOSLIKE-V-03,DDoS,DDoS,RF-v5,0.25119766043428193,0.7439907513695837,0.004811588196134985
2264,F-A1-DDOSLIKE-V-03,DDoS,DDoS,RF-v5,0.012914169159630631,0.9870823808808008,3.44995956867291e-06
2265,F-A1-DDOSLIKE-V-03,DDoS,Normal,RF-v5,0.5727308764483614,0.42245753535550457,0.004811588196134985
2266,F-A1-DDOSLIKE-V-03,DDoS,DDoS,RF-v5,0.008654321637394291,0.9913422284030371,3.44995956867291e-06
2267,F-A1-DDOSLIKE-V-03,DDoS,DDoS,RF-v5,0.13107745404361335,0.8644663189775875,0.004456226978799849
2268,F-A1-DDOSLIKE-V-03,DDoS,DDoS,RF-v5,0.008654321637394291,0.9913422284030371,3.44995956867291e-06
2269,F-A1-DDOSLIKE-V-03,DDoS,DDoS,RF-v5,0.47138508346538677,0.5247533377862291,0.0038615787483842574
2270,F-A1-DDOSLIKE-V-03,DDoS,DDoS,RF-v5,0.008638508389393708,0.9913580416510377,3.44995956867291e-06
2271,F-A1-DDOSLIKE-V-03,DDoS,Normal,RF-v5,0.7344568446929555,0.26007948983393164,0.005463665473113822
2272,F-A1-DDOSLIKE-V-03,DDoS,DDoS,RF-v5,0.004038165336220465,0.9959583847042108,3.44995956867291e-06
2273,F-A1-DDOSLIKE-V-03,DDoS,DDoS,RF-v5,0.4360825432364105,0.5588584909451056,0.005058965818484994
2274,F-A1-DDOSLIKE-V-03,DDoS,DDoS,RF-v5,0.004038165336220465,0.9959583847042108,3.44995956867291e-06
2275,F-A1-DDOSLIKE-V-03,DDoS,Normal,RF-v5,0.9774096909233135,0.01844481526367037,0.0041454938130172795
2276,F-A1-DDOSLIKE-V-03,DDoS,DDoS,RF-v5,0.004038165336220465,0.9959583847042108,3.44995956867291e-06
2277,F-A1-DDOSLIKE-V-03,DDoS,Normal,RF-v5,0.7738388812621134,0.2218678589289249,0.004293259808963643
2278,F-A1-DDOSLIKE-V-03,DDoS,DDoS,RF-v5,0.0044082597227082946,0.995588290317723,3.44995956867291e-06
2279,F-A1-DDOSLIKE-V-03,DDoS,DDoS,RF-v5,0.33862678148031966,0.6563142527011964,0.005058965818484994
2280,F-A1-DDOSLIKE-V-03,DDoS,DDoS,RF-v5,0.004038165336220465,0.9959583847042108,3.44995956867291e-06
2281,F-A1-DDOSLIKE-V-03,DDoS,DDoS,RF-v5,0.02544179799137959,0.9745547520490517,3.44995956867291e-06
2282,F-A1-DDOSLIKE-V-03,DDoS,DDoS,RF-v5,0.21710760360106454,0.7752005973578914,0.007691799041044801
2283,F-A1-DDOSLIKE-V-03,DDoS,DDoS,RF-v5,0.004038165336220465,0.9959583847042108,3.44995956867291e-06
2284,F-A1-DDOSLIKE-V-03,DDoS,Normal,RF-v5,0.9180963218465259,0.07716162898521732,0.004742049168258141
2285,F-A1-DDOSLIKE-V-03,DDoS,DDoS,RF-v5,0.004038165336220465,0.9959583847042108,3.44995956867291e-06
2286,F-A1-DDOSLIKE-V-03,DDoS,DDoS,RF-v5,0.20647868392695032,0.789659737324666,0.0038615787483842574
2287,F-A1-DDOSLIKE-V-03,DDoS,DDoS,RF-v5,0.0065735294117647055,0.9917168836427993,0.0017095869454360022
2288,F-A1-DDOSLIKE-V-03,DDoS,Normal,RF-v5,0.6311534701561438,0.3640349416477225,0.004811588196134985
2289,F-A1-DDOSLIKE-V-03,DDoS,DDoS,RF-v5,0.004272592122245783,0.9957274078777543,0.0
2290,F-A1-DDOSLIKE-V-03,DDoS,Normal,RF-v5,0.6311534701561438,0.3640349416477225,0.004811588196134985
2291,F-A1-DDOSLIKE-V-03,DDoS,DDoS,RF-v5,0.004038165336220465,0.9959583847042108,3.44995956867291e-06
2292,F-A1-DDOSLIKE-V-03,DDoS,DDoS,RF-v5,0.13107745404361335,0.8644663189775875,0.004456226978799849
2293,F-A1-DDOSLIKE-V-03,DDoS,DDoS,RF-v5,0.004038165336220465,0.9959583847042108,3.44995956867291e-06
2294,F-A1-DDOSLIKE-V-03,DDoS,DDoS,RF-v5,0.21703456107664973,0.7791038601749668,0.0038615787483842574
2295,F-A1-DDOSLIKE-V-03,DDoS,DDoS,RF-v5,0.008654321637394291,0.9913422284030371,3.44995956867291e-06
2296,F-A1-DDOSLIKE-V-03,DDoS,DDoS,RF-v5,0.13107745404361335,0.8644996801958503,0.004422865760537095
2297,F-A1-DDOSLIKE-V-03,DDoS,DDoS,RF-v5,0.011763526367280681,0.9882330236731507,3.44995956867291e-06
2298,F-A1-DDOSLIKE-V-03,DDoS,DDoS,RF-v5,0.13107745404361335,0.8644663189775875,0.004456226978799849
2299,F-A1-DDOSLIKE-V-03,DDoS,DDoS,RF-v5,0.009580986569693665,0.9904155634707377,3.44995956867291e-06
2300,F-A1-DDOSLIKE-V-03,DDoS,Normal,RF-v5,0.7344568446929555,0.26007948983393164,0.005463665473113822
2301,F-A1-DDOSLIKE-V-03,DDoS,DDoS,RF-v5,0.008654321637394291,0.9913422284030371,3.44995956867291e-06
2302,F-A1-DDOSLIKE-V-03,DDoS,DDoS,RF-v5,0.13107745404361335,0.8642741655987831,0.004648380357604228
2303,F-A1-DDOSLIKE-V-03,DDoS,DDoS,RF-v5,0.009896248958808394,0.9881801063415151,0.0019236446996765439
2304,F-A1-DDOSLIKE-V-03,DDoS,DDoS,RF-v5,0.2145840750419485,0.7815543462096679,0.0038615787483842574
2305,F-A1-DDOSLIKE-V-03,DDoS,DDoS,RF-v5,0.004038165336220465,0.9959583847042108,3.44995956867291e-06
2306,F-A1-DDOSLIKE-V-03,DDoS,DDoS,RF-v5,0.13107745404361335,0.8644663189775875,0.004456226978799849
2307,F-A1-DDOSLIKE-V-03,DDoS,DDoS,RF-v5,0.004038165336220465,0.9959583847042108,3.44995956867291e-06
2308,F-A1-DDOSLIKE-V-03,DDoS,DDoS,RF-v5,0.25119766043428193,0.7439907513695837,0.004811588196134985
2309,F-A1-DDOSLIKE-V-03,DDoS,DDoS,RF-v5,0.004038165336220465,0.9959583847042108,3.44995956867291e-06
2310,F-A1-DDOSLIKE-V-03,DDoS,DDoS,RF-v5,0.22585630426381675,0.768800801122797,0.005342894613386959
2311,F-A1-DDOSLIKE-V-03,DDoS,DDoS,RF-v5,0.005636401436572053,0.9943601486038592,3.44995956867291e-06
2312,F-A1-DDOSLIKE-V-03,DDoS,DDoS,RF-v5,0.008923166142454406,0.991073383897977,3.44995956867291e-06
2313,F-A1-DDOSLIKE-V-03,DDoS,DDoS,RF-v5,0.13107745404361335,0.8644996801958503,0.004422865760537095
2314,F-A1-DDOSLIKE-V-03,DDoS,DDoS,RF-v5,0.45132528913992404,0.5448131321116919,0.0038615787483842574
2315,F-A1-DDOSLIKE-V-03,DDoS,DDoS,RF-v5,0.006988011354698247,0.9930085386857331,3.44995956867291e-06
2316,F-A1-DDOSLIKE-V-03,DDoS,DDoS,RF-v5,0.2283574699823657,0.7668005443366883,0.004841985680946787
2317,F-A1-DDOSLIKE-V-03,DDoS,DDoS,RF-v5,0.006294221863811313,0.99370232817662,3.44995956867291e-06
2318,F-A1-DDOSLIKE-V-03,DDoS,DDoS,RF-v5,0.13107745404361335,0.8644663189775875,0.004456226978799849
2319,F-A1-DDOSLIKE-V-03,DDoS,DDoS,RF-v5,0.01668480094424166,0.9833117490961897,3.44995956867291e-06
2320,F-A1-DDOSLIKE-V-03,DDoS,DDoS,RF-v5,0.006006495823059881,0.9939900542173714,3.44995956867291e-06
2321,F-A1-DDOSLIKE-V-03,DDoS,DDoS,RF-v5,0.2145840750419485,0.7815543462096679,0.0038615787483842574
2322,F-A1-DDOSLIKE-V-03,DDoS,DDoS,RF-v5,0.0044082597227082946,0.995588290317723,3.44995956867291e-06
2323,F-A1-DDOSLIKE-V-03,DDoS,DDoS,RF-v5,0.13107745404361335,0.8644663189775875,0.004456226978799849
2324,F-A1-DDOSLIKE-V-03,DDoS,DDoS,RF-v5,0.0044082597227082946,0.995588290317723,3.44995956867291e-06
2325,F-A1-DDOSLIKE-V-03,DDoS,DDoS,RF-v5,0.4462495818561424,0.5498888393954736,0.0038615787483842574
2326,F-A1-DDOSLIKE-V-03,DDoS,DDoS,RF-v5,0.0044082597227082946,0.995588290317723,3.44995956867291e-06
2327,F-A1-DDOSLIKE-V-03,DDoS,DDoS,RF-v5,0.13107745404361335,0.8644663189775875,0.004456226978799849
2328,F-A1-DDOSLIKE-V-03,DDoS,DDoS,RF-v5,0.004038165336220465,0.9959583847042108,3.44995956867291e-06
2329,F-A1-DDOSLIKE-V-03,DDoS,DDoS,RF-v5,0.13107745404361335,0.8644663189775875,0.004456226978799849
2330,F-A1-DDOSLIKE-V-03,DDoS,DDoS,RF-v5,0.008654321637394291,0.9913422284030371,3.44995956867291e-06
2331,F-A1-DDOSLIKE-V-03,DDoS,DDoS,RF-v5,0.13107745404361335,0.8644663189775875,0.004456226978799849
2332,F-A1-DDOSLIKE-V-03,DDoS,DDoS,RF-v5,0.011763526367280681,0.9882330236731507,3.44995956867291e-06
2333,F-A1-DDOSLIKE-V-03,DDoS,DDoS,RF-v5,0.2344389282040504,0.7607148591392628,0.004846212656687351
2334,F-A1-DDOSLIKE-V-03,DDoS,DDoS,RF-v5,0.004038165336220465,0.9959583847042108,3.44995956867291e-06
2335,F-A1-DDOSLIKE-V-03,DDoS,DDoS,RF-v5,0.21086951859013423,0.7827749767074558,0.0063555047024105435
2336,F-A1-DDOSLIKE-V-03,DDoS,DDoS,RF-v5,0.011763526367280681,0.9882330236731507,3.44995956867291e-06
2337,F-A1-DDOSLIKE-V-03,DDoS,DDoS,RF-v5,0.14649672845728928,0.8357250037753664,0.01777826776734468
2338,F-A1-DDOSLIKE-V-03,DDoS,DDoS,RF-v5,0.004038165336220465,0.9959583847042108,3.44995956867291e-06
2339,F-A1-DDOSLIKE-V-03,DDoS,DDoS,RF-v5,0.25119766043428193,0.7439907513695837,0.004811588196134985
2340,F-A1-DDOSLIKE-V-03,DDoS,DDoS,RF-v5,0.006006495823059881,0.9939900542173714,3.44995956867291e-06
2341,F-A1-DDOSLIKE-V-03,DDoS,DDoS,RF-v5,0.21703456107664973,0.7791038601749668,0.0038615787483842574
2342,F-A1-DDOSLIKE-V-03,DDoS,DDoS,RF-v5,0.004038165336220465,0.9959583847042108,3.44995956867291e-06
2343,F-A1-DDOSLIKE-V-03,DDoS,DDoS,RF-v5,0.13107745404361335,0.8644663189775875,0.004456226978799849
2344,F-A1-DDOSLIKE-V-03,DDoS,DDoS,RF-v5,0.004038165336220465,0.9959583847042108,3.44995956867291e-06
2345,F-A1-DDOSLIKE-V-03,DDoS,DDoS,RF-v5,0.13107745404361335,0.8644663189775875,0.004456226978799849
2346,F-A1-DDOSLIKE-V-03,DDoS,DDoS,RF-v5,0.004038165336220465,0.9959583847042108,3.44995956867291e-06
2347,F-A1-DDOSLIKE-V-03,DDoS,Normal,RF-v5,0.5005967995465448,0.4944254986576132,0.00497770179584242
2348,F-A1-DDOSLIKE-V-03,DDoS,DDoS,RF-v5,0.024036148533856022,0.9759604015065753,3.44995956867291e-06
2349,F-A1-DDOSLIKE-V-03,DDoS,DDoS,RF-v5,0.14160983771079072,0.8583901622892094,0.0
2350,F-A1-DDOSLIKE-V-03,DDoS,Normal,RF-v5,0.9776442395077148,0.018221125460805742,0.00413463503148049
2351,F-A1-DDOSLIKE-V-03,DDoS,DDoS,RF-v5,0.004038165336220465,0.9959583847042108,3.44995956867291e-06
2352,F-A1-DDOSLIKE-V-03,DDoS,DDoS,RF-v5,0.13107745404361335,0.8644663189775875,0.004456226978799849
2353,F-A1-DDOSLIKE-V-03,DDoS,DDoS,RF-v5,0.038468928192676756,0.9615276218477546,3.44995956867291e-06
2354,F-A1-DDOSLIKE-V-03,DDoS,Normal,RF-v5,0.9774361100111577,0.01841839617582625,0.0041454938130172795
2355,F-A1-DDOSLIKE-V-03,DDoS,DDoS,RF-v5,0.004038165336220465,0.9959583847042108,3.44995956867291e-06
2356,F-A1-DDOSLIKE-V-03,DDoS,DDoS,RF-v5,0.4096265279524053,0.5854528468459863,0.004920625201609391
2357,F-A1-DDOSLIKE-V-03,DDoS,DDoS,RF-v5,0.0044082597227082946,0.995588290317723,3.44995956867291e-06
2358,F-A1-DDOSLIKE-V-03,DDoS,DDoS,RF-v5,0.13107745404361335,0.8644996801958503,0.004422865760537095
2359,F-A1-DDOSLIKE-V-03,DDoS,DDoS,RF-v5,0.0044082597227082946,0.995588290317723,3.44995956867291e-06
2360,F-A1-DDOSLIKE-V-03,DDoS,DDoS,RF-v5,0.20647868392695032,0.789659737324666,0.0038615787483842574
2361,F-A1-DDOSLIKE-V-03,DDoS,DDoS,RF-v5,0.013135275079140783,0.9868612749612906,3.44995956867291e-06
2362,F-A1-DDOSLIKE-V-03,DDoS,DDoS,RF-v5,0.4305411843870963,0.5643998497944195,0.005058965818484994
2363,F-A1-DDOSLIKE-V-03,DDoS,DDoS,RF-v5,0.004038165336220465,0.9959583847042108,3.44995956867291e-06
2364,F-A1-DDOSLIKE-V-03,DDoS,DDoS,RF-v5,0.23749950334568773,0.7576542839976256,0.004846212656687351
2365,F-A1-DDOSLIKE-V-03,DDoS,DDoS,RF-v5,0.004038165336220465,0.9959583847042108,3.44995956867291e-06
2366,F-A1-DDOSLIKE-V-03,DDoS,DDoS,RF-v5,0.20858790855659184,0.7867661736864341,0.004645917756974542
2367,F-A1-DDOSLIKE-V-03,DDoS,DDoS,RF-v5,0.013747002055226889,0.9862495479852045,3.44995956867291e-06
2368,F-A1-DDOSLIKE-V-03,DDoS,DDoS,RF-v5,0.0,1.0,0.0
2369,F-A1-DDOSLIKE-V-03,DDoS,Normal,RF-v5,0.9776442395077148,0.018221125460805742,0.00413463503148049
2370,F-A1-DDOSLIKE-V-03,DDoS,DDoS,RF-v5,0.013254664690567533,0.9867418853498638,3.44995956867291e-06
2371,F-A1-DDOSLIKE-V-03,DDoS,Normal,RF-v5,0.9776442395077148,0.018221125460805742,0.00413463503148049
2372,F-A1-DDOSLIKE-V-03,DDoS,DDoS,RF-v5,0.0044082597227082946,0.995588290317723,3.44995956867291e-06
2373,F-A1-DDOSLIKE-V-03,DDoS,DDoS,RF-v5,0.21140232875912665,0.7847360924924897,0.0038615787483842574
2374,F-A1-DDOSLIKE-V-03,DDoS,DDoS,RF-v5,0.004038165336220465,0.9959583847042108,3.44995956867291e-06
2375,F-A1-DDOSLIKE-V-03,DDoS,DDoS,RF-v5,0.20647868392695032,0.789659737324666,0.0038615787483842574
2376,F-A1-DDOSLIKE-V-03,DDoS,DDoS,RF-v5,0.004038165336220465,0.9959583847042108,3.44995956867291e-06
2377,F-A1-DDOSLIKE-V-03,DDoS,DDoS,RF-v5,0.25119766043428193,0.7439907513695837,0.004811588196134985
2378,F-A1-DDOSLIKE-V-03,DDoS,DDoS,RF-v5,0.008654321637394291,0.9913422284030371,3.44995956867291e-06
2379,F-A1-DDOSLIKE-V-03,DDoS,DDoS,RF-v5,0.378450704345356,0.6166286704530353,0.004920625201609391
2380,F-A1-DDOSLIKE-V-03,DDoS,DDoS,RF-v5,0.008654321637394291,0.9913422284030371,3.44995956867291e-06
2381,F-A1-DDOSLIKE-V-03,DDoS,DDoS,RF-v5,0.24780522218397139,0.7473831896198943,0.004811588196134985
2382,F-A1-DDOSLIKE-V-03,DDoS,DDoS,RF-v5,0.004038165336220465,0.9959583847042108,3.44995956867291e-06
2383,F-A1-DDOSLIKE-V-03,DDoS,DDoS,RF-v5,0.4360825432364105,0.5588584909451056,0.005058965818484994
2384,F-A1-DDOSLIKE-V-03,DDoS,DDoS,RF-v5,0.004038165336220465,0.9959583847042108,3.44995956867291e-06
2385,F-A1-DDOSLIKE-V-03,DDoS,DDoS,RF-v5,0.2283574699823657,0.7668005443366883,0.004841985680946787
2386,F-A1-DDOSLIKE-V-03,DDoS,DDoS,RF-v5,0.004038165336220465,0.9959583847042108,3.44995956867291e-06
2387,F-A1-DDOSLIKE-V-03,DDoS,DDoS,RF-v5,0.13107745404361335,0.8644996801958503,0.004422865760537095
2388,F-A1-DDOSLIKE-V-03,DDoS,DDoS,RF-v5,0.004038165336220465,0.9959583847042108,3.44995956867291e-06
2389,F-A1-DDOSLIKE-V-03,DDoS,DDoS,RF-v5,0.25119766043428193,0.7439907513695837,0.004811588196134985
2390,F-A1-DDOSLIKE-V-03,DDoS,DDoS,RF-v5,0.004038165336220465,0.9959583847042108,3.44995956867291e-06
2391,F-A1-DDOSLIKE-V-03,DDoS,DDoS,RF-v5,0.23749950334568773,0.7576542839976256,0.004846212656687351
2392,F-A1-DDOSLIKE-V-03,DDoS,DDoS,RF-v5,0.004038165336220465,0.9959583847042108,3.44995956867291e-06
2393,F-A1-DDOSLIKE-V-03,DDoS,DDoS,RF-v5,0.2509130707239219,0.7452253505276946,0.0038615787483842574
2394,F-A1-DDOSLIKE-V-03,DDoS,DDoS,RF-v5,0.008654321637394291,0.9913422284030371,3.44995956867291e-06
2395,F-A1-DDOSLIKE-V-03,DDoS,DDoS,RF-v5,0.13107745404361335,0.8644996801958503,0.004422865760537095
2396,F-A1-DDOSLIKE-V-03,DDoS,DDoS,RF-v5,0.004038165336220465,0.9959583847042108,3.44995956867291e-06
2397,F-A1-DDOSLIKE-V-03,DDoS,DDoS,RF-v5,0.13107745404361335,0.8642741655987831,0.004648380357604228
2398,F-A1-DDOSLIKE-V-03,DDoS,DDoS,RF-v5,0.005636401436572053,0.9943601486038592,3.44995956867291e-06
2399,F-A1-DDOSLIKE-V-03,DDoS,DDoS,RF-v5,0.4689467944446838,0.5232641200399318,0.007789085515384605
2400,F-A1-DDOSLIKE-V-03,DDoS,DDoS,RF-v5,0.004038165336220465,0.9959583847042108,3.44995956867291e-06
2401,F-A1-DDOSLIKE-V-03,DDoS,Normal,RF-v5,0.9771850669866241,0.018674831127462918,0.004140101885914223
2402,F-A1-DDOSLIKE-V-03,DDoS,DDoS,RF-v5,0.01876086107869707,0.9812356889617342,3.44995956867291e-06
2403,F-A1-DDOSLIKE-V-03,DDoS,DDoS,RF-v5,0.14157447087507316,0.8477041005139755,0.01072142861095188
2404,F-A1-DDOSLIKE-V-03,DDoS,DDoS,RF-v5,0.00914484832847028,0.9908551516715298,0.0
2405,F-A1-DDOSLIKE-V-03,DDoS,Normal,RF-v5,0.6634485015265636,0.2753631497035316,0.06118834876990443
2406,F-A1-DDOSLIKE-V-03,DDoS,DDoS,RF-v5,0.005636401436572053,0.9943601486038592,3.44995956867291e-06
2407,F-A1-DDOSLIKE-V-03,DDoS,DDoS,RF-v5,0.13107745404361335,0.8644996801958503,0.004422865760537095
2408,F-A1-DDOSLIKE-V-03,DDoS,DDoS,RF-v5,0.0044082597227082946,0.995588290317723,3.44995956867291e-06
2409,F-A1-DDOSLIKE-V-03,DDoS,DDoS,RF-v5,0.13107745404361335,0.8644663189775875,0.004456226978799849
2410,F-A1-DDOSLIKE-V-03,DDoS,DDoS,RF-v5,0.004038165336220465,0.9959583847042108,3.44995956867291e-06
2411,F-A1-DDOSLIKE-V-03,DDoS,DDoS,RF-v5,0.21315632494612635,0.7794799780302882,0.007363697023585929
2412,F-A1-DDOSLIKE-V-03,DDoS,DDoS,RF-v5,0.019526066468339126,0.9804704835720922,3.44995956867291e-06
2413,F-A1-DDOSLIKE-V-03,DDoS,DDoS,RF-v5,0.13107745404361335,0.8644996801958503,0.004422865760537095
2414,F-A1-DDOSLIKE-V-03,DDoS,DDoS,RF-v5,0.004038165336220465,0.9959583847042108,3.44995956867291e-06
2415,F-A1-DDOSLIKE-V-03,DDoS,Normal,RF-v5,0.5265180843002948,0.46962033695132127,0.0038615787483842574
2416,F-A1-DDOSLIKE-V-03,DDoS,DDoS,RF-v5,0.004038165336220465,0.9959583847042108,3.44995956867291e-06
2417,F-A1-DDOSLIKE-V-03,DDoS,DDoS,RF-v5,0.3810487998499248,0.6150896214016907,0.0038615787483842574
2418,F-A1-DDOSLIKE-V-03,DDoS,DDoS,RF-v5,0.011941086343276643,0.9880554636971547,3.44995956867291e-06
2419,F-A1-DDOSLIKE-V-03,DDoS,DDoS,RF-v5,0.21140232875912665,0.7847360924924897,0.0038615787483842574
2420,F-A1-DDOSLIKE-V-03,DDoS,DDoS,RF-v5,0.004038165336220465,0.9959583847042108,3.44995956867291e-06
2421,F-A1-DDOSLIKE-V-03,DDoS,DDoS,RF-v5,0.4096265279524053,0.5854528468459863,0.004920625201609391
2422,F-A1-DDOSLIKE-V-03,DDoS,DDoS,RF-v5,0.0127487353417545,0.9872478146986768,3.44995956867291e-06
2423,F-A1-DDOSLIKE-V-03,DDoS,Normal,RF-v5,0.5727308764483614,0.42245753535550457,0.004811588196134985
2424,F-A1-DDOSLIKE-V-03,DDoS,DDoS,RF-v5,0.0044082597227082946,0.995588290317723,3.44995956867291e-06
2425,F-A1-DDOSLIKE-V-03,DDoS,DDoS,RF-v5,0.13107745404361335,0.8644663189775875,0.004456226978799849
2426,F-A1-DDOSLIKE-V-03,DDoS,DDoS,RF-v5,0.012364891642928326,0.987631658397503,3.44995956867291e-06
2427,F-A1-DDOSLIKE-V-03,DDoS,DDoS,RF-v5,0.24780522218397139,0.7473831896198943,0.004811588196134985
2428,F-A1-DDOSLIKE-V-03,DDoS,DDoS,RF-v5,0.006006495823059881,0.9939900542173714,3.44995956867291e-06
2429,F-A1-DDOSLIKE-V-03,DDoS,DDoS,RF-v5,0.21086951859013423,0.7827749767074558,0.0063555047024105435
2430,F-A1-DDOSLIKE-V-03,DDoS,DDoS,RF-v5,0.008923166142454406,0.991073383897977,3.44995956867291e-06
2431,F-A1-DDOSLIKE-V-03,DDoS,Normal,RF-v5,0.5005967995465448,0.4944254986576132,0.00497770179584242
2432,F-A1-DDOSLIKE-V-03,DDoS,DDoS,RF-v5,0.01365432163739429,0.9863422284030371,3.44995956867291e-06
2433,F-A1-DDOSLIKE-V-03,DDoS,DDoS,RF-v5,0.24780522218397139,0.7473831896198943,0.004811588196134985
2434,F-A1-DDOSLIKE-V-03,DDoS,DDoS,RF-v5,0.007324930042102818,0.9907514252582206,0.0019236446996765439
2435,F-A1-DDOSLIKE-V-03,DDoS,DDoS,RF-v5,0.2145840750419485,0.7815543462096679,0.0038615787483842574
2436,F-A1-DDOSLIKE-V-03,DDoS,DDoS,RF-v5,0.008654321637394291,0.9913422284030371,3.44995956867291e-06
2437,F-A1-DDOSLIKE-V-03,DDoS,DDoS,RF-v5,0.13107745404361335,0.8644996801958503,0.004422865760537095
2438,F-A1-DDOSLIKE-V-03,DDoS,DDoS,RF-v5,0.004038165336220465,0.9959583847042108,3.44995956867291e-06
2439,F-A1-DDOSLIKE-V-03,DDoS,DDoS,RF-v5,0.25119766043428193,0.7439907513695837,0.004811588196134985
2440,F-A1-DDOSLIKE-V-03,DDoS,DDoS,RF-v5,0.004038165336220465,0.9959583847042108,3.44995956867291e-06
2441,F-A1-DDOSLIKE-V-03,DDoS,DDoS,RF-v5,0.24433954131215718,0.7517988799394593,0.0038615787483842574
2442,F-A1-DDOSLIKE-V-03,DDoS,DDoS,RF-v5,0.0044082597227082946,0.995588290317723,3.44995956867291e-06
2443,F-A1-DDOSLIKE-V-03,DDoS,DDoS,RF-v5,0.13107745404361335,0.8644663189775875,0.004456226978799849
2444,F-A1-DDOSLIKE-V-03,DDoS,DDoS,RF-v5,0.004038165336220465,0.9959583847042108,3.44995956867291e-06
2445,F-A1-DDOSLIKE-V-03,DDoS,DDoS,RF-v5,0.13107745404361335,0.8644996801958503,0.004422865760537095
2446,F-A1-DDOSLIKE-V-03,DDoS,DDoS,RF-v5,0.01220993084833676,0.9877866191920945,3.44995956867291e-06
2447,F-A1-DDOSLIKE-V-03,DDoS,DDoS,RF-v5,0.041821861644875044,0.9581746883955562,3.44995956867291e-06
2448,F-A1-DDOSLIKE-V-03,DDoS,DDoS,RF-v5,0.20647868392695032,0.789659737324666,0.0038615787483842574
2449,F-A1-DDOSLIKE-V-03,DDoS,DDoS,RF-v5,0.0044082597227082946,0.995588290317723,3.44995956867291e-06
2450,F-A1-DDOSLIKE-V-03,DDoS,DDoS,RF-v5,0.2509130707239219,0.7452253505276946,0.0038615787483842574
2451,F-A1-DDOSLIKE-V-03,DDoS,DDoS,RF-v5,0.004038165336220465,0.9959583847042108,3.44995956867291e-06
2452,F-A1-DDOSLIKE-V-03,DDoS,DDoS,RF-v5,0.13107745404361335,0.8644663189775875,0.004456226978799849
2453,F-A1-DDOSLIKE-V-03,DDoS,DDoS,RF-v5,0.008638508389393708,0.9913580416510377,3.44995956867291e-06
2454,F-A1-DDOSLIKE-V-03,DDoS,DDoS,RF-v5,0.25119766043428193,0.7439907513695837,0.004811588196134985
2455,F-A1-DDOSLIKE-V-03,DDoS,DDoS,RF-v5,0.015474096372814716,0.9845224536676166,3.44995956867291e-06
2456,F-A1-DDOSLIKE-V-03,DDoS,DDoS,RF-v5,0.13107745404361335,0.8644996801958503,0.004422865760537095
2457,F-A1-DDOSLIKE-V-03,DDoS,DDoS,RF-v5,0.011763526367280681,0.9882330236731507,3.44995956867291e-06
2458,F-A1-DDOSLIKE-V-03,DDoS,Normal,RF-v5,0.6229250468406204,0.372154327957771,0.004920625201609391
2459,F-A1-DDOSLIKE-V-03,DDoS,DDoS,RF-v5,0.007902921007056179,0.9920970789929439,0.0
2460,F-A1-DDOSLIKE-V-03,DDoS,DDoS,RF-v5,0.13107745404361335,0.8642741655987831,0.004648380357604228
2461,F-A1-DDOSLIKE-V-03,DDoS,DDoS,RF-v5,0.011763526367280681,0.9882330236731507,3.44995956867291e-06
2462,F-A1-DDOSLIKE-V-03,DDoS,DDoS,RF-v5,0.22585630426381675,0.768800801122797,0.005342894613386959
2463,F-A1-DDOSLIKE-V-03,DDoS,DDoS,RF-v5,0.004038165336220465,0.9959583847042108,3.44995956867291e-06
2464,F-A1-DDOSLIKE-V-03,DDoS,DDoS,RF-v5,0.21703456107664973,0.7791038601749668,0.0038615787483842574
2465,F-A1-DDOSLIKE-V-03,DDoS,DDoS,RF-v5,0.004038165336220465,0.9959583847042108,3.44995956867291e-06
2466,F-A1-DDOSLIKE-V-03,DDoS,DDoS,RF-v5,0.21140232875912665,0.7847360924924897,0.0038615787483842574
2467,F-A1-DDOSLIKE-V-03,DDoS,DDoS,RF-v5,0.008654321637394291,0.9913422284030371,3.44995956867291e-06
2468,F-A1-DDOSLIKE-V-03,DDoS,DDoS,RF-v5,0.47016271127628767,0.5259757099753282,0.0038615787483842574
2469,F-A1-DDOSLIKE-V-03,DDoS,DDoS,RF-v5,0.008004447501260394,0.991992102539171,3.44995956867291e-06
2470,F-A1-DDOSLIKE-V-03,DDoS,DDoS,RF-v5,0.13107745404361335,0.8644996801958503,0.004422865760537095
2471,F-A1-DDOSLIKE-V-03,DDoS,DDoS,RF-v5,0.018329401821469037,0.9816671482189624,3.44995956867291e-06
2472,F-A1-DDOSLIKE-V-03,DDoS,Normal,RF-v5,0.6997260571324772,0.2953642083011824,0.004909734566341149
2473,F-A1-DDOSLIKE-V-03,DDoS,DDoS,RF-v5,0.008654321637394291,0.9913422284030371,3.44995956867291e-06
2474,F-A1-DDOSLIKE-V-03,DDoS,DDoS,RF-v5,0.20647868392695032,0.789659737324666,0.0038615787483842574
2475,F-A1-DDOSLIKE-V-03,DDoS,DDoS,RF-v5,0.004038165336220465,0.9959583847042108,3.44995956867291e-06
2476,F-A1-DDOSLIKE-V-03,DDoS,DDoS,RF-v5,0.21999510384851395,0.7534034469068318,0.02660144924465484
2477,F-A1-DDOSLIKE-V-03,DDoS,DDoS,RF-v5,0.013024281655449286,0.9869722683849821,3.44995956867291e-06
2478,F-A1-DDOSLIKE-V-03,DDoS,DDoS,RF-v5,0.43997490763442393,0.554966126547092,0.005058965818484994
2479,F-A1-DDOSLIKE-V-03,DDoS,DDoS,RF-v5,0.009038165336220465,0.9909583847042108,3.44995956867291e-06
2480,F-A1-DDOSLIKE-V-03,DDoS,DDoS,RF-v5,0.13107745404361335,0.8644996801958503,0.004422865760537095
2481,F-A1-DDOSLIKE-V-03,DDoS,DDoS,RF-v5,0.008638508389393708,0.9913580416510377,3.44995956867291e-06
2482,F-A1-DDOSLIKE-V-03,DDoS,DDoS,RF-v5,0.13107745404361335,0.8644663189775875,0.004456226978799849
2483,F-A1-DDOSLIKE-V-03,DDoS,DDoS,RF-v5,0.010954293519738176,0.9890422565206931,3.44995956867291e-06
2484,F-A1-DDOSLIKE-V-03,DDoS,DDoS,RF-v5,0.21086951859013423,0.7827749767074558,0.0063555047024105435
2485,F-A1-DDOSLIKE-V-03,DDoS,DDoS,RF-v5,0.004038165336220465,0.9959583847042108,3.44995956867291e-06
2486,F-A1-DDOSLIKE-V-03,DDoS,Normal,RF-v5,0.5727308764483614,0.42245753535550457,0.004811588196134985
2487,F-A1-DDOSLIKE-V-03,DDoS,DDoS,RF-v5,0.011763526367280681,0.9882330236731507,3.44995956867291e-06
2488,F-A1-DDOSLIKE-V-03,DDoS,DDoS,RF-v5,0.20647868392695032,0.789659737324666,0.0038615787483842574
2489,F-A1-DDOSLIKE-V-03,DDoS,DDoS,RF-v5,0.004038165336220465,0.9959583847042108,3.44995956867291e-06
2490,F-A1-DDOSLIKE-V-03,DDoS,DDoS,RF-v5,0.24433954131215718,0.7517988799394593,0.0038615787483842574
2491,F-A1-DDOSLIKE-V-03,DDoS,DDoS,RF-v5,0.008654321637394291,0.9913422284030371,3.44995956867291e-06
2492,F-A1-DDOSLIKE-V-03,DDoS,DDoS,RF-v5,0.45132528913992404,0.5448131321116919,0.0038615787483842574
2493,F-A1-DDOSLIKE-V-03,DDoS,DDoS,RF-v5,0.004038165336220465,0.9959583847042108,3.44995956867291e-06
2494,F-A1-DDOSLIKE-V-03,DDoS,DDoS,RF-v5,0.13107745404361335,0.8644663189775875,0.004456226978799849
2495,F-A1-DDOSLIKE-V-03,DDoS,DDoS,RF-v5,0.004038165336220465,0.9959583847042108,3.44995956867291e-06
2496,F-A1-DDOSLIKE-V-03,DDoS,DDoS,RF-v5,0.21315632494612635,0.7794799780302882,0.007363697023585929
2497,F-A1-DDOSLIKE-V-03,DDoS,DDoS,RF-v5,0.008654321637394291,0.9913422284030371,3.44995956867291e-06
2498,F-A1-DDOSLIKE-V-03,DDoS,DDoS,RF-v5,0.24780522218397139,0.7473831896198943,0.004811588196134985
2499,F-A1-DDOSLIKE-V-03,DDoS,DDoS,RF-v5,0.008654321637394291,0.9913422284030371,3.44995956867291e-06
2500,F-A1-DDOSLIKE-V-03,DDoS,DDoS,RF-v5,0.43427987663831247,0.5606611575432034,0.005058965818484994
2501,F-A1-DDOSLIKE-V-03,DDoS,DDoS,RF-v5,0.007324930042102818,0.9926716199983285,3.44995956867291e-06
2502,F-A1-DDOSLIKE-V-03,DDoS,DDoS,RF-v5,0.13107745404361335,0.8644663189775875,0.004456226978799849
2503,F-A1-DDOSLIKE-V-03,DDoS,DDoS,RF-v5,0.004038165336220465,0.9959583847042108,3.44995956867291e-06
2504,F-A1-DDOSLIKE-V-03,DDoS,DDoS,RF-v5,0.13107745404361335,0.8644996801958503,0.004422865760537095
2505,F-A1-DDOSLIKE-V-03,DDoS,DDoS,RF-v5,0.004038165336220465,0.9959583847042108,3.44995956867291e-06
2506,F-A1-DDOSLIKE-V-03,DDoS,DDoS,RF-v5,0.13107745404361335,0.8644996801958503,0.004422865760537095
2507,F-A1-DDOSLIKE-V-03,DDoS,DDoS,RF-v5,0.004038165336220465,0.9959583847042108,3.44995956867291e-06
2508,F-A1-DDOSLIKE-V-03,DDoS,DDoS,RF-v5,0.13107745404361335,0.8644996801958503,0.004422865760537095
2509,F-A1-DDOSLIKE-V-03,DDoS,DDoS,RF-v5,0.004038165336220465,0.9959583847042108,3.44995956867291e-06
2510,F-A1-DDOSLIKE-V-03,DDoS,Normal,RF-v5,0.6311534701561438,0.3640349416477225,0.004811588196134985
2511,F-A1-DDOSLIKE-V-03,DDoS,DDoS,RF-v5,0.013298012858456805,0.9866985371819745,3.44995956867291e-06
2512,F-A1-DDOSLIKE-V-03,DDoS,DDoS,RF-v5,0.018298012858456805,0.9816985371819746,3.44995956867291e-06
2513,F-A1-DDOSLIKE-V-03,DDoS,Normal,RF-v5,0.6681624952898626,0.2733799328719157,0.058457571838221194
2514,F-A1-DDOSLIKE-V-03,DDoS,Normal,RF-v5,0.9741249164872233,0.021729589699760587,0.0041454938130172795
2515,F-A1-DDOSLIKE-V-03,DDoS,DDoS,RF-v5,0.004038165336220465,0.9959583847042108,3.44995956867291e-06
2516,F-A1-DDOSLIKE-V-03,DDoS,DDoS,RF-v5,0.2480780582176597,0.7470799561013942,0.004841985680946787
2517,F-A1-DDOSLIKE-V-03,DDoS,DDoS,RF-v5,0.026038186783065777,0.9722522262714982,0.0017095869454360022
2518,F-A1-DDOSLIKE-V-03,DDoS,Normal,RF-v5,0.9741249164872233,0.021729589699760587,0.0041454938130172795
2519,F-A1-DDOSLIKE-V-03,DDoS,DDoS,RF-v5,0.06612757487012272,0.9338689751703084,3.44995956867291e-06
2520,F-A1-DDOSLIKE-V-03,DDoS,Normal,RF-v5,0.9774096909233135,0.01844481526367037,0.0041454938130172795
2521,F-A1-DDOSLIKE-V-03,DDoS,DDoS,RF-v5,0.004038165336220465,0.9959583847042108,3.44995956867291e-06
2522,F-A1-DDOSLIKE-V-03,DDoS,DDoS,RF-v5,0.215659549966464,0.7729159796339278,0.011424470399608979
2523,F-A1-DDOSLIKE-V-03,DDoS,DDoS,RF-v5,0.00648613904925442,0.9935104109911768,3.44995956867291e-06
2524,F-A1-DDOSLIKE-V-03,DDoS,Normal,RF-v5,0.6030486464529534,0.3921093678661006,0.004841985680946787
2525,F-A1-DDOSLIKE-V-03,DDoS,DDoS,RF-v5,0.06658793622299229,0.9334086138174389,3.44995956867291e-06
2526,F-A1-DDOSLIKE-V-03,DDoS,Normal,RF-v5,0.6556497910374933,0.3395386207663744,0.004811588196134985
2527,F-A1-DDOSLIKE-V-03,DDoS,DDoS,RF-v5,0.008654321637394291,0.9913422284030371,3.44995956867291e-06
2528,F-A1-DDOSLIKE-V-03,DDoS,DDoS,RF-v5,0.25109198688985374,0.7415484484747187,0.007359564635428165
2529,F-A1-DDOSLIKE-V-03,DDoS,DDoS,RF-v5,0.026038186783065777,0.9722522262714982,0.0017095869454360022
2530,F-A1-DDOSLIKE-V-03,DDoS,Normal,RF-v5,0.9659880128162319,0.029866493370752107,0.0041454938130172795
2531,F-A1-DDOSLIKE-V-03,DDoS,DDoS,RF-v5,0.0899591457458569,0.9100089077452808,3.194650886227698e-05
2532,F-A1-DDOSLIKE-V-03,DDoS,Normal,RF-v5,0.9776442395077148,0.018221125460805742,0.00413463503148049
2533,F-A1-DDOSLIKE-V-03,DDoS,DDoS,RF-v5,0.008654321637394291,0.9913422284030371,3.44995956867291e-06
2534,F-A1-DDOSLIKE-V-03,DDoS,DDoS,RF-v5,0.13107745404361335,0.8644996801958503,0.004422865760537095
2535,F-A1-DDOSLIKE-V-03,DDoS,DDoS,RF-v5,0.004038165336220465,0.9959583847042108,3.44995956867291e-06
2536,F-A1-DDOSLIKE-V-03,DDoS,DDoS,RF-v5,0.13107745404361335,0.8644996801958503,0.004422865760537095
2537,F-A1-DDOSLIKE-V-03,DDoS,DDoS,RF-v5,0.018337055779045385,0.97994990731595,0.0017130369050046752
2538,F-A1-DDOSLIKE-V-03,DDoS,DDoS,RF-v5,0.43427987663831247,0.5606611575432034,0.005058965818484994
2539,F-A1-DDOSLIKE-V-03,DDoS,DDoS,RF-v5,0.004038165336220465,0.9959583847042108,3.44995956867291e-06
2540,F-A1-DDOSLIKE-V-03,DDoS,DDoS,RF-v5,0.42107329633539364,0.5750651249162222,0.0038615787483842574
2541,F-A1-DDOSLIKE-V-03,DDoS,DDoS,RF-v5,0.004038165336220465,0.9959583847042108,3.44995956867291e-06
2542,F-A1-DDOSLIKE-V-03,DDoS,DDoS,RF-v5,0.13107745404361335,0.8644663189775875,0.004456226978799849
2543,F-A1-DDOSLIKE-V-03,DDoS,DDoS,RF-v5,0.008654321637394291,0.9913422284030371,3.44995956867291e-06
2544,F-A1-DDOSLIKE-V-03,DDoS,DDoS,RF-v5,0.13107745404361335,0.8644996801958503,0.004422865760537095
2545,F-A1-DDOSLIKE-V-03,DDoS,DDoS,RF-v5,0.004038165336220465,0.9959583847042108,3.44995956867291e-06
2546,F-A1-DDOSLIKE-V-03,DDoS,DDoS,RF-v5,0.24780522218397139,0.7473831896198943,0.004811588196134985
2547,F-A1-DDOSLIKE-V-03,DDoS,DDoS,RF-v5,0.012364891642928326,0.987631658397503,3.44995956867291e-06
2548,F-A1-DDOSLIKE-V-03,DDoS,DDoS,RF-v5,0.2591487410256502,0.7359903534230289,0.004860905551321779
2549,F-A1-DDOSLIKE-V-03,DDoS,DDoS,RF-v5,0.004038165336220465,0.9959583847042108,3.44995956867291e-06
2550,F-A1-DDOSLIKE-V-03,DDoS,Normal,RF-v5,0.5727308764483614,0.42245753535550457,0.004811588196134985
2551,F-A1-DDOSLIKE-V-03,DDoS,DDoS,RF-v5,0.008654321637394291,0.9913422284030371,3.44995956867291e-06
2552,F-A1-DDOSLIKE-V-03,DDoS,DDoS,RF-v5,0.24780522218397139,0.7473831896198943,0.004811588196134985
2553,F-A1-DDOSLIKE-V-03,DDoS,DDoS,RF-v5,0.1967613224246216,0.789733109340608,0.013505568234770345
2554,F-A1-DDOSLIKE-V-03,DDoS,Normal,RF-v5,0.5307779318225312,0.46536048942908487,0.0038615787483842574
2555,F-A1-DDOSLIKE-V-03,DDoS,DDoS,RF-v5,0.25838360265862587,0.7227928184535751,0.018823578887799106
2556,F-A1-DDOSLIKE-V-03,DDoS,DDoS,RF-v5,0.4360825432364105,0.5588584909451056,0.005058965818484994
2557,F-A1-DDOSLIKE-V-03,DDoS,DDoS,RF-v5,0.006006495823059881,0.9939900542173714,3.44995956867291e-06
2558,F-A1-DDOSLIKE-V-03,DDoS,DDoS,RF-v5,0.21140232875912665,0.7847360924924897,0.0038615787483842574
2559,F-A1-DDOSLIKE-V-03,DDoS,DDoS,RF-v5,0.0044082597227082946,0.995588290317723,3.44995956867291e-06
2560,F-A1-DDOSLIKE-V-03,DDoS,DDoS,RF-v5,0.13107745404361335,0.8644996801958503,0.004422865760537095
2561,F-A1-DDOSLIKE-V-03,DDoS,DDoS,RF-v5,0.006006495823059881,0.9939900542173714,3.44995956867291e-06
2562,F-A1-DDOSLIKE-V-03,DDoS,DDoS,RF-v5,0.13107745404361335,0.8644663189775875,0.004456226978799849
2563,F-A1-DDOSLIKE-V-03,DDoS,DDoS,RF-v5,0.005636401436572053,0.9943601486038592,3.44995956867291e-06
2564,F-A1-DDOSLIKE-V-03,DDoS,DDoS,RF-v5,0.42107329633539364,0.5750651249162222,0.0038615787483842574
2565,F-A1-DDOSLIKE-V-03,DDoS,DDoS,RF-v5,0.20520090953519748,0.7747147357558418,0.02008435470896059
2566,F-A1-DDOSLIKE-V-03,DDoS,DDoS,RF-v5,0.13107745404361335,0.8644663189775875,0.004456226978799849
2567,F-A1-DDOSLIKE-V-03,DDoS,DDoS,RF-v5,0.0044082597227082946,0.995588290317723,3.44995956867291e-06
2568,F-A1-DDOSLIKE-V-03,DDoS,DDoS,RF-v5,0.13107745404361335,0.8644996801958503,0.004422865760537095
2569,F-A1-DDOSLIKE-V-03,DDoS,DDoS,RF-v5,0.2505137679168806,0.7306626531953205,0.018823578887799106
2570,F-A1-DDOSLIKE-V-03,DDoS,DDoS,RF-v5,0.43997490763442393,0.554966126547092,0.005058965818484994
2571,F-A1-DDOSLIKE-V-03,DDoS,DDoS,RF-v5,0.005636401436572053,0.9943601486038592,3.44995956867291e-06
2572,F-A1-DDOSLIKE-V-03,DDoS,Normal,RF-v5,0.6552259857378416,0.33996242606602606,0.004811588196134985
2573,F-A1-DDOSLIKE-V-03,DDoS,DDoS,RF-v5,0.010311481620646799,0.9896850684197845,3.44995956867291e-06
2574,F-A1-DDOSLIKE-V-03,DDoS,DDoS,RF-v5,0.20647868392695032,0.789659737324666,0.0038615787483842574
2575,F-A1-DDOSLIKE-V-03,DDoS,DDoS,RF-v5,0.20663124018583262,0.7732844051052068,0.02008435470896059
2576,F-A1-DDOSLIKE-V-03,DDoS,DDoS,RF-v5,0.13107745404361335,0.8644996801958503,0.004422865760537095
2577,F-A1-DDOSLIKE-V-03,DDoS,DDoS,RF-v5,0.002949846018477782,0.9970501539815223,0.0
2578,F-A1-DDOSLIKE-V-03,DDoS,DDoS,RF-v5,0.22585630426381675,0.768800801122797,0.005342894613386959
2579,F-A1-DDOSLIKE-V-03,DDoS,DDoS,RF-v5,0.0044082597227082946,0.995588290317723,3.44995956867291e-06
2580,F-A1-DDOSLIKE-V-03,DDoS,DDoS,RF-v5,0.22952632946652485,0.7626845850180911,0.007789085515384605
2581,F-A1-DDOSLIKE-V-03,DDoS,DDoS,RF-v5,0.0044082597227082946,0.995588290317723,3.44995956867291e-06
2582,F-A1-DDOSLIKE-V-03,DDoS,DDoS,RF-v5,0.40814990434389137,0.5879885169077244,0.0038615787483842574
2583,F-A1-DDOSLIKE-V-03,DDoS,DDoS,RF-v5,0.24428833865932884,0.7384668689270623,0.017244792413608864
2584,F-A1-DDOSLIKE-V-03,DDoS,DDoS,RF-v5,0.46308631820488166,0.5330521030467343,0.0038615787483842574
2585,F-A1-DDOSLIKE-V-03,DDoS,DDoS,RF-v5,0.004038165336220465,0.9959583847042108,3.44995956867291e-06
2586,F-A1-DDOSLIKE-V-03,DDoS,DDoS,RF-v5,0.2145840750419485,0.7815543462096679,0.0038615787483842574
2587,F-A1-DDOSLIKE-V-03,DDoS,DDoS,RF-v5,0.0044082597227082946,0.995588290317723,3.44995956867291e-06
2588,F-A1-DDOSLIKE-V-03,DDoS,DDoS,RF-v5,0.43427987663831247,0.5606611575432034,0.005058965818484994
2589,F-A1-DDOSLIKE-V-03,DDoS,DDoS,RF-v5,0.007324930042102818,0.9926716199983285,3.44995956867291e-06
2590,F-A1-DDOSLIKE-V-03,DDoS,DDoS,RF-v5,0.3093828178147832,0.6855582163667328,0.005058965818484994
2591,F-A1-DDOSLIKE-V-03,DDoS,DDoS,RF-v5,0.005636401436572053,0.9943601486038592,3.44995956867291e-06
2592,F-A1-DDOSLIKE-V-03,DDoS,DDoS,RF-v5,0.43427987663831247,0.5606611575432034,0.005058965818484994
2593,F-A1-DDOSLIKE-V-03,DDoS,DDoS,RF-v5,0.0044082597227082946,0.995588290317723,3.44995956867291e-06
2594,F-A1-DDOSLIKE-V-03,DDoS,DDoS,RF-v5,0.13107745404361335,0.8644663189775875,0.004456226978799849
2595,F-A1-DDOSLIKE-V-03,DDoS,DDoS,RF-v5,0.0044082597227082946,0.995588290317723,3.44995956867291e-06
2596,F-A1-DDOSLIKE-V-03,DDoS,DDoS,RF-v5,0.46308631820488166,0.5330521030467343,0.0038615787483842574
2597,F-A1-DDOSLIKE-V-03,DDoS,DDoS,RF-v5,0.004038165336220465,0.9959583847042108,3.44995956867291e-06
2598,F-A1-DDOSLIKE-V-03,DDoS,DDoS,RF-v5,0.13107745404361335,0.8644663189775875,0.004456226978799849
2599,F-A1-DDOSLIKE-V-03,DDoS,DDoS,RF-v5,0.0048850008062339394,0.995114999193766,0.0
2600,F-A1-DDOSLIKE-V-03,DDoS,Normal,RF-v5,0.6229265376791959,0.37163157511944833,0.00544188720135678
2601,F-A1-DDOSLIKE-V-03,DDoS,DDoS,RF-v5,0.00770027072041944,0.9903795345394728,0.0019201947401078709
2602,F-A1-DDOSLIKE-V-03,DDoS,DDoS,RF-v5,0.24780522218397139,0.7473831896198943,0.004811588196134985
2603,F-A1-DDOSLIKE-V-03,DDoS,DDoS,RF-v5,0.008654321637394291,0.9913422284030371,3.44995956867291e-06
2604,F-A1-DDOSLIKE-V-03,DDoS,DDoS,RF-v5,0.2169594840655775,0.7791789371860389,0.0038615787483842574
2605,F-A1-DDOSLIKE-V-03,DDoS,DDoS,RF-v5,0.004038165336220465,0.9959583847042108,3.44995956867291e-06
2606,F-A1-DDOSLIKE-V-03,DDoS,DDoS,RF-v5,0.13107745404361335,0.8642741655987831,0.004648380357604228
2607,F-A1-DDOSLIKE-V-03,DDoS,DDoS,RF-v5,0.004038165336220465,0.9959583847042108,3.44995956867291e-06
2608,F-A1-DDOSLIKE-V-03,DDoS,DDoS,RF-v5,0.13107745404361335,0.8644663189775875,0.004456226978799849
2609,F-A1-DDOSLIKE-V-03,DDoS,DDoS,RF-v5,0.006006495823059881,0.9939900542173714,3.44995956867291e-06
2610,F-A1-DDOSLIKE-V-03,DDoS,DDoS,RF-v5,0.13107745404361335,0.8644996801958503,0.004422865760537095
2611,F-A1-DDOSLIKE-V-03,DDoS,DDoS,RF-v5,0.02606695127537719,0.973929598765054,3.44995956867291e-06
2612,F-A1-DDOSLIKE-V-03,DDoS,DDoS,RF-v5,0.0044082597227082946,0.995588290317723,3.44995956867291e-06
2613,F-A1-DDOSLIKE-V-03,DDoS,DDoS,RF-v5,0.13107745404361335,0.8644996801958503,0.004422865760537095
2614,F-A1-DDOSLIKE-V-03,DDoS,DDoS,RF-v5,0.0044082597227082946,0.995588290317723,3.44995956867291e-06
2615,F-A1-DDOSLIKE-V-03,DDoS,DDoS,RF-v5,0.2145840750419485,0.7815543462096679,0.0038615787483842574
2616,F-A1-DDOSLIKE-V-03,DDoS,DDoS,RF-v5,0.09879868538756144,0.9012013146124386,0.0
2617,F-A1-DDOSLIKE-V-03,DDoS,DDoS,RF-v5,0.004038165336220465,0.9959583847042108,3.44995956867291e-06
2618,F-A1-DDOSLIKE-V-03,DDoS,Normal,RF-v5,0.9370578495624312,0.05883322675593655,0.004108923681634157
2619,F-A1-DDOSLIKE-V-03,DDoS,DDoS,RF-v5,0.13107745404361335,0.8644663189775875,0.004456226978799849
2620,F-A1-DDOSLIKE-V-03,DDoS,DDoS,RF-v5,0.004038165336220465,0.9959583847042108,3.44995956867291e-06
2621,F-A1-DDOSLIKE-V-03,DDoS,DDoS,RF-v5,0.13107745404361335,0.8644663189775875,0.004456226978799849
2622,F-A1-DDOSLIKE-V-03,DDoS,DDoS,RF-v5,0.011941086343276643,0.9880554636971547,3.44995956867291e-06
2623,F-A1-DDOSLIKE-V-03,DDoS,DDoS,RF-v5,0.4111719079685169,0.5849665132830988,0.0038615787483842574
2624,F-A1-DDOSLIKE-V-03,DDoS,DDoS,RF-v5,0.004038165336220465,0.9959583847042108,3.44995956867291e-06
2625,F-A1-DDOSLIKE-V-03,DDoS,Normal,RF-v5,0.6148998018451975,0.37794872400801066,0.007151474146792783
2626,F-A1-DDOSLIKE-V-03,DDoS,DDoS,RF-v5,0.004038165336220465,0.9959583847042108,3.44995956867291e-06
2627,F-A1-DDOSLIKE-V-03,DDoS,DDoS,RF-v5,0.13107745404361335,0.8644996801958503,0.004422865760537095
2628,F-A1-DDOSLIKE-V-03,DDoS,DDoS,RF-v5,0.006988011354698247,0.9930085386857331,3.44995956867291e-06
2629,F-A1-DDOSLIKE-V-03,DDoS,DDoS,RF-v5,0.43427987663831247,0.5606611575432034,0.005058965818484994
2630,F-A1-DDOSLIKE-V-03,DDoS,DDoS,RF-v5,0.01865432163739429,0.9813422284030371,3.44995956867291e-06
2631,F-A1-DDOSLIKE-V-03,DDoS,DDoS,RF-v5,0.4305411843870963,0.5643998497944195,0.005058965818484994
2632,F-A1-DDOSLIKE-V-03,DDoS,DDoS,RF-v5,0.008654321637394291,0.9913422284030371,3.44995956867291e-06
2633,F-A1-DDOSLIKE-V-03,DDoS,Normal,RF-v5,0.6997260571324772,0.2953642083011824,0.004909734566341149
2634,F-A1-DDOSLIKE-V-03,DDoS,DDoS,RF-v5,0.006006495823059881,0.9939900542173714,3.44995956867291e-06
2635,F-A1-DDOSLIKE-V-03,DDoS,DDoS,RF-v5,0.13107745404361335,0.8642741655987831,0.004648380357604228
2636,F-A1-DDOSLIKE-V-03,DDoS,DDoS,RF-v5,0.004038165336220465,0.9959583847042108,3.44995956867291e-06
2637,F-A1-DDOSLIKE-V-03,DDoS,DDoS,RF-v5,0.13107745404361335,0.8644996801958503,0.004422865760537095
2638,F-A1-DDOSLIKE-V-03,DDoS,DDoS,RF-v5,0.02606695127537719,0.973929598765054,3.44995956867291e-06
2639,F-A1-DDOSLIKE-V-03,DDoS,DDoS,RF-v5,0.0044082597227082946,0.995588290317723,3.44995956867291e-06
2640,F-A1-DDOSLIKE-V-03,DDoS,DDoS,RF-v5,0.2509130707239219,0.7452253505276946,0.0038615787483842574
2641,F-A1-DDOSLIKE-V-03,DDoS,DDoS,RF-v5,0.0044082597227082946,0.995588290317723,3.44995956867291e-06
2642,F-A1-DDOSLIKE-V-03,DDoS,DDoS,RF-v5,0.13107745404361335,0.8644663189775875,0.004456226978799849
2643,F-A1-DDOSLIKE-V-03,DDoS,DDoS,RF-v5,0.004038165336220465,0.9959583847042108,3.44995956867291e-06
2644,F-A1-DDOSLIKE-V-03,DDoS,DDoS,RF-v5,0.005636401436572053,0.9943601486038592,3.44995956867291e-06
2645,F-A1-DDOSLIKE-V-03,DDoS,DDoS,RF-v5,0.21703456107664973,0.7791038601749668,0.0038615787483842574
2646,F-A1-DDOSLIKE-V-03,DDoS,DDoS,RF-v5,0.24780522218397139,0.7473831896198943,0.004811588196134985
2647,F-A1-DDOSLIKE-V-03,DDoS,DDoS,RF-v5,0.004272592122245783,0.9957274078777543,0.0
2648,F-A1-DDOSLIKE-V-03,DDoS,DDoS,RF-v5,0.25119766043428193,0.7439907513695837,0.004811588196134985
2649,F-A1-DDOSLIKE-V-03,DDoS,DDoS,RF-v5,0.0044082597227082946,0.995588290317723,3.44995956867291e-06
2650,F-A1-DDOSLIKE-V-03,DDoS,DDoS,RF-v5,0.2145840750419485,0.7815543462096679,0.0038615787483842574
2651,F-A1-DDOSLIKE-V-03,DDoS,DDoS,RF-v5,0.0044082597227082946,0.995588290317723,3.44995956867291e-06
2652,F-A1-DDOSLIKE-V-03,DDoS,DDoS,RF-v5,0.4450702755199516,0.5510681457316641,0.0038615787483842574
2653,F-A1-DDOSLIKE-V-03,DDoS,DDoS,RF-v5,0.0044082597227082946,0.995588290317723,3.44995956867291e-06
2654,F-A1-DDOSLIKE-V-03,DDoS,DDoS,RF-v5,0.13107745404361335,0.8644663189775875,0.004456226978799849
2655,F-A1-DDOSLIKE-V-03,DDoS,DDoS,RF-v5,0.004038165336220465,0.9959583847042108,3.44995956867291e-06
2656,F-A1-DDOSLIKE-V-03,DDoS,DDoS,RF-v5,0.13107745404361335,0.8644996801958503,0.004422865760537095
2657,F-A1-DDOSLIKE-V-03,DDoS,DDoS,RF-v5,0.004038165336220465,0.9959583847042108,3.44995956867291e-06
2658,F-A1-DDOSLIKE-V-03,DDoS,DDoS,RF-v5,0.13107745404361335,0.8644996801958503,0.004422865760537095
2659,F-A1-DDOSLIKE-V-03,DDoS,DDoS,RF-v5,0.004038165336220465,0.9959583847042108,3.44995956867291e-06
2660,F-A1-DDOSLIKE-V-03,DDoS,Normal,RF-v5,0.5657504648736063,0.42919056930790944,0.005058965818484994
2661,F-A1-DDOSLIKE-V-03,DDoS,DDoS,RF-v5,0.009038165336220465,0.9909583847042108,3.44995956867291e-06
2662,F-A1-DDOSLIKE-V-03,DDoS,DDoS,RF-v5,0.13107745404361335,0.8644663189775875,0.004456226978799849
2663,F-A1-DDOSLIKE-V-03,DDoS,DDoS,RF-v5,0.0044082597227082946,0.995588290317723,3.44995956867291e-06
2664,F-A1-DDOSLIKE-V-03,DDoS,DDoS,RF-v5,0.14157447087507316,0.8477041005139755,0.01072142861095188
2665,F-A1-DDOSLIKE-V-03,DDoS,DDoS,RF-v5,0.004038165336220465,0.9959583847042108,3.44995956867291e-06
2666,F-A1-DDOSLIKE-V-03,DDoS,DDoS,RF-v5,0.2145840750419485,0.7815543462096679,0.0038615787483842574
2667,F-A1-DDOSLIKE-V-03,DDoS,DDoS,RF-v5,0.008654321637394291,0.9913422284030371,3.44995956867291e-06
2668,F-A1-DDOSLIKE-V-03,DDoS,Normal,RF-v5,0.7663609593064629,0.22882745249740316,0.004811588196134985
2669,F-A1-DDOSLIKE-V-03,DDoS,DDoS,RF-v5,0.004038165336220465,0.9959583847042108,3.44995956867291e-06
2670,F-A1-DDOSLIKE-V-03,DDoS,DDoS,RF-v5,0.13107745404361335,0.8644663189775875,0.004456226978799849
2671,F-A1-DDOSLIKE-V-03,DDoS,DDoS,RF-v5,0.014211500080314634,0.9857850499601167,3.44995956867291e-06
2672,F-A1-DDOSLIKE-V-03,DDoS,DDoS,RF-v5,0.13107745404361335,0.8644663189775875,0.004456226978799849
2673,F-A1-DDOSLIKE-V-03,DDoS,DDoS,RF-v5,0.004038165336220465,0.9959583847042108,3.44995956867291e-06
2674,F-A1-DDOSLIKE-V-03,DDoS,DDoS,RF-v5,0.21140232875912665,0.7847360924924897,0.0038615787483842574
2675,F-A1-DDOSLIKE-V-03,DDoS,DDoS,RF-v5,0.004038165336220465,0.9959583847042108,3.44995956867291e-06
2676,F-A1-DDOSLIKE-V-03,DDoS,DDoS,RF-v5,0.13107745404361335,0.8644996801958503,0.004422865760537095
2677,F-A1-DDOSLIKE-V-03,DDoS,DDoS,RF-v5,0.00826255235065073,0.9917339976897805,3.44995956867291e-06
2678,F-A1-DDOSLIKE-V-03,DDoS,DDoS,RF-v5,0.13107745404361335,0.8644996801958503,0.004422865760537095
2679,F-A1-DDOSLIKE-V-03,DDoS,DDoS,RF-v5,0.013135275079140783,0.9868612749612906,3.44995956867291e-06
2680,F-A1-DDOSLIKE-V-03,DDoS,DDoS,RF-v5,0.21140232875912665,0.7847360924924897,0.0038615787483842574
2681,F-A1-DDOSLIKE-V-03,DDoS,DDoS,RF-v5,0.005636401436572053,0.9943601486038592,3.44995956867291e-06
2682,F-A1-DDOSLIKE-V-03,DDoS,DDoS,RF-v5,0.13107745404361335,0.8644996801958503,0.004422865760537095
2683,F-A1-DDOSLIKE-V-03,DDoS,DDoS,RF-v5,0.004038165336220465,0.9959583847042108,3.44995956867291e-06
2684,F-A1-DDOSLIKE-V-03,DDoS,Normal,RF-v5,0.5712707937195295,0.4228672935472326,0.005861912733238509
2685,F-A1-DDOSLIKE-V-03,DDoS,DDoS,RF-v5,0.008654321637394291,0.9913422284030371,3.44995956867291e-06
2686,F-A1-DDOSLIKE-V-03,DDoS,DDoS,RF-v5,0.20647868392695032,0.789659737324666,0.0038615787483842574
2687,F-A1-DDOSLIKE-V-03,DDoS,DDoS,RF-v5,0.004038165336220465,0.9959583847042108,3.44995956867291e-06
2688,F-A1-DDOSLIKE-V-03,DDoS,DDoS,RF-v5,0.20647868392695032,0.789659737324666,0.0038615787483842574
2689,F-A1-DDOSLIKE-V-03,DDoS,DDoS,RF-v5,0.0044082597227082946,0.995588290317723,3.44995956867291e-06
2690,F-A1-DDOSLIKE-V-03,DDoS,DDoS,RF-v5,0.46308631820488166,0.5330521030467343,0.0038615787483842574
2691,F-A1-DDOSLIKE-V-03,DDoS,DDoS,RF-v5,0.004038165336220465,0.9959583847042108,3.44995956867291e-06
2692,F-A1-DDOSLIKE-V-03,DDoS,DDoS,RF-v5,0.13107745404361335,0.8644663189775875,0.004456226978799849
2693,F-A1-DDOSLIKE-V-03,DDoS,DDoS,RF-v5,0.004038165336220465,0.9959583847042108,3.44995956867291e-06
2694,F-A1-DDOSLIKE-V-03,DDoS,Normal,RF-v5,0.7663609593064629,0.22882745249740316,0.004811588196134985
2695,F-A1-DDOSLIKE-V-03,DDoS,DDoS,RF-v5,0.008654321637394291,0.9913422284030371,3.44995956867291e-06
2696,F-A1-DDOSLIKE-V-03,DDoS,DDoS,RF-v5,0.14157447087507316,0.8416123379458349,0.016813191179092402
2697,F-A1-DDOSLIKE-V-03,DDoS,DDoS,RF-v5,0.004038165336220465,0.9959583847042108,3.44995956867291e-06
2698,F-A1-DDOSLIKE-V-03,DDoS,DDoS,RF-v5,0.20647868392695032,0.789659737324666,0.0038615787483842574
2699,F-A1-DDOSLIKE-V-03,DDoS,DDoS,RF-v5,0.0,1.0,0.0
2700,F-A1-DDOSLIKE-V-03,DDoS,DDoS,RF-v5,0.47138508346538677,0.5247533377862291,0.0038615787483842574
2701,F-A1-DDOSLIKE-V-03,DDoS,DDoS,RF-v5,0.004038165336220465,0.9959583847042108,3.44995956867291e-06
2702,F-A1-DDOSLIKE-V-03,DDoS,DDoS,RF-v5,0.47138508346538677,0.5247533377862291,0.0038615787483842574
2703,F-A1-DDOSLIKE-V-03,DDoS,DDoS,RF-v5,0.004038165336220465,0.9959583847042108,3.44995956867291e-06
2704,F-A1-DDOSLIKE-V-03,DDoS,DDoS,RF-v5,0.13107745404361335,0.8644663189775875,0.004456226978799849
2705,F-A1-DDOSLIKE-V-03,DDoS,DDoS,RF-v5,0.005636401436572053,0.9943601486038592,3.44995956867291e-06
2706,F-A1-DDOSLIKE-V-03,DDoS,DDoS,RF-v5,0.21140232875912665,0.7847360924924897,0.0038615787483842574
2707,F-A1-DDOSLIKE-V-03,DDoS,DDoS,RF-v5,0.02544179799137959,0.9745547520490517,3.44995956867291e-06
2708,F-A1-DDOSLIKE-V-03,DDoS,DDoS,RF-v5,0.012914169159630631,0.9870823808808008,3.44995956867291e-06
2709,F-A1-DDOSLIKE-V-03,DDoS,Normal,RF-v5,0.5727308764483614,0.42245753535550457,0.004811588196134985
2710,F-A1-DDOSLIKE-V-03,DDoS,DDoS,RF-v5,0.004038165336220465,0.9959583847042108,3.44995956867291e-06
2711,F-A1-DDOSLIKE-V-03,DDoS,DDoS,RF-v5,0.2480780582176597,0.7470799561013942,0.004841985680946787
2712,F-A1-DDOSLIKE-V-03,DDoS,DDoS,RF-v5,0.004038165336220465,0.9959583847042108,3.44995956867291e-06
2713,F-A1-DDOSLIKE-V-03,DDoS,DDoS,RF-v5,0.23749950334568773,0.7576542839976256,0.004846212656687351
2714,F-A1-DDOSLIKE-V-03,DDoS,DDoS,RF-v5,0.0044082597227082946,0.995588290317723,3.44995956867291e-06
2715,F-A1-DDOSLIKE-V-03,DDoS,DDoS,RF-v5,0.20647868392695032,0.789659737324666,0.0038615787483842574
2716,F-A1-DDOSLIKE-V-03,DDoS,DDoS,RF-v5,0.0044082597227082946,0.995588290317723,3.44995956867291e-06
2717,F-A1-DDOSLIKE-V-03,DDoS,DDoS,RF-v5,0.21703456107664973,0.7791038601749668,0.0038615787483842574
2718,F-A1-DDOSLIKE-V-03,DDoS,DDoS,RF-v5,0.008923166142454406,0.991073383897977,3.44995956867291e-06
2719,F-A1-DDOSLIKE-V-03,DDoS,DDoS,RF-v5,0.13107745404361335,0.8642741655987831,0.004648380357604228
2720,F-A1-DDOSLIKE-V-03,DDoS,DDoS,RF-v5,0.004038165336220465,0.9959583847042108,3.44995956867291e-06
2721,F-A1-DDOSLIKE-V-03,DDoS,DDoS,RF-v5,0.13107745404361335,0.8644663189775875,0.004456226978799849
2722,F-A1-DDOSLIKE-V-03,DDoS,DDoS,RF-v5,0.008298012858456806,0.9916985371819745,3.44995956867291e-06
2723,F-A1-DDOSLIKE-V-03,DDoS,DDoS,RF-v5,0.4145592884030184,0.5803817457784975,0.005058965818484994
2724,F-A1-DDOSLIKE-V-03,DDoS,DDoS,RF-v5,0.009038165336220465,0.9909583847042108,3.44995956867291e-06
2725,F-A1-DDOSLIKE-V-03,DDoS,DDoS,RF-v5,0.21703456107664973,0.7791038601749668,0.0038615787483842574
2726,F-A1-DDOSLIKE-V-03,DDoS,DDoS,RF-v5,0.020377925145803156,0.9796186248946281,3.44995956867291e-06
2727,F-A1-DDOSLIKE-V-03,DDoS,Normal,RF-v5,0.9209942039735876,0.07448162209935939,0.004524173927054306
2728,F-A1-DDOSLIKE-V-03,DDoS,DDoS,RF-v5,0.011763526367280681,0.9882330236731507,3.44995956867291e-06
2729,F-A1-DDOSLIKE-V-03,DDoS,DDoS,RF-v5,0.4305411843870963,0.5643998497944195,0.005058965818484994
2730,F-A1-DDOSLIKE-V-03,DDoS,DDoS,RF-v5,0.004272592122245783,0.9957274078777543,0.0
2731,F-A1-DDOSLIKE-V-03,DDoS,DDoS,RF-v5,0.47138508346538677,0.5247533377862291,0.0038615787483842574
2732,F-A1-DDOSLIKE-V-03,DDoS,DDoS,RF-v5,0.0044082597227082946,0.995588290317723,3.44995956867291e-06
2733,F-A1-DDOSLIKE-V-03,DDoS,DDoS,RF-v5,0.23749950334568773,0.7576542839976256,0.004846212656687351
2734,F-A1-DDOSLIKE-V-03,DDoS,DDoS,RF-v5,0.004038165336220465,0.9959583847042108,3.44995956867291e-06
2735,F-A1-DDOSLIKE-V-03,DDoS,DDoS,RF-v5,0.21140232875912665,0.7847360924924897,0.0038615787483842574
2736,F-A1-DDOSLIKE-V-03,DDoS,DDoS,RF-v5,0.0044082597227082946,0.995588290317723,3.44995956867291e-06
2737,F-A1-DDOSLIKE-V-03,DDoS,DDoS,RF-v5,0.42107329633539364,0.5750651249162222,0.0038615787483842574
2738,F-A1-DDOSLIKE-V-03,DDoS,DDoS,RF-v5,0.011179222670045254,0.9888173273703861,3.44995956867291e-06
2739,F-A1-DDOSLIKE-V-03,DDoS,DDoS,RF-v5,0.13107745404361335,0.8644663189775875,0.004456226978799849
2740,F-A1-DDOSLIKE-V-03,DDoS,DDoS,RF-v5,0.012364891642928326,0.987631658397503,3.44995956867291e-06
2741,F-A1-DDOSLIKE-V-03,DDoS,Normal,RF-v5,0.5904735633264012,0.40448628745017495,0.005040149223424999
2742,F-A1-DDOSLIKE-V-03,DDoS,DDoS,RF-v5,0.004038165336220465,0.9959583847042108,3.44995956867291e-06
2743,F-A1-DDOSLIKE-V-03,DDoS,DDoS,RF-v5,0.24780522218397139,0.746194921661482,0.005999856154547085
2744,F-A1-DDOSLIKE-V-03,DDoS,DDoS,RF-v5,0.014335779606642835,0.9856642203933572,0.0
2745,F-A1-DDOSLIKE-V-03,DDoS,DDoS,RF-v5,0.25119766043428193,0.7439907513695837,0.004811588196134985
2746,F-A1-DDOSLIKE-V-03,DDoS,DDoS,RF-v5,0.008638508389393708,0.9913580416510377,3.44995956867291e-06
2747,F-A1-DDOSLIKE-V-03,DDoS,Normal,RF-v5,0.9769149039698436,0.01820915304070183,0.0048759429894556575
2748,F-A1-DDOSLIKE-V-03,DDoS,DDoS,RF-v5,0.008654321637394291,0.9913422284030371,3.44995956867291e-06
2749,F-A1-DDOSLIKE-V-03,DDoS,DDoS,RF-v5,0.13107745404361335,0.8644996801958503,0.004422865760537095
2750,F-A1-DDOSLIKE-V-03,DDoS,DDoS,RF-v5,0.0044082597227082946,0.995588290317723,3.44995956867291e-06
2751,F-A1-DDOSLIKE-V-03,DDoS,DDoS,RF-v5,0.44601663937202785,0.5501217818795883,0.0038615787483842574
2752,F-A1-DDOSLIKE-V-03,DDoS,DDoS,RF-v5,0.004038165336220465,0.9959583847042108,3.44995956867291e-06
2753,F-A1-DDOSLIKE-V-03,DDoS,DDoS,RF-v5,0.4111719079685169,0.5849665132830988,0.0038615787483842574
2754,F-A1-DDOSLIKE-V-03,DDoS,DDoS,RF-v5,0.008654321637394291,0.9913422284030371,3.44995956867291e-06
2755,F-A1-DDOSLIKE-V-03,DDoS,DDoS,RF-v5,0.13107745404361335,0.8644663189775875,0.004456226978799849
2756,F-A1-DDOSLIKE-V-03,DDoS,DDoS,RF-v5,0.004038165336220465,0.9959583847042108,3.44995956867291e-06
2757,F-A1-DDOSLIKE-V-03,DDoS,DDoS,RF-v5,0.13107745404361335,0.8644663189775875,0.004456226978799849
2758,F-A1-DDOSLIKE-V-03,DDoS,DDoS,RF-v5,0.004038165336220465,0.9959583847042108,3.44995956867291e-06
2759,F-A1-DDOSLIKE-V-03,DDoS,DDoS,RF-v5,0.13107745404361335,0.8644663189775875,0.004456226978799849
2760,F-A1-DDOSLIKE-V-03,DDoS,DDoS,RF-v5,0.008654321637394291,0.9913422284030371,3.44995956867291e-06
2761,F-A1-DDOSLIKE-V-03,DDoS,DDoS,RF-v5,0.23749950334568773,0.7576542839976256,0.004846212656687351
2762,F-A1-DDOSLIKE-V-03,DDoS,DDoS,RF-v5,0.004038165336220465,0.9959583847042108,3.44995956867291e-06
2763,F-A1-DDOSLIKE-V-03,DDoS,DDoS,RF-v5,0.13107745404361335,0.8644996801958503,0.004422865760537095
2764,F-A1-DDOSLIKE-V-03,DDoS,DDoS,RF-v5,0.0044082597227082946,0.995588290317723,3.44995956867291e-06
2765,F-A1-DDOSLIKE-V-03,DDoS,DDoS,RF-v5,0.2145840750419485,0.7815543462096679,0.0038615787483842574
2766,F-A1-DDOSLIKE-V-03,DDoS,DDoS,RF-v5,0.006006495823059881,0.9939900542173714,3.44995956867291e-06
2767,F-A1-DDOSLIKE-V-03,DDoS,DDoS,RF-v5,0.378450704345356,0.6166286704530353,0.004920625201609391
2768,F-A1-DDOSLIKE-V-03,DDoS,DDoS,RF-v5,0.007324930042102818,0.9926716199983285,3.44995956867291e-06
2769,F-A1-DDOSLIKE-V-03,DDoS,DDoS,RF-v5,0.2283574699823657,0.7668005443366883,0.004841985680946787
2770,F-A1-DDOSLIKE-V-03,DDoS,DDoS,RF-v5,0.005636401436572053,0.9943601486038592,3.44995956867291e-06
2771,F-A1-DDOSLIKE-V-03,DDoS,Normal,RF-v5,0.6290990305800428,0.3660589837390127,0.004841985680946787
2772,F-A1-DDOSLIKE-V-03,DDoS,DDoS,RF-v5,0.004038165336220465,0.9959583847042108,3.44995956867291e-06
2773,F-A1-DDOSLIKE-V-03,DDoS,DDoS,RF-v5,0.13107745404361335,0.8644996801958503,0.004422865760537095
2774,F-A1-DDOSLIKE-V-03,DDoS,DDoS,RF-v5,0.004038165336220465,0.9959583847042108,3.44995956867291e-06
2775,F-A1-DDOSLIKE-V-03,DDoS,Normal,RF-v5,0.6311534701561438,0.3640349416477225,0.004811588196134985
2776,F-A1-DDOSLIKE-V-03,DDoS,DDoS,RF-v5,0.004038165336220465,0.9959583847042108,3.44995956867291e-06
2777,F-A1-DDOSLIKE-V-03,DDoS,DDoS,RF-v5,0.13107745404361335,0.8644996801958503,0.004422865760537095
2778,F-A1-DDOSLIKE-V-03,DDoS,DDoS,RF-v5,0.004038165336220465,0.9959583847042108,3.44995956867291e-06
2779,F-A1-DDOSLIKE-V-03,DDoS,DDoS,RF-v5,0.13107745404361335,0.8644996801958503,0.004422865760537095
2780,F-A1-DDOSLIKE-V-03,DDoS,DDoS,RF-v5,0.004038165336220465,0.9959583847042108,3.44995956867291e-06
2781,F-A1-DDOSLIKE-V-03,DDoS,DDoS,RF-v5,0.43316329478734844,0.5617777393941676,0.005058965818484994
2782,F-A1-DDOSLIKE-V-03,DDoS,DDoS,RF-v5,0.02871122871793077,0.9712853213225006,3.44995956867291e-06
2783,F-A1-DDOSLIKE-V-03,DDoS,DDoS,RF-v5,0.0044082597227082946,0.995588290317723,3.44995956867291e-06
2784,F-A1-DDOSLIKE-V-03,DDoS,DDoS,RF-v5,0.20647868392695032,0.789659737324666,0.0038615787483842574
2785,F-A1-DDOSLIKE-V-03,DDoS,DDoS,RF-v5,0.004038165336220465,0.9959583847042108,3.44995956867291e-06
2786,F-A1-DDOSLIKE-V-03,DDoS,DDoS,RF-v5,0.13107745404361335,0.8644996801958503,0.004422865760537095
2787,F-A1-DDOSLIKE-V-03,DDoS,DDoS,RF-v5,0.008638508389393708,0.9913580416510377,3.44995956867291e-06
2788,F-A1-DDOSLIKE-V-03,DDoS,DDoS,RF-v5,0.24780522218397139,0.7473831896198943,0.004811588196134985
2789,F-A1-DDOSLIKE-V-03,DDoS,DDoS,RF-v5,0.006200349577384388,0.993796200463047,3.44995956867291e-06
2790,F-A1-DDOSLIKE-V-03,DDoS,DDoS,RF-v5,0.13107745404361335,0.8644663189775875,0.004456226978799849
2791,F-A1-DDOSLIKE-V-03,DDoS,DDoS,RF-v5,0.0044082597227082946,0.995588290317723,3.44995956867291e-06
2792,F-A1-DDOSLIKE-V-03,DDoS,DDoS,RF-v5,0.20647868392695032,0.789659737324666,0.0038615787483842574
2793,F-A1-DDOSLIKE-V-03,DDoS,DDoS,RF-v5,0.0032867647058823527,0.9967132352941177,0.0
2794,F-A1-DDOSLIKE-V-03,DDoS,DDoS,RF-v5,0.2591487410256502,0.7359903534230289,0.004860905551321779
2795,F-A1-DDOSLIKE-V-03,DDoS,DDoS,RF-v5,0.005636401436572053,0.9943601486038592,3.44995956867291e-06
2796,F-A1-DDOSLIKE-V-03,DDoS,DDoS,RF-v5,0.20858790855659184,0.7867661736864341,0.004645917756974542
2797,F-A1-DDOSLIKE-V-03,DDoS,DDoS,RF-v5,0.013764434133212947,0.9862321159072184,3.44995956867291e-06
2798,F-A1-DDOSLIKE-V-03,DDoS,DDoS,RF-v5,0.22585630426381675,0.768800801122797,0.005342894613386959
2799,F-A1-DDOSLIKE-V-03,DDoS,DDoS,RF-v5,0.0013227461037680016,0.9986772538962321,0.0
2800,F-A1-DDOSLIKE-V-03,DDoS,Normal,RF-v5,0.9209942039735876,0.07448162209935939,0.004524173927054306
2801,F-A1-DDOSLIKE-V-03,DDoS,DDoS,RF-v5,0.016763526367280682,0.9832330236731507,3.44995956867291e-06
2802,F-A1-DDOSLIKE-V-03,DDoS,Normal,RF-v5,0.534317036109546,0.4606239980719697,0.005058965818484994
2803,F-A1-DDOSLIKE-V-03,DDoS,DDoS,RF-v5,0.004038165336220465,0.9959583847042108,3.44995956867291e-06
2804,F-A1-DDOSLIKE-V-03,DDoS,DDoS,RF-v5,0.13107745404361335,0.8644996801958503,0.004422865760537095
2805,F-A1-DDOSLIKE-V-03,DDoS,DDoS,RF-v5,0.0044082597227082946,0.995588290317723,3.44995956867291e-06
2806,F-A1-DDOSLIKE-V-03,DDoS,DDoS,RF-v5,0.13107745404361335,0.8644663189775875,0.004456226978799849
2807,F-A1-DDOSLIKE-V-03,DDoS,DDoS,RF-v5,0.004038165336220465,0.9959583847042108,3.44995956867291e-06
2808,F-A1-DDOSLIKE-V-03,DDoS,DDoS,RF-v5,0.4111719079685169,0.5849665132830988,0.0038615787483842574
2809,F-A1-DDOSLIKE-V-03,DDoS,DDoS,RF-v5,0.004038165336220465,0.9959583847042108,3.44995956867291e-06
2810,F-A1-DDOSLIKE-V-03,DDoS,DDoS,RF-v5,0.24433954131215718,0.7517988799394593,0.0038615787483842574
2811,F-A1-DDOSLIKE-V-03,DDoS,DDoS,RF-v5,0.008298012858456806,0.9916985371819745,3.44995956867291e-06
2812,F-A1-DDOSLIKE-V-03,DDoS,DDoS,RF-v5,0.13107745404361335,0.8644996801958503,0.004422865760537095
2813,F-A1-DDOSLIKE-V-03,DDoS,DDoS,RF-v5,0.012914169159630631,0.9870823808808008,3.44995956867291e-06
2814,F-A1-DDOSLIKE-V-03,DDoS,DDoS,RF-v5,0.24780522218397139,0.7473831896198943,0.004811588196134985
2815,F-A1-DDOSLIKE-V-03,DDoS,DDoS,RF-v5,0.004038165336220465,0.9959583847042108,3.44995956867291e-06
2816,F-A1-DDOSLIKE-V-03,DDoS,Normal,RF-v5,0.9744509935190316,0.021408904595055338,0.004140101885914223
2817,F-A1-DDOSLIKE-V-03,DDoS,DDoS,RF-v5,0.006200349577384388,0.9918760057229392,0.0019236446996765439
2818,F-A1-DDOSLIKE-V-03,DDoS,DDoS,RF-v5,0.13107745404361335,0.8644663189775875,0.004456226978799849
2819,F-A1-DDOSLIKE-V-03,DDoS,DDoS,RF-v5,0.008654321637394291,0.9913422284030371,3.44995956867291e-06
2820,F-A1-DDOSLIKE-V-03,DDoS,DDoS,RF-v5,0.25119766043428193,0.7439907513695837,0.004811588196134985
2821,F-A1-DDOSLIKE-V-03,DDoS,DDoS,RF-v5,0.004038165336220465,0.9959583847042108,3.44995956867291e-06
2822,F-A1-DDOSLIKE-V-03,DDoS,DDoS,RF-v5,0.13107745404361335,0.8644663189775875,0.004456226978799849
2823,F-A1-DDOSLIKE-V-03,DDoS,DDoS,RF-v5,0.004038165336220465,0.9959583847042108,3.44995956867291e-06
2824,F-A1-DDOSLIKE-V-03,DDoS,Normal,RF-v5,0.6290990305800428,0.3660589837390127,0.004841985680946787
2825,F-A1-DDOSLIKE-V-03,DDoS,DDoS,RF-v5,0.0044082597227082946,0.995588290317723,3.44995956867291e-06
2826,F-A1-DDOSLIKE-V-03,DDoS,DDoS,RF-v5,0.22952632946652485,0.7626845850180911,0.007789085515384605
2827,F-A1-DDOSLIKE-V-03,DDoS,DDoS,RF-v5,0.004038165336220465,0.9959583847042108,3.44995956867291e-06
2828,F-A1-DDOSLIKE-V-03,DDoS,DDoS,RF-v5,0.46308631820488166,0.5330521030467343,0.0038615787483842574
2829,F-A1-DDOSLIKE-V-03,DDoS,DDoS,RF-v5,0.004038165336220465,0.9959583847042108,3.44995956867291e-06
2830,F-A1-DDOSLIKE-V-03,DDoS,DDoS,RF-v5,0.13107745404361335,0.8644663189775875,0.004456226978799849
2831,F-A1-DDOSLIKE-V-03,DDoS,DDoS,RF-v5,0.013135275079140783,0.9868612749612906,3.44995956867291e-06
2832,F-A1-DDOSLIKE-V-03,DDoS,Normal,RF-v5,0.6030486464529534,0.3921093678661006,0.004841985680946787
2833,F-A1-DDOSLIKE-V-03,DDoS,DDoS,RF-v5,0.005636401436572053,0.9943601486038592,3.44995956867291e-06
2834,F-A1-DDOSLIKE-V-03,DDoS,DDoS,RF-v5,0.42107329633539364,0.5750651249162222,0.0038615787483842574
2835,F-A1-DDOSLIKE-V-03,DDoS,DDoS,RF-v5,0.004038165336220465,0.9959583847042108,3.44995956867291e-06
2836,F-A1-DDOSLIKE-V-03,DDoS,DDoS,RF-v5,0.21140232875912665,0.7847360924924897,0.0038615787483842574
2837,F-A1-DDOSLIKE-V-03,DDoS,DDoS,RF-v5,0.004038165336220465,0.9959583847042108,3.44995956867291e-06
2838,F-A1-DDOSLIKE-V-03,DDoS,DDoS,RF-v5,0.23749950334568773,0.7576542839976256,0.004846212656687351
2839,F-A1-DDOSLIKE-V-03,DDoS,DDoS,RF-v5,0.0044082597227082946,0.995588290317723,3.44995956867291e-06
2840,F-A1-DDOSLIKE-V-03,DDoS,DDoS,RF-v5,0.21140232875912665,0.7847360924924897,0.0038615787483842574
2841,F-A1-DDOSLIKE-V-03,DDoS,DDoS,RF-v5,0.0078924579641629,0.9921040920762684,3.44995956867291e-06
2842,F-A1-DDOSLIKE-V-03,DDoS,DDoS,RF-v5,0.45132528913992404,0.5448131321116919,0.0038615787483842574
2843,F-A1-DDOSLIKE-V-03,DDoS,DDoS,RF-v5,0.0044082597227082946,0.995588290317723,3.44995956867291e-06
2844,F-A1-DDOSLIKE-V-03,DDoS,DDoS,RF-v5,0.20647868392695032,0.789659737324666,0.0038615787483842574
2845,F-A1-DDOSLIKE-V-03,DDoS,DDoS,RF-v5,0.004038165336220465,0.9959583847042108,3.44995956867291e-06
2846,F-A1-DDOSLIKE-V-03,DDoS,Normal,RF-v5,0.5307779318225312,0.46536048942908487,0.0038615787483842574
2847,F-A1-DDOSLIKE-V-03,DDoS,DDoS,RF-v5,0.0044082597227082946,0.995588290317723,3.44995956867291e-06
2848,F-A1-DDOSLIKE-V-03,DDoS,DDoS,RF-v5,0.13107745404361335,0.8644663189775875,0.004456226978799849
2849,F-A1-DDOSLIKE-V-03,DDoS,DDoS,RF-v5,0.0044082597227082946,0.995588290317723,3.44995956867291e-06
2850,F-A1-DDOSLIKE-V-03,DDoS,DDoS,RF-v5,0.2145840750419485,0.7815543462096679,0.0038615787483842574
2851,F-A1-DDOSLIKE-V-03,DDoS,DDoS,RF-v5,0.004038165336220465,0.9959583847042108,3.44995956867291e-06
2852,F-A1-DDOSLIKE-V-03,DDoS,DDoS,RF-v5,0.20647868392695032,0.789659737324666,0.0038615787483842574
2853,F-A1-DDOSLIKE-V-03,DDoS,DDoS,RF-v5,0.004038165336220465,0.9959583847042108,3.44995956867291e-06
2854,F-A1-DDOSLIKE-V-03,DDoS,DDoS,RF-v5,0.21140232875912665,0.7847360924924897,0.0038615787483842574
2855,F-A1-DDOSLIKE-V-03,DDoS,DDoS,RF-v5,0.0,1.0,0.0
2856,F-A1-DDOSLIKE-V-03,DDoS,DDoS,RF-v5,0.13107745404361335,0.8644663189775875,0.004456226978799849
2857,F-A1-DDOSLIKE-V-03,DDoS,DDoS,RF-v5,0.008654321637394291,0.9913422284030371,3.44995956867291e-06
2858,F-A1-DDOSLIKE-V-03,DDoS,DDoS,RF-v5,0.13107745404361335,0.8644663189775875,0.004456226978799849
2859,F-A1-DDOSLIKE-V-03,DDoS,DDoS,RF-v5,0.022542884566829582,0.975533470733494,0.0019236446996765439
2860,F-A1-DDOSLIKE-V-03,DDoS,DDoS,RF-v5,0.013827924883852578,0.9861686251565789,3.44995956867291e-06
2861,F-A1-DDOSLIKE-V-03,DDoS,DDoS,RF-v5,0.006294221863811313,0.99370232817662,3.44995956867291e-06
2862,F-A1-DDOSLIKE-V-03,DDoS,DDoS,RF-v5,0.13107745404361335,0.8644996801958503,0.004422865760537095
2863,F-A1-DDOSLIKE-V-03,DDoS,DDoS,RF-v5,0.004038165336220465,0.9959583847042108,3.44995956867291e-06
2864,F-A1-DDOSLIKE-V-03,DDoS,DDoS,RF-v5,0.43997490763442393,0.554966126547092,0.005058965818484994
2865,F-A1-DDOSLIKE-V-03,DDoS,DDoS,RF-v5,0.01365432163739429,0.9863422284030371,3.44995956867291e-06
2866,F-A1-DDOSLIKE-V-03,DDoS,DDoS,RF-v5,0.24780522218397139,0.7473831896198943,0.004811588196134985
2867,F-A1-DDOSLIKE-V-03,DDoS,DDoS,RF-v5,0.012914169159630631,0.9870823808808008,3.44995956867291e-06
2868,F-A1-DDOSLIKE-V-03,DDoS,DDoS,RF-v5,0.4360825432364105,0.5588584909451056,0.005058965818484994
2869,F-A1-DDOSLIKE-V-03,DDoS,DDoS,RF-v5,0.006988011354698247,0.9930085386857331,3.44995956867291e-06
2870,F-A1-DDOSLIKE-V-03,DDoS,DDoS,RF-v5,0.23749950334568773,0.7576542839976256,0.004846212656687351
2871,F-A1-DDOSLIKE-V-03,DDoS,DDoS,RF-v5,0.005636401436572053,0.9943601486038592,3.44995956867291e-06
2872,F-A1-DDOSLIKE-V-03,DDoS,DDoS,RF-v5,0.4111719079685169,0.5849665132830988,0.0038615787483842574
2873,F-A1-DDOSLIKE-V-03,DDoS,DDoS,RF-v5,0.008713245520295211,0.9912833045201361,3.44995956867291e-06
2874,F-A1-DDOSLIKE-V-03,DDoS,DDoS,RF-v5,0.20647868392695032,0.789659737324666,0.0038615787483842574
2875,F-A1-DDOSLIKE-V-03,DDoS,DDoS,RF-v5,0.006988011354698248,0.9930085386857331,3.44995956867291e-06
2876,F-A1-DDOSLIKE-V-03,DDoS,DDoS,RF-v5,0.13107745404361335,0.8644996801958503,0.004422865760537095
2877,F-A1-DDOSLIKE-V-03,DDoS,DDoS,RF-v5,0.004038165336220465,0.9959583847042108,3.44995956867291e-06
2878,F-A1-DDOSLIKE-V-03,DDoS,DDoS,RF-v5,0.21703456107664973,0.7791038601749668,0.0038615787483842574
2879,F-A1-DDOSLIKE-V-03,DDoS,DDoS,RF-v5,0.009038165336220465,0.9909583847042108,3.44995956867291e-06
2880,F-A1-DDOSLIKE-V-03,DDoS,DDoS,RF-v5,0.4096265279524053,0.5854528468459863,0.004920625201609391
2881,F-A1-DDOSLIKE-V-03,DDoS,DDoS,RF-v5,0.010980413357516077,0.9890195866424841,0.0
2882,F-A1-DDOSLIKE-V-03,DDoS,Normal,RF-v5,0.6491879871779963,0.34595110727068457,0.004860905551321779
2883,F-A1-DDOSLIKE-V-03,DDoS,DDoS,RF-v5,0.004038165336220465,0.9959583847042108,3.44995956867291e-06
2884,F-A1-DDOSLIKE-V-03,DDoS,DDoS,RF-v5,0.23749950334568773,0.7576542839976256,0.004846212656687351
2885,F-A1-DDOSLIKE-V-03,DDoS,DDoS,RF-v5,0.004038165336220465,0.9959583847042108,3.44995956867291e-06
2886,F-A1-DDOSLIKE-V-03,DDoS,DDoS,RF-v5,0.13107745404361335,0.8644996801958503,0.004422865760537095
2887,F-A1-DDOSLIKE-V-03,DDoS,DDoS,RF-v5,0.01365432163739429,0.9863422284030371,3.44995956867291e-06
2888,F-A1-DDOSLIKE-V-03,DDoS,DDoS,RF-v5,0.43316329478734844,0.5617777393941676,0.005058965818484994
2889,F-A1-DDOSLIKE-V-03,DDoS,DDoS,RF-v5,0.007559356828128136,0.992440643171872,0.0
2890,F-A1-DDOSLIKE-V-03,DDoS,DDoS,RF-v5,0.13107745404361335,0.8644663189775875,0.004456226978799849
2891,F-A1-DDOSLIKE-V-03,DDoS,DDoS,RF-v5,0.006294221863811313,0.99370232817662,3.44995956867291e-06
2892,F-A1-DDOSLIKE-V-03,DDoS,DDoS,RF-v5,0.2145840750419485,0.7815543462096679,0.0038615787483842574
2893,F-A1-DDOSLIKE-V-03,DDoS,DDoS,RF-v5,0.004038165336220465,0.9959583847042108,3.44995956867291e-06
2894,F-A1-DDOSLIKE-V-03,DDoS,DDoS,RF-v5,0.20647868392695032,0.789659737324666,0.0038615787483842574
2895,F-A1-DDOSLIKE-V-03,DDoS,DDoS,RF-v5,0.004038165336220465,0.9959583847042108,3.44995956867291e-06
2896,F-A1-DDOSLIKE-V-03,DDoS,DDoS,RF-v5,0.21140232875912665,0.7847360924924897,0.0038615787483842574
2897,F-A1-DDOSLIKE-V-03,DDoS,DDoS,RF-v5,0.008654321637394291,0.9913422284030371,3.44995956867291e-06
2898,F-A1-DDOSLIKE-V-03,DDoS,Normal,RF-v5,0.5702568112875943,0.42476372912578986,0.004979459586616766
2899,F-A1-DDOSLIKE-V-03,DDoS,DDoS,RF-v5,0.0044082597227082946,0.995588290317723,3.44995956867291e-06
2900,F-A1-DDOSLIKE-V-03,DDoS,DDoS,RF-v5,0.3797754520767046,0.6163629691749114,0.0038615787483842574
2901,F-A1-DDOSLIKE-V-03,DDoS,DDoS,RF-v5,0.008654321637394291,0.9913422284030371,3.44995956867291e-06
2902,F-A1-DDOSLIKE-V-03,DDoS,DDoS,RF-v5,0.2781559397171113,0.7169234350812802,0.004920625201609391
2903,F-A1-DDOSLIKE-V-03,DDoS,DDoS,RF-v5,0.004038165336220465,0.9959583847042108,3.44995956867291e-06
2904,F-A1-DDOSLIKE-V-03,DDoS,DDoS,RF-v5,0.2145840750419485,0.7815543462096679,0.0038615787483842574
2905,F-A1-DDOSLIKE-V-03,DDoS,DDoS,RF-v5,0.008654321637394291,0.9913422284030371,3.44995956867291e-06
2906,F-A1-DDOSLIKE-V-03,DDoS,Normal,RF-v5,0.7103852116902246,0.2841511228366623,0.005463665473113822
2907,F-A1-DDOSLIKE-V-03,DDoS,DDoS,RF-v5,0.0044082597227082946,0.995588290317723,3.44995956867291e-06
2908,F-A1-DDOSLIKE-V-03,DDoS,DDoS,RF-v5,0.21140232875912665,0.7847360924924897,0.0038615787483842574
2909,F-A1-DDOSLIKE-V-03,DDoS,DDoS,RF-v5,0.008638508389393708,0.9913580416510377,3.44995956867291e-06
2910,F-A1-DDOSLIKE-V-03,DDoS,DDoS,RF-v5,0.25119766043428193,0.7439907513695837,0.004811588196134985
2911,F-A1-DDOSLIKE-V-03,DDoS,DDoS,RF-v5,0.008654321637394291,0.9913422284030371,3.44995956867291e-06
2912,F-A1-DDOSLIKE-V-03,DDoS,DDoS,RF-v5,0.44654843704618863,0.5483925971353273,0.005058965818484994
2913,F-A1-DDOSLIKE-V-03,DDoS,DDoS,RF-v5,0.004038165336220465,0.9959583847042108,3.44995956867291e-06
2914,F-A1-DDOSLIKE-V-03,DDoS,DDoS,RF-v5,0.13107745404361335,0.8644996801958503,0.004422865760537095
2915,F-A1-DDOSLIKE-V-03,DDoS,DDoS,RF-v5,0.01365432163739429,0.9863422284030371,3.44995956867291e-06
2916,F-A1-DDOSLIKE-V-03,DDoS,DDoS,RF-v5,0.23749950334568773,0.7576542839976256,0.004846212656687351
2917,F-A1-DDOSLIKE-V-03,DDoS,DDoS,RF-v5,0.004038165336220465,0.9959583847042108,3.44995956867291e-06
2918,F-A1-DDOSLIKE-V-03,DDoS,DDoS,RF-v5,0.20647868392695032,0.789659737324666,0.0038615787483842574
2919,F-A1-DDOSLIKE-V-03,DDoS,DDoS,RF-v5,0.007324930042102817,0.9926716199983285,3.44995956867291e-06
2920,F-A1-DDOSLIKE-V-03,DDoS,DDoS,RF-v5,0.13107745404361335,0.8644663189775875,0.004456226978799849
2921,F-A1-DDOSLIKE-V-03,DDoS,DDoS,RF-v5,0.004038165336220465,0.9959583847042108,3.44995956867291e-06
2922,F-A1-DDOSLIKE-V-03,DDoS,DDoS,RF-v5,0.13107745404361335,0.8644663189775875,0.004456226978799849
2923,F-A1-DDOSLIKE-V-03,DDoS,DDoS,RF-v5,0.004038165336220465,0.9959583847042108,3.44995956867291e-06
2924,F-A1-DDOSLIKE-V-03,DDoS,DDoS,RF-v5,0.13107745404361335,0.8644996801958503,0.004422865760537095
2925,F-A1-DDOSLIKE-V-03,DDoS,DDoS,RF-v5,0.004038165336220465,0.9959583847042108,3.44995956867291e-06
2926,F-A1-DDOSLIKE-V-03,DDoS,DDoS,RF-v5,0.13107745404361335,0.8644663189775875,0.004456226978799849
2927,F-A1-DDOSLIKE-V-03,DDoS,DDoS,RF-v5,0.004038165336220465,0.9959583847042108,3.44995956867291e-06
2928,F-A1-DDOSLIKE-V-03,DDoS,DDoS,RF-v5,0.13107745404361335,0.8644663189775875,0.004456226978799849
2929,F-A1-DDOSLIKE-V-03,DDoS,DDoS,RF-v5,0.006988011354698248,0.9930085386857331,3.44995956867291e-06
2930,F-A1-DDOSLIKE-V-03,DDoS,DDoS,RF-v5,0.46308631820488166,0.5330521030467343,0.0038615787483842574
2931,F-A1-DDOSLIKE-V-03,DDoS,DDoS,RF-v5,0.004038165336220465,0.9959583847042108,3.44995956867291e-06
2932,F-A1-DDOSLIKE-V-03,DDoS,DDoS,RF-v5,0.2145840750419485,0.7815543462096679,0.0038615787483842574
2933,F-A1-DDOSLIKE-V-03,DDoS,DDoS,RF-v5,0.004038165336220465,0.9959583847042108,3.44995956867291e-06
2934,F-A1-DDOSLIKE-V-03,DDoS,DDoS,RF-v5,0.2145840750419485,0.7815543462096679,0.0038615787483842574
2935,F-A1-DDOSLIKE-V-03,DDoS,DDoS,RF-v5,0.01865432163739429,0.9813422284030371,3.44995956867291e-06
2936,F-A1-DDOSLIKE-V-03,DDoS,Normal,RF-v5,0.6552259857378416,0.33996242606602606,0.004811588196134985
2937,F-A1-DDOSLIKE-V-03,DDoS,DDoS,RF-v5,0.004038165336220465,0.9959583847042108,3.44995956867291e-06
2938,F-A1-DDOSLIKE-V-03,DDoS,DDoS,RF-v5,0.13107745404361335,0.8644663189775875,0.004456226978799849
2939,F-A1-DDOSLIKE-V-03,DDoS,DDoS,RF-v5,0.012364891642928326,0.987631658397503,3.44995956867291e-06
2940,F-A1-DDOSLIKE-V-03,DDoS,DDoS,RF-v5,0.2509130707239219,0.7452253505276946,0.0038615787483842574
2941,F-A1-DDOSLIKE-V-03,DDoS,DDoS,RF-v5,0.004038165336220465,0.9959583847042108,3.44995956867291e-06
2942,F-A1-DDOSLIKE-V-03,DDoS,DDoS,RF-v5,0.13107745404361335,0.8642741655987831,0.004648380357604228
2943,F-A1-DDOSLIKE-V-03,DDoS,DDoS,RF-v5,0.005636401436572053,0.9943601486038592,3.44995956867291e-06
2944,F-A1-DDOSLIKE-V-03,DDoS,DDoS,RF-v5,0.46308631820488166,0.5330521030467343,0.0038615787483842574
2945,F-A1-DDOSLIKE-V-03,DDoS,DDoS,RF-v5,0.008004447501260394,0.991992102539171,3.44995956867291e-06
2946,F-A1-DDOSLIKE-V-03,DDoS,DDoS,RF-v5,0.13107745404361335,0.8580012638026453,0.010921282153742112
2947,F-A1-DDOSLIKE-V-03,DDoS,DDoS,RF-v5,0.021314742852965828,0.9767616124473578,0.0019236446996765439
2948,F-A1-DDOSLIKE-V-03,DDoS,DDoS,RF-v5,0.005636401436572053,0.9943601486038592,3.44995956867291e-06
2949,F-A1-DDOSLIKE-V-03,DDoS,DDoS,RF-v5,0.24433954131215718,0.7517988799394593,0.0038615787483842574
2950,F-A1-DDOSLIKE-V-03,DDoS,DDoS,RF-v5,0.013380590434386773,0.9866159596060445,3.44995956867291e-06
2951,F-A1-DDOSLIKE-V-03,DDoS,DDoS,RF-v5,0.43316329478734844,0.5617777393941676,0.005058965818484994
2952,F-A1-DDOSLIKE-V-03,DDoS,DDoS,RF-v5,0.008654321637394291,0.9913422284030371,3.44995956867291e-06
2953,F-A1-DDOSLIKE-V-03,DDoS,DDoS,RF-v5,0.3028092884030185,0.6921317457784975,0.005058965818484994
2954,F-A1-DDOSLIKE-V-03,DDoS,DDoS,RF-v5,0.008654321637394291,0.9913422284030371,3.44995956867291e-06
2955,F-A1-DDOSLIKE-V-03,DDoS,DDoS,RF-v5,0.2145840750419485,0.7815543462096679,0.0038615787483842574
2956,F-A1-DDOSLIKE-V-03,DDoS,DDoS,RF-v5,0.0044082597227082946,0.995588290317723,3.44995956867291e-06
2957,F-A1-DDOSLIKE-V-03,DDoS,DDoS,RF-v5,0.13107745404361335,0.8644663189775875,0.004456226978799849
2958,F-A1-DDOSLIKE-V-03,DDoS,DDoS,RF-v5,0.0044082597227082946,0.995588290317723,3.44995956867291e-06
2959,F-A1-DDOSLIKE-V-03,DDoS,Normal,RF-v5,0.5307779318225312,0.46536048942908487,0.0038615787483842574
2960,F-A1-DDOSLIKE-V-03,DDoS,DDoS,RF-v5,0.004038165336220465,0.9959583847042108,3.44995956867291e-06
2961,F-A1-DDOSLIKE-V-03,DDoS,DDoS,RF-v5,0.2145840750419485,0.7815543462096679,0.0038615787483842574
2962,F-A1-DDOSLIKE-V-03,DDoS,DDoS,RF-v5,0.0044082597227082946,0.995588290317723,3.44995956867291e-06
2963,F-A1-DDOSLIKE-V-03,DDoS,DDoS,RF-v5,0.21140232875912665,0.7847360924924897,0.0038615787483842574
2964,F-A1-DDOSLIKE-V-03,DDoS,DDoS,RF-v5,0.007324930042102818,0.9926716199983285,3.44995956867291e-06
2965,F-A1-DDOSLIKE-V-03,DDoS,DDoS,RF-v5,0.13107745404361335,0.8644663189775875,0.004456226978799849
2966,F-A1-DDOSLIKE-V-03,DDoS,DDoS,RF-v5,0.006844191701568865,0.9931523583388625,3.44995956867291e-06
2967,F-A1-DDOSLIKE-V-03,DDoS,DDoS,RF-v5,0.20647868392695032,0.789659737324666,0.0038615787483842574
2968,F-A1-DDOSLIKE-V-03,DDoS,DDoS,RF-v5,0.004616156301173826,0.9953838436988263,0.0
2969,F-A1-DDOSLIKE-V-03,DDoS,DDoS,RF-v5,0.13107745404361335,0.8644996801958503,0.004422865760537095
2970,F-A1-DDOSLIKE-V-03,DDoS,DDoS,RF-v5,0.006006495823059881,0.9939900542173714,3.44995956867291e-06
2971,F-A1-DDOSLIKE-V-03,DDoS,DDoS,RF-v5,0.1087761641673147,0.8912238358326856,0.0
2972,F-A1-DDOSLIKE-V-03,DDoS,DDoS,RF-v5,0.25119766043428193,0.7439907513695837,0.004811588196134985
2973,F-A1-DDOSLIKE-V-03,DDoS,DDoS,RF-v5,0.22585630426381675,0.767091214177361,0.007052481558822962
2974,F-A1-DDOSLIKE-V-03,DDoS,DDoS,RF-v5,0.004038165336220465,0.9940381899641031,0.0019236446996765439
2975,F-A1-DDOSLIKE-V-03,DDoS,DDoS,RF-v5,0.13107745404361335,0.8644663189775875,0.004456226978799849
2976,F-A1-DDOSLIKE-V-03,DDoS,DDoS,RF-v5,0.0044082597227082946,0.995588290317723,3.44995956867291e-06
2977,F-A1-DDOSLIKE-V-03,DDoS,DDoS,RF-v5,0.13107745404361335,0.8644663189775875,0.004456226978799849
2978,F-A1-DDOSLIKE-V-03,DDoS,DDoS,RF-v5,0.0044082597227082946,0.995588290317723,3.44995956867291e-06
2979,F-A1-DDOSLIKE-V-03,DDoS,DDoS,RF-v5,0.24838472110930915,0.7477537001423074,0.0038615787483842574
2980,F-A1-DDOSLIKE-V-03,DDoS,DDoS,RF-v5,0.0044082597227082946,0.995588290317723,3.44995956867291e-06
2981,F-A1-DDOSLIKE-V-03,DDoS,DDoS,RF-v5,0.21140232875912665,0.7847360924924897,0.0038615787483842574
2982,F-A1-DDOSLIKE-V-03,DDoS,DDoS,RF-v5,0.2518143911155984,0.6887675918488411,0.05941801703556157
2983,F-A1-DDOSLIKE-V-03,DDoS,DDoS,RF-v5,0.4053668053039655,0.5334660930588396,0.06116710163719566
2984,F-A1-DDOSLIKE-V-03,DDoS,Normal,RF-v5,0.5003744102989451,0.42135339863011323,0.07827219107094222
2985,F-A1-DDOSLIKE-V-03,DDoS,DDoS,RF-v5,0.4053668053039655,0.5334660930588396,0.06116710163719566
2986,F-A1-DDOSLIKE-V-03,DDoS,Normal,RF-v5,0.6019874848434942,0.3402153715018334,0.0577971436546729
2987,F-A1-DDOSLIKE-V-03,DDoS,Normal,RF-v5,0.4698026631471008,0.4638178885379309,0.06637944831496898
2988,F-A1-DDOSLIKE-V-03,DDoS,DDoS,RF-v5,0.2518143911155984,0.6887675918488411,0.05941801703556157
2989,F-A1-DDOSLIKE-V-03,DDoS,DDoS,RF-v5,0.4560575498591807,0.48277534850362436,0.06116710163719566
2990,F-A1-DDOSLIKE-V-03,DDoS,Normal,RF-v5,0.5549279068212576,0.3832910399956811,0.06178105318306239
2991,F-A1-DDOSLIKE-V-03,DDoS,Normal,RF-v5,0.5284420926511529,0.3797140033673866,0.09184390398146046
2992,F-A1-DDOSLIKE-V-03,DDoS,DDoS,RF-v5,0.40692440409563324,0.531908494267172,0.06116710163719566
2993,F-A1-DDOSLIKE-V-03,DDoS,Normal,RF-v5,0.49726057305756804,0.4576708527430789,0.045068574199353124
2994,F-A1-DDOSLIKE-V-03,DDoS,DDoS,RF-v5,0.2518143911155984,0.6887675918488411,0.05941801703556157
2995,F-A1-DDOSLIKE-V-03,DDoS,DDoS,RF-v5,0.2518143911155984,0.6887675918488411,0.05941801703556157
2996,F-A1-DDOSLIKE-V-03,DDoS,Normal,RF-v5,0.7564017969316049,0.20852047725354556,0.0350777258148496
2997,F-A1-DDOSLIKE-V-03,DDoS,DDoS,RF-v5,0.2518143911155984,0.6887675918488411,0.05941801703556157
2998,F-A1-DDOSLIKE-V-03,DDoS,Normal,RF-v5,0.5156459773659305,0.41273178826676715,0.0716222343673031
2999,F-A1-PORTSCAN-V-01,PortScan,PortScan,RF-v5,0.003150333057869539,0.006077337496813229,0.9907723294453185
3000,F-A1-PORTSCAN-V-01,PortScan,PortScan,RF-v5,0.003150333057869539,0.006077337496813229,0.9907723294453185
3001,F-A1-PORTSCAN-V-01,PortScan,PortScan,RF-v5,0.0031173831870937837,0.01190626640962612,0.9849763504032812
3002,F-A1-PORTSCAN-V-01,PortScan,PortScan,RF-v5,0.003150333057869539,0.006077337496813229,0.9907723294453185
3003,F-A1-PORTSCAN-V-01,PortScan,PortScan,RF-v5,0.003150333057869539,0.006077337496813229,0.9907723294453185
3004,F-A1-PORTSCAN-V-01,PortScan,PortScan,RF-v5,0.007352696610132838,0.01190626640962612,0.9807410369802422
3005,F-A1-PORTSCAN-V-01,PortScan,PortScan,RF-v5,0.003150333057869539,0.00603988132387339,0.9908097856182583
3006,F-A1-PORTSCAN-V-01,PortScan,PortScan,RF-v5,0.003150333057869539,0.006077337496813229,0.9907723294453185
3007,F-A1-PORTSCAN-V-01,PortScan,PortScan,RF-v5,0.003150333057869539,0.006077337496813229,0.9907723294453185
3008,F-A1-PORTSCAN-V-01,PortScan,PortScan,RF-v5,0.0031173831870937837,0.011025379037612469,0.9858572377752948
3009,F-A1-PORTSCAN-V-01,PortScan,PortScan,RF-v5,0.003150333057869539,0.006077337496813229,0.9907723294453185
3010,F-A1-PORTSCAN-V-01,PortScan,PortScan,RF-v5,0.003150333057869539,0.006077337496813229,0.9907723294453185
3011,F-A1-PORTSCAN-V-01,PortScan,PortScan,RF-v5,0.003150333057869539,0.00603988132387339,0.9908097856182583
3012,F-A1-PORTSCAN-V-01,PortScan,PortScan,RF-v5,0.007352696610132838,0.01190626640962612,0.9807410369802422
3013,F-A1-PORTSCAN-V-01,PortScan,PortScan,RF-v5,0.003150333057869539,0.00603988132387339,0.9908097856182583
3014,F-A1-PORTSCAN-V-01,PortScan,PortScan,RF-v5,0.003150333057869539,0.006077337496813229,0.9907723294453185
3015,F-A1-PORTSCAN-V-01,PortScan,PortScan,RF-v5,0.003150333057869539,0.00603988132387339,0.9908097856182583
3016,F-A1-PORTSCAN-V-01,PortScan,PortScan,RF-v5,0.003150333057869539,0.006077337496813229,0.9907723294453185
3017,F-A1-PORTSCAN-V-01,PortScan,PortScan,RF-v5,0.007352696610132838,0.01190626640962612,0.9807410369802422
3018,F-A1-PORTSCAN-V-01,PortScan,PortScan,RF-v5,0.0031173831870937837,0.011025379037612469,0.9858572377752948
3019,F-A1-PORTSCAN-V-01,PortScan,PortScan,RF-v5,0.003150333057869539,0.006077337496813229,0.9907723294453185
3020,F-A1-PORTSCAN-V-01,PortScan,PortScan,RF-v5,0.003150333057869539,0.00603988132387339,0.9908097856182583
3021,F-A1-PORTSCAN-V-01,PortScan,PortScan,RF-v5,0.003150333057869539,0.006077337496813229,0.9907723294453185
3022,F-A1-PORTSCAN-V-01,PortScan,PortScan,RF-v5,0.003150333057869539,0.00603988132387339,0.9908097856182583
3023,F-A1-PORTSCAN-V-01,PortScan,PortScan,RF-v5,0.0031173831870937837,0.011025379037612469,0.9858572377752948
3024,F-A1-PORTSCAN-V-01,PortScan,PortScan,RF-v5,0.0031173831870937837,0.011025379037612469,0.9858572377752948
3025,F-A1-PORTSCAN-V-01,PortScan,PortScan,RF-v5,0.0031173831870937837,0.011025379037612469,0.9858572377752948
3026,F-A1-PORTSCAN-V-01,PortScan,PortScan,RF-v5,0.0031173831870937837,0.011025379037612469,0.9858572377752948
3027,F-A1-PORTSCAN-V-01,PortScan,PortScan,RF-v5,0.003150333057869539,0.006077337496813229,0.9907723294453185
3028,F-A1-PORTSCAN-V-01,PortScan,PortScan,RF-v5,0.003150333057869539,0.006077337496813229,0.9907723294453185
3029,F-A1-PORTSCAN-V-01,PortScan,PortScan,RF-v5,0.003150333057869539,0.00603988132387339,0.9908097856182583
3030,F-A1-PORTSCAN-V-01,PortScan,PortScan,RF-v5,0.003150333057869539,0.00603988132387339,0.9908097856182583
3031,F-A1-PORTSCAN-V-01,PortScan,PortScan,RF-v5,0.003150333057869539,0.00603988132387339,0.9908097856182583
3032,F-A1-PORTSCAN-V-01,PortScan,PortScan,RF-v5,0.003150333057869539,0.006077337496813229,0.9907723294453185
3033,F-A1-PORTSCAN-V-01,PortScan,PortScan,RF-v5,0.003150333057869539,0.006077337496813229,0.9907723294453185
3034,F-A1-PORTSCAN-V-01,PortScan,PortScan,RF-v5,0.003150333057869539,0.00603988132387339,0.9908097856182583
3035,F-A1-PORTSCAN-V-01,PortScan,PortScan,RF-v5,0.0031173831870937837,0.011025379037612469,0.9858572377752948
3036,F-A1-PORTSCAN-V-01,PortScan,PortScan,RF-v5,0.003150333057869539,0.006077337496813229,0.9907723294453185
3037,F-A1-PORTSCAN-V-01,PortScan,PortScan,RF-v5,0.003150333057869539,0.006077337496813229,0.9907723294453185
3038,F-A1-PORTSCAN-V-01,PortScan,PortScan,RF-v5,0.0031173831870937837,0.011025379037612469,0.9858572377752948
3039,F-A1-PORTSCAN-V-01,PortScan,PortScan,RF-v5,0.0031173831870937837,0.011025379037612469,0.9858572377752948
3040,F-A1-PORTSCAN-V-01,PortScan,PortScan,RF-v5,0.003150333057869539,0.006077337496813229,0.9907723294453185
3041,F-A1-PORTSCAN-V-01,PortScan,PortScan,RF-v5,0.003150333057869539,0.006077337496813229,0.9907723294453185
3042,F-A1-PORTSCAN-V-01,PortScan,PortScan,RF-v5,0.0031173831870937837,0.011025379037612469,0.9858572377752948
3043,F-A1-PORTSCAN-V-01,PortScan,PortScan,RF-v5,0.0031173831870937837,0.01190626640962612,0.9849763504032812
3044,F-A1-PORTSCAN-V-01,PortScan,PortScan,RF-v5,0.003150333057869539,0.006077337496813229,0.9907723294453185
3045,F-A1-PORTSCAN-V-01,PortScan,PortScan,RF-v5,0.003150333057869539,0.006077337496813229,0.9907723294453185
3046,F-A1-PORTSCAN-V-01,PortScan,PortScan,RF-v5,0.003150333057869539,0.006077337496813229,0.9907723294453185
3047,F-A1-PORTSCAN-V-01,PortScan,PortScan,RF-v5,0.003150333057869539,0.006077337496813229,0.9907723294453185
3048,F-A1-PORTSCAN-V-01,PortScan,PortScan,RF-v5,0.0031173831870937837,0.011025379037612469,0.9858572377752948
3049,F-A1-PORTSCAN-V-01,PortScan,PortScan,RF-v5,0.003150333057869539,0.006077337496813229,0.9907723294453185
3050,F-A1-PORTSCAN-V-01,PortScan,PortScan,RF-v5,0.003150333057869539,0.00603988132387339,0.9908097856182583
3051,F-A1-PORTSCAN-V-01,PortScan,PortScan,RF-v5,0.005445017986967171,0.006482568294333889,0.9880724137187
3052,F-A1-PORTSCAN-V-01,PortScan,PortScan,RF-v5,0.007352696610132838,0.01190626640962612,0.9807410369802422
3053,F-A1-PORTSCAN-V-01,PortScan,PortScan,RF-v5,0.003150333057869539,0.006077337496813229,0.9907723294453185
3054,F-A1-PORTSCAN-V-01,PortScan,PortScan,RF-v5,0.003150333057869539,0.006077337496813229,0.9907723294453185
3055,F-A1-PORTSCAN-V-01,PortScan,PortScan,RF-v5,0.003150333057869539,0.006077337496813229,0.9907723294453185
3056,F-A1-PORTSCAN-V-01,PortScan,PortScan,RF-v5,0.003150333057869539,0.006077337496813229,0.9907723294453185
3057,F-A1-PORTSCAN-V-01,PortScan,PortScan,RF-v5,0.0031173831870937837,0.011025379037612469,0.9858572377752948
3058,F-A1-PORTSCAN-V-01,PortScan,PortScan,RF-v5,0.0031173831870937837,0.011025379037612469,0.9858572377752948
3059,F-A1-PORTSCAN-V-01,PortScan,PortScan,RF-v5,0.007352696610132838,0.01190626640962612,0.9807410369802422
3060,F-A1-PORTSCAN-V-01,PortScan,PortScan,RF-v5,0.003150333057869539,0.006077337496813229,0.9907723294453185
3061,F-A1-PORTSCAN-V-01,PortScan,PortScan,RF-v5,0.003150333057869539,0.006077337496813229,0.9907723294453185
3062,F-A1-PORTSCAN-V-01,PortScan,PortScan,RF-v5,0.0031173831870937837,0.011025379037612469,0.9858572377752948
3063,F-A1-PORTSCAN-V-01,PortScan,PortScan,RF-v5,0.003150333057869539,0.006077337496813229,0.9907723294453185
3064,F-A1-PORTSCAN-V-01,PortScan,PortScan,RF-v5,0.0031173831870937837,0.01190626640962612,0.9849763504032812
3065,F-A1-PORTSCAN-V-01,PortScan,PortScan,RF-v5,0.003150333057869539,0.006077337496813229,0.9907723294453185
3066,F-A1-PORTSCAN-V-01,PortScan,PortScan,RF-v5,0.003150333057869539,0.006077337496813229,0.9907723294453185
3067,F-A1-PORTSCAN-V-01,PortScan,PortScan,RF-v5,0.003150333057869539,0.00603988132387339,0.9908097856182583
3068,F-A1-PORTSCAN-V-01,PortScan,PortScan,RF-v5,0.003150333057869539,0.006077337496813229,0.9907723294453185
3069,F-A1-PORTSCAN-V-01,PortScan,PortScan,RF-v5,0.0031173831870937837,0.011025379037612469,0.9858572377752948
3070,F-A1-PORTSCAN-V-01,PortScan,PortScan,RF-v5,0.0031173831870937837,0.011025379037612469,0.9858572377752948
3071,F-A1-PORTSCAN-V-01,PortScan,PortScan,RF-v5,0.007352696610132838,0.01190626640962612,0.9807410369802422
3072,F-A1-PORTSCAN-V-01,PortScan,PortScan,RF-v5,0.003150333057869539,0.006077337496813229,0.9907723294453185
3073,F-A1-PORTSCAN-V-01,PortScan,PortScan,RF-v5,0.003150333057869539,0.006077337496813229,0.9907723294453185
3074,F-A1-PORTSCAN-V-01,PortScan,PortScan,RF-v5,0.003150333057869539,0.006077337496813229,0.9907723294453185
3075,F-A1-PORTSCAN-V-01,PortScan,PortScan,RF-v5,0.007352696610132838,0.01190626640962612,0.9807410369802422
3076,F-A1-PORTSCAN-V-01,PortScan,PortScan,RF-v5,0.007352696610132838,0.01190626640962612,0.9807410369802422
3077,F-A1-PORTSCAN-V-01,PortScan,PortScan,RF-v5,0.003150333057869539,0.00603988132387339,0.9908097856182583
3078,F-A1-PORTSCAN-V-01,PortScan,PortScan,RF-v5,0.003150333057869539,0.006077337496813229,0.9907723294453185
3079,F-A1-PORTSCAN-V-01,PortScan,PortScan,RF-v5,0.003150333057869539,0.00603988132387339,0.9908097856182583
3080,F-A1-PORTSCAN-V-01,PortScan,PortScan,RF-v5,0.003150333057869539,0.006077337496813229,0.9907723294453185
3081,F-A1-PORTSCAN-V-01,PortScan,PortScan,RF-v5,0.0031173831870937837,0.011025379037612469,0.9858572377752948
3082,F-A1-PORTSCAN-V-01,PortScan,PortScan,RF-v5,0.003150333057869539,0.00603988132387339,0.9908097856182583
3083,F-A1-PORTSCAN-V-01,PortScan,PortScan,RF-v5,0.003150333057869539,0.006077337496813229,0.9907723294453185
3084,F-A1-PORTSCAN-V-01,PortScan,PortScan,RF-v5,0.003150333057869539,0.006077337496813229,0.9907723294453185
3085,F-A1-PORTSCAN-V-01,PortScan,PortScan,RF-v5,0.003150333057869539,0.006077337496813229,0.9907723294453185
3086,F-A1-PORTSCAN-V-01,PortScan,PortScan,RF-v5,0.003150333057869539,0.006077337496813229,0.9907723294453185
3087,F-A1-PORTSCAN-V-01,PortScan,PortScan,RF-v5,0.003150333057869539,0.006077337496813229,0.9907723294453185
3088,F-A1-PORTSCAN-V-01,PortScan,PortScan,RF-v5,0.003150333057869539,0.006077337496813229,0.9907723294453185
3089,F-A1-PORTSCAN-V-01,PortScan,PortScan,RF-v5,0.0031173831870937837,0.011025379037612469,0.9858572377752948
3090,F-A1-PORTSCAN-V-01,PortScan,PortScan,RF-v5,0.003150333057869539,0.006077337496813229,0.9907723294453185
3091,F-A1-PORTSCAN-V-01,PortScan,PortScan,RF-v5,0.007352696610132838,0.01190626640962612,0.9807410369802422
3092,F-A1-PORTSCAN-V-01,PortScan,PortScan,RF-v5,0.0031173831870937837,0.011025379037612469,0.9858572377752948
3093,F-A1-PORTSCAN-V-01,PortScan,PortScan,RF-v5,0.003150333057869539,0.00603988132387339,0.9908097856182583
3094,F-A1-PORTSCAN-V-01,PortScan,PortScan,RF-v5,0.003150333057869539,0.006077337496813229,0.9907723294453185
3095,F-A1-PORTSCAN-V-01,PortScan,PortScan,RF-v5,0.003150333057869539,0.006077337496813229,0.9907723294453185
3096,F-A1-PORTSCAN-V-01,PortScan,PortScan,RF-v5,0.003150333057869539,0.006077337496813229,0.9907723294453185
3097,F-A1-PORTSCAN-V-01,PortScan,PortScan,RF-v5,0.0031173831870937837,0.01190626640962612,0.9849763504032812
3098,F-A1-PORTSCAN-V-01,PortScan,PortScan,RF-v5,0.0031173831870937837,0.011025379037612469,0.9858572377752948
3099,F-A1-PORTSCAN-V-01,PortScan,PortScan,RF-v5,0.003150333057869539,0.006077337496813229,0.9907723294453185
3100,F-A1-PORTSCAN-V-01,PortScan,PortScan,RF-v5,0.003150333057869539,0.006077337496813229,0.9907723294453185
3101,F-A1-PORTSCAN-V-01,PortScan,PortScan,RF-v5,0.003150333057869539,0.006077337496813229,0.9907723294453185
3102,F-A1-PORTSCAN-V-01,PortScan,PortScan,RF-v5,0.003150333057869539,0.006077337496813229,0.9907723294453185
3103,F-A1-PORTSCAN-V-01,PortScan,PortScan,RF-v5,0.003150333057869539,0.006077337496813229,0.9907723294453185
3104,F-A1-PORTSCAN-V-01,PortScan,PortScan,RF-v5,0.003150333057869539,0.00603988132387339,0.9908097856182583
3105,F-A1-PORTSCAN-V-01,PortScan,PortScan,RF-v5,0.0031173831870937837,0.011025379037612469,0.9858572377752948
3106,F-A1-PORTSCAN-V-01,PortScan,PortScan,RF-v5,0.003150333057869539,0.006077337496813229,0.9907723294453185
3107,F-A1-PORTSCAN-V-01,PortScan,PortScan,RF-v5,0.003150333057869539,0.006077337496813229,0.9907723294453185
3108,F-A1-PORTSCAN-V-01,PortScan,PortScan,RF-v5,0.0031173831870937837,0.011025379037612469,0.9858572377752948
3109,F-A1-PORTSCAN-V-01,PortScan,PortScan,RF-v5,0.003150333057869539,0.00603988132387339,0.9908097856182583
3110,F-A1-PORTSCAN-V-01,PortScan,PortScan,RF-v5,0.003150333057869539,0.006077337496813229,0.9907723294453185
3111,F-A1-PORTSCAN-V-01,PortScan,PortScan,RF-v5,0.0031173831870937837,0.011025379037612469,0.9858572377752948
3112,F-A1-PORTSCAN-V-01,PortScan,PortScan,RF-v5,0.003150333057869539,0.006077337496813229,0.9907723294453185
3113,F-A1-PORTSCAN-V-01,PortScan,PortScan,RF-v5,0.003150333057869539,0.006077337496813229,0.9907723294453185
3114,F-A1-PORTSCAN-V-01,PortScan,PortScan,RF-v5,0.0031173831870937837,0.011025379037612469,0.9858572377752948
3115,F-A1-PORTSCAN-V-01,PortScan,PortScan,RF-v5,0.0031173831870937837,0.011025379037612469,0.9858572377752948
3116,F-A1-PORTSCAN-V-01,PortScan,PortScan,RF-v5,0.003150333057869539,0.006077337496813229,0.9907723294453185
3117,F-A1-PORTSCAN-V-01,PortScan,PortScan,RF-v5,0.003150333057869539,0.006077337496813229,0.9907723294453185
3118,F-A1-PORTSCAN-V-01,PortScan,PortScan,RF-v5,0.003150333057869539,0.006077337496813229,0.9907723294453185
3119,F-A1-PORTSCAN-V-01,PortScan,PortScan,RF-v5,0.003150333057869539,0.00603988132387339,0.9908097856182583
3120,F-A1-PORTSCAN-V-01,PortScan,PortScan,RF-v5,0.003150333057869539,0.00603988132387339,0.9908097856182583
3121,F-A1-PORTSCAN-V-01,PortScan,PortScan,RF-v5,0.003150333057869539,0.006077337496813229,0.9907723294453185
3122,F-A1-PORTSCAN-V-01,PortScan,PortScan,RF-v5,0.003150333057869539,0.00603988132387339,0.9908097856182583
3123,F-A1-PORTSCAN-V-01,PortScan,PortScan,RF-v5,0.003150333057869539,0.006077337496813229,0.9907723294453185
3124,F-A1-PORTSCAN-V-01,PortScan,PortScan,RF-v5,0.0031173831870937837,0.01190626640962612,0.9849763504032812
3125,F-A1-PORTSCAN-V-01,PortScan,PortScan,RF-v5,0.003150333057869539,0.006077337496813229,0.9907723294453185
3126,F-A1-PORTSCAN-V-01,PortScan,PortScan,RF-v5,0.0029738601050267365,0.0065164967006096156,0.9905096431943647
3127,F-A1-PORTSCAN-V-01,PortScan,PortScan,RF-v5,0.003150333057869539,0.006077337496813229,0.9907723294453185
3128,F-A1-PORTSCAN-V-01,PortScan,PortScan,RF-v5,0.0031173831870937837,0.011025379037612469,0.9858572377752948
3129,F-A1-PORTSCAN-V-01,PortScan,PortScan,RF-v5,0.003150333057869539,0.006077337496813229,0.9907723294453185
3130,F-A1-PORTSCAN-V-01,PortScan,PortScan,RF-v5,0.003150333057869539,0.006077337496813229,0.9907723294453185
3131,F-A1-PORTSCAN-V-01,PortScan,PortScan,RF-v5,0.003150333057869539,0.006077337496813229,0.9907723294453185
3132,F-A1-PORTSCAN-V-01,PortScan,PortScan,RF-v5,0.003150333057869539,0.006077337496813229,0.9907723294453185
3133,F-A1-PORTSCAN-V-01,PortScan,PortScan,RF-v5,0.003150333057869539,0.006077337496813229,0.9907723294453185
3134,F-A1-PORTSCAN-V-01,PortScan,PortScan,RF-v5,0.007352696610132838,0.01190626640962612,0.9807410369802422
3135,F-A1-PORTSCAN-V-01,PortScan,PortScan,RF-v5,0.0031173831870937837,0.01190626640962612,0.9849763504032812
3136,F-A1-PORTSCAN-V-01,PortScan,PortScan,RF-v5,0.0031173831870937837,0.011025379037612469,0.9858572377752948
3137,F-A1-PORTSCAN-V-01,PortScan,PortScan,RF-v5,0.003150333057869539,0.006077337496813229,0.9907723294453185
3138,F-A1-PORTSCAN-V-01,PortScan,PortScan,RF-v5,0.0031173831870937837,0.011025379037612469,0.9858572377752948
3139,F-A1-PORTSCAN-V-01,PortScan,PortScan,RF-v5,0.003150333057869539,0.006077337496813229,0.9907723294453185
3140,F-A1-PORTSCAN-V-01,PortScan,PortScan,RF-v5,0.003150333057869539,0.006077337496813229,0.9907723294453185
3141,F-A1-PORTSCAN-V-01,PortScan,PortScan,RF-v5,0.003150333057869539,0.006077337496813229,0.9907723294453185
3142,F-A1-PORTSCAN-V-01,PortScan,PortScan,RF-v5,0.003150333057869539,0.006077337496813229,0.9907723294453185
3143,F-A1-PORTSCAN-V-01,PortScan,PortScan,RF-v5,0.003150333057869539,0.006077337496813229,0.9907723294453185
3144,F-A1-PORTSCAN-V-01,PortScan,PortScan,RF-v5,0.003150333057869539,0.006077337496813229,0.9907723294453185
3145,F-A1-PORTSCAN-V-01,PortScan,PortScan,RF-v5,0.003150333057869539,0.006077337496813229,0.9907723294453185
3146,F-A1-PORTSCAN-V-01,PortScan,PortScan,RF-v5,0.005276748291942728,0.005947894303711483,0.9887753574043469
3147,F-A1-PORTSCAN-V-01,PortScan,PortScan,RF-v5,0.003150333057869539,0.006077337496813229,0.9907723294453185
3148,F-A1-PORTSCAN-V-01,PortScan,PortScan,RF-v5,0.003150333057869539,0.00603988132387339,0.9908097856182583
3149,F-A1-PORTSCAN-V-01,PortScan,PortScan,RF-v5,0.003150333057869539,0.006077337496813229,0.9907723294453185
3150,F-A1-PORTSCAN-V-01,PortScan,PortScan,RF-v5,0.0031173831870937837,0.01190626640962612,0.9849763504032812
3151,F-A1-PORTSCAN-V-01,PortScan,PortScan,RF-v5,0.003150333057869539,0.006077337496813229,0.9907723294453185
3152,F-A1-PORTSCAN-V-01,PortScan,PortScan,RF-v5,0.003150333057869539,0.006077337496813229,0.9907723294453185
3153,F-A1-PORTSCAN-V-01,PortScan,PortScan,RF-v5,0.003150333057869539,0.006077337496813229,0.9907723294453185
3154,F-A1-PORTSCAN-V-01,PortScan,PortScan,RF-v5,0.0031173831870937837,0.01190626640962612,0.9849763504032812
3155,F-A1-PORTSCAN-V-01,PortScan,PortScan,RF-v5,0.003150333057869539,0.006077337496813229,0.9907723294453185
3156,F-A1-PORTSCAN-V-01,PortScan,PortScan,RF-v5,0.007352696610132838,0.01190626640962612,0.9807410369802422
3157,F-A1-PORTSCAN-V-01,PortScan,PortScan,RF-v5,0.0031173831870937837,0.01190626640962612,0.9849763504032812
3158,F-A1-PORTSCAN-V-01,PortScan,PortScan,RF-v5,0.005276748291942728,0.005947894303711483,0.9887753574043469
3159,F-A1-PORTSCAN-V-01,PortScan,PortScan,RF-v5,0.003150333057869539,0.006077337496813229,0.9907723294453185
3160,F-A1-PORTSCAN-V-01,PortScan,PortScan,RF-v5,0.0031173831870937837,0.01190626640962612,0.9849763504032812
3161,F-A1-PORTSCAN-V-01,PortScan,PortScan,RF-v5,0.003150333057869539,0.006077337496813229,0.9907723294453185
3162,F-A1-PORTSCAN-V-01,PortScan,PortScan,RF-v5,0.003150333057869539,0.006077337496813229,0.9907723294453185
3163,F-A1-PORTSCAN-V-01,PortScan,PortScan,RF-v5,0.003150333057869539,0.006077337496813229,0.9907723294453185
3164,F-A1-PORTSCAN-V-01,PortScan,PortScan,RF-v5,0.003150333057869539,0.006077337496813229,0.9907723294453185
3165,F-A1-PORTSCAN-V-01,PortScan,PortScan,RF-v5,0.003150333057869539,0.006077337496813229,0.9907723294453185
3166,F-A1-PORTSCAN-V-01,PortScan,PortScan,RF-v5,0.003150333057869539,0.006077337496813229,0.9907723294453185
3167,F-A1-PORTSCAN-V-01,PortScan,PortScan,RF-v5,0.0031173831870937837,0.01190626640962612,0.9849763504032812
3168,F-A1-PORTSCAN-V-01,PortScan,PortScan,RF-v5,0.007352696610132838,0.01190626640962612,0.9807410369802422
3169,F-A1-PORTSCAN-V-01,PortScan,PortScan,RF-v5,0.003150333057869539,0.006077337496813229,0.9907723294453185
3170,F-A1-PORTSCAN-V-01,PortScan,PortScan,RF-v5,0.003150333057869539,0.006077337496813229,0.9907723294453185
3171,F-A1-PORTSCAN-V-01,PortScan,PortScan,RF-v5,0.0031173831870937837,0.011025379037612469,0.9858572377752948
3172,F-A1-PORTSCAN-V-01,PortScan,PortScan,RF-v5,0.003150333057869539,0.006077337496813229,0.9907723294453185
3173,F-A1-PORTSCAN-V-01,PortScan,PortScan,RF-v5,0.0031173831870937837,0.011025379037612469,0.9858572377752948
3174,F-A1-PORTSCAN-V-01,PortScan,PortScan,RF-v5,0.0031173831870937837,0.011025379037612469,0.9858572377752948
3175,F-A1-PORTSCAN-V-01,PortScan,PortScan,RF-v5,0.003150333057869539,0.006077337496813229,0.9907723294453185
3176,F-A1-PORTSCAN-V-01,PortScan,PortScan,RF-v5,0.003150333057869539,0.006077337496813229,0.9907723294453185
3177,F-A1-PORTSCAN-V-01,PortScan,PortScan,RF-v5,0.003150333057869539,0.006077337496813229,0.9907723294453185
3178,F-A1-PORTSCAN-V-01,PortScan,PortScan,RF-v5,0.003150333057869539,0.006077337496813229,0.9907723294453185
3179,F-A1-PORTSCAN-V-01,PortScan,PortScan,RF-v5,0.003150333057869539,0.006077337496813229,0.9907723294453185
3180,F-A1-PORTSCAN-V-01,PortScan,PortScan,RF-v5,0.003150333057869539,0.00603988132387339,0.9908097856182583
3181,F-A1-PORTSCAN-V-01,PortScan,PortScan,RF-v5,0.007352696610132838,0.01190626640962612,0.9807410369802422
3182,F-A1-PORTSCAN-V-01,PortScan,PortScan,RF-v5,0.003150333057869539,0.006077337496813229,0.9907723294453185
3183,F-A1-PORTSCAN-V-01,PortScan,PortScan,RF-v5,0.0031173831870937837,0.011025379037612469,0.9858572377752948
3184,F-A1-PORTSCAN-V-01,PortScan,PortScan,RF-v5,0.003150333057869539,0.00603988132387339,0.9908097856182583
3185,F-A1-PORTSCAN-V-01,PortScan,PortScan,RF-v5,0.003150333057869539,0.006077337496813229,0.9907723294453185
3186,F-A1-PORTSCAN-V-01,PortScan,PortScan,RF-v5,0.0031173831870937837,0.011025379037612469,0.9858572377752948
3187,F-A1-PORTSCAN-V-01,PortScan,PortScan,RF-v5,0.003150333057869539,0.00603988132387339,0.9908097856182583
3188,F-A1-PORTSCAN-V-01,PortScan,PortScan,RF-v5,0.003150333057869539,0.006077337496813229,0.9907723294453185
3189,F-A1-PORTSCAN-V-01,PortScan,PortScan,RF-v5,0.003150333057869539,0.006077337496813229,0.9907723294453185
3190,F-A1-PORTSCAN-V-01,PortScan,PortScan,RF-v5,0.0031173831870937837,0.011025379037612469,0.9858572377752948
3191,F-A1-PORTSCAN-V-01,PortScan,PortScan,RF-v5,0.003150333057869539,0.00603988132387339,0.9908097856182583
3192,F-A1-PORTSCAN-V-01,PortScan,PortScan,RF-v5,0.007352696610132838,0.01190626640962612,0.9807410369802422
3193,F-A1-PORTSCAN-V-01,PortScan,PortScan,RF-v5,0.003150333057869539,0.006077337496813229,0.9907723294453185
3194,F-A1-PORTSCAN-V-01,PortScan,PortScan,RF-v5,0.003150333057869539,0.006077337496813229,0.9907723294453185
3195,F-A1-PORTSCAN-V-01,PortScan,PortScan,RF-v5,0.003150333057869539,0.006077337496813229,0.9907723294453185
3196,F-A1-PORTSCAN-V-01,PortScan,PortScan,RF-v5,0.003150333057869539,0.006077337496813229,0.9907723294453185
3197,F-A1-PORTSCAN-V-01,PortScan,PortScan,RF-v5,0.003150333057869539,0.00603988132387339,0.9908097856182583
3198,F-A1-PORTSCAN-V-01,PortScan,PortScan,RF-v5,0.003150333057869539,0.006077337496813229,0.9907723294453185
3199,F-A1-PORTSCAN-V-01,PortScan,PortScan,RF-v5,0.003150333057869539,0.006077337496813229,0.9907723294453185
3200,F-A1-PORTSCAN-V-01,PortScan,PortScan,RF-v5,0.003150333057869539,0.006077337496813229,0.9907723294453185
3201,F-A1-PORTSCAN-V-01,PortScan,PortScan,RF-v5,0.003150333057869539,0.00603988132387339,0.9908097856182583
3202,F-A1-PORTSCAN-V-01,PortScan,PortScan,RF-v5,0.003150333057869539,0.006077337496813229,0.9907723294453185
3203,F-A1-PORTSCAN-V-01,PortScan,PortScan,RF-v5,0.003150333057869539,0.006077337496813229,0.9907723294453185
3204,F-A1-PORTSCAN-V-01,PortScan,PortScan,RF-v5,0.0031173831870937837,0.011025379037612469,0.9858572377752948
3205,F-A1-PORTSCAN-V-01,PortScan,PortScan,RF-v5,0.0031173831870937837,0.011025379037612469,0.9858572377752948
3206,F-A1-PORTSCAN-V-01,PortScan,PortScan,RF-v5,0.003150333057869539,0.006077337496813229,0.9907723294453185
3207,F-A1-PORTSCAN-V-01,PortScan,PortScan,RF-v5,0.003150333057869539,0.006077337496813229,0.9907723294453185
3208,F-A1-PORTSCAN-V-01,PortScan,PortScan,RF-v5,0.0031173831870937837,0.01190626640962612,0.9849763504032812
3209,F-A1-PORTSCAN-V-01,PortScan,PortScan,RF-v5,0.0031173831870937837,0.01190626640962612,0.9849763504032812
3210,F-A1-PORTSCAN-V-01,PortScan,PortScan,RF-v5,0.003150333057869539,0.006077337496813229,0.9907723294453185
3211,F-A1-PORTSCAN-V-01,PortScan,PortScan,RF-v5,0.003150333057869539,0.006077337496813229,0.9907723294453185
3212,F-A1-PORTSCAN-V-01,PortScan,PortScan,RF-v5,0.007352696610132838,0.01190626640962612,0.9807410369802422
3213,F-A1-PORTSCAN-V-01,PortScan,PortScan,RF-v5,0.003150333057869539,0.006077337496813229,0.9907723294453185
3214,F-A1-PORTSCAN-V-01,PortScan,PortScan,RF-v5,0.003150333057869539,0.006077337496813229,0.9907723294453185
3215,F-A1-PORTSCAN-V-01,PortScan,PortScan,RF-v5,0.007352696610132838,0.01190626640962612,0.9807410369802422
3216,F-A1-PORTSCAN-V-01,PortScan,PortScan,RF-v5,0.003150333057869539,0.00603988132387339,0.9908097856182583
3217,F-A1-PORTSCAN-V-01,PortScan,PortScan,RF-v5,0.005276748291942728,0.005947894303711483,0.9887753574043469
3218,F-A1-PORTSCAN-V-01,PortScan,PortScan,RF-v5,0.0031173831870937837,0.011025379037612469,0.9858572377752948
3219,F-A1-PORTSCAN-V-01,PortScan,PortScan,RF-v5,0.0031173831870937837,0.011025379037612469,0.9858572377752948
3220,F-A1-PORTSCAN-V-01,PortScan,PortScan,RF-v5,0.003150333057869539,0.006077337496813229,0.9907723294453185
3221,F-A1-PORTSCAN-V-01,PortScan,PortScan,RF-v5,0.0031173831870937837,0.011025379037612469,0.9858572377752948
3222,F-A1-PORTSCAN-V-01,PortScan,PortScan,RF-v5,0.003150333057869539,0.006077337496813229,0.9907723294453185
3223,F-A1-PORTSCAN-V-01,PortScan,PortScan,RF-v5,0.005445017986967171,0.006482568294333889,0.9880724137187
3224,F-A1-PORTSCAN-V-01,PortScan,PortScan,RF-v5,0.003150333057869539,0.006077337496813229,0.9907723294453185
3225,F-A1-PORTSCAN-V-01,PortScan,PortScan,RF-v5,0.0031173831870937837,0.01190626640962612,0.9849763504032812
3226,F-A1-PORTSCAN-V-01,PortScan,PortScan,RF-v5,0.003150333057869539,0.006077337496813229,0.9907723294453185
3227,F-A1-PORTSCAN-V-01,PortScan,PortScan,RF-v5,0.003150333057869539,0.006077337496813229,0.9907723294453185
3228,F-A1-PORTSCAN-V-01,PortScan,PortScan,RF-v5,0.003150333057869539,0.006077337496813229,0.9907723294453185
3229,F-A1-PORTSCAN-V-01,PortScan,PortScan,RF-v5,0.003150333057869539,0.006077337496813229,0.9907723294453185
3230,F-A1-PORTSCAN-V-01,PortScan,PortScan,RF-v5,0.003150333057869539,0.006077337496813229,0.9907723294453185
3231,F-A1-PORTSCAN-V-01,PortScan,PortScan,RF-v5,0.003150333057869539,0.006077337496813229,0.9907723294453185
3232,F-A1-PORTSCAN-V-01,PortScan,PortScan,RF-v5,0.003150333057869539,0.00603988132387339,0.9908097856182583
3233,F-A1-PORTSCAN-V-01,PortScan,PortScan,RF-v5,0.007352696610132838,0.01190626640962612,0.9807410369802422
3234,F-A1-PORTSCAN-V-01,PortScan,PortScan,RF-v5,0.003150333057869539,0.006077337496813229,0.9907723294453185
3235,F-A1-PORTSCAN-V-01,PortScan,PortScan,RF-v5,0.003150333057869539,0.006077337496813229,0.9907723294453185
3236,F-A1-PORTSCAN-V-01,PortScan,PortScan,RF-v5,0.007352696610132838,0.01190626640962612,0.9807410369802422
3237,F-A1-PORTSCAN-V-01,PortScan,PortScan,RF-v5,0.007352696610132838,0.01190626640962612,0.9807410369802422
3238,F-A1-PORTSCAN-V-01,PortScan,PortScan,RF-v5,0.003150333057869539,0.006077337496813229,0.9907723294453185
3239,F-A1-PORTSCAN-V-01,PortScan,PortScan,RF-v5,0.003150333057869539,0.00603988132387339,0.9908097856182583
3240,F-A1-PORTSCAN-V-01,PortScan,PortScan,RF-v5,0.003150333057869539,0.006077337496813229,0.9907723294453185
3241,F-A1-PORTSCAN-V-01,PortScan,PortScan,RF-v5,0.005276748291942728,0.005947894303711483,0.9887753574043469
3242,F-A1-PORTSCAN-V-01,PortScan,PortScan,RF-v5,0.003150333057869539,0.006077337496813229,0.9907723294453185
3243,F-A1-PORTSCAN-V-01,PortScan,PortScan,RF-v5,0.003150333057869539,0.00603988132387339,0.9908097856182583
3244,F-A1-PORTSCAN-V-01,PortScan,PortScan,RF-v5,0.003150333057869539,0.006077337496813229,0.9907723294453185
3245,F-A1-PORTSCAN-V-01,PortScan,PortScan,RF-v5,0.003150333057869539,0.006077337496813229,0.9907723294453185
3246,F-A1-PORTSCAN-V-01,PortScan,PortScan,RF-v5,0.003150333057869539,0.00603988132387339,0.9908097856182583
3247,F-A1-PORTSCAN-V-01,PortScan,PortScan,RF-v5,0.0031173831870937837,0.011025379037612469,0.9858572377752948
3248,F-A1-PORTSCAN-V-01,PortScan,PortScan,RF-v5,0.003150333057869539,0.006077337496813229,0.9907723294453185
3249,F-A1-PORTSCAN-V-01,PortScan,PortScan,RF-v5,0.0031173831870937837,0.011025379037612469,0.9858572377752948
3250,F-A1-PORTSCAN-V-01,PortScan,PortScan,RF-v5,0.003150333057869539,0.006077337496813229,0.9907723294453185
3251,F-A1-PORTSCAN-V-01,PortScan,PortScan,RF-v5,0.0031173831870937837,0.011025379037612469,0.9858572377752948
3252,F-A1-PORTSCAN-V-01,PortScan,PortScan,RF-v5,0.003150333057869539,0.00603988132387339,0.9908097856182583
3253,F-A1-PORTSCAN-V-01,PortScan,PortScan,RF-v5,0.003150333057869539,0.006077337496813229,0.9907723294453185
3254,F-A1-PORTSCAN-V-01,PortScan,PortScan,RF-v5,0.003150333057869539,0.00603988132387339,0.9908097856182583
3255,F-A1-PORTSCAN-V-01,PortScan,PortScan,RF-v5,0.0031173831870937837,0.011025379037612469,0.9858572377752948
3256,F-A1-PORTSCAN-V-01,PortScan,PortScan,RF-v5,0.003150333057869539,0.00603988132387339,0.9908097856182583
3257,F-A1-PORTSCAN-V-01,PortScan,PortScan,RF-v5,0.003150333057869539,0.00603988132387339,0.9908097856182583
3258,F-A1-PORTSCAN-V-01,PortScan,PortScan,RF-v5,0.003150333057869539,0.00603988132387339,0.9908097856182583
3259,F-A1-PORTSCAN-V-01,PortScan,PortScan,RF-v5,0.003150333057869539,0.006077337496813229,0.9907723294453185
3260,F-A1-PORTSCAN-V-01,PortScan,PortScan,RF-v5,0.0031173831870937837,0.011025379037612469,0.9858572377752948
3261,F-A1-PORTSCAN-V-01,PortScan,PortScan,RF-v5,0.003150333057869539,0.006077337496813229,0.9907723294453185
3262,F-A1-PORTSCAN-V-01,PortScan,PortScan,RF-v5,0.007352696610132838,0.01190626640962612,0.9807410369802422
3263,F-A1-PORTSCAN-V-01,PortScan,PortScan,RF-v5,0.007352696610132838,0.01190626640962612,0.9807410369802422
3264,F-A1-PORTSCAN-V-01,PortScan,PortScan,RF-v5,0.005876040733053596,0.011025379037612469,0.9830985802293349
3265,F-A1-PORTSCAN-V-01,PortScan,PortScan,RF-v5,0.003150333057869539,0.006077337496813229,0.9907723294453185
3266,F-A1-PORTSCAN-V-01,PortScan,PortScan,RF-v5,0.003150333057869539,0.006077337496813229,0.9907723294453185
3267,F-A1-PORTSCAN-V-01,PortScan,PortScan,RF-v5,0.0031173831870937837,0.011025379037612469,0.9858572377752948
3268,F-A1-PORTSCAN-V-01,PortScan,PortScan,RF-v5,0.003150333057869539,0.00603988132387339,0.9908097856182583
3269,F-A1-PORTSCAN-V-01,PortScan,PortScan,RF-v5,0.003150333057869539,0.006077337496813229,0.9907723294453185
3270,F-A1-PORTSCAN-V-01,PortScan,PortScan,RF-v5,0.003150333057869539,0.006077337496813229,0.9907723294453185
3271,F-A1-PORTSCAN-V-01,PortScan,PortScan,RF-v5,0.003150333057869539,0.006077337496813229,0.9907723294453185
3272,F-A1-PORTSCAN-V-01,PortScan,PortScan,RF-v5,0.0031173831870937837,0.011025379037612469,0.9858572377752948
3273,F-A1-PORTSCAN-V-01,PortScan,PortScan,RF-v5,0.0031173831870937837,0.01190626640962612,0.9849763504032812
3274,F-A1-PORTSCAN-V-01,PortScan,PortScan,RF-v5,0.003150333057869539,0.006077337496813229,0.9907723294453185
3275,F-A1-PORTSCAN-V-01,PortScan,PortScan,RF-v5,0.003150333057869539,0.00603988132387339,0.9908097856182583
3276,F-A1-PORTSCAN-V-01,PortScan,PortScan,RF-v5,0.0031173831870937837,0.011025379037612469,0.9858572377752948
3277,F-A1-PORTSCAN-V-01,PortScan,PortScan,RF-v5,0.007352696610132838,0.01190626640962612,0.9807410369802422
3278,F-A1-PORTSCAN-V-01,PortScan,PortScan,RF-v5,0.003150333057869539,0.006077337496813229,0.9907723294453185
3279,F-A1-PORTSCAN-V-01,PortScan,PortScan,RF-v5,0.003150333057869539,0.00603988132387339,0.9908097856182583
3280,F-A1-PORTSCAN-V-01,PortScan,PortScan,RF-v5,0.003150333057869539,0.006077337496813229,0.9907723294453185
3281,F-A1-PORTSCAN-V-01,PortScan,PortScan,RF-v5,0.003150333057869539,0.006077337496813229,0.9907723294453185
3282,F-A1-PORTSCAN-V-01,PortScan,PortScan,RF-v5,0.003150333057869539,0.006077337496813229,0.9907723294453185
3283,F-A1-PORTSCAN-V-01,PortScan,PortScan,RF-v5,0.003150333057869539,0.00603988132387339,0.9908097856182583
3284,F-A1-PORTSCAN-V-01,PortScan,PortScan,RF-v5,0.007352696610132838,0.01190626640962612,0.9807410369802422
3285,F-A1-PORTSCAN-V-01,PortScan,PortScan,RF-v5,0.007352696610132838,0.01190626640962612,0.9807410369802422
3286,F-A1-PORTSCAN-V-01,PortScan,PortScan,RF-v5,0.0031173831870937837,0.011025379037612469,0.9858572377752948
3287,F-A1-PORTSCAN-V-01,PortScan,PortScan,RF-v5,0.003150333057869539,0.006077337496813229,0.9907723294453185
3288,F-A1-PORTSCAN-V-01,PortScan,PortScan,RF-v5,0.003150333057869539,0.006077337496813229,0.9907723294453185
3289,F-A1-PORTSCAN-V-01,PortScan,PortScan,RF-v5,0.0031173831870937837,0.011025379037612469,0.9858572377752948
3290,F-A1-PORTSCAN-V-01,PortScan,PortScan,RF-v5,0.003150333057869539,0.006077337496813229,0.9907723294453185
3291,F-A1-PORTSCAN-V-01,PortScan,PortScan,RF-v5,0.003150333057869539,0.006077337496813229,0.9907723294453185
3292,F-A1-PORTSCAN-V-01,PortScan,PortScan,RF-v5,0.003150333057869539,0.006077337496813229,0.9907723294453185
3293,F-A1-PORTSCAN-V-01,PortScan,PortScan,RF-v5,0.0031173831870937837,0.011025379037612469,0.9858572377752948
3294,F-A1-PORTSCAN-V-01,PortScan,PortScan,RF-v5,0.003150333057869539,0.006077337496813229,0.9907723294453185
3295,F-A1-PORTSCAN-V-01,PortScan,PortScan,RF-v5,0.003150333057869539,0.006077337496813229,0.9907723294453185
3296,F-A1-PORTSCAN-V-01,PortScan,PortScan,RF-v5,0.007352696610132838,0.01190626640962612,0.9807410369802422
3297,F-A1-PORTSCAN-V-01,PortScan,PortScan,RF-v5,0.0031173831870937837,0.011025379037612469,0.9858572377752948
3298,F-A1-PORTSCAN-V-01,PortScan,PortScan,RF-v5,0.003150333057869539,0.00603988132387339,0.9908097856182583
3299,F-A1-PORTSCAN-V-01,PortScan,PortScan,RF-v5,0.0031173831870937837,0.01190626640962612,0.9849763504032812
3300,F-A1-PORTSCAN-V-01,PortScan,PortScan,RF-v5,0.003150333057869539,0.006077337496813229,0.9907723294453185
3301,F-A1-PORTSCAN-V-01,PortScan,PortScan,RF-v5,0.0031173831870937837,0.011025379037612469,0.9858572377752948
3302,F-A1-PORTSCAN-V-01,PortScan,PortScan,RF-v5,0.003150333057869539,0.006077337496813229,0.9907723294453185
3303,F-A1-PORTSCAN-V-01,PortScan,PortScan,RF-v5,0.003150333057869539,0.006077337496813229,0.9907723294453185
3304,F-A1-PORTSCAN-V-01,PortScan,PortScan,RF-v5,0.005876040733053596,0.011025379037612469,0.9830985802293349
3305,F-A1-PORTSCAN-V-01,PortScan,PortScan,RF-v5,0.003150333057869539,0.006077337496813229,0.9907723294453185
3306,F-A1-PORTSCAN-V-01,PortScan,PortScan,RF-v5,0.0031173831870937837,0.011025379037612469,0.9858572377752948
3307,F-A1-PORTSCAN-V-01,PortScan,PortScan,RF-v5,0.003150333057869539,0.006077337496813229,0.9907723294453185
3308,F-A1-PORTSCAN-V-01,PortScan,PortScan,RF-v5,0.003150333057869539,0.006077337496813229,0.9907723294453185
3309,F-A1-PORTSCAN-V-01,PortScan,PortScan,RF-v5,0.003150333057869539,0.00603988132387339,0.9908097856182583
3310,F-A1-PORTSCAN-V-01,PortScan,PortScan,RF-v5,0.003150333057869539,0.006077337496813229,0.9907723294453185
3311,F-A1-PORTSCAN-V-01,PortScan,PortScan,RF-v5,0.003150333057869539,0.006077337496813229,0.9907723294453185
3312,F-A1-PORTSCAN-V-01,PortScan,PortScan,RF-v5,0.007352696610132838,0.01190626640962612,0.9807410369802422
3313,F-A1-PORTSCAN-V-01,PortScan,PortScan,RF-v5,0.003150333057869539,0.006077337496813229,0.9907723294453185
3314,F-A1-PORTSCAN-V-01,PortScan,PortScan,RF-v5,0.003150333057869539,0.006077337496813229,0.9907723294453185
3315,F-A1-PORTSCAN-V-01,PortScan,PortScan,RF-v5,0.003150333057869539,0.006077337496813229,0.9907723294453185
3316,F-A1-PORTSCAN-V-01,PortScan,PortScan,RF-v5,0.003150333057869539,0.006077337496813229,0.9907723294453185
3317,F-A1-PORTSCAN-V-01,PortScan,PortScan,RF-v5,0.003150333057869539,0.006077337496813229,0.9907723294453185
3318,F-A1-PORTSCAN-V-01,PortScan,PortScan,RF-v5,0.003150333057869539,0.006077337496813229,0.9907723294453185
3319,F-A1-PORTSCAN-V-01,PortScan,PortScan,RF-v5,0.005612143572681964,0.006482568294333889,0.9879052881329854
3320,F-A1-PORTSCAN-V-01,PortScan,PortScan,RF-v5,0.003150333057869539,0.006077337496813229,0.9907723294453185
3321,F-A1-PORTSCAN-V-01,PortScan,PortScan,RF-v5,0.0031173831870937837,0.011025379037612469,0.9858572377752948
3322,F-A1-PORTSCAN-V-01,PortScan,PortScan,RF-v5,0.007352696610132838,0.01190626640962612,0.9807410369802422
3323,F-A1-PORTSCAN-V-01,PortScan,PortScan,RF-v5,0.003150333057869539,0.006077337496813229,0.9907723294453185
3324,F-A1-PORTSCAN-V-01,PortScan,PortScan,RF-v5,0.003150333057869539,0.006077337496813229,0.9907723294453185
3325,F-A1-PORTSCAN-V-01,PortScan,PortScan,RF-v5,0.007352696610132838,0.01190626640962612,0.9807410369802422
3326,F-A1-PORTSCAN-V-01,PortScan,PortScan,RF-v5,0.003150333057869539,0.006077337496813229,0.9907723294453185
3327,F-A1-PORTSCAN-V-01,PortScan,PortScan,RF-v5,0.003150333057869539,0.00603988132387339,0.9908097856182583
3328,F-A1-PORTSCAN-V-01,PortScan,PortScan,RF-v5,0.0031173831870937837,0.011025379037612469,0.9858572377752948
3329,F-A1-PORTSCAN-V-01,PortScan,PortScan,RF-v5,0.007352696610132838,0.01190626640962612,0.9807410369802422
3330,F-A1-PORTSCAN-V-01,PortScan,PortScan,RF-v5,0.003150333057869539,0.00603988132387339,0.9908097856182583
3331,F-A1-PORTSCAN-V-01,PortScan,PortScan,RF-v5,0.003150333057869539,0.006077337496813229,0.9907723294453185
3332,F-A1-PORTSCAN-V-01,PortScan,PortScan,RF-v5,0.0059089906038293505,0.00603988132387339,0.9880511280722983
3333,F-A1-PORTSCAN-V-01,PortScan,PortScan,RF-v5,0.003150333057869539,0.006077337496813229,0.9907723294453185
3334,F-A1-PORTSCAN-V-01,PortScan,PortScan,RF-v5,0.003150333057869539,0.006077337496813229,0.9907723294453185
3335,F-A1-PORTSCAN-V-01,PortScan,PortScan,RF-v5,0.003150333057869539,0.006077337496813229,0.9907723294453185
3336,F-A1-PORTSCAN-V-01,PortScan,PortScan,RF-v5,0.003150333057869539,0.00603988132387339,0.9908097856182583
3337,F-A1-PORTSCAN-V-01,PortScan,PortScan,RF-v5,0.003150333057869539,0.00603988132387339,0.9908097856182583
3338,F-A1-PORTSCAN-V-01,PortScan,PortScan,RF-v5,0.0031173831870937837,0.011025379037612469,0.9858572377752948
3339,F-A1-PORTSCAN-V-01,PortScan,PortScan,RF-v5,0.003150333057869539,0.00603988132387339,0.9908097856182583
3340,F-A1-PORTSCAN-V-01,PortScan,PortScan,RF-v5,0.003150333057869539,0.006077337496813229,0.9907723294453185
3341,F-A1-PORTSCAN-V-01,PortScan,PortScan,RF-v5,0.003150333057869539,0.006077337496813229,0.9907723294453185
3342,F-A1-PORTSCAN-V-01,PortScan,PortScan,RF-v5,0.0031173831870937837,0.01190626640962612,0.9849763504032812
3343,F-A1-PORTSCAN-V-01,PortScan,PortScan,RF-v5,0.003150333057869539,0.00603988132387339,0.9908097856182583
3344,F-A1-PORTSCAN-V-01,PortScan,PortScan,RF-v5,0.003150333057869539,0.00603988132387339,0.9908097856182583
3345,F-A1-PORTSCAN-V-01,PortScan,PortScan,RF-v5,0.0031173831870937837,0.011025379037612469,0.9858572377752948
3346,F-A1-PORTSCAN-V-01,PortScan,PortScan,RF-v5,0.0031173831870937837,0.011025379037612469,0.9858572377752948
3347,F-A1-PORTSCAN-V-01,PortScan,PortScan,RF-v5,0.003150333057869539,0.006077337496813229,0.9907723294453185
3348,F-A1-PORTSCAN-V-01,PortScan,PortScan,RF-v5,0.003150333057869539,0.006077337496813229,0.9907723294453185
3349,F-A1-PORTSCAN-V-01,PortScan,PortScan,RF-v5,0.003150333057869539,0.006077337496813229,0.9907723294453185
3350,F-A1-PORTSCAN-V-01,PortScan,PortScan,RF-v5,0.003150333057869539,0.006077337496813229,0.9907723294453185
3351,F-A1-PORTSCAN-V-01,PortScan,PortScan,RF-v5,0.003150333057869539,0.006077337496813229,0.9907723294453185
3352,F-A1-PORTSCAN-V-01,PortScan,PortScan,RF-v5,0.003150333057869539,0.00603988132387339,0.9908097856182583
3353,F-A1-PORTSCAN-V-01,PortScan,PortScan,RF-v5,0.003150333057869539,0.006077337496813229,0.9907723294453185
3354,F-A1-PORTSCAN-V-01,PortScan,PortScan,RF-v5,0.003150333057869539,0.006077337496813229,0.9907723294453185
3355,F-A1-PORTSCAN-V-01,PortScan,PortScan,RF-v5,0.0031173831870937837,0.011025379037612469,0.9858572377752948
3356,F-A1-PORTSCAN-V-01,PortScan,PortScan,RF-v5,0.0031173831870937837,0.011025379037612469,0.9858572377752948
3357,F-A1-PORTSCAN-V-01,PortScan,PortScan,RF-v5,0.0031173831870937837,0.011025379037612469,0.9858572377752948
3358,F-A1-PORTSCAN-V-01,PortScan,PortScan,RF-v5,0.003150333057869539,0.006077337496813229,0.9907723294453185
3359,F-A1-PORTSCAN-V-01,PortScan,PortScan,RF-v5,0.0031173831870937837,0.011025379037612469,0.9858572377752948
3360,F-A1-PORTSCAN-V-01,PortScan,PortScan,RF-v5,0.003150333057869539,0.006077337496813229,0.9907723294453185
3361,F-A1-PORTSCAN-V-01,PortScan,PortScan,RF-v5,0.0031173831870937837,0.011025379037612469,0.9858572377752948
3362,F-A1-PORTSCAN-V-01,PortScan,PortScan,RF-v5,0.003150333057869539,0.006077337496813229,0.9907723294453185
3363,F-A1-PORTSCAN-V-01,PortScan,PortScan,RF-v5,0.007352696610132838,0.01190626640962612,0.9807410369802422
3364,F-A1-PORTSCAN-V-01,PortScan,PortScan,RF-v5,0.005276748291942728,0.005947894303711483,0.9887753574043469
3365,F-A1-PORTSCAN-V-01,PortScan,PortScan,RF-v5,0.0031173831870937837,0.011025379037612469,0.9858572377752948
3366,F-A1-PORTSCAN-V-01,PortScan,PortScan,RF-v5,0.0031173831870937837,0.011025379037612469,0.9858572377752948
3367,F-A1-PORTSCAN-V-01,PortScan,PortScan,RF-v5,0.003150333057869539,0.00603988132387339,0.9908097856182583
3368,F-A1-PORTSCAN-V-01,PortScan,PortScan,RF-v5,0.0031173831870937837,0.011025379037612469,0.9858572377752948
3369,F-A1-PORTSCAN-V-01,PortScan,PortScan,RF-v5,0.003150333057869539,0.006077337496813229,0.9907723294453185
3370,F-A1-PORTSCAN-V-01,PortScan,PortScan,RF-v5,0.003150333057869539,0.006077337496813229,0.9907723294453185
3371,F-A1-PORTSCAN-V-01,PortScan,PortScan,RF-v5,0.003150333057869539,0.006077337496813229,0.9907723294453185
3372,F-A1-PORTSCAN-V-01,PortScan,PortScan,RF-v5,0.003150333057869539,0.006077337496813229,0.9907723294453185
3373,F-A1-PORTSCAN-V-01,PortScan,PortScan,RF-v5,0.003150333057869539,0.006077337496813229,0.9907723294453185
3374,F-A1-PORTSCAN-V-01,PortScan,PortScan,RF-v5,0.007352696610132838,0.01190626640962612,0.9807410369802422
3375,F-A1-PORTSCAN-V-01,PortScan,PortScan,RF-v5,0.003150333057869539,0.006077337496813229,0.9907723294453185
3376,F-A1-PORTSCAN-V-01,PortScan,PortScan,RF-v5,0.003150333057869539,0.006077337496813229,0.9907723294453185
3377,F-A1-PORTSCAN-V-01,PortScan,PortScan,RF-v5,0.0031173831870937837,0.01190626640962612,0.9849763504032812
3378,F-A1-PORTSCAN-V-01,PortScan,PortScan,RF-v5,0.007352696610132838,0.01190626640962612,0.9807410369802422
3379,F-A1-PORTSCAN-V-01,PortScan,PortScan,RF-v5,0.003150333057869539,0.00603988132387339,0.9908097856182583
3380,F-A1-PORTSCAN-V-01,PortScan,PortScan,RF-v5,0.003150333057869539,0.006077337496813229,0.9907723294453185
3381,F-A1-PORTSCAN-V-01,PortScan,PortScan,RF-v5,0.0031173831870937837,0.01190626640962612,0.9849763504032812
3382,F-A1-PORTSCAN-V-01,PortScan,PortScan,RF-v5,0.0031173831870937837,0.011025379037612469,0.9858572377752948
3383,F-A1-PORTSCAN-V-01,PortScan,PortScan,RF-v5,0.003150333057869539,0.00603988132387339,0.9908097856182583
3384,F-A1-PORTSCAN-V-01,PortScan,PortScan,RF-v5,0.003150333057869539,0.006077337496813229,0.9907723294453185
3385,F-A1-PORTSCAN-V-01,PortScan,PortScan,RF-v5,0.003150333057869539,0.006077337496813229,0.9907723294453185
3386,F-A1-PORTSCAN-V-01,PortScan,PortScan,RF-v5,0.007352696610132838,0.01190626640962612,0.9807410369802422
3387,F-A1-PORTSCAN-V-01,PortScan,PortScan,RF-v5,0.0031173831870937837,0.011025379037612469,0.9858572377752948
3388,F-A1-PORTSCAN-V-01,PortScan,PortScan,RF-v5,0.003150333057869539,0.00603988132387339,0.9908097856182583
3389,F-A1-PORTSCAN-V-01,PortScan,PortScan,RF-v5,0.003150333057869539,0.006077337496813229,0.9907723294453185
3390,F-A1-PORTSCAN-V-01,PortScan,PortScan,RF-v5,0.0031173831870937837,0.011025379037612469,0.9858572377752948
3391,F-A1-PORTSCAN-V-01,PortScan,PortScan,RF-v5,0.007352696610132838,0.01190626640962612,0.9807410369802422
3392,F-A1-PORTSCAN-V-01,PortScan,PortScan,RF-v5,0.007352696610132838,0.01190626640962612,0.9807410369802422
3393,F-A1-PORTSCAN-V-01,PortScan,PortScan,RF-v5,0.003150333057869539,0.006077337496813229,0.9907723294453185
3394,F-A1-PORTSCAN-V-01,PortScan,PortScan,RF-v5,0.003150333057869539,0.006077337496813229,0.9907723294453185
3395,F-A1-PORTSCAN-V-01,PortScan,PortScan,RF-v5,0.003150333057869539,0.00603988132387339,0.9908097856182583
3396,F-A1-PORTSCAN-V-01,PortScan,PortScan,RF-v5,0.003150333057869539,0.00603988132387339,0.9908097856182583
3397,F-A1-PORTSCAN-V-01,PortScan,PortScan,RF-v5,0.003150333057869539,0.006077337496813229,0.9907723294453185
3398,F-A1-PORTSCAN-V-01,PortScan,PortScan,RF-v5,0.003150333057869539,0.00603988132387339,0.9908097856182583
3399,F-A1-PORTSCAN-V-01,PortScan,PortScan,RF-v5,0.003150333057869539,0.006077337496813229,0.9907723294453185
3400,F-A1-PORTSCAN-V-01,PortScan,PortScan,RF-v5,0.003150333057869539,0.006077337496813229,0.9907723294453185
3401,F-A1-PORTSCAN-V-01,PortScan,PortScan,RF-v5,0.003150333057869539,0.006077337496813229,0.9907723294453185
3402,F-A1-PORTSCAN-V-01,PortScan,PortScan,RF-v5,0.003150333057869539,0.006077337496813229,0.9907723294453185
3403,F-A1-PORTSCAN-V-01,PortScan,PortScan,RF-v5,0.003150333057869539,0.00603988132387339,0.9908097856182583
3404,F-A1-PORTSCAN-V-01,PortScan,PortScan,RF-v5,0.003150333057869539,0.006077337496813229,0.9907723294453185
3405,F-A1-PORTSCAN-V-01,PortScan,PortScan,RF-v5,0.003150333057869539,0.00603988132387339,0.9908097856182583
3406,F-A1-PORTSCAN-V-01,PortScan,PortScan,RF-v5,0.003150333057869539,0.00603988132387339,0.9908097856182583
3407,F-A1-PORTSCAN-V-01,PortScan,PortScan,RF-v5,0.003150333057869539,0.00603988132387339,0.9908097856182583
3408,F-A1-PORTSCAN-V-01,PortScan,PortScan,RF-v5,0.003150333057869539,0.006077337496813229,0.9907723294453185
3409,F-A1-PORTSCAN-V-01,PortScan,PortScan,RF-v5,0.003150333057869539,0.00603988132387339,0.9908097856182583
3410,F-A1-PORTSCAN-V-01,PortScan,PortScan,RF-v5,0.003150333057869539,0.006077337496813229,0.9907723294453185
3411,F-A1-PORTSCAN-V-01,PortScan,PortScan,RF-v5,0.003150333057869539,0.00603988132387339,0.9908097856182583
3412,F-A1-PORTSCAN-V-01,PortScan,PortScan,RF-v5,0.003150333057869539,0.006077337496813229,0.9907723294453185
3413,F-A1-PORTSCAN-V-01,PortScan,PortScan,RF-v5,0.003150333057869539,0.006077337496813229,0.9907723294453185
3414,F-A1-PORTSCAN-V-01,PortScan,PortScan,RF-v5,0.003150333057869539,0.006077337496813229,0.9907723294453185
3415,F-A1-PORTSCAN-V-01,PortScan,PortScan,RF-v5,0.003150333057869539,0.006077337496813229,0.9907723294453185
3416,F-A1-PORTSCAN-V-01,PortScan,PortScan,RF-v5,0.003150333057869539,0.006077337496813229,0.9907723294453185
3417,F-A1-PORTSCAN-V-01,PortScan,PortScan,RF-v5,0.0031173831870937837,0.01190626640962612,0.9849763504032812
3418,F-A1-PORTSCAN-V-01,PortScan,PortScan,RF-v5,0.0031173831870937837,0.011025379037612469,0.9858572377752948
3419,F-A1-PORTSCAN-V-01,PortScan,PortScan,RF-v5,0.003150333057869539,0.006077337496813229,0.9907723294453185
3420,F-A1-PORTSCAN-V-01,PortScan,PortScan,RF-v5,0.005276748291942728,0.005947894303711483,0.9887753574043469
3421,F-A1-PORTSCAN-V-01,PortScan,PortScan,RF-v5,0.007352696610132838,0.01190626640962612,0.9807410369802422
3422,F-A1-PORTSCAN-V-01,PortScan,PortScan,RF-v5,0.003150333057869539,0.006077337496813229,0.9907723294453185
3423,F-A1-PORTSCAN-V-01,PortScan,PortScan,RF-v5,0.003150333057869539,0.006077337496813229,0.9907723294453185
3424,F-A1-PORTSCAN-V-01,PortScan,PortScan,RF-v5,0.003150333057869539,0.006077337496813229,0.9907723294453185
3425,F-A1-PORTSCAN-V-01,PortScan,PortScan,RF-v5,0.003150333057869539,0.006077337496813229,0.9907723294453185
3426,F-A1-PORTSCAN-V-01,PortScan,PortScan,RF-v5,0.007352696610132838,0.01190626640962612,0.9807410369802422
3427,F-A1-PORTSCAN-V-01,PortScan,PortScan,RF-v5,0.003150333057869539,0.00603988132387339,0.9908097856182583
3428,F-A1-PORTSCAN-V-01,PortScan,PortScan,RF-v5,0.003150333057869539,0.00603988132387339,0.9908097856182583
3429,F-A1-PORTSCAN-V-01,PortScan,PortScan,RF-v5,0.0031173831870937837,0.011025379037612469,0.9858572377752948
3430,F-A1-PORTSCAN-V-01,PortScan,PortScan,RF-v5,0.003150333057869539,0.006077337496813229,0.9907723294453185
3431,F-A1-PORTSCAN-V-01,PortScan,PortScan,RF-v5,0.0031173831870937837,0.011025379037612469,0.9858572377752948
3432,F-A1-PORTSCAN-V-01,PortScan,PortScan,RF-v5,0.0031173831870937837,0.01190626640962612,0.9849763504032812
3433,F-A1-PORTSCAN-V-01,PortScan,PortScan,RF-v5,0.007352696610132838,0.01190626640962612,0.9807410369802422
3434,F-A1-PORTSCAN-V-01,PortScan,PortScan,RF-v5,0.007352696610132838,0.01190626640962612,0.9807410369802422
3435,F-A1-PORTSCAN-V-01,PortScan,PortScan,RF-v5,0.005612143572681964,0.006482568294333889,0.9879052881329854
3436,F-A1-PORTSCAN-V-01,PortScan,PortScan,RF-v5,0.003150333057869539,0.006077337496813229,0.9907723294453185
3437,F-A1-PORTSCAN-V-01,PortScan,PortScan,RF-v5,0.0031173831870937837,0.011025379037612469,0.9858572377752948
3438,F-A1-PORTSCAN-V-01,PortScan,PortScan,RF-v5,0.007352696610132838,0.01190626640962612,0.9807410369802422
3439,F-A1-PORTSCAN-V-01,PortScan,PortScan,RF-v5,0.003150333057869539,0.006077337496813229,0.9907723294453185
3440,F-A1-PORTSCAN-V-01,PortScan,PortScan,RF-v5,0.003150333057869539,0.006077337496813229,0.9907723294453185
3441,F-A1-PORTSCAN-V-01,PortScan,PortScan,RF-v5,0.0031173831870937837,0.011025379037612469,0.9858572377752948
3442,F-A1-PORTSCAN-V-01,PortScan,PortScan,RF-v5,0.003150333057869539,0.006077337496813229,0.9907723294453185
3443,F-A1-PORTSCAN-V-01,PortScan,PortScan,RF-v5,0.003150333057869539,0.00603988132387339,0.9908097856182583
3444,F-A1-PORTSCAN-V-01,PortScan,PortScan,RF-v5,0.0031173831870937837,0.011025379037612469,0.9858572377752948
3445,F-A1-PORTSCAN-V-01,PortScan,PortScan,RF-v5,0.0031173831870937837,0.011025379037612469,0.9858572377752948
3446,F-A1-PORTSCAN-V-01,PortScan,PortScan,RF-v5,0.0031173831870937837,0.011025379037612469,0.9858572377752948
3447,F-A1-PORTSCAN-V-01,PortScan,PortScan,RF-v5,0.007352696610132838,0.01190626640962612,0.9807410369802422
3448,F-A1-PORTSCAN-V-01,PortScan,PortScan,RF-v5,0.003150333057869539,0.006077337496813229,0.9907723294453185
3449,F-A1-PORTSCAN-V-01,PortScan,PortScan,RF-v5,0.0031173831870937837,0.01190626640962612,0.9849763504032812
3450,F-A1-PORTSCAN-V-01,PortScan,PortScan,RF-v5,0.003150333057869539,0.006077337496813229,0.9907723294453185
3451,F-A1-PORTSCAN-V-01,PortScan,PortScan,RF-v5,0.005876040733053596,0.011025379037612469,0.9830985802293349
3452,F-A1-PORTSCAN-V-01,PortScan,PortScan,RF-v5,0.003150333057869539,0.006077337496813229,0.9907723294453185
3453,F-A1-PORTSCAN-V-01,PortScan,PortScan,RF-v5,0.003150333057869539,0.006077337496813229,0.9907723294453185
3454,F-A1-PORTSCAN-V-01,PortScan,PortScan,RF-v5,0.0031173831870937837,0.011025379037612469,0.9858572377752948
3455,F-A1-PORTSCAN-V-01,PortScan,PortScan,RF-v5,0.003150333057869539,0.006077337496813229,0.9907723294453185
3456,F-A1-PORTSCAN-V-01,PortScan,PortScan,RF-v5,0.0031173831870937837,0.011025379037612469,0.9858572377752948
3457,F-A1-PORTSCAN-V-01,PortScan,PortScan,RF-v5,0.0031173831870937837,0.011025379037612469,0.9858572377752948
3458,F-A1-PORTSCAN-V-01,PortScan,PortScan,RF-v5,0.003150333057869539,0.00603988132387339,0.9908097856182583
3459,F-A1-PORTSCAN-V-01,PortScan,PortScan,RF-v5,0.003150333057869539,0.006077337496813229,0.9907723294453185
3460,F-A1-PORTSCAN-V-01,PortScan,PortScan,RF-v5,0.003150333057869539,0.00603988132387339,0.9908097856182583
3461,F-A1-PORTSCAN-V-01,PortScan,PortScan,RF-v5,0.003150333057869539,0.006077337496813229,0.9907723294453185
3462,F-A1-PORTSCAN-V-01,PortScan,PortScan,RF-v5,0.007352696610132838,0.01190626640962612,0.9807410369802422
3463,F-A1-PORTSCAN-V-01,PortScan,PortScan,RF-v5,0.007352696610132838,0.01190626640962612,0.9807410369802422
3464,F-A1-PORTSCAN-V-01,PortScan,PortScan,RF-v5,0.003150333057869539,0.006077337496813229,0.9907723294453185
3465,F-A1-PORTSCAN-V-01,PortScan,PortScan,RF-v5,0.003150333057869539,0.006077337496813229,0.9907723294453185
3466,F-A1-PORTSCAN-V-01,PortScan,PortScan,RF-v5,0.003150333057869539,0.006077337496813229,0.9907723294453185
3467,F-A1-PORTSCAN-V-01,PortScan,PortScan,RF-v5,0.003150333057869539,0.00603988132387339,0.9908097856182583
3468,F-A1-PORTSCAN-V-01,PortScan,PortScan,RF-v5,0.0031173831870937837,0.011025379037612469,0.9858572377752948
3469,F-A1-PORTSCAN-V-01,PortScan,PortScan,RF-v5,0.003150333057869539,0.006077337496813229,0.9907723294453185
3470,F-A1-PORTSCAN-V-01,PortScan,PortScan,RF-v5,0.003150333057869539,0.00603988132387339,0.9908097856182583
3471,F-A1-PORTSCAN-V-01,PortScan,PortScan,RF-v5,0.003150333057869539,0.006077337496813229,0.9907723294453185
3472,F-A1-PORTSCAN-V-01,PortScan,PortScan,RF-v5,0.003150333057869539,0.006077337496813229,0.9907723294453185
3473,F-A1-PORTSCAN-V-01,PortScan,PortScan,RF-v5,0.007352696610132838,0.01190626640962612,0.9807410369802422
3474,F-A1-PORTSCAN-V-01,PortScan,PortScan,RF-v5,0.007352696610132838,0.01190626640962612,0.9807410369802422
3475,F-A1-PORTSCAN-V-01,PortScan,PortScan,RF-v5,0.003150333057869539,0.006077337496813229,0.9907723294453185
3476,F-A1-PORTSCAN-V-01,PortScan,PortScan,RF-v5,0.0031173831870937837,0.011025379037612469,0.9858572377752948
3477,F-A1-PORTSCAN-V-01,PortScan,PortScan,RF-v5,0.003150333057869539,0.006077337496813229,0.9907723294453185
3478,F-A1-PORTSCAN-V-01,PortScan,PortScan,RF-v5,0.003150333057869539,0.006077337496813229,0.9907723294453185
3479,F-A1-PORTSCAN-V-01,PortScan,PortScan,RF-v5,0.003150333057869539,0.006077337496813229,0.9907723294453185
3480,F-A1-PORTSCAN-V-01,PortScan,PortScan,RF-v5,0.003150333057869539,0.006077337496813229,0.9907723294453185
3481,F-A1-PORTSCAN-V-01,PortScan,PortScan,RF-v5,0.003150333057869539,0.006077337496813229,0.9907723294453185
3482,F-A1-PORTSCAN-V-01,PortScan,PortScan,RF-v5,0.003150333057869539,0.006077337496813229,0.9907723294453185
3483,F-A1-PORTSCAN-V-01,PortScan,PortScan,RF-v5,0.0031173831870937837,0.011025379037612469,0.9858572377752948
3484,F-A1-PORTSCAN-V-01,PortScan,PortScan,RF-v5,0.003150333057869539,0.006077337496813229,0.9907723294453185
3485,F-A1-PORTSCAN-V-01,PortScan,PortScan,RF-v5,0.003150333057869539,0.006077337496813229,0.9907723294453185
3486,F-A1-PORTSCAN-V-01,PortScan,PortScan,RF-v5,0.0031173831870937837,0.01190626640962612,0.9849763504032812
3487,F-A1-PORTSCAN-V-01,PortScan,PortScan,RF-v5,0.003150333057869539,0.006077337496813229,0.9907723294453185
3488,F-A1-PORTSCAN-V-01,PortScan,PortScan,RF-v5,0.003150333057869539,0.00603988132387339,0.9908097856182583
3489,F-A1-PORTSCAN-V-01,PortScan,PortScan,RF-v5,0.0031173831870937837,0.01190626640962612,0.9849763504032812
3490,F-A1-PORTSCAN-V-01,PortScan,PortScan,RF-v5,0.003150333057869539,0.006077337496813229,0.9907723294453185
3491,F-A1-PORTSCAN-V-01,PortScan,PortScan,RF-v5,0.003150333057869539,0.006077337496813229,0.9907723294453185
3492,F-A1-PORTSCAN-V-01,PortScan,PortScan,RF-v5,0.003150333057869539,0.006077337496813229,0.9907723294453185
3493,F-A1-PORTSCAN-V-01,PortScan,PortScan,RF-v5,0.007352696610132838,0.01190626640962612,0.9807410369802422
3494,F-A1-PORTSCAN-V-01,PortScan,PortScan,RF-v5,0.003150333057869539,0.00603988132387339,0.9908097856182583
3495,F-A1-PORTSCAN-V-01,PortScan,PortScan,RF-v5,0.003150333057869539,0.006077337496813229,0.9907723294453185
3496,F-A1-PORTSCAN-V-01,PortScan,PortScan,RF-v5,0.003150333057869539,0.006077337496813229,0.9907723294453185
3497,F-A1-PORTSCAN-V-01,PortScan,PortScan,RF-v5,0.003150333057869539,0.006077337496813229,0.9907723294453185
3498,F-A1-PORTSCAN-V-01,PortScan,PortScan,RF-v5,0.0031173831870937837,0.011025379037612469,0.9858572377752948
3499,F-A1-PORTSCAN-V-01,PortScan,PortScan,RF-v5,0.003150333057869539,0.006077337496813229,0.9907723294453185
3500,F-A1-PORTSCAN-V-01,PortScan,PortScan,RF-v5,0.003150333057869539,0.006077337496813229,0.9907723294453185
3501,F-A1-PORTSCAN-V-01,PortScan,PortScan,RF-v5,0.003150333057869539,0.006077337496813229,0.9907723294453185
3502,F-A1-PORTSCAN-V-01,PortScan,PortScan,RF-v5,0.007352696610132838,0.01190626640962612,0.9807410369802422
3503,F-A1-PORTSCAN-V-01,PortScan,PortScan,RF-v5,0.003150333057869539,0.006077337496813229,0.9907723294453185
3504,F-A1-PORTSCAN-V-01,PortScan,PortScan,RF-v5,0.003150333057869539,0.00603988132387339,0.9908097856182583
3505,F-A1-PORTSCAN-V-01,PortScan,PortScan,RF-v5,0.003150333057869539,0.006077337496813229,0.9907723294453185
3506,F-A1-PORTSCAN-V-01,PortScan,PortScan,RF-v5,0.0031173831870937837,0.011025379037612469,0.9858572377752948
3507,F-A1-PORTSCAN-V-01,PortScan,PortScan,RF-v5,0.003150333057869539,0.006077337496813229,0.9907723294453185
3508,F-A1-PORTSCAN-V-01,PortScan,PortScan,RF-v5,0.007352696610132838,0.01190626640962612,0.9807410369802422
3509,F-A1-PORTSCAN-V-01,PortScan,PortScan,RF-v5,0.003150333057869539,0.006077337496813229,0.9907723294453185
3510,F-A1-PORTSCAN-V-01,PortScan,PortScan,RF-v5,0.003150333057869539,0.006077337496813229,0.9907723294453185
3511,F-A1-PORTSCAN-V-01,PortScan,PortScan,RF-v5,0.0031173831870937837,0.011025379037612469,0.9858572377752948
3512,F-A1-PORTSCAN-V-01,PortScan,PortScan,RF-v5,0.003150333057869539,0.006077337496813229,0.9907723294453185
3513,F-A1-PORTSCAN-V-01,PortScan,PortScan,RF-v5,0.003150333057869539,0.006077337496813229,0.9907723294453185
3514,F-A1-PORTSCAN-V-01,PortScan,PortScan,RF-v5,0.003150333057869539,0.006077337496813229,0.9907723294453185
3515,F-A1-PORTSCAN-V-01,PortScan,PortScan,RF-v5,0.003150333057869539,0.006077337496813229,0.9907723294453185
3516,F-A1-PORTSCAN-V-01,PortScan,PortScan,RF-v5,0.0031173831870937837,0.01190626640962612,0.9849763504032812
3517,F-A1-PORTSCAN-V-01,PortScan,PortScan,RF-v5,0.003150333057869539,0.006077337496813229,0.9907723294453185
3518,F-A1-PORTSCAN-V-01,PortScan,PortScan,RF-v5,0.0031173831870937837,0.011025379037612469,0.9858572377752948
3519,F-A1-PORTSCAN-V-01,PortScan,PortScan,RF-v5,0.0031173831870937837,0.011025379037612469,0.9858572377752948
3520,F-A1-PORTSCAN-V-01,PortScan,PortScan,RF-v5,0.003150333057869539,0.006077337496813229,0.9907723294453185
3521,F-A1-PORTSCAN-V-01,PortScan,PortScan,RF-v5,0.003150333057869539,0.006077337496813229,0.9907723294453185
3522,F-A1-PORTSCAN-V-01,PortScan,PortScan,RF-v5,0.003150333057869539,0.006077337496813229,0.9907723294453185
3523,F-A1-PORTSCAN-V-01,PortScan,PortScan,RF-v5,0.007352696610132838,0.01190626640962612,0.9807410369802422
3524,F-A1-PORTSCAN-V-01,PortScan,PortScan,RF-v5,0.003150333057869539,0.006077337496813229,0.9907723294453185
3525,F-A1-PORTSCAN-V-01,PortScan,PortScan,RF-v5,0.0031173831870937837,0.011025379037612469,0.9858572377752948
3526,F-A1-PORTSCAN-V-01,PortScan,PortScan,RF-v5,0.0031173831870937837,0.011025379037612469,0.9858572377752948
3527,F-A1-PORTSCAN-V-01,PortScan,PortScan,RF-v5,0.007352696610132838,0.01190626640962612,0.9807410369802422
3528,F-A1-PORTSCAN-V-01,PortScan,PortScan,RF-v5,0.003150333057869539,0.006077337496813229,0.9907723294453185
3529,F-A1-PORTSCAN-V-01,PortScan,PortScan,RF-v5,0.003150333057869539,0.006077337496813229,0.9907723294453185
3530,F-A1-PORTSCAN-V-01,PortScan,PortScan,RF-v5,0.003150333057869539,0.006077337496813229,0.9907723294453185
3531,F-A1-PORTSCAN-V-01,PortScan,PortScan,RF-v5,0.0031173831870937837,0.011025379037612469,0.9858572377752948
3532,F-A1-PORTSCAN-V-01,PortScan,PortScan,RF-v5,0.003150333057869539,0.00603988132387339,0.9908097856182583
3533,F-A1-PORTSCAN-V-01,PortScan,PortScan,RF-v5,0.003150333057869539,0.006077337496813229,0.9907723294453185
3534,F-A1-PORTSCAN-V-01,PortScan,PortScan,RF-v5,0.003150333057869539,0.006077337496813229,0.9907723294453185
3535,F-A1-PORTSCAN-V-01,PortScan,PortScan,RF-v5,0.003150333057869539,0.00603988132387339,0.9908097856182583
3536,F-A1-PORTSCAN-V-01,PortScan,PortScan,RF-v5,0.003150333057869539,0.006077337496813229,0.9907723294453185
3537,F-A1-PORTSCAN-V-01,PortScan,PortScan,RF-v5,0.0031173831870937837,0.011025379037612469,0.9858572377752948
3538,F-A1-PORTSCAN-V-01,PortScan,PortScan,RF-v5,0.003150333057869539,0.006077337496813229,0.9907723294453185
3539,F-A1-PORTSCAN-V-01,PortScan,PortScan,RF-v5,0.003150333057869539,0.006077337496813229,0.9907723294453185
3540,F-A1-PORTSCAN-V-01,PortScan,PortScan,RF-v5,0.003150333057869539,0.006077337496813229,0.9907723294453185
3541,F-A1-PORTSCAN-V-01,PortScan,PortScan,RF-v5,0.003150333057869539,0.006077337496813229,0.9907723294453185
3542,F-A1-PORTSCAN-V-01,PortScan,PortScan,RF-v5,0.003150333057869539,0.006077337496813229,0.9907723294453185
3543,F-A1-PORTSCAN-V-01,PortScan,PortScan,RF-v5,0.0059089906038293505,0.00603988132387339,0.9880511280722983
3544,F-A1-PORTSCAN-V-01,PortScan,PortScan,RF-v5,0.003150333057869539,0.006077337496813229,0.9907723294453185
3545,F-A1-PORTSCAN-V-01,PortScan,PortScan,RF-v5,0.003150333057869539,0.006077337496813229,0.9907723294453185
3546,F-A1-PORTSCAN-V-01,PortScan,PortScan,RF-v5,0.003150333057869539,0.00603988132387339,0.9908097856182583
3547,F-A1-PORTSCAN-V-01,PortScan,PortScan,RF-v5,0.003150333057869539,0.00603988132387339,0.9908097856182583
3548,F-A1-PORTSCAN-V-01,PortScan,PortScan,RF-v5,0.003150333057869539,0.00603988132387339,0.9908097856182583
3549,F-A1-PORTSCAN-V-01,PortScan,PortScan,RF-v5,0.0031173831870937837,0.011025379037612469,0.9858572377752948
3550,F-A1-PORTSCAN-V-01,PortScan,PortScan,RF-v5,0.005276748291942728,0.005947894303711483,0.9887753574043469
3551,F-A1-PORTSCAN-V-01,PortScan,PortScan,RF-v5,0.003150333057869539,0.00603988132387339,0.9908097856182583
3552,F-A1-PORTSCAN-V-01,PortScan,PortScan,RF-v5,0.0031173831870937837,0.011025379037612469,0.9858572377752948
3553,F-A1-PORTSCAN-V-01,PortScan,PortScan,RF-v5,0.003150333057869539,0.00603988132387339,0.9908097856182583
3554,F-A1-PORTSCAN-V-01,PortScan,PortScan,RF-v5,0.003150333057869539,0.006077337496813229,0.9907723294453185
3555,F-A1-PORTSCAN-V-01,PortScan,PortScan,RF-v5,0.003150333057869539,0.006077337496813229,0.9907723294453185
3556,F-A1-PORTSCAN-V-01,PortScan,PortScan,RF-v5,0.003150333057869539,0.006077337496813229,0.9907723294453185
3557,F-A1-PORTSCAN-V-01,PortScan,PortScan,RF-v5,0.003150333057869539,0.006077337496813229,0.9907723294453185
3558,F-A1-PORTSCAN-V-01,PortScan,PortScan,RF-v5,0.003150333057869539,0.006077337496813229,0.9907723294453185
3559,F-A1-PORTSCAN-V-01,PortScan,PortScan,RF-v5,0.007352696610132838,0.01190626640962612,0.9807410369802422
3560,F-A1-PORTSCAN-V-01,PortScan,PortScan,RF-v5,0.003150333057869539,0.006077337496813229,0.9907723294453185
3561,F-A1-PORTSCAN-V-01,PortScan,PortScan,RF-v5,0.003150333057869539,0.006077337496813229,0.9907723294453185
3562,F-A1-PORTSCAN-V-01,PortScan,PortScan,RF-v5,0.0031173831870937837,0.011025379037612469,0.9858572377752948
3563,F-A1-PORTSCAN-V-01,PortScan,PortScan,RF-v5,0.0031173831870937837,0.011025379037612469,0.9858572377752948
3564,F-A1-PORTSCAN-V-01,PortScan,PortScan,RF-v5,0.0029738601050267365,0.005947894303711483,0.991078245591263
3565,F-A1-PORTSCAN-V-01,PortScan,PortScan,RF-v5,0.003150333057869539,0.006077337496813229,0.9907723294453185
3566,F-A1-PORTSCAN-V-01,PortScan,PortScan,RF-v5,0.003150333057869539,0.006077337496813229,0.9907723294453185
3567,F-A1-PORTSCAN-V-01,PortScan,PortScan,RF-v5,0.003150333057869539,0.006077337496813229,0.9907723294453185
3568,F-A1-PORTSCAN-V-01,PortScan,PortScan,RF-v5,0.003150333057869539,0.00603988132387339,0.9908097856182583
3569,F-A1-PORTSCAN-V-01,PortScan,PortScan,RF-v5,0.003150333057869539,0.006077337496813229,0.9907723294453185
3570,F-A1-PORTSCAN-V-01,PortScan,PortScan,RF-v5,0.007352696610132838,0.01190626640962612,0.9807410369802422
3571,F-A1-PORTSCAN-V-01,PortScan,PortScan,RF-v5,0.003150333057869539,0.00603988132387339,0.9908097856182583
3572,F-A1-PORTSCAN-V-01,PortScan,PortScan,RF-v5,0.003150333057869539,0.006077337496813229,0.9907723294453185
3573,F-A1-PORTSCAN-V-01,PortScan,PortScan,RF-v5,0.003150333057869539,0.00603988132387339,0.9908097856182583
3574,F-A1-PORTSCAN-V-01,PortScan,PortScan,RF-v5,0.003150333057869539,0.006077337496813229,0.9907723294453185
3575,F-A1-PORTSCAN-V-01,PortScan,PortScan,RF-v5,0.0031173831870937837,0.011025379037612469,0.9858572377752948
3576,F-A1-PORTSCAN-V-01,PortScan,PortScan,RF-v5,0.003150333057869539,0.006077337496813229,0.9907723294453185
3577,F-A1-PORTSCAN-V-01,PortScan,PortScan,RF-v5,0.0031173831870937837,0.011025379037612469,0.9858572377752948
3578,F-A1-PORTSCAN-V-01,PortScan,PortScan,RF-v5,0.003150333057869539,0.00603988132387339,0.9908097856182583
3579,F-A1-PORTSCAN-V-01,PortScan,PortScan,RF-v5,0.003150333057869539,0.00603988132387339,0.9908097856182583
3580,F-A1-PORTSCAN-V-01,PortScan,PortScan,RF-v5,0.007352696610132838,0.01190626640962612,0.9807410369802422
3581,F-A1-PORTSCAN-V-01,PortScan,PortScan,RF-v5,0.003150333057869539,0.006077337496813229,0.9907723294453185
3582,F-A1-PORTSCAN-V-01,PortScan,PortScan,RF-v5,0.003150333057869539,0.006077337496813229,0.9907723294453185
3583,F-A1-PORTSCAN-V-01,PortScan,PortScan,RF-v5,0.003150333057869539,0.00603988132387339,0.9908097856182583
3584,F-A1-PORTSCAN-V-01,PortScan,PortScan,RF-v5,0.005876040733053596,0.011025379037612469,0.9830985802293349
3585,F-A1-PORTSCAN-V-01,PortScan,PortScan,RF-v5,0.007352696610132838,0.01190626640962612,0.9807410369802422
3586,F-A1-PORTSCAN-V-01,PortScan,PortScan,RF-v5,0.003150333057869539,0.006077337496813229,0.9907723294453185
3587,F-A1-PORTSCAN-V-01,PortScan,PortScan,RF-v5,0.0031173831870937837,0.011025379037612469,0.9858572377752948
3588,F-A1-PORTSCAN-V-01,PortScan,PortScan,RF-v5,0.003150333057869539,0.00603988132387339,0.9908097856182583
3589,F-A1-PORTSCAN-V-01,PortScan,PortScan,RF-v5,0.0031173831870937837,0.01190626640962612,0.9849763504032812
3590,F-A1-PORTSCAN-V-01,PortScan,PortScan,RF-v5,0.003150333057869539,0.006077337496813229,0.9907723294453185
3591,F-A1-PORTSCAN-V-01,PortScan,PortScan,RF-v5,0.003150333057869539,0.006077337496813229,0.9907723294453185
3592,F-A1-PORTSCAN-V-01,PortScan,PortScan,RF-v5,0.0031173831870937837,0.011025379037612469,0.9858572377752948
3593,F-A1-PORTSCAN-V-01,PortScan,PortScan,RF-v5,0.003150333057869539,0.006077337496813229,0.9907723294453185
3594,F-A1-PORTSCAN-V-01,PortScan,PortScan,RF-v5,0.0031173831870937837,0.011025379037612469,0.9858572377752948
3595,F-A1-PORTSCAN-V-01,PortScan,PortScan,RF-v5,0.003150333057869539,0.00603988132387339,0.9908097856182583
3596,F-A1-PORTSCAN-V-01,PortScan,PortScan,RF-v5,0.003150333057869539,0.006077337496813229,0.9907723294453185
3597,F-A1-PORTSCAN-V-01,PortScan,PortScan,RF-v5,0.003150333057869539,0.006077337496813229,0.9907723294453185
3598,F-A1-PORTSCAN-V-01,PortScan,PortScan,RF-v5,0.003150333057869539,0.006077337496813229,0.9907723294453185
3599,F-A1-PORTSCAN-V-01,PortScan,PortScan,RF-v5,0.0031173831870937837,0.01190626640962612,0.9849763504032812
3600,F-A1-PORTSCAN-V-01,PortScan,PortScan,RF-v5,0.003150333057869539,0.00603988132387339,0.9908097856182583
3601,F-A1-PORTSCAN-V-01,PortScan,PortScan,RF-v5,0.003150333057869539,0.006077337496813229,0.9907723294453185
3602,F-A1-PORTSCAN-V-01,PortScan,PortScan,RF-v5,0.007352696610132838,0.01190626640962612,0.9807410369802422
3603,F-A1-PORTSCAN-V-01,PortScan,PortScan,RF-v5,0.003150333057869539,0.00603988132387339,0.9908097856182583
3604,F-A1-PORTSCAN-V-01,PortScan,PortScan,RF-v5,0.003150333057869539,0.00603988132387339,0.9908097856182583
3605,F-A1-PORTSCAN-V-01,PortScan,PortScan,RF-v5,0.007352696610132838,0.01190626640962612,0.9807410369802422
3606,F-A1-PORTSCAN-V-01,PortScan,PortScan,RF-v5,0.0031173831870937837,0.011025379037612469,0.9858572377752948
3607,F-A1-PORTSCAN-V-01,PortScan,PortScan,RF-v5,0.003150333057869539,0.006077337496813229,0.9907723294453185
3608,F-A1-PORTSCAN-V-01,PortScan,PortScan,RF-v5,0.003150333057869539,0.00603988132387339,0.9908097856182583
3609,F-A1-PORTSCAN-V-01,PortScan,PortScan,RF-v5,0.003150333057869539,0.00603988132387339,0.9908097856182583
3610,F-A1-PORTSCAN-V-01,PortScan,PortScan,RF-v5,0.003150333057869539,0.00603988132387339,0.9908097856182583
3611,F-A1-PORTSCAN-V-01,PortScan,PortScan,RF-v5,0.003150333057869539,0.006077337496813229,0.9907723294453185
3612,F-A1-PORTSCAN-V-01,PortScan,PortScan,RF-v5,0.003150333057869539,0.006077337496813229,0.9907723294453185
3613,F-A1-PORTSCAN-V-01,PortScan,PortScan,RF-v5,0.005276748291942728,0.005947894303711483,0.9887753574043469
3614,F-A1-PORTSCAN-V-01,PortScan,PortScan,RF-v5,0.003150333057869539,0.006077337496813229,0.9907723294453185
3615,F-A1-PORTSCAN-V-01,PortScan,PortScan,RF-v5,0.0031173831870937837,0.011025379037612469,0.9858572377752948
3616,F-A1-PORTSCAN-V-01,PortScan,PortScan,RF-v5,0.003150333057869539,0.006077337496813229,0.9907723294453185
3617,F-A1-PORTSCAN-V-01,PortScan,PortScan,RF-v5,0.003150333057869539,0.006077337496813229,0.9907723294453185
3618,F-A1-PORTSCAN-V-01,PortScan,PortScan,RF-v5,0.003194338180644271,0.009174012094615188,0.9876316497247416
3619,F-A1-PORTSCAN-V-01,PortScan,PortScan,RF-v5,0.003150333057869539,0.006077337496813229,0.9907723294453185
3620,F-A1-PORTSCAN-V-01,PortScan,PortScan,RF-v5,0.007352696610132838,0.01190626640962612,0.9807410369802422
3621,F-A1-PORTSCAN-V-01,PortScan,PortScan,RF-v5,0.003150333057869539,0.00603988132387339,0.9908097856182583
3622,F-A1-PORTSCAN-V-01,PortScan,PortScan,RF-v5,0.003150333057869539,0.006077337496813229,0.9907723294453185
3623,F-A1-PORTSCAN-V-01,PortScan,PortScan,RF-v5,0.003150333057869539,0.00603988132387339,0.9908097856182583
3624,F-A1-PORTSCAN-V-01,PortScan,PortScan,RF-v5,0.003150333057869539,0.00603988132387339,0.9908097856182583
3625,F-A1-PORTSCAN-V-01,PortScan,PortScan,RF-v5,0.003150333057869539,0.00603988132387339,0.9908097856182583
3626,F-A1-PORTSCAN-V-01,PortScan,PortScan,RF-v5,0.0031173831870937837,0.011025379037612469,0.9858572377752948
3627,F-A1-PORTSCAN-V-01,PortScan,PortScan,RF-v5,0.003150333057869539,0.00603988132387339,0.9908097856182583
3628,F-A1-PORTSCAN-V-01,PortScan,PortScan,RF-v5,0.003150333057869539,0.006077337496813229,0.9907723294453185
3629,F-A1-PORTSCAN-V-01,PortScan,PortScan,RF-v5,0.0031173831870937837,0.011025379037612469,0.9858572377752948
3630,F-A1-PORTSCAN-V-01,PortScan,PortScan,RF-v5,0.003150333057869539,0.006077337496813229,0.9907723294453185
3631,F-A1-PORTSCAN-V-01,PortScan,PortScan,RF-v5,0.005276748291942728,0.005947894303711483,0.9887753574043469
3632,F-A1-PORTSCAN-V-01,PortScan,PortScan,RF-v5,0.0031173831870937837,0.011025379037612469,0.9858572377752948
3633,F-A1-PORTSCAN-V-01,PortScan,PortScan,RF-v5,0.003150333057869539,0.006077337496813229,0.9907723294453185
3634,F-A1-PORTSCAN-V-01,PortScan,PortScan,RF-v5,0.0031173831870937837,0.011025379037612469,0.9858572377752948
3635,F-A1-PORTSCAN-V-01,PortScan,PortScan,RF-v5,0.0031173831870937837,0.011025379037612469,0.9858572377752948
3636,F-A1-PORTSCAN-V-01,PortScan,PortScan,RF-v5,0.0031173831870937837,0.011025379037612469,0.9858572377752948
3637,F-A1-PORTSCAN-V-01,PortScan,PortScan,RF-v5,0.003150333057869539,0.00603988132387339,0.9908097856182583
3638,F-A1-PORTSCAN-V-01,PortScan,PortScan,RF-v5,0.003194338180644271,0.009174012094615188,0.9876316497247416
3639,F-A1-PORTSCAN-V-01,PortScan,PortScan,RF-v5,0.0031173831870937837,0.011025379037612469,0.9858572377752948
3640,F-A1-PORTSCAN-V-01,PortScan,PortScan,RF-v5,0.003150333057869539,0.006077337496813229,0.9907723294453185
3641,F-A1-PORTSCAN-V-01,PortScan,PortScan,RF-v5,0.0031173831870937837,0.011025379037612469,0.9858572377752948
3642,F-A1-PORTSCAN-V-01,PortScan,PortScan,RF-v5,0.003150333057869539,0.006077337496813229,0.9907723294453185
3643,F-A1-PORTSCAN-V-01,PortScan,PortScan,RF-v5,0.003150333057869539,0.006077337496813229,0.9907723294453185
3644,F-A1-PORTSCAN-V-01,PortScan,PortScan,RF-v5,0.003150333057869539,0.006077337496813229,0.9907723294453185
3645,F-A1-PORTSCAN-V-01,PortScan,PortScan,RF-v5,0.003150333057869539,0.00603988132387339,0.9908097856182583
3646,F-A1-PORTSCAN-V-01,PortScan,PortScan,RF-v5,0.003150333057869539,0.006077337496813229,0.9907723294453185
3647,F-A1-PORTSCAN-V-01,PortScan,PortScan,RF-v5,0.003150333057869539,0.006077337496813229,0.9907723294453185
3648,F-A1-PORTSCAN-V-01,PortScan,PortScan,RF-v5,0.0031173831870937837,0.011025379037612469,0.9858572377752948
3649,F-A1-PORTSCAN-V-01,PortScan,PortScan,RF-v5,0.003150333057869539,0.006077337496813229,0.9907723294453185
3650,F-A1-PORTSCAN-V-01,PortScan,PortScan,RF-v5,0.003150333057869539,0.006077337496813229,0.9907723294453185
3651,F-A1-PORTSCAN-V-01,PortScan,PortScan,RF-v5,0.007352696610132838,0.01190626640962612,0.9807410369802422
3652,F-A1-PORTSCAN-V-01,PortScan,PortScan,RF-v5,0.003150333057869539,0.00603988132387339,0.9908097856182583
3653,F-A1-PORTSCAN-V-01,PortScan,PortScan,RF-v5,0.0031173831870937837,0.011025379037612469,0.9858572377752948
3654,F-A1-PORTSCAN-V-01,PortScan,PortScan,RF-v5,0.003150333057869539,0.00603988132387339,0.9908097856182583
3655,F-A1-PORTSCAN-V-01,PortScan,PortScan,RF-v5,0.007352696610132838,0.01190626640962612,0.9807410369802422
3656,F-A1-PORTSCAN-V-01,PortScan,PortScan,RF-v5,0.003150333057869539,0.006077337496813229,0.9907723294453185
3657,F-A1-PORTSCAN-V-01,PortScan,PortScan,RF-v5,0.003150333057869539,0.006077337496813229,0.9907723294453185
3658,F-A1-PORTSCAN-V-01,PortScan,PortScan,RF-v5,0.003150333057869539,0.006077337496813229,0.9907723294453185
3659,F-A1-PORTSCAN-V-01,PortScan,PortScan,RF-v5,0.003150333057869539,0.006077337496813229,0.9907723294453185
3660,F-A1-PORTSCAN-V-01,PortScan,PortScan,RF-v5,0.003150333057869539,0.00603988132387339,0.9908097856182583
3661,F-A1-PORTSCAN-V-01,PortScan,PortScan,RF-v5,0.003150333057869539,0.00603988132387339,0.9908097856182583
3662,F-A1-PORTSCAN-V-01,PortScan,PortScan,RF-v5,0.003150333057869539,0.006077337496813229,0.9907723294453185
3663,F-A1-PORTSCAN-V-01,PortScan,PortScan,RF-v5,0.003150333057869539,0.006077337496813229,0.9907723294453185
3664,F-A1-PORTSCAN-V-01,PortScan,PortScan,RF-v5,0.003150333057869539,0.00603988132387339,0.9908097856182583
3665,F-A1-PORTSCAN-V-01,PortScan,PortScan,RF-v5,0.0031173831870937837,0.011025379037612469,0.9858572377752948
3666,F-A1-PORTSCAN-V-01,PortScan,PortScan,RF-v5,0.003150333057869539,0.00603988132387339,0.9908097856182583
3667,F-A1-PORTSCAN-V-01,PortScan,PortScan,RF-v5,0.003150333057869539,0.00603988132387339,0.9908097856182583
3668,F-A1-PORTSCAN-V-01,PortScan,PortScan,RF-v5,0.003150333057869539,0.00603988132387339,0.9908097856182583
3669,F-A1-PORTSCAN-V-01,PortScan,PortScan,RF-v5,0.003150333057869539,0.00603988132387339,0.9908097856182583
3670,F-A1-PORTSCAN-V-01,PortScan,PortScan,RF-v5,0.003150333057869539,0.006077337496813229,0.9907723294453185
3671,F-A1-PORTSCAN-V-01,PortScan,PortScan,RF-v5,0.003150333057869539,0.00603988132387339,0.9908097856182583
3672,F-A1-PORTSCAN-V-01,PortScan,PortScan,RF-v5,0.0031173831870937837,0.011025379037612469,0.9858572377752948
3673,F-A1-PORTSCAN-V-01,PortScan,PortScan,RF-v5,0.007352696610132838,0.01190626640962612,0.9807410369802422
3674,F-A1-PORTSCAN-V-01,PortScan,PortScan,RF-v5,0.003150333057869539,0.006077337496813229,0.9907723294453185
3675,F-A1-PORTSCAN-V-01,PortScan,PortScan,RF-v5,0.003150333057869539,0.00603988132387339,0.9908097856182583
3676,F-A1-PORTSCAN-V-01,PortScan,PortScan,RF-v5,0.003150333057869539,0.006077337496813229,0.9907723294453185
3677,F-A1-PORTSCAN-V-01,PortScan,PortScan,RF-v5,0.003150333057869539,0.006077337496813229,0.9907723294453185
3678,F-A1-PORTSCAN-V-01,PortScan,PortScan,RF-v5,0.003150333057869539,0.00603988132387339,0.9908097856182583
3679,F-A1-PORTSCAN-V-01,PortScan,PortScan,RF-v5,0.003150333057869539,0.006077337496813229,0.9907723294453185
3680,F-A1-PORTSCAN-V-01,PortScan,PortScan,RF-v5,0.003150333057869539,0.006077337496813229,0.9907723294453185
3681,F-A1-PORTSCAN-V-01,PortScan,PortScan,RF-v5,0.003150333057869539,0.00603988132387339,0.9908097856182583
3682,F-A1-PORTSCAN-V-01,PortScan,PortScan,RF-v5,0.003150333057869539,0.00603988132387339,0.9908097856182583
3683,F-A1-PORTSCAN-V-01,PortScan,PortScan,RF-v5,0.0031173831870937837,0.011025379037612469,0.9858572377752948
3684,F-A1-PORTSCAN-V-01,PortScan,PortScan,RF-v5,0.003194338180644271,0.009174012094615188,0.9876316497247416
3685,F-A1-PORTSCAN-V-01,PortScan,PortScan,RF-v5,0.003150333057869539,0.006077337496813229,0.9907723294453185
3686,F-A1-PORTSCAN-V-01,PortScan,PortScan,RF-v5,0.003150333057869539,0.00603988132387339,0.9908097856182583
3687,F-A1-PORTSCAN-V-01,PortScan,PortScan,RF-v5,0.007352696610132838,0.01190626640962612,0.9807410369802422
3688,F-A1-PORTSCAN-V-01,PortScan,PortScan,RF-v5,0.0031173831870937837,0.01190626640962612,0.9849763504032812
3689,F-A1-PORTSCAN-V-01,PortScan,PortScan,RF-v5,0.003150333057869539,0.00603988132387339,0.9908097856182583
3690,F-A1-PORTSCAN-V-01,PortScan,PortScan,RF-v5,0.010640370446275525,0.006077337496813229,0.9832822920569124
3691,F-A1-PORTSCAN-V-01,PortScan,PortScan,RF-v5,0.003150333057869539,0.006077337496813229,0.9907723294453185
3692,F-A1-PORTSCAN-V-01,PortScan,PortScan,RF-v5,0.003150333057869539,0.006077337496813229,0.9907723294453185
3693,F-A1-PORTSCAN-V-01,PortScan,PortScan,RF-v5,0.003150333057869539,0.00603988132387339,0.9908097856182583
3694,F-A1-PORTSCAN-V-01,PortScan,PortScan,RF-v5,0.003150333057869539,0.006077337496813229,0.9907723294453185
3695,F-A1-PORTSCAN-V-01,PortScan,PortScan,RF-v5,0.0031173831870937837,0.01190626640962612,0.9849763504032812
3696,F-A1-PORTSCAN-V-01,PortScan,PortScan,RF-v5,0.007352696610132838,0.01190626640962612,0.9807410369802422
3697,F-A1-PORTSCAN-V-01,PortScan,PortScan,RF-v5,0.003150333057869539,0.006077337496813229,0.9907723294453185
3698,F-A1-PORTSCAN-V-01,PortScan,PortScan,RF-v5,0.0031173831870937837,0.011025379037612469,0.9858572377752948
3699,F-A1-PORTSCAN-V-01,PortScan,PortScan,RF-v5,0.003150333057869539,0.00603988132387339,0.9908097856182583
3700,F-A1-PORTSCAN-V-01,PortScan,PortScan,RF-v5,0.0031173831870937837,0.01190626640962612,0.9849763504032812
3701,F-A1-PORTSCAN-V-01,PortScan,PortScan,RF-v5,0.003150333057869539,0.006077337496813229,0.9907723294453185
3702,F-A1-PORTSCAN-V-01,PortScan,PortScan,RF-v5,0.003150333057869539,0.006077337496813229,0.9907723294453185
3703,F-A1-PORTSCAN-V-01,PortScan,PortScan,RF-v5,0.003150333057869539,0.006077337496813229,0.9907723294453185
3704,F-A1-PORTSCAN-V-01,PortScan,PortScan,RF-v5,0.0031173831870937837,0.011025379037612469,0.9858572377752948
3705,F-A1-PORTSCAN-V-01,PortScan,PortScan,RF-v5,0.003150333057869539,0.00603988132387339,0.9908097856182583
3706,F-A1-PORTSCAN-V-01,PortScan,PortScan,RF-v5,0.003150333057869539,0.006077337496813229,0.9907723294453185
3707,F-A1-PORTSCAN-V-01,PortScan,PortScan,RF-v5,0.0031173831870937837,0.011025379037612469,0.9858572377752948
3708,F-A1-PORTSCAN-V-01,PortScan,PortScan,RF-v5,0.0031173831870937837,0.011025379037612469,0.9858572377752948
3709,F-A1-PORTSCAN-V-01,PortScan,PortScan,RF-v5,0.003150333057869539,0.00603988132387339,0.9908097856182583
3710,F-A1-PORTSCAN-V-01,PortScan,PortScan,RF-v5,0.003150333057869539,0.006077337496813229,0.9907723294453185
3711,F-A1-PORTSCAN-V-01,PortScan,PortScan,RF-v5,0.003150333057869539,0.006077337496813229,0.9907723294453185
3712,F-A1-PORTSCAN-V-01,PortScan,PortScan,RF-v5,0.003150333057869539,0.00603988132387339,0.9908097856182583
3713,F-A1-PORTSCAN-V-01,PortScan,PortScan,RF-v5,0.0031173831870937837,0.01190626640962612,0.9849763504032812
3714,F-A1-PORTSCAN-V-01,PortScan,PortScan,RF-v5,0.0031173831870937837,0.011025379037612469,0.9858572377752948
3715,F-A1-PORTSCAN-V-01,PortScan,PortScan,RF-v5,0.0031173831870937837,0.01190626640962612,0.9849763504032812
3716,F-A1-PORTSCAN-V-01,PortScan,PortScan,RF-v5,0.003150333057869539,0.006077337496813229,0.9907723294453185
3717,F-A1-PORTSCAN-V-01,PortScan,PortScan,RF-v5,0.003150333057869539,0.006077337496813229,0.9907723294453185
3718,F-A1-PORTSCAN-V-01,PortScan,PortScan,RF-v5,0.003150333057869539,0.00603988132387339,0.9908097856182583
3719,F-A1-PORTSCAN-V-01,PortScan,PortScan,RF-v5,0.0031173831870937837,0.011025379037612469,0.9858572377752948
3720,F-A1-PORTSCAN-V-01,PortScan,PortScan,RF-v5,0.003150333057869539,0.00603988132387339,0.9908097856182583
3721,F-A1-PORTSCAN-V-01,PortScan,PortScan,RF-v5,0.0031173831870937837,0.01190626640962612,0.9849763504032812
3722,F-A1-PORTSCAN-V-01,PortScan,PortScan,RF-v5,0.003150333057869539,0.006077337496813229,0.9907723294453185
3723,F-A1-PORTSCAN-V-01,PortScan,PortScan,RF-v5,0.0031173831870937837,0.011025379037612469,0.9858572377752948
3724,F-A1-PORTSCAN-V-01,PortScan,PortScan,RF-v5,0.003150333057869539,0.006077337496813229,0.9907723294453185
3725,F-A1-PORTSCAN-V-01,PortScan,PortScan,RF-v5,0.0031173831870937837,0.011025379037612469,0.9858572377752948
3726,F-A1-PORTSCAN-V-01,PortScan,PortScan,RF-v5,0.0031173831870937837,0.011025379037612469,0.9858572377752948
3727,F-A1-PORTSCAN-V-01,PortScan,PortScan,RF-v5,0.0029738601050267365,0.005947894303711483,0.991078245591263
3728,F-A1-PORTSCAN-V-01,PortScan,PortScan,RF-v5,0.0031173831870937837,0.01190626640962612,0.9849763504032812
3729,F-A1-PORTSCAN-V-01,PortScan,PortScan,RF-v5,0.007352696610132838,0.01190626640962612,0.9807410369802422
3730,F-A1-PORTSCAN-V-01,PortScan,PortScan,RF-v5,0.0031173831870937837,0.011025379037612469,0.9858572377752948
3731,F-A1-PORTSCAN-V-01,PortScan,PortScan,RF-v5,0.003150333057869539,0.006077337496813229,0.9907723294453185
3732,F-A1-PORTSCAN-V-01,PortScan,PortScan,RF-v5,0.0031173831870937837,0.01190626640962612,0.9849763504032812
3733,F-A1-PORTSCAN-V-01,PortScan,PortScan,RF-v5,0.0031173831870937837,0.01190626640962612,0.9849763504032812
3734,F-A1-PORTSCAN-V-01,PortScan,PortScan,RF-v5,0.003150333057869539,0.006077337496813229,0.9907723294453185
3735,F-A1-PORTSCAN-V-01,PortScan,PortScan,RF-v5,0.0031173831870937837,0.011025379037612469,0.9858572377752948
3736,F-A1-PORTSCAN-V-01,PortScan,PortScan,RF-v5,0.003150333057869539,0.006077337496813229,0.9907723294453185
3737,F-A1-PORTSCAN-V-01,PortScan,PortScan,RF-v5,0.0031173831870937837,0.01190626640962612,0.9849763504032812
3738,F-A1-PORTSCAN-V-01,PortScan,PortScan,RF-v5,0.003150333057869539,0.006077337496813229,0.9907723294453185
3739,F-A1-PORTSCAN-V-01,PortScan,PortScan,RF-v5,0.0031173831870937837,0.011025379037612469,0.9858572377752948
3740,F-A1-PORTSCAN-V-01,PortScan,PortScan,RF-v5,0.0031173831870937837,0.01190626640962612,0.9849763504032812
3741,F-A1-PORTSCAN-V-01,PortScan,PortScan,RF-v5,0.003150333057869539,0.006077337496813229,0.9907723294453185
3742,F-A1-PORTSCAN-V-01,PortScan,PortScan,RF-v5,0.0031173831870937837,0.011025379037612469,0.9858572377752948
3743,F-A1-PORTSCAN-V-01,PortScan,PortScan,RF-v5,0.003150333057869539,0.006077337496813229,0.9907723294453185
3744,F-A1-PORTSCAN-V-01,PortScan,PortScan,RF-v5,0.0031173831870937837,0.011025379037612469,0.9858572377752948
3745,F-A1-PORTSCAN-V-01,PortScan,PortScan,RF-v5,0.0031173831870937837,0.011025379037612469,0.9858572377752948
3746,F-A1-PORTSCAN-V-01,PortScan,PortScan,RF-v5,0.003150333057869539,0.006077337496813229,0.9907723294453185
3747,F-A1-PORTSCAN-V-01,PortScan,PortScan,RF-v5,0.003150333057869539,0.00603988132387339,0.9908097856182583
3748,F-A1-PORTSCAN-V-01,PortScan,PortScan,RF-v5,0.003150333057869539,0.006077337496813229,0.9907723294453185
3749,F-A1-PORTSCAN-V-01,PortScan,PortScan,RF-v5,0.0031173831870937837,0.01190626640962612,0.9849763504032812
3750,F-A1-PORTSCAN-V-01,PortScan,PortScan,RF-v5,0.0031173831870937837,0.011025379037612469,0.9858572377752948
3751,F-A1-PORTSCAN-V-01,PortScan,PortScan,RF-v5,0.003150333057869539,0.006077337496813229,0.9907723294453185
3752,F-A1-PORTSCAN-V-01,PortScan,PortScan,RF-v5,0.003150333057869539,0.006077337496813229,0.9907723294453185
3753,F-A1-PORTSCAN-V-01,PortScan,PortScan,RF-v5,0.003150333057869539,0.006077337496813229,0.9907723294453185
3754,F-A1-PORTSCAN-V-01,PortScan,PortScan,RF-v5,0.007352696610132838,0.01190626640962612,0.9807410369802422
3755,F-A1-PORTSCAN-V-01,PortScan,PortScan,RF-v5,0.003150333057869539,0.006077337496813229,0.9907723294453185
3756,F-A1-PORTSCAN-V-01,PortScan,PortScan,RF-v5,0.003150333057869539,0.006077337496813229,0.9907723294453185
3757,F-A1-PORTSCAN-V-01,PortScan,PortScan,RF-v5,0.003150333057869539,0.006077337496813229,0.9907723294453185
3758,F-A1-PORTSCAN-V-01,PortScan,PortScan,RF-v5,0.003150333057869539,0.00603988132387339,0.9908097856182583
3759,F-A1-PORTSCAN-V-01,PortScan,PortScan,RF-v5,0.007352696610132838,0.01190626640962612,0.9807410369802422
3760,F-A1-PORTSCAN-V-01,PortScan,PortScan,RF-v5,0.003150333057869539,0.00603988132387339,0.9908097856182583
3761,F-A1-PORTSCAN-V-01,PortScan,PortScan,RF-v5,0.0031173831870937837,0.011025379037612469,0.9858572377752948
3762,F-A1-PORTSCAN-V-01,PortScan,PortScan,RF-v5,0.003150333057869539,0.006077337496813229,0.9907723294453185
3763,F-A1-PORTSCAN-V-01,PortScan,PortScan,RF-v5,0.003150333057869539,0.00603988132387339,0.9908097856182583
3764,F-A1-PORTSCAN-V-01,PortScan,PortScan,RF-v5,0.003150333057869539,0.00603988132387339,0.9908097856182583
3765,F-A1-PORTSCAN-V-01,PortScan,PortScan,RF-v5,0.003150333057869539,0.006077337496813229,0.9907723294453185
3766,F-A1-PORTSCAN-V-01,PortScan,PortScan,RF-v5,0.0031173831870937837,0.011025379037612469,0.9858572377752948
3767,F-A1-PORTSCAN-V-01,PortScan,PortScan,RF-v5,0.0031173831870937837,0.011025379037612469,0.9858572377752948
3768,F-A1-PORTSCAN-V-01,PortScan,PortScan,RF-v5,0.003150333057869539,0.00603988132387339,0.9908097856182583
3769,F-A1-PORTSCAN-V-01,PortScan,PortScan,RF-v5,0.0031173831870937837,0.01190626640962612,0.9849763504032812
3770,F-A1-PORTSCAN-V-01,PortScan,PortScan,RF-v5,0.003150333057869539,0.006077337496813229,0.9907723294453185
3771,F-A1-PORTSCAN-V-01,PortScan,PortScan,RF-v5,0.003150333057869539,0.006077337496813229,0.9907723294453185
3772,F-A1-PORTSCAN-V-01,PortScan,PortScan,RF-v5,0.31986107103767886,0.29423095723891973,0.3859079717234017
3773,F-A1-PORTSCAN-V-01,PortScan,PortScan,RF-v5,0.003150333057869539,0.006077337496813229,0.9907723294453185
3774,F-A1-PORTSCAN-V-01,PortScan,PortScan,RF-v5,0.003150333057869539,0.006077337496813229,0.9907723294453185
3775,F-A1-PORTSCAN-V-01,PortScan,PortScan,RF-v5,0.0031173831870937837,0.011025379037612469,0.9858572377752948
3776,F-A1-PORTSCAN-V-01,PortScan,PortScan,RF-v5,0.0031173831870937837,0.011025379037612469,0.9858572377752948
3777,F-A1-PORTSCAN-V-01,PortScan,PortScan,RF-v5,0.003150333057869539,0.00603988132387339,0.9908097856182583
3778,F-A1-PORTSCAN-V-01,PortScan,PortScan,RF-v5,0.003150333057869539,0.00603988132387339,0.9908097856182583
3779,F-A1-PORTSCAN-V-01,PortScan,PortScan,RF-v5,0.0031173831870937837,0.011025379037612469,0.9858572377752948
3780,F-A1-PORTSCAN-V-01,PortScan,PortScan,RF-v5,0.0031173831870937837,0.011025379037612469,0.9858572377752948
3781,F-A1-PORTSCAN-V-01,PortScan,PortScan,RF-v5,0.003150333057869539,0.006077337496813229,0.9907723294453185
3782,F-A1-PORTSCAN-V-01,PortScan,PortScan,RF-v5,0.003150333057869539,0.006077337496813229,0.9907723294453185
3783,F-A1-PORTSCAN-V-01,PortScan,PortScan,RF-v5,0.003150333057869539,0.006077337496813229,0.9907723294453185
3784,F-A1-PORTSCAN-V-01,PortScan,PortScan,RF-v5,0.003150333057869539,0.006077337496813229,0.9907723294453185
3785,F-A1-PORTSCAN-V-01,PortScan,PortScan,RF-v5,0.0031173831870937837,0.01190626640962612,0.9849763504032812
3786,F-A1-PORTSCAN-V-01,PortScan,PortScan,RF-v5,0.007352696610132838,0.01190626640962612,0.9807410369802422
3787,F-A1-PORTSCAN-V-01,PortScan,PortScan,RF-v5,0.003150333057869539,0.006077337496813229,0.9907723294453185
3788,F-A1-PORTSCAN-V-01,PortScan,PortScan,RF-v5,0.003150333057869539,0.006077337496813229,0.9907723294453185
3789,F-A1-PORTSCAN-V-01,PortScan,PortScan,RF-v5,0.003150333057869539,0.006077337496813229,0.9907723294453185
3790,F-A1-PORTSCAN-V-01,PortScan,PortScan,RF-v5,0.003150333057869539,0.00603988132387339,0.9908097856182583
3791,F-A1-PORTSCAN-V-01,PortScan,PortScan,RF-v5,0.003150333057869539,0.006077337496813229,0.9907723294453185
3792,F-A1-PORTSCAN-V-01,PortScan,PortScan,RF-v5,0.003150333057869539,0.00603988132387339,0.9908097856182583
3793,F-A1-PORTSCAN-V-01,PortScan,PortScan,RF-v5,0.003150333057869539,0.006077337496813229,0.9907723294453185
3794,F-A1-PORTSCAN-V-01,PortScan,PortScan,RF-v5,0.0031173831870937837,0.011025379037612469,0.9858572377752948
3795,F-A1-PORTSCAN-V-01,PortScan,PortScan,RF-v5,0.0031173831870937837,0.011025379037612469,0.9858572377752948
3796,F-A1-PORTSCAN-V-01,PortScan,PortScan,RF-v5,0.0031173831870937837,0.011025379037612469,0.9858572377752948
3797,F-A1-PORTSCAN-V-01,PortScan,PortScan,RF-v5,0.007352696610132838,0.01190626640962612,0.9807410369802422
3798,F-A1-PORTSCAN-V-01,PortScan,PortScan,RF-v5,0.003150333057869539,0.00603988132387339,0.9908097856182583
3799,F-A1-PORTSCAN-V-01,PortScan,PortScan,RF-v5,0.003150333057869539,0.006077337496813229,0.9907723294453185
3800,F-A1-PORTSCAN-V-01,PortScan,PortScan,RF-v5,0.003150333057869539,0.006077337496813229,0.9907723294453185
3801,F-A1-PORTSCAN-V-01,PortScan,PortScan,RF-v5,0.003150333057869539,0.006077337496813229,0.9907723294453185
3802,F-A1-PORTSCAN-V-01,PortScan,PortScan,RF-v5,0.003150333057869539,0.006077337496813229,0.9907723294453185
3803,F-A1-PORTSCAN-V-01,PortScan,PortScan,RF-v5,0.003150333057869539,0.006077337496813229,0.9907723294453185
3804,F-A1-PORTSCAN-V-01,PortScan,PortScan,RF-v5,0.0031173831870937837,0.01190626640962612,0.9849763504032812
3805,F-A1-PORTSCAN-V-01,PortScan,PortScan,RF-v5,0.003150333057869539,0.006077337496813229,0.9907723294453185
3806,F-A1-PORTSCAN-V-01,PortScan,PortScan,RF-v5,0.003150333057869539,0.006077337496813229,0.9907723294453185
3807,F-A1-PORTSCAN-V-01,PortScan,PortScan,RF-v5,0.003150333057869539,0.006077337496813229,0.9907723294453185
3808,F-A1-PORTSCAN-V-01,PortScan,PortScan,RF-v5,0.0031173831870937837,0.01190626640962612,0.9849763504032812
3809,F-A1-PORTSCAN-V-01,PortScan,PortScan,RF-v5,0.003150333057869539,0.00603988132387339,0.9908097856182583
3810,F-A1-PORTSCAN-V-01,PortScan,PortScan,RF-v5,0.003150333057869539,0.006077337496813229,0.9907723294453185
3811,F-A1-PORTSCAN-V-01,PortScan,PortScan,RF-v5,0.0031173831870937837,0.011025379037612469,0.9858572377752948
3812,F-A1-PORTSCAN-V-01,PortScan,PortScan,RF-v5,0.003150333057869539,0.006077337496813229,0.9907723294453185
3813,F-A1-PORTSCAN-V-01,PortScan,PortScan,RF-v5,0.003150333057869539,0.006077337496813229,0.9907723294453185
3814,F-A1-PORTSCAN-V-01,PortScan,PortScan,RF-v5,0.003150333057869539,0.006077337496813229,0.9907723294453185
3815,F-A1-PORTSCAN-V-01,PortScan,PortScan,RF-v5,0.003150333057869539,0.006077337496813229,0.9907723294453185
3816,F-A1-PORTSCAN-V-01,PortScan,PortScan,RF-v5,0.003150333057869539,0.006077337496813229,0.9907723294453185
3817,F-A1-PORTSCAN-V-01,PortScan,PortScan,RF-v5,0.003150333057869539,0.006077337496813229,0.9907723294453185
3818,F-A1-PORTSCAN-V-01,PortScan,PortScan,RF-v5,0.003150333057869539,0.006077337496813229,0.9907723294453185
3819,F-A1-PORTSCAN-V-01,PortScan,PortScan,RF-v5,0.003150333057869539,0.006077337496813229,0.9907723294453185
3820,F-A1-PORTSCAN-V-01,PortScan,PortScan,RF-v5,0.0031173831870937837,0.011025379037612469,0.9858572377752948
3821,F-A1-PORTSCAN-V-01,PortScan,PortScan,RF-v5,0.0031173831870937837,0.011025379037612469,0.9858572377752948
3822,F-A1-PORTSCAN-V-01,PortScan,PortScan,RF-v5,0.003150333057869539,0.006077337496813229,0.9907723294453185
3823,F-A1-PORTSCAN-V-01,PortScan,PortScan,RF-v5,0.007352696610132838,0.01190626640962612,0.9807410369802422
3824,F-A1-PORTSCAN-V-01,PortScan,PortScan,RF-v5,0.003150333057869539,0.006077337496813229,0.9907723294453185
3825,F-A1-PORTSCAN-V-01,PortScan,PortScan,RF-v5,0.0031173831870937837,0.011025379037612469,0.9858572377752948
3826,F-A1-PORTSCAN-V-01,PortScan,PortScan,RF-v5,0.003150333057869539,0.006077337496813229,0.9907723294453185
3827,F-A1-PORTSCAN-V-01,PortScan,PortScan,RF-v5,0.003150333057869539,0.006077337496813229,0.9907723294453185
3828,F-A1-PORTSCAN-V-01,PortScan,PortScan,RF-v5,0.007352696610132838,0.01190626640962612,0.9807410369802422
3829,F-A1-PORTSCAN-V-01,PortScan,PortScan,RF-v5,0.0031173831870937837,0.011025379037612469,0.9858572377752948
3830,F-A1-PORTSCAN-V-01,PortScan,PortScan,RF-v5,0.003150333057869539,0.00603988132387339,0.9908097856182583
3831,F-A1-PORTSCAN-V-01,PortScan,PortScan,RF-v5,0.003150333057869539,0.006077337496813229,0.9907723294453185
3832,F-A1-PORTSCAN-V-01,PortScan,PortScan,RF-v5,0.005445017986967171,0.006482568294333889,0.9880724137187
3833,F-A1-PORTSCAN-V-01,PortScan,PortScan,RF-v5,0.003150333057869539,0.006077337496813229,0.9907723294453185
3834,F-A1-PORTSCAN-V-01,PortScan,PortScan,RF-v5,0.003150333057869539,0.006077337496813229,0.9907723294453185
3835,F-A1-PORTSCAN-V-01,PortScan,PortScan,RF-v5,0.005276748291942728,0.005947894303711483,0.9887753574043469
3836,F-A1-PORTSCAN-V-01,PortScan,PortScan,RF-v5,0.0031173831870937837,0.011025379037612469,0.9858572377752948
3837,F-A1-PORTSCAN-V-01,PortScan,PortScan,RF-v5,0.003150333057869539,0.006077337496813229,0.9907723294453185
3838,F-A1-PORTSCAN-V-01,PortScan,PortScan,RF-v5,0.003150333057869539,0.006077337496813229,0.9907723294453185
3839,F-A1-PORTSCAN-V-01,PortScan,PortScan,RF-v5,0.0031173831870937837,0.011025379037612469,0.9858572377752948
3840,F-A1-PORTSCAN-V-01,PortScan,PortScan,RF-v5,0.003150333057869539,0.006077337496813229,0.9907723294453185
3841,F-A1-PORTSCAN-V-01,PortScan,PortScan,RF-v5,0.0031173831870937837,0.011025379037612469,0.9858572377752948
3842,F-A1-PORTSCAN-V-01,PortScan,PortScan,RF-v5,0.003150333057869539,0.00603988132387339,0.9908097856182583
3843,F-A1-PORTSCAN-V-01,PortScan,PortScan,RF-v5,0.003150333057869539,0.006077337496813229,0.9907723294453185
3844,F-A1-PORTSCAN-V-01,PortScan,PortScan,RF-v5,0.003150333057869539,0.006077337496813229,0.9907723294453185
3845,F-A1-PORTSCAN-V-01,PortScan,PortScan,RF-v5,0.0031173831870937837,0.011025379037612469,0.9858572377752948
3846,F-A1-PORTSCAN-V-01,PortScan,PortScan,RF-v5,0.003150333057869539,0.006077337496813229,0.9907723294453185
3847,F-A1-PORTSCAN-V-01,PortScan,PortScan,RF-v5,0.003150333057869539,0.006077337496813229,0.9907723294453185
3848,F-A1-PORTSCAN-V-01,PortScan,PortScan,RF-v5,0.003150333057869539,0.006077337496813229,0.9907723294453185
3849,F-A1-PORTSCAN-V-01,PortScan,PortScan,RF-v5,0.003150333057869539,0.00603988132387339,0.9908097856182583
3850,F-A1-PORTSCAN-V-01,PortScan,PortScan,RF-v5,0.003150333057869539,0.006077337496813229,0.9907723294453185
3851,F-A1-PORTSCAN-V-01,PortScan,PortScan,RF-v5,0.003150333057869539,0.006077337496813229,0.9907723294453185
3852,F-A1-PORTSCAN-V-01,PortScan,PortScan,RF-v5,0.003150333057869539,0.00603988132387339,0.9908097856182583
3853,F-A1-PORTSCAN-V-01,PortScan,PortScan,RF-v5,0.003150333057869539,0.006077337496813229,0.9907723294453185
3854,F-A1-PORTSCAN-V-01,PortScan,PortScan,RF-v5,0.003150333057869539,0.006077337496813229,0.9907723294453185
3855,F-A1-PORTSCAN-V-01,PortScan,PortScan,RF-v5,0.003150333057869539,0.006077337496813229,0.9907723294453185
3856,F-A1-PORTSCAN-V-01,PortScan,PortScan,RF-v5,0.003150333057869539,0.006077337496813229,0.9907723294453185
3857,F-A1-PORTSCAN-V-01,PortScan,PortScan,RF-v5,0.003150333057869539,0.006077337496813229,0.9907723294453185
3858,F-A1-PORTSCAN-V-01,PortScan,PortScan,RF-v5,0.003150333057869539,0.00603988132387339,0.9908097856182583
3859,F-A1-PORTSCAN-V-01,PortScan,PortScan,RF-v5,0.003150333057869539,0.006077337496813229,0.9907723294453185
3860,F-A1-PORTSCAN-V-01,PortScan,PortScan,RF-v5,0.003150333057869539,0.006077337496813229,0.9907723294453185
3861,F-A1-PORTSCAN-V-01,PortScan,PortScan,RF-v5,0.003150333057869539,0.006077337496813229,0.9907723294453185
3862,F-A1-PORTSCAN-V-01,PortScan,PortScan,RF-v5,0.0031173831870937837,0.011025379037612469,0.9858572377752948
3863,F-A1-PORTSCAN-V-01,PortScan,PortScan,RF-v5,0.003150333057869539,0.006077337496813229,0.9907723294453185
3864,F-A1-PORTSCAN-V-01,PortScan,PortScan,RF-v5,0.0031173831870937837,0.011025379037612469,0.9858572377752948
3865,F-A1-PORTSCAN-V-01,PortScan,PortScan,RF-v5,0.003150333057869539,0.006077337496813229,0.9907723294453185
3866,F-A1-PORTSCAN-V-01,PortScan,PortScan,RF-v5,0.003150333057869539,0.006077337496813229,0.9907723294453185
3867,F-A1-PORTSCAN-V-01,PortScan,PortScan,RF-v5,0.003150333057869539,0.00603988132387339,0.9908097856182583
3868,F-A1-PORTSCAN-V-01,PortScan,PortScan,RF-v5,0.0031173831870937837,0.011025379037612469,0.9858572377752948
3869,F-A1-PORTSCAN-V-01,PortScan,PortScan,RF-v5,0.003150333057869539,0.00603988132387339,0.9908097856182583
3870,F-A1-PORTSCAN-V-01,PortScan,PortScan,RF-v5,0.003150333057869539,0.00603988132387339,0.9908097856182583
3871,F-A1-PORTSCAN-V-01,PortScan,PortScan,RF-v5,0.003150333057869539,0.006077337496813229,0.9907723294453185
3872,F-A1-PORTSCAN-V-01,PortScan,PortScan,RF-v5,0.003150333057869539,0.00603988132387339,0.9908097856182583
3873,F-A1-PORTSCAN-V-01,PortScan,PortScan,RF-v5,0.003150333057869539,0.006077337496813229,0.9907723294453185
3874,F-A1-PORTSCAN-V-01,PortScan,PortScan,RF-v5,0.003150333057869539,0.00603988132387339,0.9908097856182583
3875,F-A1-PORTSCAN-V-01,PortScan,PortScan,RF-v5,0.003150333057869539,0.006077337496813229,0.9907723294453185
3876,F-A1-PORTSCAN-V-01,PortScan,PortScan,RF-v5,0.003150333057869539,0.00603988132387339,0.9908097856182583
3877,F-A1-PORTSCAN-V-01,PortScan,PortScan,RF-v5,0.007352696610132838,0.01190626640962612,0.9807410369802422
3878,F-A1-PORTSCAN-V-01,PortScan,PortScan,RF-v5,0.003150333057869539,0.006077337496813229,0.9907723294453185
3879,F-A1-PORTSCAN-V-01,PortScan,PortScan,RF-v5,0.003150333057869539,0.00603988132387339,0.9908097856182583
3880,F-A1-PORTSCAN-V-01,PortScan,PortScan,RF-v5,0.003150333057869539,0.006077337496813229,0.9907723294453185
3881,F-A1-PORTSCAN-V-01,PortScan,PortScan,RF-v5,0.0031173831870937837,0.011025379037612469,0.9858572377752948
3882,F-A1-PORTSCAN-V-01,PortScan,PortScan,RF-v5,0.003150333057869539,0.006077337496813229,0.9907723294453185
3883,F-A1-PORTSCAN-V-01,PortScan,PortScan,RF-v5,0.003150333057869539,0.006077337496813229,0.9907723294453185
3884,F-A1-PORTSCAN-V-01,PortScan,PortScan,RF-v5,0.007352696610132838,0.01190626640962612,0.9807410369802422
3885,F-A1-PORTSCAN-V-01,PortScan,PortScan,RF-v5,0.003150333057869539,0.00603988132387339,0.9908097856182583
3886,F-A1-PORTSCAN-V-01,PortScan,PortScan,RF-v5,0.003150333057869539,0.006077337496813229,0.9907723294453185
3887,F-A1-PORTSCAN-V-01,PortScan,PortScan,RF-v5,0.003150333057869539,0.00603988132387339,0.9908097856182583
3888,F-A1-PORTSCAN-V-01,PortScan,PortScan,RF-v5,0.003150333057869539,0.006077337496813229,0.9907723294453185
3889,F-A1-PORTSCAN-V-01,PortScan,PortScan,RF-v5,0.003150333057869539,0.006077337496813229,0.9907723294453185
3890,F-A1-PORTSCAN-V-01,PortScan,PortScan,RF-v5,0.003150333057869539,0.00603988132387339,0.9908097856182583
3891,F-A1-PORTSCAN-V-01,PortScan,PortScan,RF-v5,0.003150333057869539,0.00603988132387339,0.9908097856182583
3892,F-A1-PORTSCAN-V-01,PortScan,PortScan,RF-v5,0.003150333057869539,0.006077337496813229,0.9907723294453185
3893,F-A1-PORTSCAN-V-01,PortScan,PortScan,RF-v5,0.003150333057869539,0.00603988132387339,0.9908097856182583
3894,F-A1-PORTSCAN-V-01,PortScan,PortScan,RF-v5,0.003150333057869539,0.006077337496813229,0.9907723294453185
3895,F-A1-PORTSCAN-V-01,PortScan,PortScan,RF-v5,0.003150333057869539,0.006077337496813229,0.9907723294453185
3896,F-A1-PORTSCAN-V-01,PortScan,PortScan,RF-v5,0.003150333057869539,0.00603988132387339,0.9908097856182583
3897,F-A1-PORTSCAN-V-01,PortScan,PortScan,RF-v5,0.003150333057869539,0.006077337496813229,0.9907723294453185
3898,F-A1-PORTSCAN-V-01,PortScan,PortScan,RF-v5,0.0031173831870937837,0.011025379037612469,0.9858572377752948
3899,F-A1-PORTSCAN-V-01,PortScan,PortScan,RF-v5,0.0031173831870937837,0.011025379037612469,0.9858572377752948
3900,F-A1-PORTSCAN-V-01,PortScan,PortScan,RF-v5,0.003150333057869539,0.006077337496813229,0.9907723294453185
3901,F-A1-PORTSCAN-V-01,PortScan,PortScan,RF-v5,0.0031173831870937837,0.011025379037612469,0.9858572377752948
3902,F-A1-PORTSCAN-V-01,PortScan,PortScan,RF-v5,0.003150333057869539,0.006077337496813229,0.9907723294453185
3903,F-A1-PORTSCAN-V-01,PortScan,PortScan,RF-v5,0.0031173831870937837,0.011025379037612469,0.9858572377752948
3904,F-A1-PORTSCAN-V-01,PortScan,PortScan,RF-v5,0.003150333057869539,0.00603988132387339,0.9908097856182583
3905,F-A1-PORTSCAN-V-01,PortScan,PortScan,RF-v5,0.003150333057869539,0.00603988132387339,0.9908097856182583
3906,F-A1-PORTSCAN-V-01,PortScan,PortScan,RF-v5,0.003150333057869539,0.006077337496813229,0.9907723294453185
3907,F-A1-PORTSCAN-V-01,PortScan,PortScan,RF-v5,0.007352696610132838,0.01190626640962612,0.9807410369802422
3908,F-A1-PORTSCAN-V-01,PortScan,PortScan,RF-v5,0.003150333057869539,0.00603988132387339,0.9908097856182583
3909,F-A1-PORTSCAN-V-01,PortScan,PortScan,RF-v5,0.003150333057869539,0.006077337496813229,0.9907723294453185
3910,F-A1-PORTSCAN-V-01,PortScan,PortScan,RF-v5,0.003150333057869539,0.006077337496813229,0.9907723294453185
3911,F-A1-PORTSCAN-V-01,PortScan,PortScan,RF-v5,0.003150333057869539,0.00603988132387339,0.9908097856182583
3912,F-A1-PORTSCAN-V-01,PortScan,PortScan,RF-v5,0.003150333057869539,0.006077337496813229,0.9907723294453185
3913,F-A1-PORTSCAN-V-01,PortScan,PortScan,RF-v5,0.003150333057869539,0.006077337496813229,0.9907723294453185
3914,F-A1-PORTSCAN-V-01,PortScan,PortScan,RF-v5,0.003150333057869539,0.006077337496813229,0.9907723294453185
3915,F-A1-PORTSCAN-V-01,PortScan,PortScan,RF-v5,0.0031173831870937837,0.011025379037612469,0.9858572377752948
3916,F-A1-PORTSCAN-V-01,PortScan,PortScan,RF-v5,0.0031173831870937837,0.011025379037612469,0.9858572377752948
3917,F-A1-PORTSCAN-V-01,PortScan,PortScan,RF-v5,0.0031173831870937837,0.01190626640962612,0.9849763504032812
3918,F-A1-PORTSCAN-V-01,PortScan,PortScan,RF-v5,0.003150333057869539,0.006077337496813229,0.9907723294453185
3919,F-A1-PORTSCAN-V-01,PortScan,PortScan,RF-v5,0.003150333057869539,0.006077337496813229,0.9907723294453185
3920,F-A1-PORTSCAN-V-01,PortScan,PortScan,RF-v5,0.003150333057869539,0.006077337496813229,0.9907723294453185
3921,F-A1-PORTSCAN-V-01,PortScan,PortScan,RF-v5,0.003150333057869539,0.006077337496813229,0.9907723294453185
3922,F-A1-PORTSCAN-V-01,PortScan,PortScan,RF-v5,0.0031173831870937837,0.011025379037612469,0.9858572377752948
3923,F-A1-PORTSCAN-V-01,PortScan,PortScan,RF-v5,0.003150333057869539,0.006077337496813229,0.9907723294453185
3924,F-A1-PORTSCAN-V-01,PortScan,PortScan,RF-v5,0.003150333057869539,0.006077337496813229,0.9907723294453185
3925,F-A1-PORTSCAN-V-01,PortScan,PortScan,RF-v5,0.003150333057869539,0.006077337496813229,0.9907723294453185
3926,F-A1-PORTSCAN-V-01,PortScan,PortScan,RF-v5,0.0031173831870937837,0.011025379037612469,0.9858572377752948
3927,F-A1-PORTSCAN-V-01,PortScan,PortScan,RF-v5,0.003150333057869539,0.006077337496813229,0.9907723294453185
3928,F-A1-PORTSCAN-V-01,PortScan,PortScan,RF-v5,0.003150333057869539,0.00603988132387339,0.9908097856182583
3929,F-A1-PORTSCAN-V-01,PortScan,PortScan,RF-v5,0.003150333057869539,0.006077337496813229,0.9907723294453185
3930,F-A1-PORTSCAN-V-01,PortScan,PortScan,RF-v5,0.003150333057869539,0.006077337496813229,0.9907723294453185
3931,F-A1-PORTSCAN-V-01,PortScan,PortScan,RF-v5,0.003150333057869539,0.00603988132387339,0.9908097856182583
3932,F-A1-PORTSCAN-V-01,PortScan,PortScan,RF-v5,0.0029738601050267365,0.005947894303711483,0.991078245591263
3933,F-A1-PORTSCAN-V-01,PortScan,PortScan,RF-v5,0.003150333057869539,0.00603988132387339,0.9908097856182583
3934,F-A1-PORTSCAN-V-01,PortScan,PortScan,RF-v5,0.003150333057869539,0.00603988132387339,0.9908097856182583
3935,F-A1-PORTSCAN-V-01,PortScan,PortScan,RF-v5,0.007352696610132838,0.01190626640962612,0.9807410369802422
3936,F-A1-PORTSCAN-V-01,PortScan,PortScan,RF-v5,0.0031173831870937837,0.011025379037612469,0.9858572377752948
3937,F-A1-PORTSCAN-V-01,PortScan,PortScan,RF-v5,0.003150333057869539,0.00603988132387339,0.9908097856182583
3938,F-A1-PORTSCAN-V-01,PortScan,PortScan,RF-v5,0.0031173831870937837,0.011025379037612469,0.9858572377752948
3939,F-A1-PORTSCAN-V-01,PortScan,PortScan,RF-v5,0.003150333057869539,0.006077337496813229,0.9907723294453185
3940,F-A1-PORTSCAN-V-01,PortScan,PortScan,RF-v5,0.003150333057869539,0.006077337496813229,0.9907723294453185
3941,F-A1-PORTSCAN-V-01,PortScan,PortScan,RF-v5,0.003150333057869539,0.006077337496813229,0.9907723294453185
3942,F-A1-PORTSCAN-V-01,PortScan,PortScan,RF-v5,0.003150333057869539,0.00603988132387339,0.9908097856182583
3943,F-A1-PORTSCAN-V-01,PortScan,PortScan,RF-v5,0.003150333057869539,0.006077337496813229,0.9907723294453185
3944,F-A1-PORTSCAN-V-01,PortScan,PortScan,RF-v5,0.007352696610132838,0.01190626640962612,0.9807410369802422
3945,F-A1-PORTSCAN-V-01,PortScan,PortScan,RF-v5,0.003150333057869539,0.006077337496813229,0.9907723294453185
3946,F-A1-PORTSCAN-V-01,PortScan,PortScan,RF-v5,0.0031173831870937837,0.011025379037612469,0.9858572377752948
3947,F-A1-PORTSCAN-V-01,PortScan,PortScan,RF-v5,0.003150333057869539,0.006077337496813229,0.9907723294453185
3948,F-A1-PORTSCAN-V-01,PortScan,PortScan,RF-v5,0.0031173831870937837,0.011025379037612469,0.9858572377752948
3949,F-A1-PORTSCAN-V-01,PortScan,PortScan,RF-v5,0.003150333057869539,0.006077337496813229,0.9907723294453185
3950,F-A1-PORTSCAN-V-01,PortScan,PortScan,RF-v5,0.003150333057869539,0.006077337496813229,0.9907723294453185
3951,F-A1-PORTSCAN-V-01,PortScan,PortScan,RF-v5,0.003150333057869539,0.006077337496813229,0.9907723294453185
3952,F-A1-PORTSCAN-V-01,PortScan,PortScan,RF-v5,0.003150333057869539,0.006077337496813229,0.9907723294453185
3953,F-A1-PORTSCAN-V-01,PortScan,PortScan,RF-v5,0.0031173831870937837,0.01190626640962612,0.9849763504032812
3954,F-A1-PORTSCAN-V-01,PortScan,PortScan,RF-v5,0.003150333057869539,0.006077337496813229,0.9907723294453185
3955,F-A1-PORTSCAN-V-01,PortScan,PortScan,RF-v5,0.0031173831870937837,0.01190626640962612,0.9849763504032812
3956,F-A1-PORTSCAN-V-01,PortScan,PortScan,RF-v5,0.0031173831870937837,0.01190626640962612,0.9849763504032812
3957,F-A1-PORTSCAN-V-01,PortScan,PortScan,RF-v5,0.0031173831870937837,0.011025379037612469,0.9858572377752948
3958,F-A1-PORTSCAN-V-01,PortScan,PortScan,RF-v5,0.003150333057869539,0.006077337496813229,0.9907723294453185
3959,F-A1-PORTSCAN-V-01,PortScan,PortScan,RF-v5,0.003150333057869539,0.00603988132387339,0.9908097856182583
3960,F-A1-PORTSCAN-V-01,PortScan,PortScan,RF-v5,0.003150333057869539,0.006077337496813229,0.9907723294453185
3961,F-A1-PORTSCAN-V-01,PortScan,PortScan,RF-v5,0.003150333057869539,0.006077337496813229,0.9907723294453185
3962,F-A1-PORTSCAN-V-01,PortScan,PortScan,RF-v5,0.003150333057869539,0.006077337496813229,0.9907723294453185
3963,F-A1-PORTSCAN-V-01,PortScan,PortScan,RF-v5,0.003150333057869539,0.00603988132387339,0.9908097856182583
3964,F-A1-PORTSCAN-V-01,PortScan,PortScan,RF-v5,0.003150333057869539,0.00603988132387339,0.9908097856182583
3965,F-A1-PORTSCAN-V-01,PortScan,PortScan,RF-v5,0.003150333057869539,0.006077337496813229,0.9907723294453185
3966,F-A1-PORTSCAN-V-01,PortScan,PortScan,RF-v5,0.0031173831870937837,0.011025379037612469,0.9858572377752948
3967,F-A1-PORTSCAN-V-01,PortScan,PortScan,RF-v5,0.003150333057869539,0.006077337496813229,0.9907723294453185
3968,F-A1-PORTSCAN-V-01,PortScan,PortScan,RF-v5,0.003150333057869539,0.006077337496813229,0.9907723294453185
3969,F-A1-PORTSCAN-V-01,PortScan,PortScan,RF-v5,0.003150333057869539,0.006077337496813229,0.9907723294453185
3970,F-A1-PORTSCAN-V-01,PortScan,PortScan,RF-v5,0.003150333057869539,0.006077337496813229,0.9907723294453185
3971,F-A1-PORTSCAN-V-01,PortScan,PortScan,RF-v5,0.003150333057869539,0.006077337496813229,0.9907723294453185
3972,F-A1-PORTSCAN-V-01,PortScan,PortScan,RF-v5,0.003150333057869539,0.006077337496813229,0.9907723294453185
3973,F-A1-PORTSCAN-V-01,PortScan,PortScan,RF-v5,0.003150333057869539,0.006077337496813229,0.9907723294453185
3974,F-A1-PORTSCAN-V-01,PortScan,PortScan,RF-v5,0.003150333057869539,0.006077337496813229,0.9907723294453185
3975,F-A1-PORTSCAN-V-01,PortScan,PortScan,RF-v5,0.003150333057869539,0.006077337496813229,0.9907723294453185
3976,F-A1-PORTSCAN-V-01,PortScan,PortScan,RF-v5,0.0031173831870937837,0.011025379037612469,0.9858572377752948
3977,F-A1-PORTSCAN-V-01,PortScan,PortScan,RF-v5,0.007352696610132838,0.01190626640962612,0.9807410369802422
3978,F-A1-PORTSCAN-V-01,PortScan,PortScan,RF-v5,0.003150333057869539,0.006077337496813229,0.9907723294453185
3979,F-A1-PORTSCAN-V-01,PortScan,PortScan,RF-v5,0.003150333057869539,0.006077337496813229,0.9907723294453185
3980,F-A1-PORTSCAN-V-01,PortScan,PortScan,RF-v5,0.003150333057869539,0.00603988132387339,0.9908097856182583
3981,F-A1-PORTSCAN-V-01,PortScan,PortScan,RF-v5,0.003150333057869539,0.006077337496813229,0.9907723294453185
3982,F-A1-PORTSCAN-V-01,PortScan,PortScan,RF-v5,0.007352696610132838,0.01190626640962612,0.9807410369802422
3983,F-A1-PORTSCAN-V-01,PortScan,PortScan,RF-v5,0.003150333057869539,0.006077337496813229,0.9907723294453185
3984,F-A1-PORTSCAN-V-01,PortScan,PortScan,RF-v5,0.003150333057869539,0.006077337496813229,0.9907723294453185
3985,F-A1-PORTSCAN-V-01,PortScan,PortScan,RF-v5,0.003150333057869539,0.006077337496813229,0.9907723294453185
3986,F-A1-PORTSCAN-V-01,PortScan,PortScan,RF-v5,0.003150333057869539,0.006077337496813229,0.9907723294453185
3987,F-A1-PORTSCAN-V-01,PortScan,PortScan,RF-v5,0.0031173831870937837,0.01190626640962612,0.9849763504032812
3988,F-A1-PORTSCAN-V-01,PortScan,PortScan,RF-v5,0.003150333057869539,0.006077337496813229,0.9907723294453185
3989,F-A1-PORTSCAN-V-01,PortScan,PortScan,RF-v5,0.003150333057869539,0.006077337496813229,0.9907723294453185
3990,F-A1-PORTSCAN-V-01,PortScan,PortScan,RF-v5,0.003150333057869539,0.006077337496813229,0.9907723294453185
3991,F-A1-PORTSCAN-V-01,PortScan,PortScan,RF-v5,0.003150333057869539,0.006077337496813229,0.9907723294453185
3992,F-A1-PORTSCAN-V-01,PortScan,PortScan,RF-v5,0.007352696610132838,0.01190626640962612,0.9807410369802422
3993,F-A1-PORTSCAN-V-01,PortScan,PortScan,RF-v5,0.003150333057869539,0.00603988132387339,0.9908097856182583
3994,F-A1-PORTSCAN-V-01,PortScan,PortScan,RF-v5,0.0031173831870937837,0.011025379037612469,0.9858572377752948
3995,F-A1-PORTSCAN-V-01,PortScan,PortScan,RF-v5,0.003150333057869539,0.006077337496813229,0.9907723294453185
3996,F-A1-PORTSCAN-V-01,PortScan,PortScan,RF-v5,0.007352696610132838,0.01190626640962612,0.9807410369802422
3997,F-A1-PORTSCAN-V-01,PortScan,PortScan,RF-v5,0.0031173831870937837,0.011025379037612469,0.9858572377752948
3998,F-A1-PORTSCAN-V-01,PortScan,PortScan,RF-v5,0.003150333057869539,0.006077337496813229,0.9907723294453185
3999,F-A1-PORTSCAN-V-02,PortScan,PortScan,RF-v5,0.0031173831870937837,0.01190626640962612,0.9849763504032812
4000,F-A1-PORTSCAN-V-02,PortScan,PortScan,RF-v5,0.0031173831870937837,0.011025379037612469,0.9858572377752948
4001,F-A1-PORTSCAN-V-02,PortScan,PortScan,RF-v5,0.007352696610132838,0.01190626640962612,0.9807410369802422
4002,F-A1-PORTSCAN-V-02,PortScan,PortScan,RF-v5,0.003150333057869539,0.006077337496813229,0.9907723294453185
4003,F-A1-PORTSCAN-V-02,PortScan,PortScan,RF-v5,0.0031173831870937837,0.01190626640962612,0.9849763504032812
4004,F-A1-PORTSCAN-V-02,PortScan,PortScan,RF-v5,0.003150333057869539,0.006077337496813229,0.9907723294453185
4005,F-A1-PORTSCAN-V-02,PortScan,PortScan,RF-v5,0.0031173831870937837,0.011025379037612469,0.9858572377752948
4006,F-A1-PORTSCAN-V-02,PortScan,PortScan,RF-v5,0.007352696610132838,0.01190626640962612,0.9807410369802422
4007,F-A1-PORTSCAN-V-02,PortScan,PortScan,RF-v5,0.003150333057869539,0.006077337496813229,0.9907723294453185
4008,F-A1-PORTSCAN-V-02,PortScan,PortScan,RF-v5,0.003150333057869539,0.006077337496813229,0.9907723294453185
4009,F-A1-PORTSCAN-V-02,PortScan,PortScan,RF-v5,0.007352696610132838,0.01190626640962612,0.9807410369802422
4010,F-A1-PORTSCAN-V-02,PortScan,PortScan,RF-v5,0.0031173831870937837,0.011025379037612469,0.9858572377752948
4011,F-A1-PORTSCAN-V-02,PortScan,PortScan,RF-v5,0.003150333057869539,0.006077337496813229,0.9907723294453185
4012,F-A1-PORTSCAN-V-02,PortScan,PortScan,RF-v5,0.003150333057869539,0.006077337496813229,0.9907723294453185
4013,F-A1-PORTSCAN-V-02,PortScan,PortScan,RF-v5,0.0031173831870937837,0.011025379037612469,0.9858572377752948
4014,F-A1-PORTSCAN-V-02,PortScan,PortScan,RF-v5,0.003150333057869539,0.006077337496813229,0.9907723294453185
4015,F-A1-PORTSCAN-V-02,PortScan,PortScan,RF-v5,0.0031173831870937837,0.01190626640962612,0.9849763504032812
4016,F-A1-PORTSCAN-V-02,PortScan,PortScan,RF-v5,0.0031173831870937837,0.011025379037612469,0.9858572377752948
4017,F-A1-PORTSCAN-V-02,PortScan,PortScan,RF-v5,0.0031173831870937837,0.01190626640962612,0.9849763504032812
4018,F-A1-PORTSCAN-V-02,PortScan,PortScan,RF-v5,0.0029738601050267365,0.005947894303711483,0.991078245591263
4019,F-A1-PORTSCAN-V-02,PortScan,PortScan,RF-v5,0.0031173831870937837,0.01190626640962612,0.9849763504032812
4020,F-A1-PORTSCAN-V-02,PortScan,PortScan,RF-v5,0.003150333057869539,0.006077337496813229,0.9907723294453185
4021,F-A1-PORTSCAN-V-02,PortScan,PortScan,RF-v5,0.003150333057869539,0.006077337496813229,0.9907723294453185
4022,F-A1-PORTSCAN-V-02,PortScan,PortScan,RF-v5,0.003150333057869539,0.006077337496813229,0.9907723294453185
4023,F-A1-PORTSCAN-V-02,PortScan,PortScan,RF-v5,0.005612143572681964,0.006482568294333889,0.9879052881329854
4024,F-A1-PORTSCAN-V-02,PortScan,PortScan,RF-v5,0.0031173831870937837,0.011025379037612469,0.9858572377752948
4025,F-A1-PORTSCAN-V-02,PortScan,PortScan,RF-v5,0.0031173831870937837,0.011025379037612469,0.9858572377752948
4026,F-A1-PORTSCAN-V-02,PortScan,PortScan,RF-v5,0.003150333057869539,0.006077337496813229,0.9907723294453185
4027,F-A1-PORTSCAN-V-02,PortScan,PortScan,RF-v5,0.003150333057869539,0.006077337496813229,0.9907723294453185
4028,F-A1-PORTSCAN-V-02,PortScan,PortScan,RF-v5,0.0031173831870937837,0.011025379037612469,0.9858572377752948
4029,F-A1-PORTSCAN-V-02,PortScan,PortScan,RF-v5,0.003150333057869539,0.006077337496813229,0.9907723294453185
4030,F-A1-PORTSCAN-V-02,PortScan,PortScan,RF-v5,0.0031173831870937837,0.01190626640962612,0.9849763504032812
4031,F-A1-PORTSCAN-V-02,PortScan,PortScan,RF-v5,0.003150333057869539,0.006077337496813229,0.9907723294453185
4032,F-A1-PORTSCAN-V-02,PortScan,PortScan,RF-v5,0.007352696610132838,0.01190626640962612,0.9807410369802422
4033,F-A1-PORTSCAN-V-02,PortScan,PortScan,RF-v5,0.003150333057869539,0.006077337496813229,0.9907723294453185
4034,F-A1-PORTSCAN-V-02,PortScan,PortScan,RF-v5,0.003150333057869539,0.006077337496813229,0.9907723294453185
4035,F-A1-PORTSCAN-V-02,PortScan,PortScan,RF-v5,0.0031173831870937837,0.011025379037612469,0.9858572377752948
4036,F-A1-PORTSCAN-V-02,PortScan,PortScan,RF-v5,0.007352696610132838,0.01190626640962612,0.9807410369802422
4037,F-A1-PORTSCAN-V-02,PortScan,PortScan,RF-v5,0.003150333057869539,0.006077337496813229,0.9907723294453185
4038,F-A1-PORTSCAN-V-02,PortScan,PortScan,RF-v5,0.0031173831870937837,0.011025379037612469,0.9858572377752948
4039,F-A1-PORTSCAN-V-02,PortScan,PortScan,RF-v5,0.003150333057869539,0.006077337496813229,0.9907723294453185
4040,F-A1-PORTSCAN-V-02,PortScan,PortScan,RF-v5,0.003150333057869539,0.006077337496813229,0.9907723294453185
4041,F-A1-PORTSCAN-V-02,PortScan,PortScan,RF-v5,0.003150333057869539,0.006077337496813229,0.9907723294453185
4042,F-A1-PORTSCAN-V-02,PortScan,PortScan,RF-v5,0.003150333057869539,0.006077337496813229,0.9907723294453185
4043,F-A1-PORTSCAN-V-02,PortScan,PortScan,RF-v5,0.003150333057869539,0.006077337496813229,0.9907723294453185
4044,F-A1-PORTSCAN-V-02,PortScan,PortScan,RF-v5,0.0031173831870937837,0.011025379037612469,0.9858572377752948
4045,F-A1-PORTSCAN-V-02,PortScan,PortScan,RF-v5,0.0031173831870937837,0.01190626640962612,0.9849763504032812
4046,F-A1-PORTSCAN-V-02,PortScan,PortScan,RF-v5,0.0031173831870937837,0.01190626640962612,0.9849763504032812
4047,F-A1-PORTSCAN-V-02,PortScan,PortScan,RF-v5,0.0031173831870937837,0.01190626640962612,0.9849763504032812
4048,F-A1-PORTSCAN-V-02,PortScan,PortScan,RF-v5,0.007352696610132838,0.01190626640962612,0.9807410369802422
4049,F-A1-PORTSCAN-V-02,PortScan,PortScan,RF-v5,0.0031173831870937837,0.01190626640962612,0.9849763504032812
4050,F-A1-PORTSCAN-V-02,PortScan,PortScan,RF-v5,0.003150333057869539,0.006077337496813229,0.9907723294453185
4051,F-A1-PORTSCAN-V-02,PortScan,PortScan,RF-v5,0.007352696610132838,0.01190626640962612,0.9807410369802422
4052,F-A1-PORTSCAN-V-02,PortScan,PortScan,RF-v5,0.007352696610132838,0.01190626640962612,0.9807410369802422
4053,F-A1-PORTSCAN-V-02,PortScan,PortScan,RF-v5,0.007352696610132838,0.01190626640962612,0.9807410369802422
4054,F-A1-PORTSCAN-V-02,PortScan,PortScan,RF-v5,0.0031173831870937837,0.011025379037612469,0.9858572377752948
4055,F-A1-PORTSCAN-V-02,PortScan,PortScan,RF-v5,0.0031173831870937837,0.011025379037612469,0.9858572377752948
4056,F-A1-PORTSCAN-V-02,PortScan,PortScan,RF-v5,0.003150333057869539,0.006077337496813229,0.9907723294453185
4057,F-A1-PORTSCAN-V-02,PortScan,PortScan,RF-v5,0.007352696610132838,0.01190626640962612,0.9807410369802422
4058,F-A1-PORTSCAN-V-02,PortScan,PortScan,RF-v5,0.003150333057869539,0.006077337496813229,0.9907723294453185
4059,F-A1-PORTSCAN-V-02,PortScan,PortScan,RF-v5,0.0031173831870937837,0.011025379037612469,0.9858572377752948
4060,F-A1-PORTSCAN-V-02,PortScan,PortScan,RF-v5,0.003150333057869539,0.006077337496813229,0.9907723294453185
4061,F-A1-PORTSCAN-V-02,PortScan,PortScan,RF-v5,0.0031173831870937837,0.011025379037612469,0.9858572377752948
4062,F-A1-PORTSCAN-V-02,PortScan,PortScan,RF-v5,0.003150333057869539,0.006077337496813229,0.9907723294453185
4063,F-A1-PORTSCAN-V-02,PortScan,PortScan,RF-v5,0.0031173831870937837,0.011025379037612469,0.9858572377752948
4064,F-A1-PORTSCAN-V-02,PortScan,PortScan,RF-v5,0.003150333057869539,0.006077337496813229,0.9907723294453185
4065,F-A1-PORTSCAN-V-02,PortScan,PortScan,RF-v5,0.0031173831870937837,0.011025379037612469,0.9858572377752948
4066,F-A1-PORTSCAN-V-02,PortScan,PortScan,RF-v5,0.0031173831870937837,0.01190626640962612,0.9849763504032812
4067,F-A1-PORTSCAN-V-02,PortScan,PortScan,RF-v5,0.007352696610132838,0.01190626640962612,0.9807410369802422
4068,F-A1-PORTSCAN-V-02,PortScan,PortScan,RF-v5,0.0029738601050267365,0.005947894303711483,0.991078245591263
4069,F-A1-PORTSCAN-V-02,PortScan,PortScan,RF-v5,0.0031173831870937837,0.01190626640962612,0.9849763504032812
4070,F-A1-PORTSCAN-V-02,PortScan,PortScan,RF-v5,0.003150333057869539,0.006077337496813229,0.9907723294453185
4071,F-A1-PORTSCAN-V-02,PortScan,PortScan,RF-v5,0.0031173831870937837,0.01190626640962612,0.9849763504032812
4072,F-A1-PORTSCAN-V-02,PortScan,PortScan,RF-v5,0.003150333057869539,0.006077337496813229,0.9907723294453185
4073,F-A1-PORTSCAN-V-02,PortScan,PortScan,RF-v5,0.0029738601050267365,0.005947894303711483,0.991078245591263
4074,F-A1-PORTSCAN-V-02,PortScan,PortScan,RF-v5,0.0031173831870937837,0.01190626640962612,0.9849763504032812
4075,F-A1-PORTSCAN-V-02,PortScan,PortScan,RF-v5,0.0031173831870937837,0.01190626640962612,0.9849763504032812
4076,F-A1-PORTSCAN-V-02,PortScan,PortScan,RF-v5,0.0031173831870937837,0.011025379037612469,0.9858572377752948
4077,F-A1-PORTSCAN-V-02,PortScan,PortScan,RF-v5,0.0031173831870937837,0.011025379037612469,0.9858572377752948
4078,F-A1-PORTSCAN-V-02,PortScan,PortScan,RF-v5,0.0031173831870937837,0.01190626640962612,0.9849763504032812
4079,F-A1-PORTSCAN-V-02,PortScan,PortScan,RF-v5,0.007352696610132838,0.01190626640962612,0.9807410369802422
4080,F-A1-PORTSCAN-V-02,PortScan,PortScan,RF-v5,0.0031173831870937837,0.01190626640962612,0.9849763504032812
4081,F-A1-PORTSCAN-V-02,PortScan,PortScan,RF-v5,0.003150333057869539,0.006077337496813229,0.9907723294453185
4082,F-A1-PORTSCAN-V-02,PortScan,PortScan,RF-v5,0.005445017986967171,0.006482568294333889,0.9880724137187
4083,F-A1-PORTSCAN-V-02,PortScan,PortScan,RF-v5,0.003150333057869539,0.006077337496813229,0.9907723294453185
4084,F-A1-PORTSCAN-V-02,PortScan,PortScan,RF-v5,0.0031173831870937837,0.011025379037612469,0.9858572377752948
4085,F-A1-PORTSCAN-V-02,PortScan,PortScan,RF-v5,0.007352696610132838,0.01190626640962612,0.9807410369802422
4086,F-A1-PORTSCAN-V-02,PortScan,PortScan,RF-v5,0.0031173831870937837,0.011025379037612469,0.9858572377752948
4087,F-A1-PORTSCAN-V-02,PortScan,PortScan,RF-v5,0.003150333057869539,0.006077337496813229,0.9907723294453185
4088,F-A1-PORTSCAN-V-02,PortScan,PortScan,RF-v5,0.003150333057869539,0.006077337496813229,0.9907723294453185
4089,F-A1-PORTSCAN-V-02,PortScan,PortScan,RF-v5,0.0031173831870937837,0.01190626640962612,0.9849763504032812
4090,F-A1-PORTSCAN-V-02,PortScan,PortScan,RF-v5,0.003150333057869539,0.006077337496813229,0.9907723294453185
4091,F-A1-PORTSCAN-V-02,PortScan,PortScan,RF-v5,0.0031173831870937837,0.011025379037612469,0.9858572377752948
4092,F-A1-PORTSCAN-V-02,PortScan,PortScan,RF-v5,0.003150333057869539,0.006077337496813229,0.9907723294453185
4093,F-A1-PORTSCAN-V-02,PortScan,PortScan,RF-v5,0.007352696610132838,0.01190626640962612,0.9807410369802422
4094,F-A1-PORTSCAN-V-02,PortScan,PortScan,RF-v5,0.0031173831870937837,0.01190626640962612,0.9849763504032812
4095,F-A1-PORTSCAN-V-02,PortScan,PortScan,RF-v5,0.0031173831870937837,0.011025379037612469,0.9858572377752948
4096,F-A1-PORTSCAN-V-02,PortScan,PortScan,RF-v5,0.0031173831870937837,0.01190626640962612,0.9849763504032812
4097,F-A1-PORTSCAN-V-02,PortScan,PortScan,RF-v5,0.0031173831870937837,0.01190626640962612,0.9849763504032812
4098,F-A1-PORTSCAN-V-02,PortScan,PortScan,RF-v5,0.0031173831870937837,0.011025379037612469,0.9858572377752948
4099,F-A1-PORTSCAN-V-02,PortScan,PortScan,RF-v5,0.003150333057869539,0.006077337496813229,0.9907723294453185
4100,F-A1-PORTSCAN-V-02,PortScan,PortScan,RF-v5,0.0031173831870937837,0.011025379037612469,0.9858572377752948
4101,F-A1-PORTSCAN-V-02,PortScan,PortScan,RF-v5,0.01484273399853882,0.01190626640962612,0.9732509995918361
4102,F-A1-PORTSCAN-V-02,PortScan,PortScan,RF-v5,0.0031173831870937837,0.01190626640962612,0.9849763504032812
4103,F-A1-PORTSCAN-V-02,PortScan,PortScan,RF-v5,0.0031173831870937837,0.011025379037612469,0.9858572377752948
4104,F-A1-PORTSCAN-V-02,PortScan,PortScan,RF-v5,0.0031173831870937837,0.011025379037612469,0.9858572377752948
4105,F-A1-PORTSCAN-V-02,PortScan,PortScan,RF-v5,0.003150333057869539,0.006077337496813229,0.9907723294453185
4106,F-A1-PORTSCAN-V-02,PortScan,PortScan,RF-v5,0.003150333057869539,0.006077337496813229,0.9907723294453185
4107,F-A1-PORTSCAN-V-02,PortScan,PortScan,RF-v5,0.0031173831870937837,0.011025379037612469,0.9858572377752948
4108,F-A1-PORTSCAN-V-02,PortScan,PortScan,RF-v5,0.003150333057869539,0.006077337496813229,0.9907723294453185
4109,F-A1-PORTSCAN-V-02,PortScan,PortScan,RF-v5,0.0031173831870937837,0.011025379037612469,0.9858572377752948
4110,F-A1-PORTSCAN-V-02,PortScan,PortScan,RF-v5,0.0031173831870937837,0.011025379037612469,0.9858572377752948
4111,F-A1-PORTSCAN-V-02,PortScan,PortScan,RF-v5,0.003150333057869539,0.006077337496813229,0.9907723294453185
4112,F-A1-PORTSCAN-V-02,PortScan,PortScan,RF-v5,0.0031173831870937837,0.01190626640962612,0.9849763504032812
4113,F-A1-PORTSCAN-V-02,PortScan,PortScan,RF-v5,0.007352696610132838,0.01190626640962612,0.9807410369802422
4114,F-A1-PORTSCAN-V-02,PortScan,PortScan,RF-v5,0.0031173831870937837,0.01190626640962612,0.9849763504032812
4115,F-A1-PORTSCAN-V-02,PortScan,PortScan,RF-v5,0.007352696610132838,0.01190626640962612,0.9807410369802422
4116,F-A1-PORTSCAN-V-02,PortScan,PortScan,RF-v5,0.005445017986967171,0.006482568294333889,0.9880724137187
4117,F-A1-PORTSCAN-V-02,PortScan,PortScan,RF-v5,0.0031173831870937837,0.01190626640962612,0.9849763504032812
4118,F-A1-PORTSCAN-V-02,PortScan,PortScan,RF-v5,0.007352696610132838,0.01190626640962612,0.9807410369802422
4119,F-A1-PORTSCAN-V-02,PortScan,PortScan,RF-v5,0.0031173831870937837,0.011025379037612469,0.9858572377752948
4120,F-A1-PORTSCAN-V-02,PortScan,PortScan,RF-v5,0.0031173831870937837,0.011025379037612469,0.9858572377752948
4121,F-A1-PORTSCAN-V-02,PortScan,PortScan,RF-v5,0.007352696610132838,0.01190626640962612,0.9807410369802422
4122,F-A1-PORTSCAN-V-02,PortScan,PortScan,RF-v5,0.003150333057869539,0.006077337496813229,0.9907723294453185
4123,F-A1-PORTSCAN-V-02,PortScan,PortScan,RF-v5,0.007352696610132838,0.01190626640962612,0.9807410369802422
4124,F-A1-PORTSCAN-V-02,PortScan,PortScan,RF-v5,0.0031173831870937837,0.01190626640962612,0.9849763504032812
4125,F-A1-PORTSCAN-V-02,PortScan,PortScan,RF-v5,0.0031173831870937837,0.011025379037612469,0.9858572377752948
4126,F-A1-PORTSCAN-V-02,PortScan,PortScan,RF-v5,0.0031173831870937837,0.011025379037612469,0.9858572377752948
4127,F-A1-PORTSCAN-V-02,PortScan,PortScan,RF-v5,0.0031173831870937837,0.011025379037612469,0.9858572377752948
4128,F-A1-PORTSCAN-V-02,PortScan,PortScan,RF-v5,0.007352696610132838,0.01190626640962612,0.9807410369802422
4129,F-A1-PORTSCAN-V-02,PortScan,PortScan,RF-v5,0.0031173831870937837,0.01190626640962612,0.9849763504032812
4130,F-A1-PORTSCAN-V-02,PortScan,PortScan,RF-v5,0.007352696610132838,0.01190626640962612,0.9807410369802422
4131,F-A1-PORTSCAN-V-02,PortScan,PortScan,RF-v5,0.003150333057869539,0.006077337496813229,0.9907723294453185
4132,F-A1-PORTSCAN-V-02,PortScan,PortScan,RF-v5,0.0031173831870937837,0.011025379037612469,0.9858572377752948
4133,F-A1-PORTSCAN-V-02,PortScan,PortScan,RF-v5,0.003150333057869539,0.006077337496813229,0.9907723294453185
4134,F-A1-PORTSCAN-V-02,PortScan,PortScan,RF-v5,0.0031173831870937837,0.01190626640962612,0.9849763504032812
4135,F-A1-PORTSCAN-V-02,PortScan,PortScan,RF-v5,0.003150333057869539,0.006077337496813229,0.9907723294453185
4136,F-A1-PORTSCAN-V-02,PortScan,PortScan,RF-v5,0.007352696610132838,0.01190626640962612,0.9807410369802422
4137,F-A1-PORTSCAN-V-02,PortScan,PortScan,RF-v5,0.0031173831870937837,0.01190626640962612,0.9849763504032812
4138,F-A1-PORTSCAN-V-02,PortScan,PortScan,RF-v5,0.0031173831870937837,0.011025379037612469,0.9858572377752948
4139,F-A1-PORTSCAN-V-02,PortScan,PortScan,RF-v5,0.0031173831870937837,0.01190626640962612,0.9849763504032812
4140,F-A1-PORTSCAN-V-02,PortScan,PortScan,RF-v5,0.0031173831870937837,0.011025379037612469,0.9858572377752948
4141,F-A1-PORTSCAN-V-02,PortScan,PortScan,RF-v5,0.003150333057869539,0.006077337496813229,0.9907723294453185
4142,F-A1-PORTSCAN-V-02,PortScan,PortScan,RF-v5,0.003150333057869539,0.006077337496813229,0.9907723294453185
4143,F-A1-PORTSCAN-V-02,PortScan,PortScan,RF-v5,0.0031173831870937837,0.01190626640962612,0.9849763504032812
4144,F-A1-PORTSCAN-V-02,PortScan,PortScan,RF-v5,0.0031173831870937837,0.011025379037612469,0.9858572377752948
4145,F-A1-PORTSCAN-V-02,PortScan,PortScan,RF-v5,0.0031173831870937837,0.01190626640962612,0.9849763504032812
4146,F-A1-PORTSCAN-V-02,PortScan,PortScan,RF-v5,0.007352696610132838,0.01190626640962612,0.9807410369802422
4147,F-A1-PORTSCAN-V-02,PortScan,PortScan,RF-v5,0.003150333057869539,0.006077337496813229,0.9907723294453185
4148,F-A1-PORTSCAN-V-02,PortScan,PortScan,RF-v5,0.0031173831870937837,0.011025379037612469,0.9858572377752948
4149,F-A1-PORTSCAN-V-02,PortScan,PortScan,RF-v5,0.0031173831870937837,0.01190626640962612,0.9849763504032812
4150,F-A1-PORTSCAN-V-02,PortScan,PortScan,RF-v5,0.003150333057869539,0.006077337496813229,0.9907723294453185
4151,F-A1-PORTSCAN-V-02,PortScan,PortScan,RF-v5,0.0031173831870937837,0.011025379037612469,0.9858572377752948
4152,F-A1-PORTSCAN-V-02,PortScan,PortScan,RF-v5,0.003150333057869539,0.006077337496813229,0.9907723294453185
4153,F-A1-PORTSCAN-V-02,PortScan,PortScan,RF-v5,0.0031173831870937837,0.01190626640962612,0.9849763504032812
4154,F-A1-PORTSCAN-V-02,PortScan,PortScan,RF-v5,0.0031173831870937837,0.011025379037612469,0.9858572377752948
4155,F-A1-PORTSCAN-V-02,PortScan,PortScan,RF-v5,0.0031173831870937837,0.01190626640962612,0.9849763504032812
4156,F-A1-PORTSCAN-V-02,PortScan,PortScan,RF-v5,0.003150333057869539,0.006077337496813229,0.9907723294453185
4157,F-A1-PORTSCAN-V-02,PortScan,PortScan,RF-v5,0.0031173831870937837,0.01190626640962612,0.9849763504032812
4158,F-A1-PORTSCAN-V-02,PortScan,PortScan,RF-v5,0.007352696610132838,0.01190626640962612,0.9807410369802422
4159,F-A1-PORTSCAN-V-02,PortScan,PortScan,RF-v5,0.003150333057869539,0.006077337496813229,0.9907723294453185
4160,F-A1-PORTSCAN-V-02,PortScan,PortScan,RF-v5,0.003150333057869539,0.006077337496813229,0.9907723294453185
4161,F-A1-PORTSCAN-V-02,PortScan,PortScan,RF-v5,0.0031173831870937837,0.011025379037612469,0.9858572377752948
4162,F-A1-PORTSCAN-V-02,PortScan,PortScan,RF-v5,0.007352696610132838,0.01190626640962612,0.9807410369802422
4163,F-A1-PORTSCAN-V-02,PortScan,PortScan,RF-v5,0.003150333057869539,0.006077337496813229,0.9907723294453185
4164,F-A1-PORTSCAN-V-02,PortScan,PortScan,RF-v5,0.003150333057869539,0.006077337496813229,0.9907723294453185
4165,F-A1-PORTSCAN-V-02,PortScan,PortScan,RF-v5,0.003150333057869539,0.006077337496813229,0.9907723294453185
4166,F-A1-PORTSCAN-V-02,PortScan,PortScan,RF-v5,0.0031173831870937837,0.011025379037612469,0.9858572377752948
4167,F-A1-PORTSCAN-V-02,PortScan,PortScan,RF-v5,0.007352696610132838,0.01190626640962612,0.9807410369802422
4168,F-A1-PORTSCAN-V-02,PortScan,PortScan,RF-v5,0.007352696610132838,0.01190626640962612,0.9807410369802422
4169,F-A1-PORTSCAN-V-02,PortScan,PortScan,RF-v5,0.003150333057869539,0.006077337496813229,0.9907723294453185
4170,F-A1-PORTSCAN-V-02,PortScan,PortScan,RF-v5,0.0031173831870937837,0.01190626640962612,0.9849763504032812
4171,F-A1-PORTSCAN-V-02,PortScan,PortScan,RF-v5,0.0031173831870937837,0.01190626640962612,0.9849763504032812
4172,F-A1-PORTSCAN-V-02,PortScan,PortScan,RF-v5,0.0031173831870937837,0.011025379037612469,0.9858572377752948
4173,F-A1-PORTSCAN-V-02,PortScan,PortScan,RF-v5,0.003150333057869539,0.006077337496813229,0.9907723294453185
4174,F-A1-PORTSCAN-V-02,PortScan,PortScan,RF-v5,0.0031173831870937837,0.01190626640962612,0.9849763504032812
4175,F-A1-PORTSCAN-V-02,PortScan,PortScan,RF-v5,0.003150333057869539,0.006077337496813229,0.9907723294453185
4176,F-A1-PORTSCAN-V-02,PortScan,PortScan,RF-v5,0.0031173831870937837,0.01190626640962612,0.9849763504032812
4177,F-A1-PORTSCAN-V-02,PortScan,PortScan,RF-v5,0.0031173831870937837,0.01190626640962612,0.9849763504032812
4178,F-A1-PORTSCAN-V-02,PortScan,PortScan,RF-v5,0.0031173831870937837,0.011025379037612469,0.9858572377752948
4179,F-A1-PORTSCAN-V-02,PortScan,PortScan,RF-v5,0.003150333057869539,0.006077337496813229,0.9907723294453185
4180,F-A1-PORTSCAN-V-02,PortScan,PortScan,RF-v5,0.0031173831870937837,0.01190626640962612,0.9849763504032812
4181,F-A1-PORTSCAN-V-02,PortScan,PortScan,RF-v5,0.003150333057869539,0.006077337496813229,0.9907723294453185
4182,F-A1-PORTSCAN-V-02,PortScan,PortScan,RF-v5,0.003150333057869539,0.006077337496813229,0.9907723294453185
4183,F-A1-PORTSCAN-V-02,PortScan,PortScan,RF-v5,0.003150333057869539,0.006077337496813229,0.9907723294453185
4184,F-A1-PORTSCAN-V-02,PortScan,PortScan,RF-v5,0.0031173831870937837,0.011025379037612469,0.9858572377752948
4185,F-A1-PORTSCAN-V-02,PortScan,PortScan,RF-v5,0.0031173831870937837,0.011025379037612469,0.9858572377752948
4186,F-A1-PORTSCAN-V-02,PortScan,PortScan,RF-v5,0.0031173831870937837,0.011025379037612469,0.9858572377752948
4187,F-A1-PORTSCAN-V-02,PortScan,PortScan,RF-v5,0.0031173831870937837,0.011025379037612469,0.9858572377752948
4188,F-A1-PORTSCAN-V-02,PortScan,PortScan,RF-v5,0.003150333057869539,0.006077337496813229,0.9907723294453185
4189,F-A1-PORTSCAN-V-02,PortScan,PortScan,RF-v5,0.003150333057869539,0.006077337496813229,0.9907723294453185
4190,F-A1-PORTSCAN-V-02,PortScan,PortScan,RF-v5,0.0031173831870937837,0.011025379037612469,0.9858572377752948
4191,F-A1-PORTSCAN-V-02,PortScan,PortScan,RF-v5,0.003150333057869539,0.006077337496813229,0.9907723294453185
4192,F-A1-PORTSCAN-V-02,PortScan,PortScan,RF-v5,0.0031173831870937837,0.01190626640962612,0.9849763504032812
4193,F-A1-PORTSCAN-V-02,PortScan,PortScan,RF-v5,0.0031173831870937837,0.011025379037612469,0.9858572377752948
4194,F-A1-PORTSCAN-V-02,PortScan,PortScan,RF-v5,0.0031173831870937837,0.01190626640962612,0.9849763504032812
4195,F-A1-PORTSCAN-V-02,PortScan,PortScan,RF-v5,0.0031173831870937837,0.011025379037612469,0.9858572377752948
4196,F-A1-PORTSCAN-V-02,PortScan,PortScan,RF-v5,0.0031173831870937837,0.01190626640962612,0.9849763504032812
4197,F-A1-PORTSCAN-V-02,PortScan,PortScan,RF-v5,0.0029738601050267365,0.005947894303711483,0.991078245591263
4198,F-A1-PORTSCAN-V-02,PortScan,PortScan,RF-v5,0.0031173831870937837,0.01190626640962612,0.9849763504032812
4199,F-A1-PORTSCAN-V-02,PortScan,PortScan,RF-v5,0.003150333057869539,0.006077337496813229,0.9907723294453185
4200,F-A1-PORTSCAN-V-02,PortScan,PortScan,RF-v5,0.003150333057869539,0.006077337496813229,0.9907723294453185
4201,F-A1-PORTSCAN-V-02,PortScan,PortScan,RF-v5,0.0031173831870937837,0.01190626640962612,0.9849763504032812
4202,F-A1-PORTSCAN-V-02,PortScan,PortScan,RF-v5,0.0031173831870937837,0.01190626640962612,0.9849763504032812
4203,F-A1-PORTSCAN-V-02,PortScan,PortScan,RF-v5,0.0031173831870937837,0.01190626640962612,0.9849763504032812
4204,F-A1-PORTSCAN-V-02,PortScan,PortScan,RF-v5,0.0031173831870937837,0.011025379037612469,0.9858572377752948
4205,F-A1-PORTSCAN-V-02,PortScan,PortScan,RF-v5,0.003150333057869539,0.006077337496813229,0.9907723294453185
4206,F-A1-PORTSCAN-V-02,PortScan,PortScan,RF-v5,0.005445017986967171,0.006482568294333889,0.9880724137187
4207,F-A1-PORTSCAN-V-02,PortScan,PortScan,RF-v5,0.0029738601050267365,0.005947894303711483,0.991078245591263
4208,F-A1-PORTSCAN-V-02,PortScan,PortScan,RF-v5,0.0031173831870937837,0.011025379037612469,0.9858572377752948
4209,F-A1-PORTSCAN-V-02,PortScan,PortScan,RF-v5,0.007352696610132838,0.01190626640962612,0.9807410369802422
4210,F-A1-PORTSCAN-V-02,PortScan,PortScan,RF-v5,0.003150333057869539,0.006077337496813229,0.9907723294453185
4211,F-A1-PORTSCAN-V-02,PortScan,PortScan,RF-v5,0.003150333057869539,0.006077337496813229,0.9907723294453185
4212,F-A1-PORTSCAN-V-02,PortScan,PortScan,RF-v5,0.0031173831870937837,0.01190626640962612,0.9849763504032812
4213,F-A1-PORTSCAN-V-02,PortScan,PortScan,RF-v5,0.003150333057869539,0.006077337496813229,0.9907723294453185
4214,F-A1-PORTSCAN-V-02,PortScan,PortScan,RF-v5,0.0031173831870937837,0.011025379037612469,0.9858572377752948
4215,F-A1-PORTSCAN-V-02,PortScan,PortScan,RF-v5,0.003150333057869539,0.006077337496813229,0.9907723294453185
4216,F-A1-PORTSCAN-V-02,PortScan,PortScan,RF-v5,0.007352696610132838,0.01190626640962612,0.9807410369802422
4217,F-A1-PORTSCAN-V-02,PortScan,PortScan,RF-v5,0.003150333057869539,0.006077337496813229,0.9907723294453185
4218,F-A1-PORTSCAN-V-02,PortScan,PortScan,RF-v5,0.0029738601050267365,0.005947894303711483,0.991078245591263
4219,F-A1-PORTSCAN-V-02,PortScan,PortScan,RF-v5,0.003150333057869539,0.006077337496813229,0.9907723294453185
4220,F-A1-PORTSCAN-V-02,PortScan,PortScan,RF-v5,0.005445017986967171,0.006482568294333889,0.9880724137187
4221,F-A1-PORTSCAN-V-02,PortScan,PortScan,RF-v5,0.003150333057869539,0.006077337496813229,0.9907723294453185
4222,F-A1-PORTSCAN-V-02,PortScan,PortScan,RF-v5,0.007352696610132838,0.01190626640962612,0.9807410369802422
4223,F-A1-PORTSCAN-V-02,PortScan,PortScan,RF-v5,0.003150333057869539,0.006077337496813229,0.9907723294453185
4224,F-A1-PORTSCAN-V-02,PortScan,PortScan,RF-v5,0.0031173831870937837,0.01190626640962612,0.9849763504032812
4225,F-A1-PORTSCAN-V-02,PortScan,PortScan,RF-v5,0.0031173831870937837,0.01190626640962612,0.9849763504032812
4226,F-A1-PORTSCAN-V-02,PortScan,PortScan,RF-v5,0.0031173831870937837,0.01190626640962612,0.9849763504032812
4227,F-A1-PORTSCAN-V-02,PortScan,PortScan,RF-v5,0.0031173831870937837,0.01190626640962612,0.9849763504032812
4228,F-A1-PORTSCAN-V-02,PortScan,PortScan,RF-v5,0.003150333057869539,0.006077337496813229,0.9907723294453185
4229,F-A1-PORTSCAN-V-02,PortScan,PortScan,RF-v5,0.005445017986967171,0.006482568294333889,0.9880724137187
4230,F-A1-PORTSCAN-V-02,PortScan,PortScan,RF-v5,0.0031173831870937837,0.011025379037612469,0.9858572377752948
4231,F-A1-PORTSCAN-V-02,PortScan,PortScan,RF-v5,0.007352696610132838,0.01190626640962612,0.9807410369802422
4232,F-A1-PORTSCAN-V-02,PortScan,PortScan,RF-v5,0.003194338180644271,0.009174012094615188,0.9876316497247416
4233,F-A1-PORTSCAN-V-02,PortScan,PortScan,RF-v5,0.0031173831870937837,0.01190626640962612,0.9849763504032812
4234,F-A1-PORTSCAN-V-02,PortScan,PortScan,RF-v5,0.0031173831870937837,0.01190626640962612,0.9849763504032812
4235,F-A1-PORTSCAN-V-02,PortScan,PortScan,RF-v5,0.0031173831870937837,0.011025379037612469,0.9858572377752948
4236,F-A1-PORTSCAN-V-02,PortScan,PortScan,RF-v5,0.0031173831870937837,0.01190626640962612,0.9849763504032812
4237,F-A1-PORTSCAN-V-02,PortScan,PortScan,RF-v5,0.0031173831870937837,0.01190626640962612,0.9849763504032812
4238,F-A1-PORTSCAN-V-02,PortScan,PortScan,RF-v5,0.0031173831870937837,0.01190626640962612,0.9849763504032812
4239,F-A1-PORTSCAN-V-02,PortScan,PortScan,RF-v5,0.0031173831870937837,0.01190626640962612,0.9849763504032812
4240,F-A1-PORTSCAN-V-02,PortScan,PortScan,RF-v5,0.007352696610132838,0.01190626640962612,0.9807410369802422
4241,F-A1-PORTSCAN-V-02,PortScan,PortScan,RF-v5,0.0031173831870937837,0.011025379037612469,0.9858572377752948
4242,F-A1-PORTSCAN-V-02,PortScan,PortScan,RF-v5,0.005445017986967171,0.006482568294333889,0.9880724137187
4243,F-A1-PORTSCAN-V-02,PortScan,PortScan,RF-v5,0.003150333057869539,0.006077337496813229,0.9907723294453185
4244,F-A1-PORTSCAN-V-02,PortScan,PortScan,RF-v5,0.003150333057869539,0.006077337496813229,0.9907723294453185
4245,F-A1-PORTSCAN-V-02,PortScan,PortScan,RF-v5,0.0031173831870937837,0.01190626640962612,0.9849763504032812
4246,F-A1-PORTSCAN-V-02,PortScan,PortScan,RF-v5,0.007352696610132838,0.01190626640962612,0.9807410369802422
4247,F-A1-PORTSCAN-V-02,PortScan,PortScan,RF-v5,0.0029738601050267365,0.005947894303711483,0.991078245591263
4248,F-A1-PORTSCAN-V-02,PortScan,PortScan,RF-v5,0.0031173831870937837,0.01190626640962612,0.9849763504032812
4249,F-A1-PORTSCAN-V-02,PortScan,PortScan,RF-v5,0.003150333057869539,0.006077337496813229,0.9907723294453185
4250,F-A1-PORTSCAN-V-02,PortScan,PortScan,RF-v5,0.003150333057869539,0.006077337496813229,0.9907723294453185
4251,F-A1-PORTSCAN-V-02,PortScan,PortScan,RF-v5,0.0031173831870937837,0.01190626640962612,0.9849763504032812
4252,F-A1-PORTSCAN-V-02,PortScan,PortScan,RF-v5,0.003150333057869539,0.006077337496813229,0.9907723294453185
4253,F-A1-PORTSCAN-V-02,PortScan,PortScan,RF-v5,0.003150333057869539,0.006077337496813229,0.9907723294453185
4254,F-A1-PORTSCAN-V-02,PortScan,PortScan,RF-v5,0.003150333057869539,0.006077337496813229,0.9907723294453185
4255,F-A1-PORTSCAN-V-02,PortScan,PortScan,RF-v5,0.003150333057869539,0.006077337496813229,0.9907723294453185
4256,F-A1-PORTSCAN-V-02,PortScan,PortScan,RF-v5,0.007352696610132838,0.01190626640962612,0.9807410369802422
4257,F-A1-PORTSCAN-V-02,PortScan,PortScan,RF-v5,0.0031173831870937837,0.011025379037612469,0.9858572377752948
4258,F-A1-PORTSCAN-V-02,PortScan,PortScan,RF-v5,0.005445017986967171,0.006482568294333889,0.9880724137187
4259,F-A1-PORTSCAN-V-02,PortScan,PortScan,RF-v5,0.0031173831870937837,0.01190626640962612,0.9849763504032812
4260,F-A1-PORTSCAN-V-02,PortScan,PortScan,RF-v5,0.007352696610132838,0.01190626640962612,0.9807410369802422
4261,F-A1-PORTSCAN-V-02,PortScan,PortScan,RF-v5,0.007352696610132838,0.01190626640962612,0.9807410369802422
4262,F-A1-PORTSCAN-V-02,PortScan,PortScan,RF-v5,0.0031173831870937837,0.01190626640962612,0.9849763504032812
4263,F-A1-PORTSCAN-V-02,PortScan,PortScan,RF-v5,0.0031173831870937837,0.011025379037612469,0.9858572377752948
4264,F-A1-PORTSCAN-V-02,PortScan,PortScan,RF-v5,0.007352696610132838,0.01190626640962612,0.9807410369802422
4265,F-A1-PORTSCAN-V-02,PortScan,PortScan,RF-v5,0.0031173831870937837,0.011025379037612469,0.9858572377752948
4266,F-A1-PORTSCAN-V-02,PortScan,PortScan,RF-v5,0.007352696610132838,0.01190626640962612,0.9807410369802422
4267,F-A1-PORTSCAN-V-02,PortScan,PortScan,RF-v5,0.003150333057869539,0.00603988132387339,0.9908097856182583
4268,F-A1-PORTSCAN-V-02,PortScan,PortScan,RF-v5,0.007352696610132838,0.01190626640962612,0.9807410369802422
4269,F-A1-PORTSCAN-V-02,PortScan,PortScan,RF-v5,0.0031173831870937837,0.011025379037612469,0.9858572377752948
4270,F-A1-PORTSCAN-V-02,PortScan,PortScan,RF-v5,0.003150333057869539,0.006077337496813229,0.9907723294453185
4271,F-A1-PORTSCAN-V-02,PortScan,PortScan,RF-v5,0.003150333057869539,0.006077337496813229,0.9907723294453185
4272,F-A1-PORTSCAN-V-02,PortScan,PortScan,RF-v5,0.0031173831870937837,0.01190626640962612,0.9849763504032812
4273,F-A1-PORTSCAN-V-02,PortScan,PortScan,RF-v5,0.0031173831870937837,0.01190626640962612,0.9849763504032812
4274,F-A1-PORTSCAN-V-02,PortScan,PortScan,RF-v5,0.003150333057869539,0.006077337496813229,0.9907723294453185
4275,F-A1-PORTSCAN-V-02,PortScan,PortScan,RF-v5,0.007352696610132838,0.01190626640962612,0.9807410369802422
4276,F-A1-PORTSCAN-V-02,PortScan,PortScan,RF-v5,0.003150333057869539,0.006077337496813229,0.9907723294453185
4277,F-A1-PORTSCAN-V-02,PortScan,PortScan,RF-v5,0.003150333057869539,0.006077337496813229,0.9907723294453185
4278,F-A1-PORTSCAN-V-02,PortScan,PortScan,RF-v5,0.003150333057869539,0.006077337496813229,0.9907723294453185
4279,F-A1-PORTSCAN-V-02,PortScan,PortScan,RF-v5,0.0031173831870937837,0.011025379037612469,0.9858572377752948
4280,F-A1-PORTSCAN-V-02,PortScan,PortScan,RF-v5,0.007352696610132838,0.01190626640962612,0.9807410369802422
4281,F-A1-PORTSCAN-V-02,PortScan,PortScan,RF-v5,0.0031173831870937837,0.01190626640962612,0.9849763504032812
4282,F-A1-PORTSCAN-V-02,PortScan,PortScan,RF-v5,0.007352696610132838,0.01190626640962612,0.9807410369802422
4283,F-A1-PORTSCAN-V-02,PortScan,PortScan,RF-v5,0.0031173831870937837,0.011025379037612469,0.9858572377752948
4284,F-A1-PORTSCAN-V-02,PortScan,PortScan,RF-v5,0.005445017986967171,0.006482568294333889,0.9880724137187
4285,F-A1-PORTSCAN-V-02,PortScan,PortScan,RF-v5,0.003150333057869539,0.006077337496813229,0.9907723294453185
4286,F-A1-PORTSCAN-V-02,PortScan,PortScan,RF-v5,0.0031173831870937837,0.011025379037612469,0.9858572377752948
4287,F-A1-PORTSCAN-V-02,PortScan,PortScan,RF-v5,0.007352696610132838,0.01190626640962612,0.9807410369802422
4288,F-A1-PORTSCAN-V-02,PortScan,PortScan,RF-v5,0.0031173831870937837,0.011025379037612469,0.9858572377752948
4289,F-A1-PORTSCAN-V-02,PortScan,PortScan,RF-v5,0.007352696610132838,0.01190626640962612,0.9807410369802422
4290,F-A1-PORTSCAN-V-02,PortScan,PortScan,RF-v5,0.007352696610132838,0.01190626640962612,0.9807410369802422
4291,F-A1-PORTSCAN-V-02,PortScan,PortScan,RF-v5,0.0031173831870937837,0.01190626640962612,0.9849763504032812
4292,F-A1-PORTSCAN-V-02,PortScan,PortScan,RF-v5,0.003150333057869539,0.006920768695887043,0.9899288982462445
4293,F-A1-PORTSCAN-V-02,PortScan,PortScan,RF-v5,0.0031173831870937837,0.011025379037612469,0.9858572377752948
4294,F-A1-PORTSCAN-V-02,PortScan,PortScan,RF-v5,0.0031173831870937837,0.011025379037612469,0.9858572377752948
4295,F-A1-PORTSCAN-V-02,PortScan,PortScan,RF-v5,0.0031173831870937837,0.01190626640962612,0.9849763504032812
4296,F-A1-PORTSCAN-V-02,PortScan,PortScan,RF-v5,0.0031173831870937837,0.011025379037612469,0.9858572377752948
4297,F-A1-PORTSCAN-V-02,PortScan,PortScan,RF-v5,0.003150333057869539,0.006077337496813229,0.9907723294453185
4298,F-A1-PORTSCAN-V-02,PortScan,PortScan,RF-v5,0.007352696610132838,0.01190626640962612,0.9807410369802422
4299,F-A1-PORTSCAN-V-02,PortScan,PortScan,RF-v5,0.0031173831870937837,0.011025379037612469,0.9858572377752948
4300,F-A1-PORTSCAN-V-02,PortScan,PortScan,RF-v5,0.003150333057869539,0.006077337496813229,0.9907723294453185
4301,F-A1-PORTSCAN-V-02,PortScan,PortScan,RF-v5,0.003150333057869539,0.006077337496813229,0.9907723294453185
4302,F-A1-PORTSCAN-V-02,PortScan,PortScan,RF-v5,0.0031173831870937837,0.011025379037612469,0.9858572377752948
4303,F-A1-PORTSCAN-V-02,PortScan,PortScan,RF-v5,0.007352696610132838,0.01190626640962612,0.9807410369802422
4304,F-A1-PORTSCAN-V-02,PortScan,PortScan,RF-v5,0.003150333057869539,0.006077337496813229,0.9907723294453185
4305,F-A1-PORTSCAN-V-02,PortScan,PortScan,RF-v5,0.007352696610132838,0.01190626640962612,0.9807410369802422
4306,F-A1-PORTSCAN-V-02,PortScan,PortScan,RF-v5,0.003150333057869539,0.006077337496813229,0.9907723294453185
4307,F-A1-PORTSCAN-V-02,PortScan,PortScan,RF-v5,0.0031173831870937837,0.01190626640962612,0.9849763504032812
4308,F-A1-PORTSCAN-V-02,PortScan,PortScan,RF-v5,0.0031173831870937837,0.01190626640962612,0.9849763504032812
4309,F-A1-PORTSCAN-V-02,PortScan,PortScan,RF-v5,0.003150333057869539,0.006077337496813229,0.9907723294453185
4310,F-A1-PORTSCAN-V-02,PortScan,PortScan,RF-v5,0.003150333057869539,0.006077337496813229,0.9907723294453185
4311,F-A1-PORTSCAN-V-02,PortScan,PortScan,RF-v5,0.003150333057869539,0.006077337496813229,0.9907723294453185
4312,F-A1-PORTSCAN-V-02,PortScan,PortScan,RF-v5,0.003150333057869539,0.006077337496813229,0.9907723294453185
4313,F-A1-PORTSCAN-V-02,PortScan,PortScan,RF-v5,0.007352696610132838,0.01190626640962612,0.9807410369802422
4314,F-A1-PORTSCAN-V-02,PortScan,PortScan,RF-v5,0.0031173831870937837,0.01190626640962612,0.9849763504032812
4315,F-A1-PORTSCAN-V-02,PortScan,PortScan,RF-v5,0.0031173831870937837,0.011025379037612469,0.9858572377752948
4316,F-A1-PORTSCAN-V-02,PortScan,PortScan,RF-v5,0.003150333057869539,0.006077337496813229,0.9907723294453185
4317,F-A1-PORTSCAN-V-02,PortScan,PortScan,RF-v5,0.003150333057869539,0.006077337496813229,0.9907723294453185
4318,F-A1-PORTSCAN-V-02,PortScan,PortScan,RF-v5,0.0031173831870937837,0.011025379037612469,0.9858572377752948
4319,F-A1-PORTSCAN-V-02,PortScan,PortScan,RF-v5,0.007352696610132838,0.01190626640962612,0.9807410369802422
4320,F-A1-PORTSCAN-V-02,PortScan,PortScan,RF-v5,0.003150333057869539,0.006077337496813229,0.9907723294453185
4321,F-A1-PORTSCAN-V-02,PortScan,PortScan,RF-v5,0.003150333057869539,0.006077337496813229,0.9907723294453185
4322,F-A1-PORTSCAN-V-02,PortScan,PortScan,RF-v5,0.005445017986967171,0.006482568294333889,0.9880724137187
4323,F-A1-PORTSCAN-V-02,PortScan,PortScan,RF-v5,0.003150333057869539,0.006077337496813229,0.9907723294453185
4324,F-A1-PORTSCAN-V-02,PortScan,PortScan,RF-v5,0.0031173831870937837,0.011025379037612469,0.9858572377752948
4325,F-A1-PORTSCAN-V-02,PortScan,PortScan,RF-v5,0.007352696610132838,0.01190626640962612,0.9807410369802422
4326,F-A1-PORTSCAN-V-02,PortScan,PortScan,RF-v5,0.0031173831870937837,0.01190626640962612,0.9849763504032812
4327,F-A1-PORTSCAN-V-02,PortScan,PortScan,RF-v5,0.003150333057869539,0.006077337496813229,0.9907723294453185
4328,F-A1-PORTSCAN-V-02,PortScan,PortScan,RF-v5,0.0029738601050267365,0.005947894303711483,0.991078245591263
4329,F-A1-PORTSCAN-V-02,PortScan,PortScan,RF-v5,0.003150333057869539,0.006077337496813229,0.9907723294453185
4330,F-A1-PORTSCAN-V-02,PortScan,PortScan,RF-v5,0.003150333057869539,0.006077337496813229,0.9907723294453185
4331,F-A1-PORTSCAN-V-02,PortScan,PortScan,RF-v5,0.003150333057869539,0.006077337496813229,0.9907723294453185
4332,F-A1-PORTSCAN-V-02,PortScan,PortScan,RF-v5,0.0031173831870937837,0.011025379037612469,0.9858572377752948
4333,F-A1-PORTSCAN-V-02,PortScan,PortScan,RF-v5,0.0031173831870937837,0.011025379037612469,0.9858572377752948
4334,F-A1-PORTSCAN-V-02,PortScan,PortScan,RF-v5,0.003150333057869539,0.006077337496813229,0.9907723294453185
4335,F-A1-PORTSCAN-V-02,PortScan,PortScan,RF-v5,0.0031173831870937837,0.011025379037612469,0.9858572377752948
4336,F-A1-PORTSCAN-V-02,PortScan,PortScan,RF-v5,0.0031173831870937837,0.01190626640962612,0.9849763504032812
4337,F-A1-PORTSCAN-V-02,PortScan,PortScan,RF-v5,0.0031173831870937837,0.011025379037612469,0.9858572377752948
4338,F-A1-PORTSCAN-V-02,PortScan,PortScan,RF-v5,0.0031173831870937837,0.01190626640962612,0.9849763504032812
4339,F-A1-PORTSCAN-V-02,PortScan,PortScan,RF-v5,0.003150333057869539,0.006077337496813229,0.9907723294453185
4340,F-A1-PORTSCAN-V-02,PortScan,PortScan,RF-v5,0.007352696610132838,0.01190626640962612,0.9807410369802422
4341,F-A1-PORTSCAN-V-02,PortScan,PortScan,RF-v5,0.0031173831870937837,0.01190626640962612,0.9849763504032812
4342,F-A1-PORTSCAN-V-02,PortScan,PortScan,RF-v5,0.007352696610132838,0.01190626640962612,0.9807410369802422
4343,F-A1-PORTSCAN-V-02,PortScan,PortScan,RF-v5,0.0031173831870937837,0.011025379037612469,0.9858572377752948
4344,F-A1-PORTSCAN-V-02,PortScan,PortScan,RF-v5,0.005445017986967171,0.006482568294333889,0.9880724137187
4345,F-A1-PORTSCAN-V-02,PortScan,PortScan,RF-v5,0.003150333057869539,0.006077337496813229,0.9907723294453185
4346,F-A1-PORTSCAN-V-02,PortScan,PortScan,RF-v5,0.0031173831870937837,0.01190626640962612,0.9849763504032812
4347,F-A1-PORTSCAN-V-02,PortScan,PortScan,RF-v5,0.005276748291942728,0.005947894303711483,0.9887753574043469
4348,F-A1-PORTSCAN-V-02,PortScan,PortScan,RF-v5,0.0031173831870937837,0.01190626640962612,0.9849763504032812
4349,F-A1-PORTSCAN-V-02,PortScan,PortScan,RF-v5,0.003150333057869539,0.006077337496813229,0.9907723294453185
4350,F-A1-PORTSCAN-V-02,PortScan,PortScan,RF-v5,0.003150333057869539,0.006077337496813229,0.9907723294453185
4351,F-A1-PORTSCAN-V-02,PortScan,PortScan,RF-v5,0.007352696610132838,0.01190626640962612,0.9807410369802422
4352,F-A1-PORTSCAN-V-02,PortScan,PortScan,RF-v5,0.003150333057869539,0.006077337496813229,0.9907723294453185
4353,F-A1-PORTSCAN-V-02,PortScan,PortScan,RF-v5,0.003150333057869539,0.006077337496813229,0.9907723294453185
4354,F-A1-PORTSCAN-V-02,PortScan,PortScan,RF-v5,0.003150333057869539,0.006077337496813229,0.9907723294453185
4355,F-A1-PORTSCAN-V-02,PortScan,PortScan,RF-v5,0.0031173831870937837,0.01190626640962612,0.9849763504032812
4356,F-A1-PORTSCAN-V-02,PortScan,PortScan,RF-v5,0.003150333057869539,0.006077337496813229,0.9907723294453185
4357,F-A1-PORTSCAN-V-02,PortScan,PortScan,RF-v5,0.0031173831870937837,0.011025379037612469,0.9858572377752948
4358,F-A1-PORTSCAN-V-02,PortScan,PortScan,RF-v5,0.007352696610132838,0.01190626640962612,0.9807410369802422
4359,F-A1-PORTSCAN-V-02,PortScan,PortScan,RF-v5,0.0031173831870937837,0.01190626640962612,0.9849763504032812
4360,F-A1-PORTSCAN-V-02,PortScan,PortScan,RF-v5,0.003150333057869539,0.006077337496813229,0.9907723294453185
4361,F-A1-PORTSCAN-V-02,PortScan,PortScan,RF-v5,0.003150333057869539,0.006077337496813229,0.9907723294453185
4362,F-A1-PORTSCAN-V-02,PortScan,PortScan,RF-v5,0.003150333057869539,0.006077337496813229,0.9907723294453185
4363,F-A1-PORTSCAN-V-02,PortScan,PortScan,RF-v5,0.003150333057869539,0.006077337496813229,0.9907723294453185
4364,F-A1-PORTSCAN-V-02,PortScan,PortScan,RF-v5,0.005445017986967171,0.006482568294333889,0.9880724137187
4365,F-A1-PORTSCAN-V-02,PortScan,PortScan,RF-v5,0.003150333057869539,0.006077337496813229,0.9907723294453185
4366,F-A1-PORTSCAN-V-02,PortScan,PortScan,RF-v5,0.003150333057869539,0.006077337496813229,0.9907723294453185
4367,F-A1-PORTSCAN-V-02,PortScan,PortScan,RF-v5,0.007352696610132838,0.01190626640962612,0.9807410369802422
4368,F-A1-PORTSCAN-V-02,PortScan,PortScan,RF-v5,0.0031173831870937837,0.01190626640962612,0.9849763504032812
4369,F-A1-PORTSCAN-V-02,PortScan,PortScan,RF-v5,0.0031173831870937837,0.011025379037612469,0.9858572377752948
4370,F-A1-PORTSCAN-V-02,PortScan,PortScan,RF-v5,0.0031173831870937837,0.011025379037612469,0.9858572377752948
4371,F-A1-PORTSCAN-V-02,PortScan,PortScan,RF-v5,0.003150333057869539,0.006920768695887043,0.9899288982462445
4372,F-A1-PORTSCAN-V-02,PortScan,PortScan,RF-v5,0.0031173831870937837,0.011025379037612469,0.9858572377752948
4373,F-A1-PORTSCAN-V-02,PortScan,PortScan,RF-v5,0.0031173831870937837,0.01190626640962612,0.9849763504032812
4374,F-A1-PORTSCAN-V-02,PortScan,PortScan,RF-v5,0.003150333057869539,0.006077337496813229,0.9907723294453185
4375,F-A1-PORTSCAN-V-02,PortScan,PortScan,RF-v5,0.0031173831870937837,0.01190626640962612,0.9849763504032812
4376,F-A1-PORTSCAN-V-02,PortScan,PortScan,RF-v5,0.0029738601050267365,0.005947894303711483,0.991078245591263
4377,F-A1-PORTSCAN-V-02,PortScan,PortScan,RF-v5,0.0031173831870937837,0.011025379037612469,0.9858572377752948
4378,F-A1-PORTSCAN-V-02,PortScan,PortScan,RF-v5,0.003150333057869539,0.006077337496813229,0.9907723294453185
4379,F-A1-PORTSCAN-V-02,PortScan,PortScan,RF-v5,0.0031173831870937837,0.011025379037612469,0.9858572377752948
4380,F-A1-PORTSCAN-V-02,PortScan,PortScan,RF-v5,0.0031173831870937837,0.011025379037612469,0.9858572377752948
4381,F-A1-PORTSCAN-V-02,PortScan,PortScan,RF-v5,0.005445017986967171,0.006482568294333889,0.9880724137187
4382,F-A1-PORTSCAN-V-02,PortScan,PortScan,RF-v5,0.0031173831870937837,0.011025379037612469,0.9858572377752948
4383,F-A1-PORTSCAN-V-02,PortScan,PortScan,RF-v5,0.005276748291942728,0.005947894303711483,0.9887753574043469
4384,F-A1-PORTSCAN-V-02,PortScan,PortScan,RF-v5,0.003150333057869539,0.006077337496813229,0.9907723294453185
4385,F-A1-PORTSCAN-V-02,PortScan,PortScan,RF-v5,0.003150333057869539,0.006077337496813229,0.9907723294453185
4386,F-A1-PORTSCAN-V-02,PortScan,PortScan,RF-v5,0.0029738601050267365,0.005947894303711483,0.991078245591263
4387,F-A1-PORTSCAN-V-02,PortScan,PortScan,RF-v5,0.0031173831870937837,0.01190626640962612,0.9849763504032812
4388,F-A1-PORTSCAN-V-02,PortScan,PortScan,RF-v5,0.003150333057869539,0.006077337496813229,0.9907723294453185
4389,F-A1-PORTSCAN-V-02,PortScan,PortScan,RF-v5,0.003150333057869539,0.006077337496813229,0.9907723294453185
4390,F-A1-PORTSCAN-V-02,PortScan,PortScan,RF-v5,0.0031173831870937837,0.01190626640962612,0.9849763504032812
4391,F-A1-PORTSCAN-V-02,PortScan,PortScan,RF-v5,0.003150333057869539,0.006077337496813229,0.9907723294453185
4392,F-A1-PORTSCAN-V-02,PortScan,PortScan,RF-v5,0.007352696610132838,0.01190626640962612,0.9807410369802422
4393,F-A1-PORTSCAN-V-02,PortScan,PortScan,RF-v5,0.0031173831870937837,0.011025379037612469,0.9858572377752948
4394,F-A1-PORTSCAN-V-02,PortScan,PortScan,RF-v5,0.0031173831870937837,0.01190626640962612,0.9849763504032812
4395,F-A1-PORTSCAN-V-02,PortScan,PortScan,RF-v5,0.003150333057869539,0.006077337496813229,0.9907723294453185
4396,F-A1-PORTSCAN-V-02,PortScan,PortScan,RF-v5,0.0031173831870937837,0.01190626640962612,0.9849763504032812
4397,F-A1-PORTSCAN-V-02,PortScan,PortScan,RF-v5,0.003150333057869539,0.006077337496813229,0.9907723294453185
4398,F-A1-PORTSCAN-V-02,PortScan,PortScan,RF-v5,0.0031173831870937837,0.011025379037612469,0.9858572377752948
4399,F-A1-PORTSCAN-V-02,PortScan,PortScan,RF-v5,0.003150333057869539,0.006077337496813229,0.9907723294453185
4400,F-A1-PORTSCAN-V-02,PortScan,PortScan,RF-v5,0.0031173831870937837,0.011025379037612469,0.9858572377752948
4401,F-A1-PORTSCAN-V-02,PortScan,PortScan,RF-v5,0.007352696610132838,0.01190626640962612,0.9807410369802422
4402,F-A1-PORTSCAN-V-02,PortScan,PortScan,RF-v5,0.003150333057869539,0.00603988132387339,0.9908097856182583
4403,F-A1-PORTSCAN-V-02,PortScan,PortScan,RF-v5,0.0031173831870937837,0.011025379037612469,0.9858572377752948
4404,F-A1-PORTSCAN-V-02,PortScan,PortScan,RF-v5,0.003150333057869539,0.006077337496813229,0.9907723294453185
4405,F-A1-PORTSCAN-V-02,PortScan,PortScan,RF-v5,0.003194338180644271,0.009174012094615188,0.9876316497247416
4406,F-A1-PORTSCAN-V-02,PortScan,PortScan,RF-v5,0.0031173831870937837,0.011025379037612469,0.9858572377752948
4407,F-A1-PORTSCAN-V-02,PortScan,PortScan,RF-v5,0.007352696610132838,0.01190626640962612,0.9807410369802422
4408,F-A1-PORTSCAN-V-02,PortScan,PortScan,RF-v5,0.003150333057869539,0.006077337496813229,0.9907723294453185
4409,F-A1-PORTSCAN-V-02,PortScan,PortScan,RF-v5,0.007352696610132838,0.01190626640962612,0.9807410369802422
4410,F-A1-PORTSCAN-V-02,PortScan,PortScan,RF-v5,0.0031173831870937837,0.01190626640962612,0.9849763504032812
4411,F-A1-PORTSCAN-V-02,PortScan,PortScan,RF-v5,0.0031173831870937837,0.011025379037612469,0.9858572377752948
4412,F-A1-PORTSCAN-V-02,PortScan,PortScan,RF-v5,0.005445017986967171,0.006482568294333889,0.9880724137187
4413,F-A1-PORTSCAN-V-02,PortScan,PortScan,RF-v5,0.007352696610132838,0.01190626640962612,0.9807410369802422
4414,F-A1-PORTSCAN-V-02,PortScan,PortScan,RF-v5,0.003150333057869539,0.006077337496813229,0.9907723294453185
4415,F-A1-PORTSCAN-V-02,PortScan,PortScan,RF-v5,0.005445017986967171,0.006482568294333889,0.9880724137187
4416,F-A1-PORTSCAN-V-02,PortScan,PortScan,RF-v5,0.003150333057869539,0.006077337496813229,0.9907723294453185
4417,F-A1-PORTSCAN-V-02,PortScan,PortScan,RF-v5,0.007352696610132838,0.01190626640962612,0.9807410369802422
4418,F-A1-PORTSCAN-V-02,PortScan,PortScan,RF-v5,0.0031173831870937837,0.01190626640962612,0.9849763504032812
4419,F-A1-PORTSCAN-V-02,PortScan,PortScan,RF-v5,0.0031173831870937837,0.01190626640962612,0.9849763504032812
4420,F-A1-PORTSCAN-V-02,PortScan,PortScan,RF-v5,0.0031173831870937837,0.011025379037612469,0.9858572377752948
4421,F-A1-PORTSCAN-V-02,PortScan,PortScan,RF-v5,0.007352696610132838,0.01190626640962612,0.9807410369802422
4422,F-A1-PORTSCAN-V-02,PortScan,PortScan,RF-v5,0.0031173831870937837,0.01190626640962612,0.9849763504032812
4423,F-A1-PORTSCAN-V-02,PortScan,PortScan,RF-v5,0.0031173831870937837,0.011025379037612469,0.9858572377752948
4424,F-A1-PORTSCAN-V-02,PortScan,PortScan,RF-v5,0.0031173831870937837,0.011025379037612469,0.9858572377752948
4425,F-A1-PORTSCAN-V-02,PortScan,PortScan,RF-v5,0.003150333057869539,0.006077337496813229,0.9907723294453185
4426,F-A1-PORTSCAN-V-02,PortScan,PortScan,RF-v5,0.007352696610132838,0.01190626640962612,0.9807410369802422
4427,F-A1-PORTSCAN-V-02,PortScan,PortScan,RF-v5,0.007352696610132838,0.01190626640962612,0.9807410369802422
4428,F-A1-PORTSCAN-V-02,PortScan,PortScan,RF-v5,0.005445017986967171,0.006482568294333889,0.9880724137187
4429,F-A1-PORTSCAN-V-02,PortScan,PortScan,RF-v5,0.003150333057869539,0.006077337496813229,0.9907723294453185
4430,F-A1-PORTSCAN-V-02,PortScan,PortScan,RF-v5,0.0029738601050267365,0.005947894303711483,0.991078245591263
4431,F-A1-PORTSCAN-V-02,PortScan,PortScan,RF-v5,0.003150333057869539,0.006077337496813229,0.9907723294453185
4432,F-A1-PORTSCAN-V-02,PortScan,PortScan,RF-v5,0.007352696610132838,0.01190626640962612,0.9807410369802422
4433,F-A1-PORTSCAN-V-02,PortScan,PortScan,RF-v5,0.0031173831870937837,0.011025379037612469,0.9858572377752948
4434,F-A1-PORTSCAN-V-02,PortScan,PortScan,RF-v5,0.0031173831870937837,0.01190626640962612,0.9849763504032812
4435,F-A1-PORTSCAN-V-02,PortScan,PortScan,RF-v5,0.003150333057869539,0.006077337496813229,0.9907723294453185
4436,F-A1-PORTSCAN-V-02,PortScan,PortScan,RF-v5,0.0031173831870937837,0.01190626640962612,0.9849763504032812
4437,F-A1-PORTSCAN-V-02,PortScan,PortScan,RF-v5,0.0031173831870937837,0.01190626640962612,0.9849763504032812
4438,F-A1-PORTSCAN-V-02,PortScan,PortScan,RF-v5,0.007352696610132838,0.01190626640962612,0.9807410369802422
4439,F-A1-PORTSCAN-V-02,PortScan,PortScan,RF-v5,0.0031173831870937837,0.011025379037612469,0.9858572377752948
4440,F-A1-PORTSCAN-V-02,PortScan,PortScan,RF-v5,0.003150333057869539,0.006077337496813229,0.9907723294453185
4441,F-A1-PORTSCAN-V-02,PortScan,PortScan,RF-v5,0.003150333057869539,0.006077337496813229,0.9907723294453185
4442,F-A1-PORTSCAN-V-02,PortScan,PortScan,RF-v5,0.0029738601050267365,0.005947894303711483,0.991078245591263
4443,F-A1-PORTSCAN-V-02,PortScan,PortScan,RF-v5,0.007352696610132838,0.01190626640962612,0.9807410369802422
4444,F-A1-PORTSCAN-V-02,PortScan,PortScan,RF-v5,0.0031173831870937837,0.01190626640962612,0.9849763504032812
4445,F-A1-PORTSCAN-V-02,PortScan,PortScan,RF-v5,0.003150333057869539,0.006077337496813229,0.9907723294453185
4446,F-A1-PORTSCAN-V-02,PortScan,PortScan,RF-v5,0.0031173831870937837,0.011025379037612469,0.9858572377752948
4447,F-A1-PORTSCAN-V-02,PortScan,PortScan,RF-v5,0.003150333057869539,0.006077337496813229,0.9907723294453185
4448,F-A1-PORTSCAN-V-02,PortScan,PortScan,RF-v5,0.003150333057869539,0.006077337496813229,0.9907723294453185
4449,F-A1-PORTSCAN-V-02,PortScan,PortScan,RF-v5,0.005276748291942728,0.005947894303711483,0.9887753574043469
4450,F-A1-PORTSCAN-V-02,PortScan,PortScan,RF-v5,0.005445017986967171,0.006482568294333889,0.9880724137187
4451,F-A1-PORTSCAN-V-02,PortScan,PortScan,RF-v5,0.0031173831870937837,0.011025379037612469,0.9858572377752948
4452,F-A1-PORTSCAN-V-02,PortScan,PortScan,RF-v5,0.007352696610132838,0.01190626640962612,0.9807410369802422
4453,F-A1-PORTSCAN-V-02,PortScan,PortScan,RF-v5,0.0031173831870937837,0.011025379037612469,0.9858572377752948
4454,F-A1-PORTSCAN-V-02,PortScan,PortScan,RF-v5,0.003150333057869539,0.006077337496813229,0.9907723294453185
4455,F-A1-PORTSCAN-V-02,PortScan,PortScan,RF-v5,0.0029738601050267365,0.005947894303711483,0.991078245591263
4456,F-A1-PORTSCAN-V-02,PortScan,PortScan,RF-v5,0.003150333057869539,0.006077337496813229,0.9907723294453185
4457,F-A1-PORTSCAN-V-02,PortScan,PortScan,RF-v5,0.0031173831870937837,0.011025379037612469,0.9858572377752948
4458,F-A1-PORTSCAN-V-02,PortScan,PortScan,RF-v5,0.0031173831870937837,0.011025379037612469,0.9858572377752948
4459,F-A1-PORTSCAN-V-02,PortScan,PortScan,RF-v5,0.005445017986967171,0.006482568294333889,0.9880724137187
4460,F-A1-PORTSCAN-V-02,PortScan,PortScan,RF-v5,0.0031173831870937837,0.01190626640962612,0.9849763504032812
4461,F-A1-PORTSCAN-V-02,PortScan,PortScan,RF-v5,0.007352696610132838,0.01190626640962612,0.9807410369802422
4462,F-A1-PORTSCAN-V-02,PortScan,PortScan,RF-v5,0.003150333057869539,0.006077337496813229,0.9907723294453185
4463,F-A1-PORTSCAN-V-02,PortScan,PortScan,RF-v5,0.0031173831870937837,0.011025379037612469,0.9858572377752948
4464,F-A1-PORTSCAN-V-02,PortScan,PortScan,RF-v5,0.0031173831870937837,0.01190626640962612,0.9849763504032812
4465,F-A1-PORTSCAN-V-02,PortScan,PortScan,RF-v5,0.005445017986967171,0.006482568294333889,0.9880724137187
4466,F-A1-PORTSCAN-V-02,PortScan,PortScan,RF-v5,0.003150333057869539,0.006077337496813229,0.9907723294453185
4467,F-A1-PORTSCAN-V-02,PortScan,PortScan,RF-v5,0.007352696610132838,0.01190626640962612,0.9807410369802422
4468,F-A1-PORTSCAN-V-02,PortScan,PortScan,RF-v5,0.0031173831870937837,0.01190626640962612,0.9849763504032812
4469,F-A1-PORTSCAN-V-02,PortScan,PortScan,RF-v5,0.007352696610132838,0.01190626640962612,0.9807410369802422
4470,F-A1-PORTSCAN-V-02,PortScan,PortScan,RF-v5,0.003150333057869539,0.006077337496813229,0.9907723294453185
4471,F-A1-PORTSCAN-V-02,PortScan,PortScan,RF-v5,0.003150333057869539,0.006077337496813229,0.9907723294453185
4472,F-A1-PORTSCAN-V-02,PortScan,PortScan,RF-v5,0.003150333057869539,0.006077337496813229,0.9907723294453185
4473,F-A1-PORTSCAN-V-02,PortScan,PortScan,RF-v5,0.0031173831870937837,0.01190626640962612,0.9849763504032812
4474,F-A1-PORTSCAN-V-02,PortScan,PortScan,RF-v5,0.007352696610132838,0.01190626640962612,0.9807410369802422
4475,F-A1-PORTSCAN-V-02,PortScan,PortScan,RF-v5,0.005445017986967171,0.006482568294333889,0.9880724137187
4476,F-A1-PORTSCAN-V-02,PortScan,PortScan,RF-v5,0.003150333057869539,0.006077337496813229,0.9907723294453185
4477,F-A1-PORTSCAN-V-02,PortScan,PortScan,RF-v5,0.003150333057869539,0.006077337496813229,0.9907723294453185
4478,F-A1-PORTSCAN-V-02,PortScan,PortScan,RF-v5,0.005445017986967171,0.006482568294333889,0.9880724137187
4479,F-A1-PORTSCAN-V-02,PortScan,PortScan,RF-v5,0.0031173831870937837,0.01190626640962612,0.9849763504032812
4480,F-A1-PORTSCAN-V-02,PortScan,PortScan,RF-v5,0.003150333057869539,0.006077337496813229,0.9907723294453185
4481,F-A1-PORTSCAN-V-02,PortScan,PortScan,RF-v5,0.0031173831870937837,0.01190626640962612,0.9849763504032812
4482,F-A1-PORTSCAN-V-02,PortScan,PortScan,RF-v5,0.003150333057869539,0.006077337496813229,0.9907723294453185
4483,F-A1-PORTSCAN-V-02,PortScan,PortScan,RF-v5,0.003150333057869539,0.006077337496813229,0.9907723294453185
4484,F-A1-PORTSCAN-V-02,PortScan,PortScan,RF-v5,0.0031173831870937837,0.011025379037612469,0.9858572377752948
4485,F-A1-PORTSCAN-V-02,PortScan,PortScan,RF-v5,0.003150333057869539,0.006077337496813229,0.9907723294453185
4486,F-A1-PORTSCAN-V-02,PortScan,PortScan,RF-v5,0.003150333057869539,0.006077337496813229,0.9907723294453185
4487,F-A1-PORTSCAN-V-02,PortScan,PortScan,RF-v5,0.0031173831870937837,0.011025379037612469,0.9858572377752948
4488,F-A1-PORTSCAN-V-02,PortScan,PortScan,RF-v5,0.003150333057869539,0.00603988132387339,0.9908097856182583
4489,F-A1-PORTSCAN-V-02,PortScan,PortScan,RF-v5,0.003150333057869539,0.006077337496813229,0.9907723294453185
4490,F-A1-PORTSCAN-V-02,PortScan,PortScan,RF-v5,0.003150333057869539,0.006077337496813229,0.9907723294453185
4491,F-A1-PORTSCAN-V-02,PortScan,PortScan,RF-v5,0.003150333057869539,0.006077337496813229,0.9907723294453185
4492,F-A1-PORTSCAN-V-02,PortScan,PortScan,RF-v5,0.003150333057869539,0.006077337496813229,0.9907723294453185
4493,F-A1-PORTSCAN-V-02,PortScan,PortScan,RF-v5,0.0031173831870937837,0.01190626640962612,0.9849763504032812
4494,F-A1-PORTSCAN-V-02,PortScan,PortScan,RF-v5,0.007352696610132838,0.01190626640962612,0.9807410369802422
4495,F-A1-PORTSCAN-V-02,PortScan,PortScan,RF-v5,0.0029738601050267365,0.005947894303711483,0.991078245591263
4496,F-A1-PORTSCAN-V-02,PortScan,PortScan,RF-v5,0.0031173831870937837,0.011025379037612469,0.9858572377752948
4497,F-A1-PORTSCAN-V-02,PortScan,PortScan,RF-v5,0.003150333057869539,0.006077337496813229,0.9907723294453185
4498,F-A1-PORTSCAN-V-02,PortScan,PortScan,RF-v5,0.0031173831870937837,0.011025379037612469,0.9858572377752948
4499,F-A1-PORTSCAN-V-02,PortScan,PortScan,RF-v5,0.007352696610132838,0.01190626640962612,0.9807410369802422
4500,F-A1-PORTSCAN-V-02,PortScan,PortScan,RF-v5,0.003150333057869539,0.006077337496813229,0.9907723294453185
4501,F-A1-PORTSCAN-V-02,PortScan,PortScan,RF-v5,0.003150333057869539,0.006077337496813229,0.9907723294453185
4502,F-A1-PORTSCAN-V-02,PortScan,PortScan,RF-v5,0.003150333057869539,0.006077337496813229,0.9907723294453185
4503,F-A1-PORTSCAN-V-02,PortScan,PortScan,RF-v5,0.007352696610132838,0.01190626640962612,0.9807410369802422
4504,F-A1-PORTSCAN-V-02,PortScan,PortScan,RF-v5,0.0029738601050267365,0.005947894303711483,0.991078245591263
4505,F-A1-PORTSCAN-V-02,PortScan,PortScan,RF-v5,0.003150333057869539,0.006077337496813229,0.9907723294453185
4506,F-A1-PORTSCAN-V-02,PortScan,PortScan,RF-v5,0.003150333057869539,0.006077337496813229,0.9907723294453185
4507,F-A1-PORTSCAN-V-02,PortScan,PortScan,RF-v5,0.0029738601050267365,0.005947894303711483,0.991078245591263
4508,F-A1-PORTSCAN-V-02,PortScan,PortScan,RF-v5,0.0031173831870937837,0.01190626640962612,0.9849763504032812
4509,F-A1-PORTSCAN-V-02,PortScan,PortScan,RF-v5,0.0031173831870937837,0.01190626640962612,0.9849763504032812
4510,F-A1-PORTSCAN-V-02,PortScan,PortScan,RF-v5,0.0031173831870937837,0.01190626640962612,0.9849763504032812
4511,F-A1-PORTSCAN-V-02,PortScan,PortScan,RF-v5,0.0029738601050267365,0.005947894303711483,0.991078245591263
4512,F-A1-PORTSCAN-V-02,PortScan,PortScan,RF-v5,0.007352696610132838,0.01190626640962612,0.9807410369802422
4513,F-A1-PORTSCAN-V-02,PortScan,PortScan,RF-v5,0.003150333057869539,0.006077337496813229,0.9907723294453185
4514,F-A1-PORTSCAN-V-02,PortScan,PortScan,RF-v5,0.003150333057869539,0.006077337496813229,0.9907723294453185
4515,F-A1-PORTSCAN-V-02,PortScan,PortScan,RF-v5,0.0031173831870937837,0.01190626640962612,0.9849763504032812
4516,F-A1-PORTSCAN-V-02,PortScan,PortScan,RF-v5,0.0031173831870937837,0.011025379037612469,0.9858572377752948
4517,F-A1-PORTSCAN-V-02,PortScan,PortScan,RF-v5,0.007352696610132838,0.01190626640962612,0.9807410369802422
4518,F-A1-PORTSCAN-V-02,PortScan,PortScan,RF-v5,0.003150333057869539,0.006077337496813229,0.9907723294453185
4519,F-A1-PORTSCAN-V-02,PortScan,PortScan,RF-v5,0.0031173831870937837,0.011025379037612469,0.9858572377752948
4520,F-A1-PORTSCAN-V-02,PortScan,PortScan,RF-v5,0.0031173831870937837,0.011025379037612469,0.9858572377752948
4521,F-A1-PORTSCAN-V-02,PortScan,PortScan,RF-v5,0.003150333057869539,0.006077337496813229,0.9907723294453185
4522,F-A1-PORTSCAN-V-02,PortScan,PortScan,RF-v5,0.0031173831870937837,0.01190626640962612,0.9849763504032812
4523,F-A1-PORTSCAN-V-02,PortScan,PortScan,RF-v5,0.0031173831870937837,0.01190626640962612,0.9849763504032812
4524,F-A1-PORTSCAN-V-02,PortScan,PortScan,RF-v5,0.003150333057869539,0.006077337496813229,0.9907723294453185
4525,F-A1-PORTSCAN-V-02,PortScan,PortScan,RF-v5,0.0029738601050267365,0.005947894303711483,0.991078245591263
4526,F-A1-PORTSCAN-V-02,PortScan,PortScan,RF-v5,0.0031173831870937837,0.01190626640962612,0.9849763504032812
4527,F-A1-PORTSCAN-V-02,PortScan,PortScan,RF-v5,0.003150333057869539,0.006077337496813229,0.9907723294453185
4528,F-A1-PORTSCAN-V-02,PortScan,PortScan,RF-v5,0.003150333057869539,0.006077337496813229,0.9907723294453185
4529,F-A1-PORTSCAN-V-02,PortScan,PortScan,RF-v5,0.003150333057869539,0.006077337496813229,0.9907723294453185
4530,F-A1-PORTSCAN-V-02,PortScan,PortScan,RF-v5,0.0031173831870937837,0.011025379037612469,0.9858572377752948
4531,F-A1-PORTSCAN-V-02,PortScan,PortScan,RF-v5,0.003150333057869539,0.006077337496813229,0.9907723294453185
4532,F-A1-PORTSCAN-V-02,PortScan,PortScan,RF-v5,0.0031173831870937837,0.011025379037612469,0.9858572377752948
4533,F-A1-PORTSCAN-V-02,PortScan,PortScan,RF-v5,0.0031173831870937837,0.011025379037612469,0.9858572377752948
4534,F-A1-PORTSCAN-V-02,PortScan,PortScan,RF-v5,0.003150333057869539,0.006077337496813229,0.9907723294453185
4535,F-A1-PORTSCAN-V-02,PortScan,PortScan,RF-v5,0.003150333057869539,0.006077337496813229,0.9907723294453185
4536,F-A1-PORTSCAN-V-02,PortScan,PortScan,RF-v5,0.0031173831870937837,0.01190626640962612,0.9849763504032812
4537,F-A1-PORTSCAN-V-02,PortScan,PortScan,RF-v5,0.007352696610132838,0.01190626640962612,0.9807410369802422
4538,F-A1-PORTSCAN-V-02,PortScan,PortScan,RF-v5,0.0031173831870937837,0.011025379037612469,0.9858572377752948
4539,F-A1-PORTSCAN-V-02,PortScan,PortScan,RF-v5,0.003150333057869539,0.006077337496813229,0.9907723294453185
4540,F-A1-PORTSCAN-V-02,PortScan,PortScan,RF-v5,0.0031173831870937837,0.01190626640962612,0.9849763504032812
4541,F-A1-PORTSCAN-V-02,PortScan,PortScan,RF-v5,0.0031173831870937837,0.01190626640962612,0.9849763504032812
4542,F-A1-PORTSCAN-V-02,PortScan,PortScan,RF-v5,0.0031173831870937837,0.01190626640962612,0.9849763504032812
4543,F-A1-PORTSCAN-V-02,PortScan,PortScan,RF-v5,0.003150333057869539,0.006077337496813229,0.9907723294453185
4544,F-A1-PORTSCAN-V-02,PortScan,PortScan,RF-v5,0.0031173831870937837,0.011025379037612469,0.9858572377752948
4545,F-A1-PORTSCAN-V-02,PortScan,PortScan,RF-v5,0.003150333057869539,0.006077337496813229,0.9907723294453185
4546,F-A1-PORTSCAN-V-02,PortScan,PortScan,RF-v5,0.003150333057869539,0.006077337496813229,0.9907723294453185
4547,F-A1-PORTSCAN-V-02,PortScan,PortScan,RF-v5,0.0031173831870937837,0.01190626640962612,0.9849763504032812
4548,F-A1-PORTSCAN-V-02,PortScan,PortScan,RF-v5,0.0031173831870937837,0.011025379037612469,0.9858572377752948
4549,F-A1-PORTSCAN-V-02,PortScan,PortScan,RF-v5,0.0031173831870937837,0.01190626640962612,0.9849763504032812
4550,F-A1-PORTSCAN-V-02,PortScan,PortScan,RF-v5,0.003150333057869539,0.006077337496813229,0.9907723294453185
4551,F-A1-PORTSCAN-V-02,PortScan,PortScan,RF-v5,0.003150333057869539,0.00603988132387339,0.9908097856182583
4552,F-A1-PORTSCAN-V-02,PortScan,PortScan,RF-v5,0.003150333057869539,0.006077337496813229,0.9907723294453185
4553,F-A1-PORTSCAN-V-02,PortScan,PortScan,RF-v5,0.0031173831870937837,0.01190626640962612,0.9849763504032812
4554,F-A1-PORTSCAN-V-02,PortScan,PortScan,RF-v5,0.003150333057869539,0.006077337496813229,0.9907723294453185
4555,F-A1-PORTSCAN-V-02,PortScan,PortScan,RF-v5,0.007352696610132838,0.01190626640962612,0.9807410369802422
4556,F-A1-PORTSCAN-V-02,PortScan,PortScan,RF-v5,0.0029738601050267365,0.005947894303711483,0.991078245591263
4557,F-A1-PORTSCAN-V-02,PortScan,PortScan,RF-v5,0.007352696610132838,0.01190626640962612,0.9807410369802422
4558,F-A1-PORTSCAN-V-02,PortScan,PortScan,RF-v5,0.0031173831870937837,0.011025379037612469,0.9858572377752948
4559,F-A1-PORTSCAN-V-02,PortScan,PortScan,RF-v5,0.007352696610132838,0.01190626640962612,0.9807410369802422
4560,F-A1-PORTSCAN-V-02,PortScan,PortScan,RF-v5,0.003150333057869539,0.006077337496813229,0.9907723294453185
4561,F-A1-PORTSCAN-V-02,PortScan,PortScan,RF-v5,0.003150333057869539,0.006077337496813229,0.9907723294453185
4562,F-A1-PORTSCAN-V-02,PortScan,PortScan,RF-v5,0.003150333057869539,0.006077337496813229,0.9907723294453185
4563,F-A1-PORTSCAN-V-02,PortScan,PortScan,RF-v5,0.005445017986967171,0.006482568294333889,0.9880724137187
4564,F-A1-PORTSCAN-V-02,PortScan,PortScan,RF-v5,0.005445017986967171,0.006482568294333889,0.9880724137187
4565,F-A1-PORTSCAN-V-02,PortScan,PortScan,RF-v5,0.0031173831870937837,0.01190626640962612,0.9849763504032812
4566,F-A1-PORTSCAN-V-02,PortScan,PortScan,RF-v5,0.003194338180644271,0.009174012094615188,0.9876316497247416
4567,F-A1-PORTSCAN-V-02,PortScan,PortScan,RF-v5,0.0031173831870937837,0.011025379037612469,0.9858572377752948
4568,F-A1-PORTSCAN-V-02,PortScan,PortScan,RF-v5,0.0031173831870937837,0.011025379037612469,0.9858572377752948
4569,F-A1-PORTSCAN-V-02,PortScan,PortScan,RF-v5,0.003150333057869539,0.006077337496813229,0.9907723294453185
4570,F-A1-PORTSCAN-V-02,PortScan,PortScan,RF-v5,0.005445017986967171,0.006482568294333889,0.9880724137187
4571,F-A1-PORTSCAN-V-02,PortScan,PortScan,RF-v5,0.003150333057869539,0.006077337496813229,0.9907723294453185
4572,F-A1-PORTSCAN-V-02,PortScan,PortScan,RF-v5,0.003150333057869539,0.006077337496813229,0.9907723294453185
4573,F-A1-PORTSCAN-V-02,PortScan,PortScan,RF-v5,0.003194338180644271,0.009174012094615188,0.9876316497247416
4574,F-A1-PORTSCAN-V-02,PortScan,PortScan,RF-v5,0.0031173831870937837,0.01190626640962612,0.9849763504032812
4575,F-A1-PORTSCAN-V-02,PortScan,PortScan,RF-v5,0.003150333057869539,0.006077337496813229,0.9907723294453185
4576,F-A1-PORTSCAN-V-02,PortScan,PortScan,RF-v5,0.0031173831870937837,0.01190626640962612,0.9849763504032812
4577,F-A1-PORTSCAN-V-02,PortScan,PortScan,RF-v5,0.007352696610132838,0.01190626640962612,0.9807410369802422
4578,F-A1-PORTSCAN-V-02,PortScan,PortScan,RF-v5,0.0029738601050267365,0.005947894303711483,0.991078245591263
4579,F-A1-PORTSCAN-V-02,PortScan,PortScan,RF-v5,0.007352696610132838,0.01190626640962612,0.9807410369802422
4580,F-A1-PORTSCAN-V-02,PortScan,PortScan,RF-v5,0.003150333057869539,0.006077337496813229,0.9907723294453185
4581,F-A1-PORTSCAN-V-02,PortScan,PortScan,RF-v5,0.0031173831870937837,0.01190626640962612,0.9849763504032812
4582,F-A1-PORTSCAN-V-02,PortScan,PortScan,RF-v5,0.005445017986967171,0.006482568294333889,0.9880724137187
4583,F-A1-PORTSCAN-V-02,PortScan,PortScan,RF-v5,0.007352696610132838,0.01190626640962612,0.9807410369802422
4584,F-A1-PORTSCAN-V-02,PortScan,PortScan,RF-v5,0.003150333057869539,0.006077337496813229,0.9907723294453185
4585,F-A1-PORTSCAN-V-02,PortScan,PortScan,RF-v5,0.003194338180644271,0.009174012094615188,0.9876316497247416
4586,F-A1-PORTSCAN-V-02,PortScan,PortScan,RF-v5,0.0031173831870937837,0.011025379037612469,0.9858572377752948
4587,F-A1-PORTSCAN-V-02,PortScan,PortScan,RF-v5,0.003150333057869539,0.006077337496813229,0.9907723294453185
4588,F-A1-PORTSCAN-V-02,PortScan,PortScan,RF-v5,0.0031173831870937837,0.01190626640962612,0.9849763504032812
4589,F-A1-PORTSCAN-V-02,PortScan,PortScan,RF-v5,0.003150333057869539,0.006077337496813229,0.9907723294453185
4590,F-A1-PORTSCAN-V-02,PortScan,PortScan,RF-v5,0.0031173831870937837,0.011025379037612469,0.9858572377752948
4591,F-A1-PORTSCAN-V-02,PortScan,PortScan,RF-v5,0.0031173831870937837,0.01190626640962612,0.9849763504032812
4592,F-A1-PORTSCAN-V-02,PortScan,PortScan,RF-v5,0.003150333057869539,0.006077337496813229,0.9907723294453185
4593,F-A1-PORTSCAN-V-02,PortScan,PortScan,RF-v5,0.005445017986967171,0.006482568294333889,0.9880724137187
4594,F-A1-PORTSCAN-V-02,PortScan,PortScan,RF-v5,0.0031173831870937837,0.01190626640962612,0.9849763504032812
4595,F-A1-PORTSCAN-V-02,PortScan,PortScan,RF-v5,0.003150333057869539,0.006077337496813229,0.9907723294453185
4596,F-A1-PORTSCAN-V-02,PortScan,PortScan,RF-v5,0.0031173831870937837,0.01190626640962612,0.9849763504032812
4597,F-A1-PORTSCAN-V-02,PortScan,PortScan,RF-v5,0.0031173831870937837,0.01190626640962612,0.9849763504032812
4598,F-A1-PORTSCAN-V-02,PortScan,PortScan,RF-v5,0.0031173831870937837,0.01190626640962612,0.9849763504032812
4599,F-A1-PORTSCAN-V-02,PortScan,PortScan,RF-v5,0.005276748291942728,0.005947894303711483,0.9887753574043469
4600,F-A1-PORTSCAN-V-02,PortScan,PortScan,RF-v5,0.0031173831870937837,0.01190626640962612,0.9849763504032812
4601,F-A1-PORTSCAN-V-02,PortScan,PortScan,RF-v5,0.003150333057869539,0.006077337496813229,0.9907723294453185
4602,F-A1-PORTSCAN-V-02,PortScan,PortScan,RF-v5,0.003150333057869539,0.006077337496813229,0.9907723294453185
4603,F-A1-PORTSCAN-V-02,PortScan,PortScan,RF-v5,0.007352696610132838,0.01190626640962612,0.9807410369802422
4604,F-A1-PORTSCAN-V-02,PortScan,PortScan,RF-v5,0.0031173831870937837,0.011025379037612469,0.9858572377752948
4605,F-A1-PORTSCAN-V-02,PortScan,PortScan,RF-v5,0.0031173831870937837,0.01190626640962612,0.9849763504032812
4606,F-A1-PORTSCAN-V-02,PortScan,PortScan,RF-v5,0.005445017986967171,0.006482568294333889,0.9880724137187
4607,F-A1-PORTSCAN-V-02,PortScan,PortScan,RF-v5,0.007352696610132838,0.01190626640962612,0.9807410369802422
4608,F-A1-PORTSCAN-V-02,PortScan,PortScan,RF-v5,0.0031173831870937837,0.011025379037612469,0.9858572377752948
4609,F-A1-PORTSCAN-V-02,PortScan,PortScan,RF-v5,0.0031173831870937837,0.01190626640962612,0.9849763504032812
4610,F-A1-PORTSCAN-V-02,PortScan,PortScan,RF-v5,0.0031173831870937837,0.011025379037612469,0.9858572377752948
4611,F-A1-PORTSCAN-V-02,PortScan,PortScan,RF-v5,0.003150333057869539,0.006077337496813229,0.9907723294453185
4612,F-A1-PORTSCAN-V-02,PortScan,PortScan,RF-v5,0.007352696610132838,0.01190626640962612,0.9807410369802422
4613,F-A1-PORTSCAN-V-02,PortScan,PortScan,RF-v5,0.003150333057869539,0.006077337496813229,0.9907723294453185
4614,F-A1-PORTSCAN-V-02,PortScan,PortScan,RF-v5,0.007352696610132838,0.01190626640962612,0.9807410369802422
4615,F-A1-PORTSCAN-V-02,PortScan,PortScan,RF-v5,0.007352696610132838,0.01190626640962612,0.9807410369802422
4616,F-A1-PORTSCAN-V-02,PortScan,PortScan,RF-v5,0.003150333057869539,0.006077337496813229,0.9907723294453185
4617,F-A1-PORTSCAN-V-02,PortScan,PortScan,RF-v5,0.0031173831870937837,0.011025379037612469,0.9858572377752948
4618,F-A1-PORTSCAN-V-02,PortScan,PortScan,RF-v5,0.0031173831870937837,0.011025379037612469,0.9858572377752948
4619,F-A1-PORTSCAN-V-02,PortScan,PortScan,RF-v5,0.003150333057869539,0.006077337496813229,0.9907723294453185
4620,F-A1-PORTSCAN-V-02,PortScan,PortScan,RF-v5,0.0031173831870937837,0.01190626640962612,0.9849763504032812
4621,F-A1-PORTSCAN-V-02,PortScan,PortScan,RF-v5,0.0031173831870937837,0.011025379037612469,0.9858572377752948
4622,F-A1-PORTSCAN-V-02,PortScan,PortScan,RF-v5,0.003150333057869539,0.006077337496813229,0.9907723294453185
4623,F-A1-PORTSCAN-V-02,PortScan,PortScan,RF-v5,0.0031173831870937837,0.01190626640962612,0.9849763504032812
4624,F-A1-PORTSCAN-V-02,PortScan,PortScan,RF-v5,0.007352696610132838,0.01190626640962612,0.9807410369802422
4625,F-A1-PORTSCAN-V-02,PortScan,PortScan,RF-v5,0.007352696610132838,0.01190626640962612,0.9807410369802422
4626,F-A1-PORTSCAN-V-02,PortScan,PortScan,RF-v5,0.003150333057869539,0.006077337496813229,0.9907723294453185
4627,F-A1-PORTSCAN-V-02,PortScan,PortScan,RF-v5,0.0031173831870937837,0.01190626640962612,0.9849763504032812
4628,F-A1-PORTSCAN-V-02,PortScan,PortScan,RF-v5,0.0031173831870937837,0.01190626640962612,0.9849763504032812
4629,F-A1-PORTSCAN-V-02,PortScan,PortScan,RF-v5,0.005445017986967171,0.006482568294333889,0.9880724137187
4630,F-A1-PORTSCAN-V-02,PortScan,PortScan,RF-v5,0.003150333057869539,0.006077337496813229,0.9907723294453185
4631,F-A1-PORTSCAN-V-02,PortScan,PortScan,RF-v5,0.0031173831870937837,0.01190626640962612,0.9849763504032812
4632,F-A1-PORTSCAN-V-02,PortScan,PortScan,RF-v5,0.003150333057869539,0.006077337496813229,0.9907723294453185
4633,F-A1-PORTSCAN-V-02,PortScan,PortScan,RF-v5,0.003150333057869539,0.006077337496813229,0.9907723294453185
4634,F-A1-PORTSCAN-V-02,PortScan,PortScan,RF-v5,0.003150333057869539,0.006077337496813229,0.9907723294453185
4635,F-A1-PORTSCAN-V-02,PortScan,PortScan,RF-v5,0.0031173831870937837,0.01190626640962612,0.9849763504032812
4636,F-A1-PORTSCAN-V-02,PortScan,PortScan,RF-v5,0.0031173831870937837,0.01190626640962612,0.9849763504032812
4637,F-A1-PORTSCAN-V-02,PortScan,PortScan,RF-v5,0.0031173831870937837,0.01190626640962612,0.9849763504032812
4638,F-A1-PORTSCAN-V-02,PortScan,PortScan,RF-v5,0.0029738601050267365,0.005947894303711483,0.991078245591263
4639,F-A1-PORTSCAN-V-02,PortScan,PortScan,RF-v5,0.007352696610132838,0.01190626640962612,0.9807410369802422
4640,F-A1-PORTSCAN-V-02,PortScan,PortScan,RF-v5,0.003150333057869539,0.006077337496813229,0.9907723294453185
4641,F-A1-PORTSCAN-V-02,PortScan,PortScan,RF-v5,0.0031173831870937837,0.01190626640962612,0.9849763504032812
4642,F-A1-PORTSCAN-V-02,PortScan,PortScan,RF-v5,0.003150333057869539,0.006077337496813229,0.9907723294453185
4643,F-A1-PORTSCAN-V-02,PortScan,PortScan,RF-v5,0.0031173831870937837,0.011025379037612469,0.9858572377752948
4644,F-A1-PORTSCAN-V-02,PortScan,PortScan,RF-v5,0.0031173831870937837,0.01190626640962612,0.9849763504032812
4645,F-A1-PORTSCAN-V-02,PortScan,PortScan,RF-v5,0.003150333057869539,0.006077337496813229,0.9907723294453185
4646,F-A1-PORTSCAN-V-02,PortScan,PortScan,RF-v5,0.007352696610132838,0.01190626640962612,0.9807410369802422
4647,F-A1-PORTSCAN-V-02,PortScan,PortScan,RF-v5,0.003150333057869539,0.006077337496813229,0.9907723294453185
4648,F-A1-PORTSCAN-V-02,PortScan,PortScan,RF-v5,0.003150333057869539,0.006077337496813229,0.9907723294453185
4649,F-A1-PORTSCAN-V-02,PortScan,PortScan,RF-v5,0.003150333057869539,0.006077337496813229,0.9907723294453185
4650,F-A1-PORTSCAN-V-02,PortScan,PortScan,RF-v5,0.0031173831870937837,0.01190626640962612,0.9849763504032812
4651,F-A1-PORTSCAN-V-02,PortScan,PortScan,RF-v5,0.003150333057869539,0.006920768695887043,0.9899288982462445
4652,F-A1-PORTSCAN-V-02,PortScan,PortScan,RF-v5,0.0031173831870937837,0.01190626640962612,0.9849763504032812
4653,F-A1-PORTSCAN-V-02,PortScan,PortScan,RF-v5,0.0031173831870937837,0.01190626640962612,0.9849763504032812
4654,F-A1-PORTSCAN-V-02,PortScan,PortScan,RF-v5,0.007352696610132838,0.01190626640962612,0.9807410369802422
4655,F-A1-PORTSCAN-V-02,PortScan,PortScan,RF-v5,0.0029738601050267365,0.005947894303711483,0.991078245591263
4656,F-A1-PORTSCAN-V-02,PortScan,PortScan,RF-v5,0.003150333057869539,0.006077337496813229,0.9907723294453185
4657,F-A1-PORTSCAN-V-02,PortScan,PortScan,RF-v5,0.007352696610132838,0.01190626640962612,0.9807410369802422
4658,F-A1-PORTSCAN-V-02,PortScan,PortScan,RF-v5,0.0031173831870937837,0.01190626640962612,0.9849763504032812
4659,F-A1-PORTSCAN-V-02,PortScan,PortScan,RF-v5,0.003150333057869539,0.006077337496813229,0.9907723294453185
4660,F-A1-PORTSCAN-V-02,PortScan,PortScan,RF-v5,0.0031173831870937837,0.011025379037612469,0.9858572377752948
4661,F-A1-PORTSCAN-V-02,PortScan,PortScan,RF-v5,0.003150333057869539,0.006077337496813229,0.9907723294453185
4662,F-A1-PORTSCAN-V-02,PortScan,PortScan,RF-v5,0.003150333057869539,0.006077337496813229,0.9907723294453185
4663,F-A1-PORTSCAN-V-02,PortScan,PortScan,RF-v5,0.007352696610132838,0.01190626640962612,0.9807410369802422
4664,F-A1-PORTSCAN-V-02,PortScan,PortScan,RF-v5,0.0031173831870937837,0.01190626640962612,0.9849763504032812
4665,F-A1-PORTSCAN-V-02,PortScan,PortScan,RF-v5,0.0031173831870937837,0.011025379037612469,0.9858572377752948
4666,F-A1-PORTSCAN-V-02,PortScan,PortScan,RF-v5,0.007352696610132838,0.01190626640962612,0.9807410369802422
4667,F-A1-PORTSCAN-V-02,PortScan,PortScan,RF-v5,0.003150333057869539,0.006077337496813229,0.9907723294453185
4668,F-A1-PORTSCAN-V-02,PortScan,PortScan,RF-v5,0.003150333057869539,0.006077337496813229,0.9907723294453185
4669,F-A1-PORTSCAN-V-02,PortScan,PortScan,RF-v5,0.007352696610132838,0.01190626640962612,0.9807410369802422
4670,F-A1-PORTSCAN-V-02,PortScan,PortScan,RF-v5,0.0031173831870937837,0.011025379037612469,0.9858572377752948
4671,F-A1-PORTSCAN-V-02,PortScan,PortScan,RF-v5,0.32947772067831005,0.23476258133233752,0.4357596979893528
4672,F-A1-PORTSCAN-V-02,PortScan,PortScan,RF-v5,0.003150333057869539,0.006077337496813229,0.9907723294453185
4673,F-A1-PORTSCAN-V-02,PortScan,PortScan,RF-v5,0.003150333057869539,0.006077337496813229,0.9907723294453185
4674,F-A1-PORTSCAN-V-02,PortScan,PortScan,RF-v5,0.0031173831870937837,0.01190626640962612,0.9849763504032812
4675,F-A1-PORTSCAN-V-02,PortScan,PortScan,RF-v5,0.003150333057869539,0.006077337496813229,0.9907723294453185
4676,F-A1-PORTSCAN-V-02,PortScan,PortScan,RF-v5,0.003150333057869539,0.006077337496813229,0.9907723294453185
4677,F-A1-PORTSCAN-V-02,PortScan,PortScan,RF-v5,0.0031173831870937837,0.01190626640962612,0.9849763504032812
4678,F-A1-PORTSCAN-V-02,PortScan,PortScan,RF-v5,0.003150333057869539,0.006077337496813229,0.9907723294453185
4679,F-A1-PORTSCAN-V-02,PortScan,PortScan,RF-v5,0.007352696610132838,0.01190626640962612,0.9807410369802422
4680,F-A1-PORTSCAN-V-02,PortScan,PortScan,RF-v5,0.007352696610132838,0.01190626640962612,0.9807410369802422
4681,F-A1-PORTSCAN-V-02,PortScan,PortScan,RF-v5,0.007352696610132838,0.01190626640962612,0.9807410369802422
4682,F-A1-PORTSCAN-V-02,PortScan,PortScan,RF-v5,0.0031173831870937837,0.01190626640962612,0.9849763504032812
4683,F-A1-PORTSCAN-V-02,PortScan,PortScan,RF-v5,0.0031173831870937837,0.01190626640962612,0.9849763504032812
4684,F-A1-PORTSCAN-V-02,PortScan,PortScan,RF-v5,0.003150333057869539,0.006077337496813229,0.9907723294453185
4685,F-A1-PORTSCAN-V-02,PortScan,PortScan,RF-v5,0.0031173831870937837,0.01190626640962612,0.9849763504032812
4686,F-A1-PORTSCAN-V-02,PortScan,PortScan,RF-v5,0.0031173831870937837,0.011025379037612469,0.9858572377752948
4687,F-A1-PORTSCAN-V-02,PortScan,PortScan,RF-v5,0.0031173831870937837,0.01190626640962612,0.9849763504032812
4688,F-A1-PORTSCAN-V-02,PortScan,PortScan,RF-v5,0.003150333057869539,0.006077337496813229,0.9907723294453185
4689,F-A1-PORTSCAN-V-02,PortScan,PortScan,RF-v5,0.0031173831870937837,0.01190626640962612,0.9849763504032812
4690,F-A1-PORTSCAN-V-02,PortScan,PortScan,RF-v5,0.007352696610132838,0.01190626640962612,0.9807410369802422
4691,F-A1-PORTSCAN-V-02,PortScan,PortScan,RF-v5,0.005276748291942728,0.005947894303711483,0.9887753574043469
4692,F-A1-PORTSCAN-V-02,PortScan,PortScan,RF-v5,0.0029738601050267365,0.005947894303711483,0.991078245591263
4693,F-A1-PORTSCAN-V-02,PortScan,PortScan,RF-v5,0.0029738601050267365,0.005947894303711483,0.991078245591263
4694,F-A1-PORTSCAN-V-02,PortScan,PortScan,RF-v5,0.0031173831870937837,0.011025379037612469,0.9858572377752948
4695,F-A1-PORTSCAN-V-02,PortScan,PortScan,RF-v5,0.0031173831870937837,0.01190626640962612,0.9849763504032812
4696,F-A1-PORTSCAN-V-02,PortScan,PortScan,RF-v5,0.003150333057869539,0.006077337496813229,0.9907723294453185
4697,F-A1-PORTSCAN-V-02,PortScan,PortScan,RF-v5,0.003150333057869539,0.006077337496813229,0.9907723294453185
4698,F-A1-PORTSCAN-V-02,PortScan,PortScan,RF-v5,0.0031173831870937837,0.01190626640962612,0.9849763504032812
4699,F-A1-PORTSCAN-V-02,PortScan,PortScan,RF-v5,0.003150333057869539,0.006077337496813229,0.9907723294453185
4700,F-A1-PORTSCAN-V-02,PortScan,PortScan,RF-v5,0.003150333057869539,0.006077337496813229,0.9907723294453185
4701,F-A1-PORTSCAN-V-02,PortScan,PortScan,RF-v5,0.007352696610132838,0.01190626640962612,0.9807410369802422
4702,F-A1-PORTSCAN-V-02,PortScan,PortScan,RF-v5,0.007352696610132838,0.01190626640962612,0.9807410369802422
4703,F-A1-PORTSCAN-V-02,PortScan,PortScan,RF-v5,0.0031173831870937837,0.01190626640962612,0.9849763504032812
4704,F-A1-PORTSCAN-V-02,PortScan,PortScan,RF-v5,0.007352696610132838,0.01190626640962612,0.9807410369802422
4705,F-A1-PORTSCAN-V-02,PortScan,PortScan,RF-v5,0.0031173831870937837,0.01190626640962612,0.9849763504032812
4706,F-A1-PORTSCAN-V-02,PortScan,PortScan,RF-v5,0.0031173831870937837,0.01190626640962612,0.9849763504032812
4707,F-A1-PORTSCAN-V-02,PortScan,PortScan,RF-v5,0.003150333057869539,0.006077337496813229,0.9907723294453185
4708,F-A1-PORTSCAN-V-02,PortScan,PortScan,RF-v5,0.007352696610132838,0.01190626640962612,0.9807410369802422
4709,F-A1-PORTSCAN-V-02,PortScan,PortScan,RF-v5,0.003150333057869539,0.006077337496813229,0.9907723294453185
4710,F-A1-PORTSCAN-V-02,PortScan,PortScan,RF-v5,0.003150333057869539,0.006077337496813229,0.9907723294453185
4711,F-A1-PORTSCAN-V-02,PortScan,PortScan,RF-v5,0.007352696610132838,0.01190626640962612,0.9807410369802422
4712,F-A1-PORTSCAN-V-02,PortScan,PortScan,RF-v5,0.007352696610132838,0.01190626640962612,0.9807410369802422
4713,F-A1-PORTSCAN-V-02,PortScan,PortScan,RF-v5,0.005612143572681964,0.006482568294333889,0.9879052881329854
4714,F-A1-PORTSCAN-V-02,PortScan,PortScan,RF-v5,0.003150333057869539,0.006077337496813229,0.9907723294453185
4715,F-A1-PORTSCAN-V-02,PortScan,PortScan,RF-v5,0.003150333057869539,0.006077337496813229,0.9907723294453185
4716,F-A1-PORTSCAN-V-02,PortScan,PortScan,RF-v5,0.0029738601050267365,0.005947894303711483,0.991078245591263
4717,F-A1-PORTSCAN-V-02,PortScan,PortScan,RF-v5,0.0031173831870937837,0.01190626640962612,0.9849763504032812
4718,F-A1-PORTSCAN-V-02,PortScan,PortScan,RF-v5,0.007352696610132838,0.01190626640962612,0.9807410369802422
4719,F-A1-PORTSCAN-V-02,PortScan,PortScan,RF-v5,0.003150333057869539,0.006077337496813229,0.9907723294453185
4720,F-A1-PORTSCAN-V-02,PortScan,PortScan,RF-v5,0.003194338180644271,0.009174012094615188,0.9876316497247416
4721,F-A1-PORTSCAN-V-02,PortScan,PortScan,RF-v5,0.0031173831870937837,0.01190626640962612,0.9849763504032812
4722,F-A1-PORTSCAN-V-02,PortScan,PortScan,RF-v5,0.007352696610132838,0.01190626640962612,0.9807410369802422
4723,F-A1-PORTSCAN-V-02,PortScan,PortScan,RF-v5,0.0031173831870937837,0.01190626640962612,0.9849763504032812
4724,F-A1-PORTSCAN-V-02,PortScan,PortScan,RF-v5,0.003150333057869539,0.006077337496813229,0.9907723294453185
4725,F-A1-PORTSCAN-V-02,PortScan,PortScan,RF-v5,0.007352696610132838,0.01190626640962612,0.9807410369802422
4726,F-A1-PORTSCAN-V-02,PortScan,PortScan,RF-v5,0.003150333057869539,0.006077337496813229,0.9907723294453185
4727,F-A1-PORTSCAN-V-02,PortScan,PortScan,RF-v5,0.003150333057869539,0.006077337496813229,0.9907723294453185
4728,F-A1-PORTSCAN-V-02,PortScan,PortScan,RF-v5,0.003150333057869539,0.006077337496813229,0.9907723294453185
4729,F-A1-PORTSCAN-V-02,PortScan,PortScan,RF-v5,0.0031173831870937837,0.01190626640962612,0.9849763504032812
4730,F-A1-PORTSCAN-V-02,PortScan,PortScan,RF-v5,0.0031173831870937837,0.011025379037612469,0.9858572377752948
4731,F-A1-PORTSCAN-V-02,PortScan,PortScan,RF-v5,0.003150333057869539,0.006077337496813229,0.9907723294453185
4732,F-A1-PORTSCAN-V-02,PortScan,PortScan,RF-v5,0.003150333057869539,0.006077337496813229,0.9907723294453185
4733,F-A1-PORTSCAN-V-02,PortScan,PortScan,RF-v5,0.007352696610132838,0.01190626640962612,0.9807410369802422
4734,F-A1-PORTSCAN-V-02,PortScan,PortScan,RF-v5,0.0031173831870937837,0.01190626640962612,0.9849763504032812
4735,F-A1-PORTSCAN-V-02,PortScan,PortScan,RF-v5,0.003150333057869539,0.006077337496813229,0.9907723294453185
4736,F-A1-PORTSCAN-V-02,PortScan,PortScan,RF-v5,0.0031173831870937837,0.011025379037612469,0.9858572377752948
4737,F-A1-PORTSCAN-V-02,PortScan,PortScan,RF-v5,0.0031173831870937837,0.01190626640962612,0.9849763504032812
4738,F-A1-PORTSCAN-V-02,PortScan,PortScan,RF-v5,0.003150333057869539,0.006077337496813229,0.9907723294453185
4739,F-A1-PORTSCAN-V-02,PortScan,PortScan,RF-v5,0.005445017986967171,0.006482568294333889,0.9880724137187
4740,F-A1-PORTSCAN-V-02,PortScan,PortScan,RF-v5,0.0031173831870937837,0.011025379037612469,0.9858572377752948
4741,F-A1-PORTSCAN-V-02,PortScan,PortScan,RF-v5,0.007352696610132838,0.01190626640962612,0.9807410369802422
4742,F-A1-PORTSCAN-V-02,PortScan,PortScan,RF-v5,0.0031173831870937837,0.01190626640962612,0.9849763504032812
4743,F-A1-PORTSCAN-V-02,PortScan,PortScan,RF-v5,0.003150333057869539,0.006077337496813229,0.9907723294453185
4744,F-A1-PORTSCAN-V-02,PortScan,PortScan,RF-v5,0.0031173831870937837,0.011025379037612469,0.9858572377752948
4745,F-A1-PORTSCAN-V-02,PortScan,PortScan,RF-v5,0.0031173831870937837,0.011025379037612469,0.9858572377752948
4746,F-A1-PORTSCAN-V-02,PortScan,PortScan,RF-v5,0.0031173831870937837,0.01190626640962612,0.9849763504032812
4747,F-A1-PORTSCAN-V-02,PortScan,PortScan,RF-v5,0.003150333057869539,0.006077337496813229,0.9907723294453185
4748,F-A1-PORTSCAN-V-02,PortScan,PortScan,RF-v5,0.0029738601050267365,0.005947894303711483,0.991078245591263
4749,F-A1-PORTSCAN-V-02,PortScan,PortScan,RF-v5,0.003150333057869539,0.006077337496813229,0.9907723294453185
4750,F-A1-PORTSCAN-V-02,PortScan,PortScan,RF-v5,0.007352696610132838,0.01190626640962612,0.9807410369802422
4751,F-A1-PORTSCAN-V-02,PortScan,PortScan,RF-v5,0.0031173831870937837,0.01190626640962612,0.9849763504032812
4752,F-A1-PORTSCAN-V-02,PortScan,PortScan,RF-v5,0.003150333057869539,0.006077337496813229,0.9907723294453185
4753,F-A1-PORTSCAN-V-02,PortScan,PortScan,RF-v5,0.0031173831870937837,0.011025379037612469,0.9858572377752948
4754,F-A1-PORTSCAN-V-02,PortScan,PortScan,RF-v5,0.0031173831870937837,0.01190626640962612,0.9849763504032812
4755,F-A1-PORTSCAN-V-02,PortScan,PortScan,RF-v5,0.0031173831870937837,0.011025379037612469,0.9858572377752948
4756,F-A1-PORTSCAN-V-02,PortScan,PortScan,RF-v5,0.0031173831870937837,0.011025379037612469,0.9858572377752948
4757,F-A1-PORTSCAN-V-02,PortScan,PortScan,RF-v5,0.003150333057869539,0.006077337496813229,0.9907723294453185
4758,F-A1-PORTSCAN-V-02,PortScan,PortScan,RF-v5,0.0031173831870937837,0.01190626640962612,0.9849763504032812
4759,F-A1-PORTSCAN-V-02,PortScan,PortScan,RF-v5,0.0031173831870937837,0.01190626640962612,0.9849763504032812
4760,F-A1-PORTSCAN-V-02,PortScan,PortScan,RF-v5,0.003150333057869539,0.006077337496813229,0.9907723294453185
4761,F-A1-PORTSCAN-V-02,PortScan,PortScan,RF-v5,0.0031173831870937837,0.011025379037612469,0.9858572377752948
4762,F-A1-PORTSCAN-V-02,PortScan,PortScan,RF-v5,0.007352696610132838,0.01190626640962612,0.9807410369802422
4763,F-A1-PORTSCAN-V-02,PortScan,PortScan,RF-v5,0.003150333057869539,0.006077337496813229,0.9907723294453185
4764,F-A1-PORTSCAN-V-02,PortScan,PortScan,RF-v5,0.0031173831870937837,0.01190626640962612,0.9849763504032812
4765,F-A1-PORTSCAN-V-02,PortScan,PortScan,RF-v5,0.003150333057869539,0.006077337496813229,0.9907723294453185
4766,F-A1-PORTSCAN-V-02,PortScan,PortScan,RF-v5,0.0031173831870937837,0.01190626640962612,0.9849763504032812
4767,F-A1-PORTSCAN-V-02,PortScan,PortScan,RF-v5,0.003150333057869539,0.006077337496813229,0.9907723294453185
4768,F-A1-PORTSCAN-V-02,PortScan,PortScan,RF-v5,0.003150333057869539,0.006077337496813229,0.9907723294453185
4769,F-A1-PORTSCAN-V-02,PortScan,PortScan,RF-v5,0.003150333057869539,0.006077337496813229,0.9907723294453185
4770,F-A1-PORTSCAN-V-02,PortScan,PortScan,RF-v5,0.003150333057869539,0.006077337496813229,0.9907723294453185
4771,F-A1-PORTSCAN-V-02,PortScan,PortScan,RF-v5,0.003150333057869539,0.006077337496813229,0.9907723294453185
4772,F-A1-PORTSCAN-V-02,PortScan,PortScan,RF-v5,0.003150333057869539,0.006077337496813229,0.9907723294453185
4773,F-A1-PORTSCAN-V-02,PortScan,PortScan,RF-v5,0.007352696610132838,0.01190626640962612,0.9807410369802422
4774,F-A1-PORTSCAN-V-02,PortScan,PortScan,RF-v5,0.0031173831870937837,0.011025379037612469,0.9858572377752948
4775,F-A1-PORTSCAN-V-02,PortScan,PortScan,RF-v5,0.003150333057869539,0.006077337496813229,0.9907723294453185
4776,F-A1-PORTSCAN-V-02,PortScan,PortScan,RF-v5,0.0031173831870937837,0.01190626640962612,0.9849763504032812
4777,F-A1-PORTSCAN-V-02,PortScan,PortScan,RF-v5,0.0031173831870937837,0.01190626640962612,0.9849763504032812
4778,F-A1-PORTSCAN-V-02,PortScan,PortScan,RF-v5,0.003150333057869539,0.006077337496813229,0.9907723294453185
4779,F-A1-PORTSCAN-V-02,PortScan,PortScan,RF-v5,0.003150333057869539,0.006077337496813229,0.9907723294453185
4780,F-A1-PORTSCAN-V-02,PortScan,PortScan,RF-v5,0.003150333057869539,0.006077337496813229,0.9907723294453185
4781,F-A1-PORTSCAN-V-02,PortScan,PortScan,RF-v5,0.0031173831870937837,0.01190626640962612,0.9849763504032812
4782,F-A1-PORTSCAN-V-02,PortScan,PortScan,RF-v5,0.0031173831870937837,0.01190626640962612,0.9849763504032812
4783,F-A1-PORTSCAN-V-02,PortScan,PortScan,RF-v5,0.0031173831870937837,0.01190626640962612,0.9849763504032812
4784,F-A1-PORTSCAN-V-02,PortScan,PortScan,RF-v5,0.003150333057869539,0.006077337496813229,0.9907723294453185
4785,F-A1-PORTSCAN-V-02,PortScan,PortScan,RF-v5,0.007352696610132838,0.01190626640962612,0.9807410369802422
4786,F-A1-PORTSCAN-V-02,PortScan,PortScan,RF-v5,0.007352696610132838,0.01190626640962612,0.9807410369802422
4787,F-A1-PORTSCAN-V-02,PortScan,PortScan,RF-v5,0.003150333057869539,0.006077337496813229,0.9907723294453185
4788,F-A1-PORTSCAN-V-02,PortScan,PortScan,RF-v5,0.005276748291942728,0.005947894303711483,0.9887753574043469
4789,F-A1-PORTSCAN-V-02,PortScan,PortScan,RF-v5,0.0031173831870937837,0.01190626640962612,0.9849763504032812
4790,F-A1-PORTSCAN-V-02,PortScan,PortScan,RF-v5,0.003150333057869539,0.006077337496813229,0.9907723294453185
4791,F-A1-PORTSCAN-V-02,PortScan,PortScan,RF-v5,0.003150333057869539,0.006920768695887043,0.9899288982462445
4792,F-A1-PORTSCAN-V-02,PortScan,PortScan,RF-v5,0.003150333057869539,0.006077337496813229,0.9907723294453185
4793,F-A1-PORTSCAN-V-02,PortScan,PortScan,RF-v5,0.007352696610132838,0.01190626640962612,0.9807410369802422
4794,F-A1-PORTSCAN-V-02,PortScan,PortScan,RF-v5,0.0031173831870937837,0.01190626640962612,0.9849763504032812
4795,F-A1-PORTSCAN-V-02,PortScan,PortScan,RF-v5,0.0031173831870937837,0.011025379037612469,0.9858572377752948
4796,F-A1-PORTSCAN-V-02,PortScan,PortScan,RF-v5,0.0031173831870937837,0.01190626640962612,0.9849763504032812
4797,F-A1-PORTSCAN-V-02,PortScan,PortScan,RF-v5,0.003150333057869539,0.006077337496813229,0.9907723294453185
4798,F-A1-PORTSCAN-V-02,PortScan,PortScan,RF-v5,0.0031173831870937837,0.01190626640962612,0.9849763504032812
4799,F-A1-PORTSCAN-V-02,PortScan,PortScan,RF-v5,0.003150333057869539,0.006077337496813229,0.9907723294453185
4800,F-A1-PORTSCAN-V-02,PortScan,PortScan,RF-v5,0.007352696610132838,0.01190626640962612,0.9807410369802422
4801,F-A1-PORTSCAN-V-02,PortScan,PortScan,RF-v5,0.003150333057869539,0.006077337496813229,0.9907723294453185
4802,F-A1-PORTSCAN-V-02,PortScan,PortScan,RF-v5,0.0031173831870937837,0.01190626640962612,0.9849763504032812
4803,F-A1-PORTSCAN-V-02,PortScan,PortScan,RF-v5,0.007352696610132838,0.01190626640962612,0.9807410369802422
4804,F-A1-PORTSCAN-V-02,PortScan,PortScan,RF-v5,0.0031173831870937837,0.01190626640962612,0.9849763504032812
4805,F-A1-PORTSCAN-V-02,PortScan,PortScan,RF-v5,0.0031173831870937837,0.01190626640962612,0.9849763504032812
4806,F-A1-PORTSCAN-V-02,PortScan,PortScan,RF-v5,0.003150333057869539,0.006077337496813229,0.9907723294453185
4807,F-A1-PORTSCAN-V-02,PortScan,PortScan,RF-v5,0.007352696610132838,0.01190626640962612,0.9807410369802422
4808,F-A1-PORTSCAN-V-02,PortScan,PortScan,RF-v5,0.0031173831870937837,0.011025379037612469,0.9858572377752948
4809,F-A1-PORTSCAN-V-02,PortScan,PortScan,RF-v5,0.007352696610132838,0.01190626640962612,0.9807410369802422
4810,F-A1-PORTSCAN-V-02,PortScan,PortScan,RF-v5,0.003150333057869539,0.006077337496813229,0.9907723294453185
4811,F-A1-PORTSCAN-V-02,PortScan,PortScan,RF-v5,0.003150333057869539,0.006077337496813229,0.9907723294453185
4812,F-A1-PORTSCAN-V-02,PortScan,PortScan,RF-v5,0.007352696610132838,0.01190626640962612,0.9807410369802422
4813,F-A1-PORTSCAN-V-02,PortScan,PortScan,RF-v5,0.003150333057869539,0.006077337496813229,0.9907723294453185
4814,F-A1-PORTSCAN-V-02,PortScan,PortScan,RF-v5,0.003150333057869539,0.006077337496813229,0.9907723294453185
4815,F-A1-PORTSCAN-V-02,PortScan,PortScan,RF-v5,0.007352696610132838,0.01190626640962612,0.9807410369802422
4816,F-A1-PORTSCAN-V-02,PortScan,PortScan,RF-v5,0.0029738601050267365,0.005947894303711483,0.991078245591263
4817,F-A1-PORTSCAN-V-02,PortScan,PortScan,RF-v5,0.0029738601050267365,0.005947894303711483,0.991078245591263
4818,F-A1-PORTSCAN-V-02,PortScan,PortScan,RF-v5,0.005276748291942728,0.005947894303711483,0.9887753574043469
4819,F-A1-PORTSCAN-V-02,PortScan,PortScan,RF-v5,0.0031173831870937837,0.01190626640962612,0.9849763504032812
4820,F-A1-PORTSCAN-V-02,PortScan,PortScan,RF-v5,0.0031173831870937837,0.01190626640962612,0.9849763504032812
4821,F-A1-PORTSCAN-V-02,PortScan,PortScan,RF-v5,0.007352696610132838,0.01190626640962612,0.9807410369802422
4822,F-A1-PORTSCAN-V-02,PortScan,PortScan,RF-v5,0.0031173831870937837,0.01190626640962612,0.9849763504032812
4823,F-A1-PORTSCAN-V-02,PortScan,PortScan,RF-v5,0.0031173831870937837,0.011025379037612469,0.9858572377752948
4824,F-A1-PORTSCAN-V-02,PortScan,PortScan,RF-v5,0.003150333057869539,0.006077337496813229,0.9907723294453185
4825,F-A1-PORTSCAN-V-02,PortScan,PortScan,RF-v5,0.007352696610132838,0.01190626640962612,0.9807410369802422
4826,F-A1-PORTSCAN-V-02,PortScan,PortScan,RF-v5,0.0031173831870937837,0.011025379037612469,0.9858572377752948
4827,F-A1-PORTSCAN-V-02,PortScan,PortScan,RF-v5,0.0031173831870937837,0.01190626640962612,0.9849763504032812
4828,F-A1-PORTSCAN-V-02,PortScan,PortScan,RF-v5,0.003150333057869539,0.006077337496813229,0.9907723294453185
4829,F-A1-PORTSCAN-V-02,PortScan,PortScan,RF-v5,0.003150333057869539,0.006077337496813229,0.9907723294453185
4830,F-A1-PORTSCAN-V-02,PortScan,PortScan,RF-v5,0.0031173831870937837,0.011025379037612469,0.9858572377752948
4831,F-A1-PORTSCAN-V-02,PortScan,PortScan,RF-v5,0.0031173831870937837,0.011025379037612469,0.9858572377752948
4832,F-A1-PORTSCAN-V-02,PortScan,PortScan,RF-v5,0.0031173831870937837,0.011025379037612469,0.9858572377752948
4833,F-A1-PORTSCAN-V-02,PortScan,PortScan,RF-v5,0.0031173831870937837,0.01190626640962612,0.9849763504032812
4834,F-A1-PORTSCAN-V-02,PortScan,PortScan,RF-v5,0.003150333057869539,0.006077337496813229,0.9907723294453185
4835,F-A1-PORTSCAN-V-02,PortScan,PortScan,RF-v5,0.003150333057869539,0.006077337496813229,0.9907723294453185
4836,F-A1-PORTSCAN-V-02,PortScan,PortScan,RF-v5,0.0031173831870937837,0.011025379037612469,0.9858572377752948
4837,F-A1-PORTSCAN-V-02,PortScan,PortScan,RF-v5,0.007352696610132838,0.01190626640962612,0.9807410369802422
4838,F-A1-PORTSCAN-V-02,PortScan,PortScan,RF-v5,0.003150333057869539,0.006077337496813229,0.9907723294453185
4839,F-A1-PORTSCAN-V-02,PortScan,PortScan,RF-v5,0.0031173831870937837,0.01190626640962612,0.9849763504032812
4840,F-A1-PORTSCAN-V-02,PortScan,PortScan,RF-v5,0.007352696610132838,0.01190626640962612,0.9807410369802422
4841,F-A1-PORTSCAN-V-02,PortScan,PortScan,RF-v5,0.003150333057869539,0.006077337496813229,0.9907723294453185
4842,F-A1-PORTSCAN-V-02,PortScan,PortScan,RF-v5,0.003150333057869539,0.006077337496813229,0.9907723294453185
4843,F-A1-PORTSCAN-V-02,PortScan,PortScan,RF-v5,0.003150333057869539,0.006077337496813229,0.9907723294453185
4844,F-A1-PORTSCAN-V-02,PortScan,PortScan,RF-v5,0.003150333057869539,0.006077337496813229,0.9907723294453185
4845,F-A1-PORTSCAN-V-02,PortScan,PortScan,RF-v5,0.0031173831870937837,0.011025379037612469,0.9858572377752948
4846,F-A1-PORTSCAN-V-02,PortScan,PortScan,RF-v5,0.003150333057869539,0.006077337496813229,0.9907723294453185
4847,F-A1-PORTSCAN-V-02,PortScan,PortScan,RF-v5,0.0031173831870937837,0.01190626640962612,0.9849763504032812
4848,F-A1-PORTSCAN-V-02,PortScan,PortScan,RF-v5,0.0031173831870937837,0.011025379037612469,0.9858572377752948
4849,F-A1-PORTSCAN-V-02,PortScan,PortScan,RF-v5,0.0031173831870937837,0.01190626640962612,0.9849763504032812
4850,F-A1-PORTSCAN-V-02,PortScan,PortScan,RF-v5,0.007352696610132838,0.01190626640962612,0.9807410369802422
4851,F-A1-PORTSCAN-V-02,PortScan,PortScan,RF-v5,0.003150333057869539,0.006077337496813229,0.9907723294453185
4852,F-A1-PORTSCAN-V-02,PortScan,PortScan,RF-v5,0.0031173831870937837,0.011025379037612469,0.9858572377752948
4853,F-A1-PORTSCAN-V-02,PortScan,PortScan,RF-v5,0.003150333057869539,0.006077337496813229,0.9907723294453185
4854,F-A1-PORTSCAN-V-02,PortScan,PortScan,RF-v5,0.003150333057869539,0.006077337496813229,0.9907723294453185
4855,F-A1-PORTSCAN-V-02,PortScan,PortScan,RF-v5,0.003150333057869539,0.006077337496813229,0.9907723294453185
4856,F-A1-PORTSCAN-V-02,PortScan,PortScan,RF-v5,0.003150333057869539,0.006077337496813229,0.9907723294453185
4857,F-A1-PORTSCAN-V-02,PortScan,PortScan,RF-v5,0.003150333057869539,0.006077337496813229,0.9907723294453185
4858,F-A1-PORTSCAN-V-02,PortScan,PortScan,RF-v5,0.007352696610132838,0.01190626640962612,0.9807410369802422
4859,F-A1-PORTSCAN-V-02,PortScan,PortScan,RF-v5,0.003150333057869539,0.006077337496813229,0.9907723294453185
4860,F-A1-PORTSCAN-V-02,PortScan,PortScan,RF-v5,0.0031173831870937837,0.01190626640962612,0.9849763504032812
4861,F-A1-PORTSCAN-V-02,PortScan,PortScan,RF-v5,0.0029738601050267365,0.005947894303711483,0.991078245591263
4862,F-A1-PORTSCAN-V-02,PortScan,PortScan,RF-v5,0.003150333057869539,0.006077337496813229,0.9907723294453185
4863,F-A1-PORTSCAN-V-02,PortScan,PortScan,RF-v5,0.007352696610132838,0.01190626640962612,0.9807410369802422
4864,F-A1-PORTSCAN-V-02,PortScan,PortScan,RF-v5,0.007352696610132838,0.01190626640962612,0.9807410369802422
4865,F-A1-PORTSCAN-V-02,PortScan,PortScan,RF-v5,0.003150333057869539,0.006077337496813229,0.9907723294453185
4866,F-A1-PORTSCAN-V-02,PortScan,PortScan,RF-v5,0.007352696610132838,0.01190626640962612,0.9807410369802422
4867,F-A1-PORTSCAN-V-02,PortScan,PortScan,RF-v5,0.0031173831870937837,0.01190626640962612,0.9849763504032812
4868,F-A1-PORTSCAN-V-02,PortScan,PortScan,RF-v5,0.0031173831870937837,0.011025379037612469,0.9858572377752948
4869,F-A1-PORTSCAN-V-02,PortScan,PortScan,RF-v5,0.007352696610132838,0.01190626640962612,0.9807410369802422
4870,F-A1-PORTSCAN-V-02,PortScan,PortScan,RF-v5,0.007352696610132838,0.01190626640962612,0.9807410369802422
4871,F-A1-PORTSCAN-V-02,PortScan,PortScan,RF-v5,0.005445017986967171,0.006482568294333889,0.9880724137187
4872,F-A1-PORTSCAN-V-02,PortScan,PortScan,RF-v5,0.0031173831870937837,0.011025379037612469,0.9858572377752948
4873,F-A1-PORTSCAN-V-02,PortScan,PortScan,RF-v5,0.007352696610132838,0.01190626640962612,0.9807410369802422
4874,F-A1-PORTSCAN-V-02,PortScan,PortScan,RF-v5,0.003150333057869539,0.006077337496813229,0.9907723294453185
4875,F-A1-PORTSCAN-V-02,PortScan,PortScan,RF-v5,0.0031173831870937837,0.011025379037612469,0.9858572377752948
4876,F-A1-PORTSCAN-V-02,PortScan,PortScan,RF-v5,0.003150333057869539,0.006077337496813229,0.9907723294453185
4877,F-A1-PORTSCAN-V-02,PortScan,PortScan,RF-v5,0.0031173831870937837,0.01190626640962612,0.9849763504032812
4878,F-A1-PORTSCAN-V-02,PortScan,PortScan,RF-v5,0.0031173831870937837,0.01190626640962612,0.9849763504032812
4879,F-A1-PORTSCAN-V-02,PortScan,PortScan,RF-v5,0.0031173831870937837,0.01190626640962612,0.9849763504032812
4880,F-A1-PORTSCAN-V-02,PortScan,PortScan,RF-v5,0.003150333057869539,0.006077337496813229,0.9907723294453185
4881,F-A1-PORTSCAN-V-02,PortScan,PortScan,RF-v5,0.003150333057869539,0.006077337496813229,0.9907723294453185
4882,F-A1-PORTSCAN-V-02,PortScan,PortScan,RF-v5,0.0031173831870937837,0.01190626640962612,0.9849763504032812
4883,F-A1-PORTSCAN-V-02,PortScan,PortScan,RF-v5,0.003150333057869539,0.006077337496813229,0.9907723294453185
4884,F-A1-PORTSCAN-V-02,PortScan,PortScan,RF-v5,0.003150333057869539,0.006077337496813229,0.9907723294453185
4885,F-A1-PORTSCAN-V-02,PortScan,PortScan,RF-v5,0.0029738601050267365,0.005947894303711483,0.991078245591263
4886,F-A1-PORTSCAN-V-02,PortScan,PortScan,RF-v5,0.0031173831870937837,0.01190626640962612,0.9849763504032812
4887,F-A1-PORTSCAN-V-02,PortScan,PortScan,RF-v5,0.003150333057869539,0.006077337496813229,0.9907723294453185
4888,F-A1-PORTSCAN-V-02,PortScan,PortScan,RF-v5,0.005612143572681964,0.006482568294333889,0.9879052881329854
4889,F-A1-PORTSCAN-V-02,PortScan,PortScan,RF-v5,0.0031173831870937837,0.01190626640962612,0.9849763504032812
4890,F-A1-PORTSCAN-V-02,PortScan,PortScan,RF-v5,0.003150333057869539,0.006077337496813229,0.9907723294453185
4891,F-A1-PORTSCAN-V-02,PortScan,PortScan,RF-v5,0.0031173831870937837,0.01190626640962612,0.9849763504032812
4892,F-A1-PORTSCAN-V-02,PortScan,PortScan,RF-v5,0.0029738601050267365,0.005947894303711483,0.991078245591263
4893,F-A1-PORTSCAN-V-02,PortScan,PortScan,RF-v5,0.003150333057869539,0.006077337496813229,0.9907723294453185
4894,F-A1-PORTSCAN-V-02,PortScan,PortScan,RF-v5,0.0031173831870937837,0.01190626640962612,0.9849763504032812
4895,F-A1-PORTSCAN-V-02,PortScan,PortScan,RF-v5,0.003150333057869539,0.006077337496813229,0.9907723294453185
4896,F-A1-PORTSCAN-V-02,PortScan,PortScan,RF-v5,0.007352696610132838,0.01190626640962612,0.9807410369802422
4897,F-A1-PORTSCAN-V-02,PortScan,PortScan,RF-v5,0.003150333057869539,0.006077337496813229,0.9907723294453185
4898,F-A1-PORTSCAN-V-02,PortScan,PortScan,RF-v5,0.007352696610132838,0.01190626640962612,0.9807410369802422
4899,F-A1-PORTSCAN-V-02,PortScan,PortScan,RF-v5,0.0029738601050267365,0.005947894303711483,0.991078245591263
4900,F-A1-PORTSCAN-V-02,PortScan,PortScan,RF-v5,0.007352696610132838,0.01190626640962612,0.9807410369802422
4901,F-A1-PORTSCAN-V-02,PortScan,PortScan,RF-v5,0.0031173831870937837,0.011025379037612469,0.9858572377752948
4902,F-A1-PORTSCAN-V-02,PortScan,PortScan,RF-v5,0.003150333057869539,0.006077337496813229,0.9907723294453185
4903,F-A1-PORTSCAN-V-02,PortScan,PortScan,RF-v5,0.003150333057869539,0.006077337496813229,0.9907723294453185
4904,F-A1-PORTSCAN-V-02,PortScan,PortScan,RF-v5,0.0031173831870937837,0.011025379037612469,0.9858572377752948
4905,F-A1-PORTSCAN-V-02,PortScan,PortScan,RF-v5,0.007352696610132838,0.01190626640962612,0.9807410369802422
4906,F-A1-PORTSCAN-V-02,PortScan,PortScan,RF-v5,0.0031173831870937837,0.011025379037612469,0.9858572377752948
4907,F-A1-PORTSCAN-V-02,PortScan,PortScan,RF-v5,0.0029738601050267365,0.005947894303711483,0.991078245591263
4908,F-A1-PORTSCAN-V-02,PortScan,PortScan,RF-v5,0.0029738601050267365,0.005947894303711483,0.991078245591263
4909,F-A1-PORTSCAN-V-02,PortScan,PortScan,RF-v5,0.0031173831870937837,0.01190626640962612,0.9849763504032812
4910,F-A1-PORTSCAN-V-02,PortScan,PortScan,RF-v5,0.003150333057869539,0.006077337496813229,0.9907723294453185
4911,F-A1-PORTSCAN-V-02,PortScan,PortScan,RF-v5,0.0031173831870937837,0.011025379037612469,0.9858572377752948
4912,F-A1-PORTSCAN-V-02,PortScan,PortScan,RF-v5,0.007352696610132838,0.01190626640962612,0.9807410369802422
4913,F-A1-PORTSCAN-V-02,PortScan,PortScan,RF-v5,0.003150333057869539,0.006077337496813229,0.9907723294453185
4914,F-A1-PORTSCAN-V-02,PortScan,PortScan,RF-v5,0.003150333057869539,0.006077337496813229,0.9907723294453185
4915,F-A1-PORTSCAN-V-02,PortScan,PortScan,RF-v5,0.0031173831870937837,0.011025379037612469,0.9858572377752948
4916,F-A1-PORTSCAN-V-02,PortScan,PortScan,RF-v5,0.0031173831870937837,0.011025379037612469,0.9858572377752948
4917,F-A1-PORTSCAN-V-02,PortScan,PortScan,RF-v5,0.005445017986967171,0.006482568294333889,0.9880724137187
4918,F-A1-PORTSCAN-V-02,PortScan,PortScan,RF-v5,0.003150333057869539,0.006077337496813229,0.9907723294453185
4919,F-A1-PORTSCAN-V-02,PortScan,PortScan,RF-v5,0.0031173831870937837,0.01190626640962612,0.9849763504032812
4920,F-A1-PORTSCAN-V-02,PortScan,PortScan,RF-v5,0.0031173831870937837,0.01190626640962612,0.9849763504032812
4921,F-A1-PORTSCAN-V-02,PortScan,PortScan,RF-v5,0.0031173831870937837,0.011025379037612469,0.9858572377752948
4922,F-A1-PORTSCAN-V-02,PortScan,PortScan,RF-v5,0.0031173831870937837,0.01190626640962612,0.9849763504032812
4923,F-A1-PORTSCAN-V-02,PortScan,PortScan,RF-v5,0.0031173831870937837,0.011025379037612469,0.9858572377752948
4924,F-A1-PORTSCAN-V-02,PortScan,PortScan,RF-v5,0.007352696610132838,0.01190626640962612,0.9807410369802422
4925,F-A1-PORTSCAN-V-02,PortScan,PortScan,RF-v5,0.007352696610132838,0.01190626640962612,0.9807410369802422
4926,F-A1-PORTSCAN-V-02,PortScan,PortScan,RF-v5,0.0031173831870937837,0.01190626640962612,0.9849763504032812
4927,F-A1-PORTSCAN-V-02,PortScan,PortScan,RF-v5,0.003150333057869539,0.006077337496813229,0.9907723294453185
4928,F-A1-PORTSCAN-V-02,PortScan,PortScan,RF-v5,0.007352696610132838,0.01190626640962612,0.9807410369802422
4929,F-A1-PORTSCAN-V-02,PortScan,PortScan,RF-v5,0.003150333057869539,0.006077337496813229,0.9907723294453185
4930,F-A1-PORTSCAN-V-02,PortScan,PortScan,RF-v5,0.005445017986967171,0.006482568294333889,0.9880724137187
4931,F-A1-PORTSCAN-V-02,PortScan,PortScan,RF-v5,0.003150333057869539,0.006077337496813229,0.9907723294453185
4932,F-A1-PORTSCAN-V-02,PortScan,PortScan,RF-v5,0.003150333057869539,0.006077337496813229,0.9907723294453185
4933,F-A1-PORTSCAN-V-02,PortScan,PortScan,RF-v5,0.0031173831870937837,0.01190626640962612,0.9849763504032812
4934,F-A1-PORTSCAN-V-02,PortScan,PortScan,RF-v5,0.0031173831870937837,0.01190626640962612,0.9849763504032812
4935,F-A1-PORTSCAN-V-02,PortScan,PortScan,RF-v5,0.003150333057869539,0.006077337496813229,0.9907723294453185
4936,F-A1-PORTSCAN-V-02,PortScan,PortScan,RF-v5,0.003150333057869539,0.006077337496813229,0.9907723294453185
4937,F-A1-PORTSCAN-V-02,PortScan,PortScan,RF-v5,0.003150333057869539,0.006077337496813229,0.9907723294453185
4938,F-A1-PORTSCAN-V-02,PortScan,PortScan,RF-v5,0.007352696610132838,0.01190626640962612,0.9807410369802422
4939,F-A1-PORTSCAN-V-02,PortScan,PortScan,RF-v5,0.0031173831870937837,0.01190626640962612,0.9849763504032812
4940,F-A1-PORTSCAN-V-02,PortScan,PortScan,RF-v5,0.0029738601050267365,0.005947894303711483,0.991078245591263
4941,F-A1-PORTSCAN-V-02,PortScan,PortScan,RF-v5,0.0031173831870937837,0.01190626640962612,0.9849763504032812
4942,F-A1-PORTSCAN-V-02,PortScan,PortScan,RF-v5,0.0031173831870937837,0.01190626640962612,0.9849763504032812
4943,F-A1-PORTSCAN-V-02,PortScan,PortScan,RF-v5,0.0031173831870937837,0.01190626640962612,0.9849763504032812
4944,F-A1-PORTSCAN-V-02,PortScan,PortScan,RF-v5,0.0031173831870937837,0.011025379037612469,0.9858572377752948
4945,F-A1-PORTSCAN-V-02,PortScan,PortScan,RF-v5,0.0031173831870937837,0.01190626640962612,0.9849763504032812
4946,F-A1-PORTSCAN-V-02,PortScan,PortScan,RF-v5,0.0031173831870937837,0.01190626640962612,0.9849763504032812
4947,F-A1-PORTSCAN-V-02,PortScan,PortScan,RF-v5,0.007352696610132838,0.01190626640962612,0.9807410369802422
4948,F-A1-PORTSCAN-V-02,PortScan,PortScan,RF-v5,0.0031173831870937837,0.011025379037612469,0.9858572377752948
4949,F-A1-PORTSCAN-V-02,PortScan,PortScan,RF-v5,0.0031173831870937837,0.01190626640962612,0.9849763504032812
4950,F-A1-PORTSCAN-V-02,PortScan,PortScan,RF-v5,0.0031173831870937837,0.011025379037612469,0.9858572377752948
4951,F-A1-PORTSCAN-V-02,PortScan,PortScan,RF-v5,0.003150333057869539,0.006077337496813229,0.9907723294453185
4952,F-A1-PORTSCAN-V-02,PortScan,PortScan,RF-v5,0.007352696610132838,0.01190626640962612,0.9807410369802422
4953,F-A1-PORTSCAN-V-02,PortScan,PortScan,RF-v5,0.0031173831870937837,0.011025379037612469,0.9858572377752948
4954,F-A1-PORTSCAN-V-02,PortScan,PortScan,RF-v5,0.003150333057869539,0.006077337496813229,0.9907723294453185
4955,F-A1-PORTSCAN-V-02,PortScan,PortScan,RF-v5,0.0031173831870937837,0.011025379037612469,0.9858572377752948
4956,F-A1-PORTSCAN-V-02,PortScan,PortScan,RF-v5,0.0031173831870937837,0.011025379037612469,0.9858572377752948
4957,F-A1-PORTSCAN-V-02,PortScan,PortScan,RF-v5,0.0031173831870937837,0.011025379037612469,0.9858572377752948
4958,F-A1-PORTSCAN-V-02,PortScan,PortScan,RF-v5,0.0031173831870937837,0.011025379037612469,0.9858572377752948
4959,F-A1-PORTSCAN-V-02,PortScan,PortScan,RF-v5,0.003150333057869539,0.006077337496813229,0.9907723294453185
4960,F-A1-PORTSCAN-V-02,PortScan,PortScan,RF-v5,0.0031173831870937837,0.011025379037612469,0.9858572377752948
4961,F-A1-PORTSCAN-V-02,PortScan,PortScan,RF-v5,0.0029738601050267365,0.005947894303711483,0.991078245591263
4962,F-A1-PORTSCAN-V-02,PortScan,PortScan,RF-v5,0.007352696610132838,0.01190626640962612,0.9807410369802422
4963,F-A1-PORTSCAN-V-02,PortScan,PortScan,RF-v5,0.003150333057869539,0.006077337496813229,0.9907723294453185
4964,F-A1-PORTSCAN-V-02,PortScan,PortScan,RF-v5,0.003150333057869539,0.006077337496813229,0.9907723294453185
4965,F-A1-PORTSCAN-V-02,PortScan,PortScan,RF-v5,0.003194338180644271,0.009174012094615188,0.9876316497247416
4966,F-A1-PORTSCAN-V-02,PortScan,PortScan,RF-v5,0.0031173831870937837,0.01190626640962612,0.9849763504032812
4967,F-A1-PORTSCAN-V-02,PortScan,PortScan,RF-v5,0.0031173831870937837,0.01190626640962612,0.9849763504032812
4968,F-A1-PORTSCAN-V-02,PortScan,PortScan,RF-v5,0.003150333057869539,0.006077337496813229,0.9907723294453185
4969,F-A1-PORTSCAN-V-02,PortScan,PortScan,RF-v5,0.0031173831870937837,0.01190626640962612,0.9849763504032812
4970,F-A1-PORTSCAN-V-02,PortScan,PortScan,RF-v5,0.003194338180644271,0.009174012094615188,0.9876316497247416
4971,F-A1-PORTSCAN-V-02,PortScan,PortScan,RF-v5,0.003150333057869539,0.006077337496813229,0.9907723294453185
4972,F-A1-PORTSCAN-V-02,PortScan,PortScan,RF-v5,0.0031173831870937837,0.011025379037612469,0.9858572377752948
4973,F-A1-PORTSCAN-V-02,PortScan,PortScan,RF-v5,0.003150333057869539,0.006077337496813229,0.9907723294453185
4974,F-A1-PORTSCAN-V-02,PortScan,PortScan,RF-v5,0.0031173831870937837,0.011025379037612469,0.9858572377752948
4975,F-A1-PORTSCAN-V-02,PortScan,PortScan,RF-v5,0.005612143572681964,0.006482568294333889,0.9879052881329854
4976,F-A1-PORTSCAN-V-02,PortScan,PortScan,RF-v5,0.0031173831870937837,0.011025379037612469,0.9858572377752948
4977,F-A1-PORTSCAN-V-02,PortScan,PortScan,RF-v5,0.0031173831870937837,0.011025379037612469,0.9858572377752948
4978,F-A1-PORTSCAN-V-02,PortScan,PortScan,RF-v5,0.003150333057869539,0.006077337496813229,0.9907723294453185
4979,F-A1-PORTSCAN-V-02,PortScan,PortScan,RF-v5,0.0031173831870937837,0.011025379037612469,0.9858572377752948
4980,F-A1-PORTSCAN-V-02,PortScan,PortScan,RF-v5,0.003150333057869539,0.006077337496813229,0.9907723294453185
4981,F-A1-PORTSCAN-V-02,PortScan,PortScan,RF-v5,0.0031173831870937837,0.01190626640962612,0.9849763504032812
4982,F-A1-PORTSCAN-V-02,PortScan,PortScan,RF-v5,0.003150333057869539,0.006077337496813229,0.9907723294453185
4983,F-A1-PORTSCAN-V-02,PortScan,PortScan,RF-v5,0.003150333057869539,0.006077337496813229,0.9907723294453185
4984,F-A1-PORTSCAN-V-02,PortScan,PortScan,RF-v5,0.0031173831870937837,0.01190626640962612,0.9849763504032812
4985,F-A1-PORTSCAN-V-02,PortScan,PortScan,RF-v5,0.003150333057869539,0.006077337496813229,0.9907723294453185
4986,F-A1-PORTSCAN-V-02,PortScan,PortScan,RF-v5,0.0031173831870937837,0.011025379037612469,0.9858572377752948
4987,F-A1-PORTSCAN-V-02,PortScan,PortScan,RF-v5,0.0031173831870937837,0.01190626640962612,0.9849763504032812
4988,F-A1-PORTSCAN-V-02,PortScan,PortScan,RF-v5,0.007352696610132838,0.01190626640962612,0.9807410369802422
4989,F-A1-PORTSCAN-V-02,PortScan,PortScan,RF-v5,0.005445017986967171,0.006482568294333889,0.9880724137187
4990,F-A1-PORTSCAN-V-02,PortScan,PortScan,RF-v5,0.003150333057869539,0.006077337496813229,0.9907723294453185
4991,F-A1-PORTSCAN-V-02,PortScan,PortScan,RF-v5,0.0031173831870937837,0.011025379037612469,0.9858572377752948
4992,F-A1-PORTSCAN-V-02,PortScan,PortScan,RF-v5,0.007352696610132838,0.01190626640962612,0.9807410369802422
4993,F-A1-PORTSCAN-V-02,PortScan,PortScan,RF-v5,0.0031173831870937837,0.011025379037612469,0.9858572377752948
4994,F-A1-PORTSCAN-V-02,PortScan,PortScan,RF-v5,0.0031173831870937837,0.011025379037612469,0.9858572377752948
4995,F-A1-PORTSCAN-V-02,PortScan,PortScan,RF-v5,0.0031173831870937837,0.011025379037612469,0.9858572377752948
4996,F-A1-PORTSCAN-V-02,PortScan,PortScan,RF-v5,0.0031173831870937837,0.01190626640962612,0.9849763504032812
4997,F-A1-PORTSCAN-V-02,PortScan,PortScan,RF-v5,0.003150333057869539,0.006077337496813229,0.9907723294453185
4998,F-A1-PORTSCAN-V-02,PortScan,PortScan,RF-v5,0.003150333057869539,0.006077337496813229,0.9907723294453185
4999,F-A1-PORTSCAN-V-03,PortScan,PortScan,RF-v5,0.007352696610132838,0.01190626640962612,0.9807410369802422
5000,F-A1-PORTSCAN-V-03,PortScan,PortScan,RF-v5,0.007352696610132838,0.01190626640962612,0.9807410369802422
5001,F-A1-PORTSCAN-V-03,PortScan,PortScan,RF-v5,0.0031173831870937837,0.011025379037612469,0.9858572377752948
5002,F-A1-PORTSCAN-V-03,PortScan,PortScan,RF-v5,0.0031173831870937837,0.01190626640962612,0.9849763504032812
5003,F-A1-PORTSCAN-V-03,PortScan,PortScan,RF-v5,0.0031173831870937837,0.011025379037612469,0.9858572377752948
5004,F-A1-PORTSCAN-V-03,PortScan,PortScan,RF-v5,0.007352696610132838,0.01190626640962612,0.9807410369802422
5005,F-A1-PORTSCAN-V-03,PortScan,PortScan,RF-v5,0.007352696610132838,0.01190626640962612,0.9807410369802422
5006,F-A1-PORTSCAN-V-03,PortScan,PortScan,RF-v5,0.0031173831870937837,0.01190626640962612,0.9849763504032812
5007,F-A1-PORTSCAN-V-03,PortScan,PortScan,RF-v5,0.0031173831870937837,0.01190626640962612,0.9849763504032812
5008,F-A1-PORTSCAN-V-03,PortScan,PortScan,RF-v5,0.0031173831870937837,0.011025379037612469,0.9858572377752948
5009,F-A1-PORTSCAN-V-03,PortScan,PortScan,RF-v5,0.007352696610132838,0.01190626640962612,0.9807410369802422
5010,F-A1-PORTSCAN-V-03,PortScan,PortScan,RF-v5,0.007352696610132838,0.01190626640962612,0.9807410369802422
5011,F-A1-PORTSCAN-V-03,PortScan,PortScan,RF-v5,0.0031173831870937837,0.011025379037612469,0.9858572377752948
5012,F-A1-PORTSCAN-V-03,PortScan,PortScan,RF-v5,0.0031173831870937837,0.01190626640962612,0.9849763504032812
5013,F-A1-PORTSCAN-V-03,PortScan,PortScan,RF-v5,0.0031173831870937837,0.01190626640962612,0.9849763504032812
5014,F-A1-PORTSCAN-V-03,PortScan,PortScan,RF-v5,0.007352696610132838,0.01190626640962612,0.9807410369802422
5015,F-A1-PORTSCAN-V-03,PortScan,PortScan,RF-v5,0.007352696610132838,0.01190626640962612,0.9807410369802422
5016,F-A1-PORTSCAN-V-03,PortScan,PortScan,RF-v5,0.007352696610132838,0.01190626640962612,0.9807410369802422
5017,F-A1-PORTSCAN-V-03,PortScan,PortScan,RF-v5,0.0029738601050267365,0.005947894303711483,0.991078245591263
5018,F-A1-PORTSCAN-V-03,PortScan,PortScan,RF-v5,0.0031173831870937837,0.011025379037612469,0.9858572377752948
5019,F-A1-PORTSCAN-V-03,PortScan,PortScan,RF-v5,0.007352696610132838,0.01190626640962612,0.9807410369802422
5020,F-A1-PORTSCAN-V-03,PortScan,PortScan,RF-v5,0.0031173831870937837,0.011025379037612469,0.9858572377752948
5021,F-A1-PORTSCAN-V-03,PortScan,PortScan,RF-v5,0.0031173831870937837,0.011025379037612469,0.9858572377752948
5022,F-A1-PORTSCAN-V-03,PortScan,PortScan,RF-v5,0.0031173831870937837,0.011025379037612469,0.9858572377752948
5023,F-A1-PORTSCAN-V-03,PortScan,PortScan,RF-v5,0.0031173831870937837,0.01190626640962612,0.9849763504032812
5024,F-A1-PORTSCAN-V-03,PortScan,PortScan,RF-v5,0.0031173831870937837,0.01190626640962612,0.9849763504032812
5025,F-A1-PORTSCAN-V-03,PortScan,PortScan,RF-v5,0.007352696610132838,0.01190626640962612,0.9807410369802422
5026,F-A1-PORTSCAN-V-03,PortScan,PortScan,RF-v5,0.0031173831870937837,0.01190626640962612,0.9849763504032812
5027,F-A1-PORTSCAN-V-03,PortScan,PortScan,RF-v5,0.0031173831870937837,0.01190626640962612,0.9849763504032812
5028,F-A1-PORTSCAN-V-03,PortScan,PortScan,RF-v5,0.0031173831870937837,0.01190626640962612,0.9849763504032812
5029,F-A1-PORTSCAN-V-03,PortScan,PortScan,RF-v5,0.007352696610132838,0.01190626640962612,0.9807410369802422
5030,F-A1-PORTSCAN-V-03,PortScan,PortScan,RF-v5,0.0031173831870937837,0.011025379037612469,0.9858572377752948
5031,F-A1-PORTSCAN-V-03,PortScan,PortScan,RF-v5,0.0031173831870937837,0.011025379037612469,0.9858572377752948
5032,F-A1-PORTSCAN-V-03,PortScan,PortScan,RF-v5,0.0031173831870937837,0.011025379037612469,0.9858572377752948
5033,F-A1-PORTSCAN-V-03,PortScan,PortScan,RF-v5,0.007352696610132838,0.01190626640962612,0.9807410369802422
5034,F-A1-PORTSCAN-V-03,PortScan,PortScan,RF-v5,0.0031173831870937837,0.011025379037612469,0.9858572377752948
5035,F-A1-PORTSCAN-V-03,PortScan,PortScan,RF-v5,0.0031173831870937837,0.01190626640962612,0.9849763504032812
5036,F-A1-PORTSCAN-V-03,PortScan,PortScan,RF-v5,0.007352696610132838,0.01190626640962612,0.9807410369802422
5037,F-A1-PORTSCAN-V-03,PortScan,PortScan,RF-v5,0.009263911705674609,0.011626769718498485,0.9791093185758278
5038,F-A1-PORTSCAN-V-03,PortScan,PortScan,RF-v5,0.0031173831870937837,0.01190626640962612,0.9849763504032812
5039,F-A1-PORTSCAN-V-03,PortScan,PortScan,RF-v5,0.0031173831870937837,0.011025379037612469,0.9858572377752948
5040,F-A1-PORTSCAN-V-03,PortScan,PortScan,RF-v5,0.003150333057869539,0.006077337496813229,0.9907723294453185
5041,F-A1-PORTSCAN-V-03,PortScan,PortScan,RF-v5,0.007352696610132838,0.01190626640962612,0.9807410369802422
5042,F-A1-PORTSCAN-V-03,PortScan,PortScan,RF-v5,0.0031173831870937837,0.01190626640962612,0.9849763504032812
5043,F-A1-PORTSCAN-V-03,PortScan,PortScan,RF-v5,0.0031173831870937837,0.011025379037612469,0.9858572377752948
5044,F-A1-PORTSCAN-V-03,PortScan,PortScan,RF-v5,0.007352696610132838,0.01190626640962612,0.9807410369802422
5045,F-A1-PORTSCAN-V-03,PortScan,PortScan,RF-v5,0.0031173831870937837,0.011025379037612469,0.9858572377752948
5046,F-A1-PORTSCAN-V-03,PortScan,PortScan,RF-v5,0.007352696610132838,0.01190626640962612,0.9807410369802422
5047,F-A1-PORTSCAN-V-03,PortScan,PortScan,RF-v5,0.0031173831870937837,0.011025379037612469,0.9858572377752948
5048,F-A1-PORTSCAN-V-03,PortScan,PortScan,RF-v5,0.0031173831870937837,0.01190626640962612,0.9849763504032812
5049,F-A1-PORTSCAN-V-03,PortScan,PortScan,RF-v5,0.007352696610132838,0.01190626640962612,0.9807410369802422
5050,F-A1-PORTSCAN-V-03,PortScan,PortScan,RF-v5,0.003150333057869539,0.006077337496813229,0.9907723294453185
5051,F-A1-PORTSCAN-V-03,PortScan,PortScan,RF-v5,0.0031173831870937837,0.01190626640962612,0.9849763504032812
5052,F-A1-PORTSCAN-V-03,PortScan,PortScan,RF-v5,0.007352696610132838,0.01190626640962612,0.9807410369802422
5053,F-A1-PORTSCAN-V-03,PortScan,PortScan,RF-v5,0.003150333057869539,0.006077337496813229,0.9907723294453185
5054,F-A1-PORTSCAN-V-03,PortScan,PortScan,RF-v5,0.0031173831870937837,0.011025379037612469,0.9858572377752948
5055,F-A1-PORTSCAN-V-03,PortScan,PortScan,RF-v5,0.0031173831870937837,0.011025379037612469,0.9858572377752948
5056,F-A1-PORTSCAN-V-03,PortScan,PortScan,RF-v5,0.007352696610132838,0.01190626640962612,0.9807410369802422
5057,F-A1-PORTSCAN-V-03,PortScan,PortScan,RF-v5,0.0031173831870937837,0.011025379037612469,0.9858572377752948
5058,F-A1-PORTSCAN-V-03,PortScan,PortScan,RF-v5,0.007352696610132838,0.01190626640962612,0.9807410369802422
5059,F-A1-PORTSCAN-V-03,PortScan,PortScan,RF-v5,0.0031173831870937837,0.01190626640962612,0.9849763504032812
5060,F-A1-PORTSCAN-V-03,PortScan,PortScan,RF-v5,0.007352696610132838,0.01190626640962612,0.9807410369802422
5061,F-A1-PORTSCAN-V-03,PortScan,PortScan,RF-v5,0.007352696610132838,0.01190626640962612,0.9807410369802422
5062,F-A1-PORTSCAN-V-03,PortScan,PortScan,RF-v5,0.0031173831870937837,0.011025379037612469,0.9858572377752948
5063,F-A1-PORTSCAN-V-03,PortScan,PortScan,RF-v5,0.0031173831870937837,0.011025379037612469,0.9858572377752948
5064,F-A1-PORTSCAN-V-03,PortScan,PortScan,RF-v5,0.007352696610132838,0.01190626640962612,0.9807410369802422
5065,F-A1-PORTSCAN-V-03,PortScan,PortScan,RF-v5,0.0031173831870937837,0.011025379037612469,0.9858572377752948
5066,F-A1-PORTSCAN-V-03,PortScan,PortScan,RF-v5,0.007352696610132838,0.01190626640962612,0.9807410369802422
5067,F-A1-PORTSCAN-V-03,PortScan,PortScan,RF-v5,0.0031173831870937837,0.011025379037612469,0.9858572377752948
5068,F-A1-PORTSCAN-V-03,PortScan,PortScan,RF-v5,0.007352696610132838,0.01190626640962612,0.9807410369802422
5069,F-A1-PORTSCAN-V-03,PortScan,PortScan,RF-v5,0.0031173831870937837,0.011025379037612469,0.9858572377752948
5070,F-A1-PORTSCAN-V-03,PortScan,PortScan,RF-v5,0.0029738601050267365,0.005947894303711483,0.991078245591263
5071,F-A1-PORTSCAN-V-03,PortScan,PortScan,RF-v5,0.007352696610132838,0.01190626640962612,0.9807410369802422
5072,F-A1-PORTSCAN-V-03,PortScan,PortScan,RF-v5,0.0031173831870937837,0.011025379037612469,0.9858572377752948
5073,F-A1-PORTSCAN-V-03,PortScan,PortScan,RF-v5,0.0031173831870937837,0.01190626640962612,0.9849763504032812
5074,F-A1-PORTSCAN-V-03,PortScan,PortScan,RF-v5,0.007352696610132838,0.01190626640962612,0.9807410369802422
5075,F-A1-PORTSCAN-V-03,PortScan,PortScan,RF-v5,0.003150333057869539,0.006077337496813229,0.9907723294453185
5076,F-A1-PORTSCAN-V-03,PortScan,PortScan,RF-v5,0.003150333057869539,0.006077337496813229,0.9907723294453185
5077,F-A1-PORTSCAN-V-03,PortScan,PortScan,RF-v5,0.0031173831870937837,0.01190626640962612,0.9849763504032812
5078,F-A1-PORTSCAN-V-03,PortScan,PortScan,RF-v5,0.0029738601050267365,0.005947894303711483,0.991078245591263
5079,F-A1-PORTSCAN-V-03,PortScan,PortScan,RF-v5,0.007352696610132838,0.01190626640962612,0.9807410369802422
5080,F-A1-PORTSCAN-V-03,PortScan,PortScan,RF-v5,0.0031173831870937837,0.011025379037612469,0.9858572377752948
5081,F-A1-PORTSCAN-V-03,PortScan,PortScan,RF-v5,0.003150333057869539,0.006077337496813229,0.9907723294453185
5082,F-A1-PORTSCAN-V-03,PortScan,PortScan,RF-v5,0.0031173831870937837,0.011025379037612469,0.9858572377752948
5083,F-A1-PORTSCAN-V-03,PortScan,PortScan,RF-v5,0.003150333057869539,0.006077337496813229,0.9907723294453185
5084,F-A1-PORTSCAN-V-03,PortScan,PortScan,RF-v5,0.007352696610132838,0.01190626640962612,0.9807410369802422
5085,F-A1-PORTSCAN-V-03,PortScan,PortScan,RF-v5,0.003150333057869539,0.006077337496813229,0.9907723294453185
5086,F-A1-PORTSCAN-V-03,PortScan,PortScan,RF-v5,0.0031173831870937837,0.011025379037612469,0.9858572377752948
5087,F-A1-PORTSCAN-V-03,PortScan,PortScan,RF-v5,0.0031173831870937837,0.01190626640962612,0.9849763504032812
5088,F-A1-PORTSCAN-V-03,PortScan,PortScan,RF-v5,0.0031173831870937837,0.011025379037612469,0.9858572377752948
5089,F-A1-PORTSCAN-V-03,PortScan,PortScan,RF-v5,0.003150333057869539,0.006077337496813229,0.9907723294453185
5090,F-A1-PORTSCAN-V-03,PortScan,PortScan,RF-v5,0.0031173831870937837,0.011025379037612469,0.9858572377752948
5091,F-A1-PORTSCAN-V-03,PortScan,PortScan,RF-v5,0.003194338180644271,0.009174012094615188,0.9876316497247416
5092,F-A1-PORTSCAN-V-03,PortScan,PortScan,RF-v5,0.005445017986967171,0.006482568294333889,0.9880724137187
5093,F-A1-PORTSCAN-V-03,PortScan,PortScan,RF-v5,0.007352696610132838,0.01190626640962612,0.9807410369802422
5094,F-A1-PORTSCAN-V-03,PortScan,PortScan,RF-v5,0.007352696610132838,0.01190626640962612,0.9807410369802422
5095,F-A1-PORTSCAN-V-03,PortScan,PortScan,RF-v5,0.0031173831870937837,0.01190626640962612,0.9849763504032812
5096,F-A1-PORTSCAN-V-03,PortScan,PortScan,RF-v5,0.0031173831870937837,0.01190626640962612,0.9849763504032812
5097,F-A1-PORTSCAN-V-03,PortScan,PortScan,RF-v5,0.0031173831870937837,0.011025379037612469,0.9858572377752948
5098,F-A1-PORTSCAN-V-03,PortScan,PortScan,RF-v5,0.0031173831870937837,0.01190626640962612,0.9849763504032812
5099,F-A1-PORTSCAN-V-03,PortScan,PortScan,RF-v5,0.0031173831870937837,0.011025379037612469,0.9858572377752948
5100,F-A1-PORTSCAN-V-03,PortScan,PortScan,RF-v5,0.007352696610132838,0.01190626640962612,0.9807410369802422
5101,F-A1-PORTSCAN-V-03,PortScan,PortScan,RF-v5,0.0031173831870937837,0.011025379037612469,0.9858572377752948
5102,F-A1-PORTSCAN-V-03,PortScan,PortScan,RF-v5,0.007352696610132838,0.01190626640962612,0.9807410369802422
5103,F-A1-PORTSCAN-V-03,PortScan,PortScan,RF-v5,0.007352696610132838,0.01190626640962612,0.9807410369802422
5104,F-A1-PORTSCAN-V-03,PortScan,PortScan,RF-v5,0.007352696610132838,0.01190626640962612,0.9807410369802422
5105,F-A1-PORTSCAN-V-03,PortScan,PortScan,RF-v5,0.0031173831870937837,0.011025379037612469,0.9858572377752948
5106,F-A1-PORTSCAN-V-03,PortScan,PortScan,RF-v5,0.005445017986967171,0.006482568294333889,0.9880724137187
5107,F-A1-PORTSCAN-V-03,PortScan,PortScan,RF-v5,0.003150333057869539,0.006077337496813229,0.9907723294453185
5108,F-A1-PORTSCAN-V-03,PortScan,PortScan,RF-v5,0.0031173831870937837,0.011025379037612469,0.9858572377752948
5109,F-A1-PORTSCAN-V-03,PortScan,PortScan,RF-v5,0.0031173831870937837,0.01190626640962612,0.9849763504032812
5110,F-A1-PORTSCAN-V-03,PortScan,PortScan,RF-v5,0.0031173831870937837,0.011025379037612469,0.9858572377752948
5111,F-A1-PORTSCAN-V-03,PortScan,PortScan,RF-v5,0.007352696610132838,0.01190626640962612,0.9807410369802422
5112,F-A1-PORTSCAN-V-03,PortScan,PortScan,RF-v5,0.0031173831870937837,0.01190626640962612,0.9849763504032812
5113,F-A1-PORTSCAN-V-03,PortScan,PortScan,RF-v5,0.005445017986967171,0.006482568294333889,0.9880724137187
5114,F-A1-PORTSCAN-V-03,PortScan,PortScan,RF-v5,0.007352696610132838,0.01190626640962612,0.9807410369802422
5115,F-A1-PORTSCAN-V-03,PortScan,PortScan,RF-v5,0.0031173831870937837,0.01190626640962612,0.9849763504032812
5116,F-A1-PORTSCAN-V-03,PortScan,PortScan,RF-v5,0.0031173831870937837,0.01190626640962612,0.9849763504032812
5117,F-A1-PORTSCAN-V-03,PortScan,PortScan,RF-v5,0.0031173831870937837,0.01190626640962612,0.9849763504032812
5118,F-A1-PORTSCAN-V-03,PortScan,PortScan,RF-v5,0.0031173831870937837,0.011025379037612469,0.9858572377752948
5119,F-A1-PORTSCAN-V-03,PortScan,PortScan,RF-v5,0.007352696610132838,0.01190626640962612,0.9807410369802422
5120,F-A1-PORTSCAN-V-03,PortScan,PortScan,RF-v5,0.0031173831870937837,0.01190626640962612,0.9849763504032812
5121,F-A1-PORTSCAN-V-03,PortScan,PortScan,RF-v5,0.0031173831870937837,0.01190626640962612,0.9849763504032812
5122,F-A1-PORTSCAN-V-03,PortScan,PortScan,RF-v5,0.003150333057869539,0.006077337496813229,0.9907723294453185
5123,F-A1-PORTSCAN-V-03,PortScan,PortScan,RF-v5,0.007352696610132838,0.01190626640962612,0.9807410369802422
5124,F-A1-PORTSCAN-V-03,PortScan,PortScan,RF-v5,0.007352696610132838,0.01190626640962612,0.9807410369802422
5125,F-A1-PORTSCAN-V-03,PortScan,PortScan,RF-v5,0.0031173831870937837,0.01190626640962612,0.9849763504032812
5126,F-A1-PORTSCAN-V-03,PortScan,PortScan,RF-v5,0.0031173831870937837,0.011025379037612469,0.9858572377752948
5127,F-A1-PORTSCAN-V-03,PortScan,PortScan,RF-v5,0.0031173831870937837,0.011025379037612469,0.9858572377752948
5128,F-A1-PORTSCAN-V-03,PortScan,PortScan,RF-v5,0.003150333057869539,0.006077337496813229,0.9907723294453185
5129,F-A1-PORTSCAN-V-03,PortScan,PortScan,RF-v5,0.007352696610132838,0.01190626640962612,0.9807410369802422
5130,F-A1-PORTSCAN-V-03,PortScan,PortScan,RF-v5,0.0031173831870937837,0.01190626640962612,0.9849763504032812
5131,F-A1-PORTSCAN-V-03,PortScan,PortScan,RF-v5,0.0031173831870937837,0.01190626640962612,0.9849763504032812
5132,F-A1-PORTSCAN-V-03,PortScan,PortScan,RF-v5,0.0031173831870937837,0.01190626640962612,0.9849763504032812
5133,F-A1-PORTSCAN-V-03,PortScan,PortScan,RF-v5,0.003150333057869539,0.006077337496813229,0.9907723294453185
5134,F-A1-PORTSCAN-V-03,PortScan,PortScan,RF-v5,0.007352696610132838,0.01190626640962612,0.9807410369802422
5135,F-A1-PORTSCAN-V-03,PortScan,PortScan,RF-v5,0.0031173831870937837,0.01190626640962612,0.9849763504032812
5136,F-A1-PORTSCAN-V-03,PortScan,PortScan,RF-v5,0.007352696610132838,0.01190626640962612,0.9807410369802422
5137,F-A1-PORTSCAN-V-03,PortScan,PortScan,RF-v5,0.007352696610132838,0.01190626640962612,0.9807410369802422
5138,F-A1-PORTSCAN-V-03,PortScan,PortScan,RF-v5,0.007352696610132838,0.01190626640962612,0.9807410369802422
5139,F-A1-PORTSCAN-V-03,PortScan,PortScan,RF-v5,0.005445017986967171,0.006482568294333889,0.9880724137187
5140,F-A1-PORTSCAN-V-03,PortScan,PortScan,RF-v5,0.0031173831870937837,0.011025379037612469,0.9858572377752948
5141,F-A1-PORTSCAN-V-03,PortScan,PortScan,RF-v5,0.0031173831870937837,0.011025379037612469,0.9858572377752948
5142,F-A1-PORTSCAN-V-03,PortScan,PortScan,RF-v5,0.0031173831870937837,0.011025379037612469,0.9858572377752948
5143,F-A1-PORTSCAN-V-03,PortScan,PortScan,RF-v5,0.0031173831870937837,0.011025379037612469,0.9858572377752948
5144,F-A1-PORTSCAN-V-03,PortScan,PortScan,RF-v5,0.0031173831870937837,0.011025379037612469,0.9858572377752948
5145,F-A1-PORTSCAN-V-03,PortScan,PortScan,RF-v5,0.0031173831870937837,0.011025379037612469,0.9858572377752948
5146,F-A1-PORTSCAN-V-03,PortScan,PortScan,RF-v5,0.0031173831870937837,0.011025379037612469,0.9858572377752948
5147,F-A1-PORTSCAN-V-03,PortScan,PortScan,RF-v5,0.007352696610132838,0.01190626640962612,0.9807410369802422
5148,F-A1-PORTSCAN-V-03,PortScan,PortScan,RF-v5,0.0031173831870937837,0.011025379037612469,0.9858572377752948
5149,F-A1-PORTSCAN-V-03,PortScan,PortScan,RF-v5,0.003150333057869539,0.006077337496813229,0.9907723294453185
5150,F-A1-PORTSCAN-V-03,PortScan,PortScan,RF-v5,0.0031173831870937837,0.01190626640962612,0.9849763504032812
5151,F-A1-PORTSCAN-V-03,PortScan,PortScan,RF-v5,0.007352696610132838,0.01190626640962612,0.9807410369802422
5152,F-A1-PORTSCAN-V-03,PortScan,PortScan,RF-v5,0.007352696610132838,0.01190626640962612,0.9807410369802422
5153,F-A1-PORTSCAN-V-03,PortScan,PortScan,RF-v5,0.0031173831870937837,0.01190626640962612,0.9849763504032812
5154,F-A1-PORTSCAN-V-03,PortScan,PortScan,RF-v5,0.0031173831870937837,0.01190626640962612,0.9849763504032812
5155,F-A1-PORTSCAN-V-03,PortScan,PortScan,RF-v5,0.007352696610132838,0.01190626640962612,0.9807410369802422
5156,F-A1-PORTSCAN-V-03,PortScan,PortScan,RF-v5,0.0031173831870937837,0.011025379037612469,0.9858572377752948
5157,F-A1-PORTSCAN-V-03,PortScan,PortScan,RF-v5,0.0031173831870937837,0.011025379037612469,0.9858572377752948
5158,F-A1-PORTSCAN-V-03,PortScan,PortScan,RF-v5,0.007352696610132838,0.01190626640962612,0.9807410369802422
5159,F-A1-PORTSCAN-V-03,PortScan,PortScan,RF-v5,0.007352696610132838,0.01190626640962612,0.9807410369802422
5160,F-A1-PORTSCAN-V-03,PortScan,PortScan,RF-v5,0.0031173831870937837,0.011025379037612469,0.9858572377752948
5161,F-A1-PORTSCAN-V-03,PortScan,PortScan,RF-v5,0.005445017986967171,0.006482568294333889,0.9880724137187
5162,F-A1-PORTSCAN-V-03,PortScan,PortScan,RF-v5,0.0031173831870937837,0.011025379037612469,0.9858572377752948
5163,F-A1-PORTSCAN-V-03,PortScan,PortScan,RF-v5,0.003150333057869539,0.006077337496813229,0.9907723294453185
5164,F-A1-PORTSCAN-V-03,PortScan,PortScan,RF-v5,0.003150333057869539,0.00603988132387339,0.9908097856182583
5165,F-A1-PORTSCAN-V-03,PortScan,PortScan,RF-v5,0.0031173831870937837,0.011025379037612469,0.9858572377752948
5166,F-A1-PORTSCAN-V-03,PortScan,PortScan,RF-v5,0.005445017986967171,0.006482568294333889,0.9880724137187
5167,F-A1-PORTSCAN-V-03,PortScan,PortScan,RF-v5,0.007352696610132838,0.01190626640962612,0.9807410369802422
5168,F-A1-PORTSCAN-V-03,PortScan,PortScan,RF-v5,0.0031173831870937837,0.01190626640962612,0.9849763504032812
5169,F-A1-PORTSCAN-V-03,PortScan,PortScan,RF-v5,0.003150333057869539,0.006077337496813229,0.9907723294453185
5170,F-A1-PORTSCAN-V-03,PortScan,PortScan,RF-v5,0.0031173831870937837,0.011025379037612469,0.9858572377752948
5171,F-A1-PORTSCAN-V-03,PortScan,PortScan,RF-v5,0.005445017986967171,0.006482568294333889,0.9880724137187
5172,F-A1-PORTSCAN-V-03,PortScan,PortScan,RF-v5,0.0031173831870937837,0.01190626640962612,0.9849763504032812
5173,F-A1-PORTSCAN-V-03,PortScan,PortScan,RF-v5,0.007352696610132838,0.01190626640962612,0.9807410369802422
5174,F-A1-PORTSCAN-V-03,PortScan,PortScan,RF-v5,0.0031173831870937837,0.011025379037612469,0.9858572377752948
5175,F-A1-PORTSCAN-V-03,PortScan,PortScan,RF-v5,0.007352696610132838,0.01190626640962612,0.9807410369802422
5176,F-A1-PORTSCAN-V-03,PortScan,PortScan,RF-v5,0.007352696610132838,0.01190626640962612,0.9807410369802422
5177,F-A1-PORTSCAN-V-03,PortScan,PortScan,RF-v5,0.003150333057869539,0.006077337496813229,0.9907723294453185
5178,F-A1-PORTSCAN-V-03,PortScan,PortScan,RF-v5,0.0031173831870937837,0.01190626640962612,0.9849763504032812
5179,F-A1-PORTSCAN-V-03,PortScan,PortScan,RF-v5,0.0031173831870937837,0.011025379037612469,0.9858572377752948
5180,F-A1-PORTSCAN-V-03,PortScan,PortScan,RF-v5,0.0031173831870937837,0.01190626640962612,0.9849763504032812
5181,F-A1-PORTSCAN-V-03,PortScan,PortScan,RF-v5,0.003150333057869539,0.006077337496813229,0.9907723294453185
5182,F-A1-PORTSCAN-V-03,PortScan,PortScan,RF-v5,0.007352696610132838,0.01190626640962612,0.9807410369802422
5183,F-A1-PORTSCAN-V-03,PortScan,PortScan,RF-v5,0.007352696610132838,0.01190626640962612,0.9807410369802422
5184,F-A1-PORTSCAN-V-03,PortScan,PortScan,RF-v5,0.005445017986967171,0.006482568294333889,0.9880724137187
5185,F-A1-PORTSCAN-V-03,PortScan,PortScan,RF-v5,0.0031173831870937837,0.01190626640962612,0.9849763504032812
5186,F-A1-PORTSCAN-V-03,PortScan,PortScan,RF-v5,0.005445017986967171,0.006482568294333889,0.9880724137187
5187,F-A1-PORTSCAN-V-03,PortScan,PortScan,RF-v5,0.0031173831870937837,0.011025379037612469,0.9858572377752948
5188,F-A1-PORTSCAN-V-03,PortScan,PortScan,RF-v5,0.0029738601050267365,0.005947894303711483,0.991078245591263
5189,F-A1-PORTSCAN-V-03,PortScan,PortScan,RF-v5,0.0031173831870937837,0.01190626640962612,0.9849763504032812
5190,F-A1-PORTSCAN-V-03,PortScan,PortScan,RF-v5,0.0031173831870937837,0.011025379037612469,0.9858572377752948
5191,F-A1-PORTSCAN-V-03,PortScan,PortScan,RF-v5,0.003150333057869539,0.006077337496813229,0.9907723294453185
5192,F-A1-PORTSCAN-V-03,PortScan,PortScan,RF-v5,0.007352696610132838,0.01190626640962612,0.9807410369802422
5193,F-A1-PORTSCAN-V-03,PortScan,PortScan,RF-v5,0.0031173831870937837,0.01190626640962612,0.9849763504032812
5194,F-A1-PORTSCAN-V-03,PortScan,PortScan,RF-v5,0.0031173831870937837,0.01190626640962612,0.9849763504032812
5195,F-A1-PORTSCAN-V-03,PortScan,PortScan,RF-v5,0.0031173831870937837,0.01190626640962612,0.9849763504032812
5196,F-A1-PORTSCAN-V-03,PortScan,PortScan,RF-v5,0.0031173831870937837,0.011025379037612469,0.9858572377752948
5197,F-A1-PORTSCAN-V-03,PortScan,PortScan,RF-v5,0.005445017986967171,0.006482568294333889,0.9880724137187
5198,F-A1-PORTSCAN-V-03,PortScan,PortScan,RF-v5,0.0031173831870937837,0.01190626640962612,0.9849763504032812
5199,F-A1-PORTSCAN-V-03,PortScan,PortScan,RF-v5,0.0031173831870937837,0.011025379037612469,0.9858572377752948
5200,F-A1-PORTSCAN-V-03,PortScan,PortScan,RF-v5,0.0031173831870937837,0.01190626640962612,0.9849763504032812
5201,F-A1-PORTSCAN-V-03,PortScan,PortScan,RF-v5,0.0031173831870937837,0.011025379037612469,0.9858572377752948
5202,F-A1-PORTSCAN-V-03,PortScan,PortScan,RF-v5,0.007352696610132838,0.01190626640962612,0.9807410369802422
5203,F-A1-PORTSCAN-V-03,PortScan,PortScan,RF-v5,0.003150333057869539,0.006077337496813229,0.9907723294453185
5204,F-A1-PORTSCAN-V-03,PortScan,PortScan,RF-v5,0.005445017986967171,0.006482568294333889,0.9880724137187
5205,F-A1-PORTSCAN-V-03,PortScan,PortScan,RF-v5,0.003150333057869539,0.00603988132387339,0.9908097856182583
5206,F-A1-PORTSCAN-V-03,PortScan,PortScan,RF-v5,0.0031173831870937837,0.01190626640962612,0.9849763504032812
5207,F-A1-PORTSCAN-V-03,PortScan,PortScan,RF-v5,0.0031173831870937837,0.01190626640962612,0.9849763504032812
5208,F-A1-PORTSCAN-V-03,PortScan,PortScan,RF-v5,0.0031173831870937837,0.01190626640962612,0.9849763504032812
5209,F-A1-PORTSCAN-V-03,PortScan,PortScan,RF-v5,0.007352696610132838,0.01190626640962612,0.9807410369802422
5210,F-A1-PORTSCAN-V-03,PortScan,PortScan,RF-v5,0.0031173831870937837,0.011025379037612469,0.9858572377752948
5211,F-A1-PORTSCAN-V-03,PortScan,PortScan,RF-v5,0.0031173831870937837,0.011025379037612469,0.9858572377752948
5212,F-A1-PORTSCAN-V-03,PortScan,PortScan,RF-v5,0.0031173831870937837,0.011025379037612469,0.9858572377752948
5213,F-A1-PORTSCAN-V-03,PortScan,PortScan,RF-v5,0.003150333057869539,0.006077337496813229,0.9907723294453185
5214,F-A1-PORTSCAN-V-03,PortScan,PortScan,RF-v5,0.0031173831870937837,0.011025379037612469,0.9858572377752948
5215,F-A1-PORTSCAN-V-03,PortScan,PortScan,RF-v5,0.007352696610132838,0.01190626640962612,0.9807410369802422
5216,F-A1-PORTSCAN-V-03,PortScan,PortScan,RF-v5,0.0031173831870937837,0.01190626640962612,0.9849763504032812
5217,F-A1-PORTSCAN-V-03,PortScan,PortScan,RF-v5,0.0031173831870937837,0.01190626640962612,0.9849763504032812
5218,F-A1-PORTSCAN-V-03,PortScan,PortScan,RF-v5,0.0031173831870937837,0.01190626640962612,0.9849763504032812
5219,F-A1-PORTSCAN-V-03,PortScan,PortScan,RF-v5,0.0031173831870937837,0.011025379037612469,0.9858572377752948
5220,F-A1-PORTSCAN-V-03,PortScan,PortScan,RF-v5,0.003150333057869539,0.006077337496813229,0.9907723294453185
5221,F-A1-PORTSCAN-V-03,PortScan,PortScan,RF-v5,0.0031173831870937837,0.01190626640962612,0.9849763504032812
5222,F-A1-PORTSCAN-V-03,PortScan,PortScan,RF-v5,0.005445017986967171,0.006482568294333889,0.9880724137187
5223,F-A1-PORTSCAN-V-03,PortScan,PortScan,RF-v5,0.0031173831870937837,0.01190626640962612,0.9849763504032812
5224,F-A1-PORTSCAN-V-03,PortScan,PortScan,RF-v5,0.005612143572681964,0.006482568294333889,0.9879052881329854
5225,F-A1-PORTSCAN-V-03,PortScan,PortScan,RF-v5,0.007352696610132838,0.01190626640962612,0.9807410369802422
5226,F-A1-PORTSCAN-V-03,PortScan,PortScan,RF-v5,0.007352696610132838,0.01190626640962612,0.9807410369802422
5227,F-A1-PORTSCAN-V-03,PortScan,PortScan,RF-v5,0.007352696610132838,0.01190626640962612,0.9807410369802422
5228,F-A1-PORTSCAN-V-03,PortScan,PortScan,RF-v5,0.0031173831870937837,0.01190626640962612,0.9849763504032812
5229,F-A1-PORTSCAN-V-03,PortScan,PortScan,RF-v5,0.0031173831870937837,0.011025379037612469,0.9858572377752948
5230,F-A1-PORTSCAN-V-03,PortScan,PortScan,RF-v5,0.007352696610132838,0.01190626640962612,0.9807410369802422
5231,F-A1-PORTSCAN-V-03,PortScan,PortScan,RF-v5,0.003150333057869539,0.006077337496813229,0.9907723294453185
5232,F-A1-PORTSCAN-V-03,PortScan,PortScan,RF-v5,0.003150333057869539,0.006077337496813229,0.9907723294453185
5233,F-A1-PORTSCAN-V-03,PortScan,PortScan,RF-v5,0.0031173831870937837,0.011025379037612469,0.9858572377752948
5234,F-A1-PORTSCAN-V-03,PortScan,PortScan,RF-v5,0.005445017986967171,0.006482568294333889,0.9880724137187
5235,F-A1-PORTSCAN-V-03,PortScan,PortScan,RF-v5,0.0031173831870937837,0.011025379037612469,0.9858572377752948
5236,F-A1-PORTSCAN-V-03,PortScan,PortScan,RF-v5,0.007352696610132838,0.01190626640962612,0.9807410369802422
5237,F-A1-PORTSCAN-V-03,PortScan,PortScan,RF-v5,0.0031173831870937837,0.011025379037612469,0.9858572377752948
5238,F-A1-PORTSCAN-V-03,PortScan,PortScan,RF-v5,0.007352696610132838,0.01190626640962612,0.9807410369802422
5239,F-A1-PORTSCAN-V-03,PortScan,PortScan,RF-v5,0.0031173831870937837,0.011025379037612469,0.9858572377752948
5240,F-A1-PORTSCAN-V-03,PortScan,PortScan,RF-v5,0.0031173831870937837,0.01190626640962612,0.9849763504032812
5241,F-A1-PORTSCAN-V-03,PortScan,PortScan,RF-v5,0.0031173831870937837,0.011025379037612469,0.9858572377752948
5242,F-A1-PORTSCAN-V-03,PortScan,PortScan,RF-v5,0.007352696610132838,0.01190626640962612,0.9807410369802422
5243,F-A1-PORTSCAN-V-03,PortScan,PortScan,RF-v5,0.0031173831870937837,0.01190626640962612,0.9849763504032812
5244,F-A1-PORTSCAN-V-03,PortScan,PortScan,RF-v5,0.0031173831870937837,0.011025379037612469,0.9858572377752948
5245,F-A1-PORTSCAN-V-03,PortScan,PortScan,RF-v5,0.0031173831870937837,0.011025379037612469,0.9858572377752948
5246,F-A1-PORTSCAN-V-03,PortScan,PortScan,RF-v5,0.007352696610132838,0.01190626640962612,0.9807410369802422
5247,F-A1-PORTSCAN-V-03,PortScan,PortScan,RF-v5,0.0031173831870937837,0.011025379037612469,0.9858572377752948
5248,F-A1-PORTSCAN-V-03,PortScan,PortScan,RF-v5,0.0031173831870937837,0.01190626640962612,0.9849763504032812
5249,F-A1-PORTSCAN-V-03,PortScan,PortScan,RF-v5,0.003150333057869539,0.006077337496813229,0.9907723294453185
5250,F-A1-PORTSCAN-V-03,PortScan,PortScan,RF-v5,0.007352696610132838,0.01190626640962612,0.9807410369802422
5251,F-A1-PORTSCAN-V-03,PortScan,PortScan,RF-v5,0.007352696610132838,0.01190626640962612,0.9807410369802422
5252,F-A1-PORTSCAN-V-03,PortScan,PortScan,RF-v5,0.0031173831870937837,0.011025379037612469,0.9858572377752948
5253,F-A1-PORTSCAN-V-03,PortScan,PortScan,RF-v5,0.003150333057869539,0.006077337496813229,0.9907723294453185
5254,F-A1-PORTSCAN-V-03,PortScan,PortScan,RF-v5,0.003150333057869539,0.006077337496813229,0.9907723294453185
5255,F-A1-PORTSCAN-V-03,PortScan,PortScan,RF-v5,0.0031173831870937837,0.011025379037612469,0.9858572377752948
5256,F-A1-PORTSCAN-V-03,PortScan,PortScan,RF-v5,0.003150333057869539,0.006077337496813229,0.9907723294453185
5257,F-A1-PORTSCAN-V-03,PortScan,PortScan,RF-v5,0.005445017986967171,0.006482568294333889,0.9880724137187
5258,F-A1-PORTSCAN-V-03,PortScan,PortScan,RF-v5,0.007352696610132838,0.01190626640962612,0.9807410369802422
5259,F-A1-PORTSCAN-V-03,PortScan,PortScan,RF-v5,0.007352696610132838,0.01190626640962612,0.9807410369802422
5260,F-A1-PORTSCAN-V-03,PortScan,PortScan,RF-v5,0.007352696610132838,0.01190626640962612,0.9807410369802422
5261,F-A1-PORTSCAN-V-03,PortScan,PortScan,RF-v5,0.0031173831870937837,0.011025379037612469,0.9858572377752948
5262,F-A1-PORTSCAN-V-03,PortScan,PortScan,RF-v5,0.007352696610132838,0.01190626640962612,0.9807410369802422
5263,F-A1-PORTSCAN-V-03,PortScan,PortScan,RF-v5,0.007352696610132838,0.01190626640962612,0.9807410369802422
5264,F-A1-PORTSCAN-V-03,PortScan,PortScan,RF-v5,0.003150333057869539,0.006077337496813229,0.9907723294453185
5265,F-A1-PORTSCAN-V-03,PortScan,PortScan,RF-v5,0.0031173831870937837,0.011025379037612469,0.9858572377752948
5266,F-A1-PORTSCAN-V-03,PortScan,PortScan,RF-v5,0.007352696610132838,0.01190626640962612,0.9807410369802422
5267,F-A1-PORTSCAN-V-03,PortScan,PortScan,RF-v5,0.007352696610132838,0.01190626640962612,0.9807410369802422
5268,F-A1-PORTSCAN-V-03,PortScan,PortScan,RF-v5,0.003150333057869539,0.00603988132387339,0.9908097856182583
5269,F-A1-PORTSCAN-V-03,PortScan,PortScan,RF-v5,0.0031173831870937837,0.01190626640962612,0.9849763504032812
5270,F-A1-PORTSCAN-V-03,PortScan,PortScan,RF-v5,0.007352696610132838,0.01190626640962612,0.9807410369802422
5271,F-A1-PORTSCAN-V-03,PortScan,PortScan,RF-v5,0.003150333057869539,0.006077337496813229,0.9907723294453185
5272,F-A1-PORTSCAN-V-03,PortScan,PortScan,RF-v5,0.0031173831870937837,0.011025379037612469,0.9858572377752948
5273,F-A1-PORTSCAN-V-03,PortScan,PortScan,RF-v5,0.0031173831870937837,0.01190626640962612,0.9849763504032812
5274,F-A1-PORTSCAN-V-03,PortScan,PortScan,RF-v5,0.003150333057869539,0.006077337496813229,0.9907723294453185
5275,F-A1-PORTSCAN-V-03,PortScan,PortScan,RF-v5,0.0031173831870937837,0.01190626640962612,0.9849763504032812
5276,F-A1-PORTSCAN-V-03,PortScan,PortScan,RF-v5,0.003150333057869539,0.006077337496813229,0.9907723294453185
5277,F-A1-PORTSCAN-V-03,PortScan,PortScan,RF-v5,0.0031173831870937837,0.01190626640962612,0.9849763504032812
5278,F-A1-PORTSCAN-V-03,PortScan,PortScan,RF-v5,0.005445017986967171,0.006482568294333889,0.9880724137187
5279,F-A1-PORTSCAN-V-03,PortScan,PortScan,RF-v5,0.0031173831870937837,0.011025379037612469,0.9858572377752948
5280,F-A1-PORTSCAN-V-03,PortScan,PortScan,RF-v5,0.0031173831870937837,0.011025379037612469,0.9858572377752948
5281,F-A1-PORTSCAN-V-03,PortScan,PortScan,RF-v5,0.007352696610132838,0.01190626640962612,0.9807410369802422
5282,F-A1-PORTSCAN-V-03,PortScan,PortScan,RF-v5,0.007352696610132838,0.01190626640962612,0.9807410369802422
5283,F-A1-PORTSCAN-V-03,PortScan,PortScan,RF-v5,0.0031173831870937837,0.011025379037612469,0.9858572377752948
5284,F-A1-PORTSCAN-V-03,PortScan,PortScan,RF-v5,0.007352696610132838,0.01190626640962612,0.9807410369802422
5285,F-A1-PORTSCAN-V-03,PortScan,PortScan,RF-v5,0.003150333057869539,0.006077337496813229,0.9907723294453185
5286,F-A1-PORTSCAN-V-03,PortScan,PortScan,RF-v5,0.0031173831870937837,0.01190626640962612,0.9849763504032812
5287,F-A1-PORTSCAN-V-03,PortScan,PortScan,RF-v5,0.007352696610132838,0.01190626640962612,0.9807410369802422
5288,F-A1-PORTSCAN-V-03,PortScan,PortScan,RF-v5,0.007352696610132838,0.01190626640962612,0.9807410369802422
5289,F-A1-PORTSCAN-V-03,PortScan,PortScan,RF-v5,0.003150333057869539,0.006077337496813229,0.9907723294453185
5290,F-A1-PORTSCAN-V-03,PortScan,PortScan,RF-v5,0.0031173831870937837,0.011025379037612469,0.9858572377752948
5291,F-A1-PORTSCAN-V-03,PortScan,PortScan,RF-v5,0.0031173831870937837,0.01190626640962612,0.9849763504032812
5292,F-A1-PORTSCAN-V-03,PortScan,PortScan,RF-v5,0.010607420575499767,0.011025379037612469,0.9783672003868888
5293,F-A1-PORTSCAN-V-03,PortScan,PortScan,RF-v5,0.007352696610132838,0.01190626640962612,0.9807410369802422
5294,F-A1-PORTSCAN-V-03,PortScan,PortScan,RF-v5,0.003150333057869539,0.006077337496813229,0.9907723294453185
5295,F-A1-PORTSCAN-V-03,PortScan,PortScan,RF-v5,0.003150333057869539,0.006077337496813229,0.9907723294453185
5296,F-A1-PORTSCAN-V-03,PortScan,PortScan,RF-v5,0.007352696610132838,0.01190626640962612,0.9807410369802422
5297,F-A1-PORTSCAN-V-03,PortScan,PortScan,RF-v5,0.003150333057869539,0.006077337496813229,0.9907723294453185
5298,F-A1-PORTSCAN-V-03,PortScan,PortScan,RF-v5,0.0031173831870937837,0.01190626640962612,0.9849763504032812
5299,F-A1-PORTSCAN-V-03,PortScan,PortScan,RF-v5,0.0031173831870937837,0.011025379037612469,0.9858572377752948
5300,F-A1-PORTSCAN-V-03,PortScan,PortScan,RF-v5,0.0031173831870937837,0.011025379037612469,0.9858572377752948
5301,F-A1-PORTSCAN-V-03,PortScan,PortScan,RF-v5,0.0031173831870937837,0.011025379037612469,0.9858572377752948
5302,F-A1-PORTSCAN-V-03,PortScan,PortScan,RF-v5,0.0031173831870937837,0.01190626640962612,0.9849763504032812
5303,F-A1-PORTSCAN-V-03,PortScan,PortScan,RF-v5,0.007352696610132838,0.01190626640962612,0.9807410369802422
5304,F-A1-PORTSCAN-V-03,PortScan,PortScan,RF-v5,0.005445017986967171,0.006482568294333889,0.9880724137187
5305,F-A1-PORTSCAN-V-03,PortScan,PortScan,RF-v5,0.0031173831870937837,0.01190626640962612,0.9849763504032812
5306,F-A1-PORTSCAN-V-03,PortScan,PortScan,RF-v5,0.007352696610132838,0.01190626640962612,0.9807410369802422
5307,F-A1-PORTSCAN-V-03,PortScan,PortScan,RF-v5,0.007352696610132838,0.01190626640962612,0.9807410369802422
5308,F-A1-PORTSCAN-V-03,PortScan,PortScan,RF-v5,0.003150333057869539,0.006077337496813229,0.9907723294453185
5309,F-A1-PORTSCAN-V-03,PortScan,PortScan,RF-v5,0.0031173831870937837,0.011025379037612469,0.9858572377752948
5310,F-A1-PORTSCAN-V-03,PortScan,PortScan,RF-v5,0.0031173831870937837,0.011025379037612469,0.9858572377752948
5311,F-A1-PORTSCAN-V-03,PortScan,PortScan,RF-v5,0.0031173831870937837,0.011025379037612469,0.9858572377752948
5312,F-A1-PORTSCAN-V-03,PortScan,PortScan,RF-v5,0.0031173831870937837,0.011025379037612469,0.9858572377752948
5313,F-A1-PORTSCAN-V-03,PortScan,PortScan,RF-v5,0.007352696610132838,0.01190626640962612,0.9807410369802422
5314,F-A1-PORTSCAN-V-03,PortScan,PortScan,RF-v5,0.0031173831870937837,0.011025379037612469,0.9858572377752948
5315,F-A1-PORTSCAN-V-03,PortScan,PortScan,RF-v5,0.003150333057869539,0.006077337496813229,0.9907723294453185
5316,F-A1-PORTSCAN-V-03,PortScan,PortScan,RF-v5,0.0031173831870937837,0.01190626640962612,0.9849763504032812
5317,F-A1-PORTSCAN-V-03,PortScan,PortScan,RF-v5,0.003150333057869539,0.006077337496813229,0.9907723294453185
5318,F-A1-PORTSCAN-V-03,PortScan,PortScan,RF-v5,0.003150333057869539,0.006077337496813229,0.9907723294453185
5319,F-A1-PORTSCAN-V-03,PortScan,PortScan,RF-v5,0.003150333057869539,0.006077337496813229,0.9907723294453185
5320,F-A1-PORTSCAN-V-03,PortScan,PortScan,RF-v5,0.007352696610132838,0.01190626640962612,0.9807410369802422
5321,F-A1-PORTSCAN-V-03,PortScan,PortScan,RF-v5,0.007352696610132838,0.01190626640962612,0.9807410369802422
5322,F-A1-PORTSCAN-V-03,PortScan,PortScan,RF-v5,0.007352696610132838,0.01190626640962612,0.9807410369802422
5323,F-A1-PORTSCAN-V-03,PortScan,PortScan,RF-v5,0.007352696610132838,0.01190626640962612,0.9807410369802422
5324,F-A1-PORTSCAN-V-03,PortScan,PortScan,RF-v5,0.003194338180644271,0.009174012094615188,0.9876316497247416
5325,F-A1-PORTSCAN-V-03,PortScan,PortScan,RF-v5,0.0031173831870937837,0.011025379037612469,0.9858572377752948
5326,F-A1-PORTSCAN-V-03,PortScan,PortScan,RF-v5,0.007352696610132838,0.01190626640962612,0.9807410369802422
5327,F-A1-PORTSCAN-V-03,PortScan,PortScan,RF-v5,0.0031173831870937837,0.011025379037612469,0.9858572377752948
5328,F-A1-PORTSCAN-V-03,PortScan,PortScan,RF-v5,0.0031173831870937837,0.01190626640962612,0.9849763504032812
5329,F-A1-PORTSCAN-V-03,PortScan,PortScan,RF-v5,0.003150333057869539,0.006077337496813229,0.9907723294453185
5330,F-A1-PORTSCAN-V-03,PortScan,PortScan,RF-v5,0.0031173831870937837,0.011025379037612469,0.9858572377752948
5331,F-A1-PORTSCAN-V-03,PortScan,PortScan,RF-v5,0.0031173831870937837,0.011025379037612469,0.9858572377752948
5332,F-A1-PORTSCAN-V-03,PortScan,PortScan,RF-v5,0.0031173831870937837,0.01190626640962612,0.9849763504032812
5333,F-A1-PORTSCAN-V-03,PortScan,PortScan,RF-v5,0.0031173831870937837,0.011025379037612469,0.9858572377752948
5334,F-A1-PORTSCAN-V-03,PortScan,PortScan,RF-v5,0.0031173831870937837,0.01190626640962612,0.9849763504032812
5335,F-A1-PORTSCAN-V-03,PortScan,PortScan,RF-v5,0.0031173831870937837,0.01190626640962612,0.9849763504032812
5336,F-A1-PORTSCAN-V-03,PortScan,PortScan,RF-v5,0.003150333057869539,0.006077337496813229,0.9907723294453185
5337,F-A1-PORTSCAN-V-03,PortScan,PortScan,RF-v5,0.0031173831870937837,0.01190626640962612,0.9849763504032812
5338,F-A1-PORTSCAN-V-03,PortScan,PortScan,RF-v5,0.007352696610132838,0.01190626640962612,0.9807410369802422
5339,F-A1-PORTSCAN-V-03,PortScan,PortScan,RF-v5,0.003150333057869539,0.006077337496813229,0.9907723294453185
5340,F-A1-PORTSCAN-V-03,PortScan,PortScan,RF-v5,0.0031173831870937837,0.01190626640962612,0.9849763504032812
5341,F-A1-PORTSCAN-V-03,PortScan,PortScan,RF-v5,0.007352696610132838,0.01190626640962612,0.9807410369802422
5342,F-A1-PORTSCAN-V-03,PortScan,PortScan,RF-v5,0.007352696610132838,0.01190626640962612,0.9807410369802422
5343,F-A1-PORTSCAN-V-03,PortScan,PortScan,RF-v5,0.0031173831870937837,0.01190626640962612,0.9849763504032812
5344,F-A1-PORTSCAN-V-03,PortScan,PortScan,RF-v5,0.003150333057869539,0.006077337496813229,0.9907723294453185
5345,F-A1-PORTSCAN-V-03,PortScan,PortScan,RF-v5,0.0031173831870937837,0.01190626640962612,0.9849763504032812
5346,F-A1-PORTSCAN-V-03,PortScan,PortScan,RF-v5,0.003150333057869539,0.006077337496813229,0.9907723294453185
5347,F-A1-PORTSCAN-V-03,PortScan,PortScan,RF-v5,0.003194338180644271,0.009174012094615188,0.9876316497247416
5348,F-A1-PORTSCAN-V-03,PortScan,PortScan,RF-v5,0.0031173831870937837,0.011025379037612469,0.9858572377752948
5349,F-A1-PORTSCAN-V-03,PortScan,PortScan,RF-v5,0.0031173831870937837,0.011025379037612469,0.9858572377752948
5350,F-A1-PORTSCAN-V-03,PortScan,PortScan,RF-v5,0.0031173831870937837,0.011025379037612469,0.9858572377752948
5351,F-A1-PORTSCAN-V-03,PortScan,PortScan,RF-v5,0.0031173831870937837,0.011025379037612469,0.9858572377752948
5352,F-A1-PORTSCAN-V-03,PortScan,PortScan,RF-v5,0.003150333057869539,0.00603988132387339,0.9908097856182583
5353,F-A1-PORTSCAN-V-03,PortScan,PortScan,RF-v5,0.0031173831870937837,0.011025379037612469,0.9858572377752948
5354,F-A1-PORTSCAN-V-03,PortScan,PortScan,RF-v5,0.0031173831870937837,0.011025379037612469,0.9858572377752948
5355,F-A1-PORTSCAN-V-03,PortScan,PortScan,RF-v5,0.0031173831870937837,0.01190626640962612,0.9849763504032812
5356,F-A1-PORTSCAN-V-03,PortScan,PortScan,RF-v5,0.0031173831870937837,0.01190626640962612,0.9849763504032812
5357,F-A1-PORTSCAN-V-03,PortScan,PortScan,RF-v5,0.007352696610132838,0.01190626640962612,0.9807410369802422
5358,F-A1-PORTSCAN-V-03,PortScan,PortScan,RF-v5,0.0031173831870937837,0.011025379037612469,0.9858572377752948
5359,F-A1-PORTSCAN-V-03,PortScan,PortScan,RF-v5,0.007352696610132838,0.01190626640962612,0.9807410369802422
5360,F-A1-PORTSCAN-V-03,PortScan,PortScan,RF-v5,0.003150333057869539,0.006077337496813229,0.9907723294453185
5361,F-A1-PORTSCAN-V-03,PortScan,PortScan,RF-v5,0.007352696610132838,0.01190626640962612,0.9807410369802422
5362,F-A1-PORTSCAN-V-03,PortScan,PortScan,RF-v5,0.007352696610132838,0.01190626640962612,0.9807410369802422
5363,F-A1-PORTSCAN-V-03,PortScan,PortScan,RF-v5,0.0031173831870937837,0.01190626640962612,0.9849763504032812
5364,F-A1-PORTSCAN-V-03,PortScan,PortScan,RF-v5,0.003150333057869539,0.006077337496813229,0.9907723294453185
5365,F-A1-PORTSCAN-V-03,PortScan,PortScan,RF-v5,0.007352696610132838,0.01190626640962612,0.9807410369802422
5366,F-A1-PORTSCAN-V-03,PortScan,PortScan,RF-v5,0.007352696610132838,0.01190626640962612,0.9807410369802422
5367,F-A1-PORTSCAN-V-03,PortScan,PortScan,RF-v5,0.0031173831870937837,0.01190626640962612,0.9849763504032812
5368,F-A1-PORTSCAN-V-03,PortScan,PortScan,RF-v5,0.0031173831870937837,0.011025379037612469,0.9858572377752948
5369,F-A1-PORTSCAN-V-03,PortScan,PortScan,RF-v5,0.0031173831870937837,0.011025379037612469,0.9858572377752948
5370,F-A1-PORTSCAN-V-03,PortScan,PortScan,RF-v5,0.007352696610132838,0.01190626640962612,0.9807410369802422
5371,F-A1-PORTSCAN-V-03,PortScan,PortScan,RF-v5,0.0031173831870937837,0.011025379037612469,0.9858572377752948
5372,F-A1-PORTSCAN-V-03,PortScan,PortScan,RF-v5,0.0031173831870937837,0.011025379037612469,0.9858572377752948
5373,F-A1-PORTSCAN-V-03,PortScan,PortScan,RF-v5,0.007352696610132838,0.01190626640962612,0.9807410369802422
5374,F-A1-PORTSCAN-V-03,PortScan,PortScan,RF-v5,0.0031173831870937837,0.011025379037612469,0.9858572377752948
5375,F-A1-PORTSCAN-V-03,PortScan,PortScan,RF-v5,0.0031173831870937837,0.011025379037612469,0.9858572377752948
5376,F-A1-PORTSCAN-V-03,PortScan,PortScan,RF-v5,0.003150333057869539,0.006077337496813229,0.9907723294453185
5377,F-A1-PORTSCAN-V-03,PortScan,PortScan,RF-v5,0.007352696610132838,0.01190626640962612,0.9807410369802422
5378,F-A1-PORTSCAN-V-03,PortScan,PortScan,RF-v5,0.005445017986967171,0.006482568294333889,0.9880724137187
5379,F-A1-PORTSCAN-V-03,PortScan,PortScan,RF-v5,0.0031173831870937837,0.011025379037612469,0.9858572377752948
5380,F-A1-PORTSCAN-V-03,PortScan,PortScan,RF-v5,0.0031173831870937837,0.011025379037612469,0.9858572377752948
5381,F-A1-PORTSCAN-V-03,PortScan,PortScan,RF-v5,0.0031173831870937837,0.01190626640962612,0.9849763504032812
5382,F-A1-PORTSCAN-V-03,PortScan,PortScan,RF-v5,0.007352696610132838,0.01190626640962612,0.9807410369802422
5383,F-A1-PORTSCAN-V-03,PortScan,PortScan,RF-v5,0.003150333057869539,0.006077337496813229,0.9907723294453185
5384,F-A1-PORTSCAN-V-03,PortScan,PortScan,RF-v5,0.0031173831870937837,0.011025379037612469,0.9858572377752948
5385,F-A1-PORTSCAN-V-03,PortScan,PortScan,RF-v5,0.005445017986967171,0.006482568294333889,0.9880724137187
5386,F-A1-PORTSCAN-V-03,PortScan,PortScan,RF-v5,0.0031173831870937837,0.01190626640962612,0.9849763504032812
5387,F-A1-PORTSCAN-V-03,PortScan,PortScan,RF-v5,0.007352696610132838,0.01190626640962612,0.9807410369802422
5388,F-A1-PORTSCAN-V-03,PortScan,PortScan,RF-v5,0.0031173831870937837,0.011025379037612469,0.9858572377752948
5389,F-A1-PORTSCAN-V-03,PortScan,PortScan,RF-v5,0.003150333057869539,0.006077337496813229,0.9907723294453185
5390,F-A1-PORTSCAN-V-03,PortScan,PortScan,RF-v5,0.0031173831870937837,0.01190626640962612,0.9849763504032812
5391,F-A1-PORTSCAN-V-03,PortScan,PortScan,RF-v5,0.0031173831870937837,0.011025379037612469,0.9858572377752948
5392,F-A1-PORTSCAN-V-03,PortScan,PortScan,RF-v5,0.003150333057869539,0.006077337496813229,0.9907723294453185
5393,F-A1-PORTSCAN-V-03,PortScan,PortScan,RF-v5,0.0031173831870937837,0.01190626640962612,0.9849763504032812
5394,F-A1-PORTSCAN-V-03,PortScan,PortScan,RF-v5,0.0031173831870937837,0.01190626640962612,0.9849763504032812
5395,F-A1-PORTSCAN-V-03,PortScan,PortScan,RF-v5,0.003150333057869539,0.006077337496813229,0.9907723294453185
5396,F-A1-PORTSCAN-V-03,PortScan,PortScan,RF-v5,0.0031173831870937837,0.01190626640962612,0.9849763504032812
5397,F-A1-PORTSCAN-V-03,PortScan,PortScan,RF-v5,0.0031173831870937837,0.01190626640962612,0.9849763504032812
5398,F-A1-PORTSCAN-V-03,PortScan,PortScan,RF-v5,0.007352696610132838,0.01190626640962612,0.9807410369802422
5399,F-A1-PORTSCAN-V-03,PortScan,PortScan,RF-v5,0.0031173831870937837,0.011025379037612469,0.9858572377752948
5400,F-A1-PORTSCAN-V-03,PortScan,PortScan,RF-v5,0.003150333057869539,0.006077337496813229,0.9907723294453185
5401,F-A1-PORTSCAN-V-03,PortScan,PortScan,RF-v5,0.0031173831870937837,0.011025379037612469,0.9858572377752948
5402,F-A1-PORTSCAN-V-03,PortScan,PortScan,RF-v5,0.005445017986967171,0.006482568294333889,0.9880724137187
5403,F-A1-PORTSCAN-V-03,PortScan,PortScan,RF-v5,0.0031173831870937837,0.011025379037612469,0.9858572377752948
5404,F-A1-PORTSCAN-V-03,PortScan,PortScan,RF-v5,0.0031173831870937837,0.01190626640962612,0.9849763504032812
5405,F-A1-PORTSCAN-V-03,PortScan,PortScan,RF-v5,0.003150333057869539,0.00603988132387339,0.9908097856182583
5406,F-A1-PORTSCAN-V-03,PortScan,PortScan,RF-v5,0.0031173831870937837,0.011025379037612469,0.9858572377752948
5407,F-A1-PORTSCAN-V-03,PortScan,PortScan,RF-v5,0.0031173831870937837,0.011025379037612469,0.9858572377752948
5408,F-A1-PORTSCAN-V-03,PortScan,PortScan,RF-v5,0.0031173831870937837,0.011025379037612469,0.9858572377752948
5409,F-A1-PORTSCAN-V-03,PortScan,PortScan,RF-v5,0.007352696610132838,0.01190626640962612,0.9807410369802422
5410,F-A1-PORTSCAN-V-03,PortScan,PortScan,RF-v5,0.0031173831870937837,0.011025379037612469,0.9858572377752948
5411,F-A1-PORTSCAN-V-03,PortScan,PortScan,RF-v5,0.0031173831870937837,0.011025379037612469,0.9858572377752948
5412,F-A1-PORTSCAN-V-03,PortScan,PortScan,RF-v5,0.0031173831870937837,0.01190626640962612,0.9849763504032812
5413,F-A1-PORTSCAN-V-03,PortScan,PortScan,RF-v5,0.0031173831870937837,0.011025379037612469,0.9858572377752948
5414,F-A1-PORTSCAN-V-03,PortScan,PortScan,RF-v5,0.0031173831870937837,0.01190626640962612,0.9849763504032812
5415,F-A1-PORTSCAN-V-03,PortScan,PortScan,RF-v5,0.007352696610132838,0.01190626640962612,0.9807410369802422
5416,F-A1-PORTSCAN-V-03,PortScan,PortScan,RF-v5,0.007352696610132838,0.01190626640962612,0.9807410369802422
5417,F-A1-PORTSCAN-V-03,PortScan,PortScan,RF-v5,0.003150333057869539,0.006077337496813229,0.9907723294453185
5418,F-A1-PORTSCAN-V-03,PortScan,PortScan,RF-v5,0.0031173831870937837,0.01190626640962612,0.9849763504032812
5419,F-A1-PORTSCAN-V-03,PortScan,PortScan,RF-v5,0.0031173831870937837,0.011025379037612469,0.9858572377752948
5420,F-A1-PORTSCAN-V-03,PortScan,PortScan,RF-v5,0.0031173831870937837,0.01190626640962612,0.9849763504032812
5421,F-A1-PORTSCAN-V-03,PortScan,PortScan,RF-v5,0.0031173831870937837,0.011025379037612469,0.9858572377752948
5422,F-A1-PORTSCAN-V-03,PortScan,PortScan,RF-v5,0.003150333057869539,0.006077337496813229,0.9907723294453185
5423,F-A1-PORTSCAN-V-03,PortScan,PortScan,RF-v5,0.0031173831870937837,0.01190626640962612,0.9849763504032812
5424,F-A1-PORTSCAN-V-03,PortScan,PortScan,RF-v5,0.0029738601050267365,0.005947894303711483,0.991078245591263
5425,F-A1-PORTSCAN-V-03,PortScan,PortScan,RF-v5,0.007352696610132838,0.01190626640962612,0.9807410369802422
5426,F-A1-PORTSCAN-V-03,PortScan,PortScan,RF-v5,0.007352696610132838,0.01190626640962612,0.9807410369802422
5427,F-A1-PORTSCAN-V-03,PortScan,PortScan,RF-v5,0.0031173831870937837,0.01190626640962612,0.9849763504032812
5428,F-A1-PORTSCAN-V-03,PortScan,PortScan,RF-v5,0.0031173831870937837,0.011025379037612469,0.9858572377752948
5429,F-A1-PORTSCAN-V-03,PortScan,PortScan,RF-v5,0.0031173831870937837,0.01190626640962612,0.9849763504032812
5430,F-A1-PORTSCAN-V-03,PortScan,PortScan,RF-v5,0.007352696610132838,0.01190626640962612,0.9807410369802422
5431,F-A1-PORTSCAN-V-03,PortScan,PortScan,RF-v5,0.007352696610132838,0.01190626640962612,0.9807410369802422
5432,F-A1-PORTSCAN-V-03,PortScan,PortScan,RF-v5,0.0031173831870937837,0.01190626640962612,0.9849763504032812
5433,F-A1-PORTSCAN-V-03,PortScan,PortScan,RF-v5,0.0031173831870937837,0.01190626640962612,0.9849763504032812
5434,F-A1-PORTSCAN-V-03,PortScan,PortScan,RF-v5,0.0031173831870937837,0.011025379037612469,0.9858572377752948
5435,F-A1-PORTSCAN-V-03,PortScan,PortScan,RF-v5,0.0031173831870937837,0.011025379037612469,0.9858572377752948
5436,F-A1-PORTSCAN-V-03,PortScan,PortScan,RF-v5,0.0031173831870937837,0.01190626640962612,0.9849763504032812
5437,F-A1-PORTSCAN-V-03,PortScan,PortScan,RF-v5,0.0031173831870937837,0.011025379037612469,0.9858572377752948
5438,F-A1-PORTSCAN-V-03,PortScan,PortScan,RF-v5,0.005445017986967171,0.006482568294333889,0.9880724137187
5439,F-A1-PORTSCAN-V-03,PortScan,PortScan,RF-v5,0.0031173831870937837,0.011025379037612469,0.9858572377752948
5440,F-A1-PORTSCAN-V-03,PortScan,PortScan,RF-v5,0.0031173831870937837,0.01190626640962612,0.9849763504032812
5441,F-A1-PORTSCAN-V-03,PortScan,PortScan,RF-v5,0.0031173831870937837,0.01190626640962612,0.9849763504032812
5442,F-A1-PORTSCAN-V-03,PortScan,PortScan,RF-v5,0.005445017986967171,0.006482568294333889,0.9880724137187
5443,F-A1-PORTSCAN-V-03,PortScan,PortScan,RF-v5,0.0031173831870937837,0.01190626640962612,0.9849763504032812
5444,F-A1-PORTSCAN-V-03,PortScan,PortScan,RF-v5,0.0031173831870937837,0.011025379037612469,0.9858572377752948
5445,F-A1-PORTSCAN-V-03,PortScan,PortScan,RF-v5,0.0031173831870937837,0.01190626640962612,0.9849763504032812
5446,F-A1-PORTSCAN-V-03,PortScan,PortScan,RF-v5,0.003150333057869539,0.00603988132387339,0.9908097856182583
5447,F-A1-PORTSCAN-V-03,PortScan,PortScan,RF-v5,0.0031173831870937837,0.011025379037612469,0.9858572377752948
5448,F-A1-PORTSCAN-V-03,PortScan,PortScan,RF-v5,0.007352696610132838,0.01190626640962612,0.9807410369802422
5449,F-A1-PORTSCAN-V-03,PortScan,PortScan,RF-v5,0.0031173831870937837,0.01190626640962612,0.9849763504032812
5450,F-A1-PORTSCAN-V-03,PortScan,PortScan,RF-v5,0.0031173831870937837,0.01190626640962612,0.9849763504032812
5451,F-A1-PORTSCAN-V-03,PortScan,PortScan,RF-v5,0.0031173831870937837,0.011025379037612469,0.9858572377752948
5452,F-A1-PORTSCAN-V-03,PortScan,PortScan,RF-v5,0.0031173831870937837,0.011025379037612469,0.9858572377752948
5453,F-A1-PORTSCAN-V-03,PortScan,PortScan,RF-v5,0.0031173831870937837,0.011025379037612469,0.9858572377752948
5454,F-A1-PORTSCAN-V-03,PortScan,PortScan,RF-v5,0.005445017986967171,0.006482568294333889,0.9880724137187
5455,F-A1-PORTSCAN-V-03,PortScan,PortScan,RF-v5,0.0031173831870937837,0.011025379037612469,0.9858572377752948
5456,F-A1-PORTSCAN-V-03,PortScan,PortScan,RF-v5,0.007352696610132838,0.01190626640962612,0.9807410369802422
5457,F-A1-PORTSCAN-V-03,PortScan,PortScan,RF-v5,0.0031173831870937837,0.011025379037612469,0.9858572377752948
5458,F-A1-PORTSCAN-V-03,PortScan,PortScan,RF-v5,0.005612143572681964,0.006482568294333889,0.9879052881329854
5459,F-A1-PORTSCAN-V-03,PortScan,PortScan,RF-v5,0.0031173831870937837,0.011025379037612469,0.9858572377752948
5460,F-A1-PORTSCAN-V-03,PortScan,PortScan,RF-v5,0.0031173831870937837,0.01190626640962612,0.9849763504032812
5461,F-A1-PORTSCAN-V-03,PortScan,PortScan,RF-v5,0.007352696610132838,0.01190626640962612,0.9807410369802422
5462,F-A1-PORTSCAN-V-03,PortScan,PortScan,RF-v5,0.007352696610132838,0.01190626640962612,0.9807410369802422
5463,F-A1-PORTSCAN-V-03,PortScan,PortScan,RF-v5,0.003150333057869539,0.006077337496813229,0.9907723294453185
5464,F-A1-PORTSCAN-V-03,PortScan,PortScan,RF-v5,0.0031173831870937837,0.011025379037612469,0.9858572377752948
5465,F-A1-PORTSCAN-V-03,PortScan,PortScan,RF-v5,0.0031173831870937837,0.011025379037612469,0.9858572377752948
5466,F-A1-PORTSCAN-V-03,PortScan,PortScan,RF-v5,0.0031173831870937837,0.011025379037612469,0.9858572377752948
5467,F-A1-PORTSCAN-V-03,PortScan,PortScan,RF-v5,0.007352696610132838,0.01190626640962612,0.9807410369802422
5468,F-A1-PORTSCAN-V-03,PortScan,PortScan,RF-v5,0.0031173831870937837,0.011025379037612469,0.9858572377752948
5469,F-A1-PORTSCAN-V-03,PortScan,PortScan,RF-v5,0.0031173831870937837,0.01190626640962612,0.9849763504032812
5470,F-A1-PORTSCAN-V-03,PortScan,PortScan,RF-v5,0.0031173831870937837,0.01190626640962612,0.9849763504032812
5471,F-A1-PORTSCAN-V-03,PortScan,PortScan,RF-v5,0.005612143572681964,0.006482568294333889,0.9879052881329854
5472,F-A1-PORTSCAN-V-03,PortScan,PortScan,RF-v5,0.007352696610132838,0.01190626640962612,0.9807410369802422
5473,F-A1-PORTSCAN-V-03,PortScan,PortScan,RF-v5,0.0031173831870937837,0.011025379037612469,0.9858572377752948
5474,F-A1-PORTSCAN-V-03,PortScan,PortScan,RF-v5,0.007352696610132838,0.01190626640962612,0.9807410369802422
5475,F-A1-PORTSCAN-V-03,PortScan,PortScan,RF-v5,0.0031173831870937837,0.011025379037612469,0.9858572377752948
5476,F-A1-PORTSCAN-V-03,PortScan,PortScan,RF-v5,0.0031173831870937837,0.011025379037612469,0.9858572377752948
5477,F-A1-PORTSCAN-V-03,PortScan,PortScan,RF-v5,0.007352696610132838,0.01190626640962612,0.9807410369802422
5478,F-A1-PORTSCAN-V-03,PortScan,PortScan,RF-v5,0.007352696610132838,0.01190626640962612,0.9807410369802422
5479,F-A1-PORTSCAN-V-03,PortScan,PortScan,RF-v5,0.0031173831870937837,0.01190626640962612,0.9849763504032812
5480,F-A1-PORTSCAN-V-03,PortScan,PortScan,RF-v5,0.0029738601050267365,0.005947894303711483,0.991078245591263
5481,F-A1-PORTSCAN-V-03,PortScan,PortScan,RF-v5,0.007352696610132838,0.01190626640962612,0.9807410369802422
5482,F-A1-PORTSCAN-V-03,PortScan,PortScan,RF-v5,0.003150333057869539,0.006077337496813229,0.9907723294453185
5483,F-A1-PORTSCAN-V-03,PortScan,PortScan,RF-v5,0.007352696610132838,0.01190626640962612,0.9807410369802422
5484,F-A1-PORTSCAN-V-03,PortScan,PortScan,RF-v5,0.003150333057869539,0.006077337496813229,0.9907723294453185
5485,F-A1-PORTSCAN-V-03,PortScan,PortScan,RF-v5,0.007352696610132838,0.01190626640962612,0.9807410369802422
5486,F-A1-PORTSCAN-V-03,PortScan,PortScan,RF-v5,0.0031173831870937837,0.011025379037612469,0.9858572377752948
5487,F-A1-PORTSCAN-V-03,PortScan,PortScan,RF-v5,0.0031173831870937837,0.011025379037612469,0.9858572377752948
5488,F-A1-PORTSCAN-V-03,PortScan,PortScan,RF-v5,0.0031173831870937837,0.011025379037612469,0.9858572377752948
5489,F-A1-PORTSCAN-V-03,PortScan,PortScan,RF-v5,0.0031173831870937837,0.01190626640962612,0.9849763504032812
5490,F-A1-PORTSCAN-V-03,PortScan,PortScan,RF-v5,0.007352696610132838,0.01190626640962612,0.9807410369802422
5491,F-A1-PORTSCAN-V-03,PortScan,PortScan,RF-v5,0.007352696610132838,0.01190626640962612,0.9807410369802422
5492,F-A1-PORTSCAN-V-03,PortScan,PortScan,RF-v5,0.007352696610132838,0.01190626640962612,0.9807410369802422
5493,F-A1-PORTSCAN-V-03,PortScan,PortScan,RF-v5,0.007352696610132838,0.01190626640962612,0.9807410369802422
5494,F-A1-PORTSCAN-V-03,PortScan,PortScan,RF-v5,0.0031173831870937837,0.011025379037612469,0.9858572377752948
5495,F-A1-PORTSCAN-V-03,PortScan,PortScan,RF-v5,0.003150333057869539,0.00603988132387339,0.9908097856182583
5496,F-A1-PORTSCAN-V-03,PortScan,PortScan,RF-v5,0.007352696610132838,0.01190626640962612,0.9807410369802422
5497,F-A1-PORTSCAN-V-03,PortScan,PortScan,RF-v5,0.003150333057869539,0.006077337496813229,0.9907723294453185
5498,F-A1-PORTSCAN-V-03,PortScan,PortScan,RF-v5,0.007352696610132838,0.01190626640962612,0.9807410369802422
5499,F-A1-PORTSCAN-V-03,PortScan,PortScan,RF-v5,0.0031173831870937837,0.01190626640962612,0.9849763504032812
5500,F-A1-PORTSCAN-V-03,PortScan,PortScan,RF-v5,0.0031173831870937837,0.011025379037612469,0.9858572377752948
5501,F-A1-PORTSCAN-V-03,PortScan,PortScan,RF-v5,0.0031173831870937837,0.011025379037612469,0.9858572377752948
5502,F-A1-PORTSCAN-V-03,PortScan,PortScan,RF-v5,0.0031173831870937837,0.01190626640962612,0.9849763504032812
5503,F-A1-PORTSCAN-V-03,PortScan,PortScan,RF-v5,0.0031173831870937837,0.01190626640962612,0.9849763504032812
5504,F-A1-PORTSCAN-V-03,PortScan,PortScan,RF-v5,0.0031173831870937837,0.01190626640962612,0.9849763504032812
5505,F-A1-PORTSCAN-V-03,PortScan,PortScan,RF-v5,0.003150333057869539,0.006077337496813229,0.9907723294453185
5506,F-A1-PORTSCAN-V-03,PortScan,PortScan,RF-v5,0.0031173831870937837,0.01190626640962612,0.9849763504032812
5507,F-A1-PORTSCAN-V-03,PortScan,PortScan,RF-v5,0.005445017986967171,0.006482568294333889,0.9880724137187
5508,F-A1-PORTSCAN-V-03,PortScan,PortScan,RF-v5,0.0031173831870937837,0.011025379037612469,0.9858572377752948
5509,F-A1-PORTSCAN-V-03,PortScan,PortScan,RF-v5,0.0031173831870937837,0.011025379037612469,0.9858572377752948
5510,F-A1-PORTSCAN-V-03,PortScan,PortScan,RF-v5,0.0031173831870937837,0.01190626640962612,0.9849763504032812
5511,F-A1-PORTSCAN-V-03,PortScan,PortScan,RF-v5,0.0031173831870937837,0.011025379037612469,0.9858572377752948
5512,F-A1-PORTSCAN-V-03,PortScan,PortScan,RF-v5,0.0031173831870937837,0.011025379037612469,0.9858572377752948
5513,F-A1-PORTSCAN-V-03,PortScan,PortScan,RF-v5,0.007352696610132838,0.01190626640962612,0.9807410369802422
5514,F-A1-PORTSCAN-V-03,PortScan,PortScan,RF-v5,0.0031173831870937837,0.01190626640962612,0.9849763504032812
5515,F-A1-PORTSCAN-V-03,PortScan,PortScan,RF-v5,0.003150333057869539,0.006077337496813229,0.9907723294453185
5516,F-A1-PORTSCAN-V-03,PortScan,PortScan,RF-v5,0.007352696610132838,0.01190626640962612,0.9807410369802422
5517,F-A1-PORTSCAN-V-03,PortScan,PortScan,RF-v5,0.007352696610132838,0.01190626640962612,0.9807410369802422
5518,F-A1-PORTSCAN-V-03,PortScan,PortScan,RF-v5,0.007352696610132838,0.01190626640962612,0.9807410369802422
5519,F-A1-PORTSCAN-V-03,PortScan,PortScan,RF-v5,0.003150333057869539,0.006077337496813229,0.9907723294453185
5520,F-A1-PORTSCAN-V-03,PortScan,PortScan,RF-v5,0.007352696610132838,0.01190626640962612,0.9807410369802422
5521,F-A1-PORTSCAN-V-03,PortScan,PortScan,RF-v5,0.007352696610132838,0.01190626640962612,0.9807410369802422
5522,F-A1-PORTSCAN-V-03,PortScan,PortScan,RF-v5,0.007352696610132838,0.01190626640962612,0.9807410369802422
5523,F-A1-PORTSCAN-V-03,PortScan,PortScan,RF-v5,0.0031173831870937837,0.01190626640962612,0.9849763504032812
5524,F-A1-PORTSCAN-V-03,PortScan,PortScan,RF-v5,0.007352696610132838,0.01190626640962612,0.9807410369802422
5525,F-A1-PORTSCAN-V-03,PortScan,PortScan,RF-v5,0.0031173831870937837,0.011025379037612469,0.9858572377752948
5526,F-A1-PORTSCAN-V-03,PortScan,PortScan,RF-v5,0.007352696610132838,0.01190626640962612,0.9807410369802422
5527,F-A1-PORTSCAN-V-03,PortScan,PortScan,RF-v5,0.0031173831870937837,0.011025379037612469,0.9858572377752948
5528,F-A1-PORTSCAN-V-03,PortScan,PortScan,RF-v5,0.0031173831870937837,0.011025379037612469,0.9858572377752948
5529,F-A1-PORTSCAN-V-03,PortScan,PortScan,RF-v5,0.003150333057869539,0.006077337496813229,0.9907723294453185
5530,F-A1-PORTSCAN-V-03,PortScan,PortScan,RF-v5,0.0031173831870937837,0.011025379037612469,0.9858572377752948
5531,F-A1-PORTSCAN-V-03,PortScan,PortScan,RF-v5,0.0031173831870937837,0.011025379037612469,0.9858572377752948
5532,F-A1-PORTSCAN-V-03,PortScan,PortScan,RF-v5,0.007352696610132838,0.01190626640962612,0.9807410369802422
5533,F-A1-PORTSCAN-V-03,PortScan,PortScan,RF-v5,0.005612143572681964,0.006482568294333889,0.9879052881329854
5534,F-A1-PORTSCAN-V-03,PortScan,PortScan,RF-v5,0.007352696610132838,0.01190626640962612,0.9807410369802422
5535,F-A1-PORTSCAN-V-03,PortScan,PortScan,RF-v5,0.0031173831870937837,0.011025379037612469,0.9858572377752948
5536,F-A1-PORTSCAN-V-03,PortScan,PortScan,RF-v5,0.0031173831870937837,0.01190626640962612,0.9849763504032812
5537,F-A1-PORTSCAN-V-03,PortScan,PortScan,RF-v5,0.007352696610132838,0.01190626640962612,0.9807410369802422
5538,F-A1-PORTSCAN-V-03,PortScan,PortScan,RF-v5,0.007352696610132838,0.01190626640962612,0.9807410369802422
5539,F-A1-PORTSCAN-V-03,PortScan,PortScan,RF-v5,0.007352696610132838,0.01190626640962612,0.9807410369802422
5540,F-A1-PORTSCAN-V-03,PortScan,PortScan,RF-v5,0.0031173831870937837,0.011025379037612469,0.9858572377752948
5541,F-A1-PORTSCAN-V-03,PortScan,PortScan,RF-v5,0.007352696610132838,0.01190626640962612,0.9807410369802422
5542,F-A1-PORTSCAN-V-03,PortScan,PortScan,RF-v5,0.0031173831870937837,0.01190626640962612,0.9849763504032812
5543,F-A1-PORTSCAN-V-03,PortScan,PortScan,RF-v5,0.0031173831870937837,0.011025379037612469,0.9858572377752948
5544,F-A1-PORTSCAN-V-03,PortScan,PortScan,RF-v5,0.003150333057869539,0.006077337496813229,0.9907723294453185
5545,F-A1-PORTSCAN-V-03,PortScan,PortScan,RF-v5,0.0031173831870937837,0.01190626640962612,0.9849763504032812
5546,F-A1-PORTSCAN-V-03,PortScan,PortScan,RF-v5,0.0031173831870937837,0.01190626640962612,0.9849763504032812
5547,F-A1-PORTSCAN-V-03,PortScan,PortScan,RF-v5,0.0031173831870937837,0.01190626640962612,0.9849763504032812
5548,F-A1-PORTSCAN-V-03,PortScan,PortScan,RF-v5,0.005445017986967171,0.006482568294333889,0.9880724137187
5549,F-A1-PORTSCAN-V-03,PortScan,PortScan,RF-v5,0.003150333057869539,0.006077337496813229,0.9907723294453185
5550,F-A1-PORTSCAN-V-03,PortScan,PortScan,RF-v5,0.0031173831870937837,0.01190626640962612,0.9849763504032812
5551,F-A1-PORTSCAN-V-03,PortScan,PortScan,RF-v5,0.0031173831870937837,0.011025379037612469,0.9858572377752948
5552,F-A1-PORTSCAN-V-03,PortScan,PortScan,RF-v5,0.0031173831870937837,0.011025379037612469,0.9858572377752948
5553,F-A1-PORTSCAN-V-03,PortScan,PortScan,RF-v5,0.003150333057869539,0.006077337496813229,0.9907723294453185
5554,F-A1-PORTSCAN-V-03,PortScan,PortScan,RF-v5,0.0031173831870937837,0.011025379037612469,0.9858572377752948
5555,F-A1-PORTSCAN-V-03,PortScan,PortScan,RF-v5,0.0031173831870937837,0.011025379037612469,0.9858572377752948
5556,F-A1-PORTSCAN-V-03,PortScan,PortScan,RF-v5,0.0031173831870937837,0.011025379037612469,0.9858572377752948
5557,F-A1-PORTSCAN-V-03,PortScan,PortScan,RF-v5,0.003150333057869539,0.006077337496813229,0.9907723294453185
5558,F-A1-PORTSCAN-V-03,PortScan,PortScan,RF-v5,0.0031173831870937837,0.01190626640962612,0.9849763504032812
5559,F-A1-PORTSCAN-V-03,PortScan,PortScan,RF-v5,0.0031173831870937837,0.01190626640962612,0.9849763504032812
5560,F-A1-PORTSCAN-V-03,PortScan,PortScan,RF-v5,0.007352696610132838,0.01190626640962612,0.9807410369802422
5561,F-A1-PORTSCAN-V-03,PortScan,PortScan,RF-v5,0.0031173831870937837,0.011025379037612469,0.9858572377752948
5562,F-A1-PORTSCAN-V-03,PortScan,PortScan,RF-v5,0.0031173831870937837,0.011025379037612469,0.9858572377752948
5563,F-A1-PORTSCAN-V-03,PortScan,PortScan,RF-v5,0.007352696610132838,0.01190626640962612,0.9807410369802422
5564,F-A1-PORTSCAN-V-03,PortScan,PortScan,RF-v5,0.005445017986967171,0.006482568294333889,0.9880724137187
5565,F-A1-PORTSCAN-V-03,PortScan,PortScan,RF-v5,0.0031173831870937837,0.011025379037612469,0.9858572377752948
5566,F-A1-PORTSCAN-V-03,PortScan,PortScan,RF-v5,0.0031173831870937837,0.01190626640962612,0.9849763504032812
5567,F-A1-PORTSCAN-V-03,PortScan,PortScan,RF-v5,0.0031173831870937837,0.01190626640962612,0.9849763504032812
5568,F-A1-PORTSCAN-V-03,PortScan,PortScan,RF-v5,0.007352696610132838,0.01190626640962612,0.9807410369802422
5569,F-A1-PORTSCAN-V-03,PortScan,PortScan,RF-v5,0.0031173831870937837,0.011025379037612469,0.9858572377752948
5570,F-A1-PORTSCAN-V-03,PortScan,PortScan,RF-v5,0.007352696610132838,0.01190626640962612,0.9807410369802422
5571,F-A1-PORTSCAN-V-03,PortScan,PortScan,RF-v5,0.0031173831870937837,0.01190626640962612,0.9849763504032812
5572,F-A1-PORTSCAN-V-03,PortScan,PortScan,RF-v5,0.007352696610132838,0.01190626640962612,0.9807410369802422
5573,F-A1-PORTSCAN-V-03,PortScan,PortScan,RF-v5,0.007352696610132838,0.01190626640962612,0.9807410369802422
5574,F-A1-PORTSCAN-V-03,PortScan,PortScan,RF-v5,0.0031173831870937837,0.01190626640962612,0.9849763504032812
5575,F-A1-PORTSCAN-V-03,PortScan,PortScan,RF-v5,0.0031173831870937837,0.011025379037612469,0.9858572377752948
5576,F-A1-PORTSCAN-V-03,PortScan,PortScan,RF-v5,0.0031173831870937837,0.01190626640962612,0.9849763504032812
5577,F-A1-PORTSCAN-V-03,PortScan,PortScan,RF-v5,0.007352696610132838,0.01190626640962612,0.9807410369802422
5578,F-A1-PORTSCAN-V-03,PortScan,PortScan,RF-v5,0.0031173831870937837,0.01190626640962612,0.9849763504032812
5579,F-A1-PORTSCAN-V-03,PortScan,PortScan,RF-v5,0.0031173831870937837,0.011025379037612469,0.9858572377752948
5580,F-A1-PORTSCAN-V-03,PortScan,PortScan,RF-v5,0.005445017986967171,0.006482568294333889,0.9880724137187
5581,F-A1-PORTSCAN-V-03,PortScan,PortScan,RF-v5,0.0031173831870937837,0.01190626640962612,0.9849763504032812
5582,F-A1-PORTSCAN-V-03,PortScan,PortScan,RF-v5,0.005445017986967171,0.006482568294333889,0.9880724137187
5583,F-A1-PORTSCAN-V-03,PortScan,PortScan,RF-v5,0.0031173831870937837,0.011025379037612469,0.9858572377752948
5584,F-A1-PORTSCAN-V-03,PortScan,PortScan,RF-v5,0.003150333057869539,0.006077337496813229,0.9907723294453185
5585,F-A1-PORTSCAN-V-03,PortScan,PortScan,RF-v5,0.007352696610132838,0.01190626640962612,0.9807410369802422
5586,F-A1-PORTSCAN-V-03,PortScan,PortScan,RF-v5,0.0031173831870937837,0.011025379037612469,0.9858572377752948
5587,F-A1-PORTSCAN-V-03,PortScan,PortScan,RF-v5,0.005445017986967171,0.006482568294333889,0.9880724137187
5588,F-A1-PORTSCAN-V-03,PortScan,PortScan,RF-v5,0.007352696610132838,0.01190626640962612,0.9807410369802422
5589,F-A1-PORTSCAN-V-03,PortScan,PortScan,RF-v5,0.007352696610132838,0.01190626640962612,0.9807410369802422
5590,F-A1-PORTSCAN-V-03,PortScan,PortScan,RF-v5,0.0031173831870937837,0.01190626640962612,0.9849763504032812
5591,F-A1-PORTSCAN-V-03,PortScan,PortScan,RF-v5,0.0031173831870937837,0.011025379037612469,0.9858572377752948
5592,F-A1-PORTSCAN-V-03,PortScan,PortScan,RF-v5,0.0031173831870937837,0.011025379037612469,0.9858572377752948
5593,F-A1-PORTSCAN-V-03,PortScan,PortScan,RF-v5,0.007352696610132838,0.01190626640962612,0.9807410369802422
5594,F-A1-PORTSCAN-V-03,PortScan,PortScan,RF-v5,0.0031173831870937837,0.011025379037612469,0.9858572377752948
5595,F-A1-PORTSCAN-V-03,PortScan,PortScan,RF-v5,0.0031173831870937837,0.01190626640962612,0.9849763504032812
5596,F-A1-PORTSCAN-V-03,PortScan,PortScan,RF-v5,0.0031173831870937837,0.011025379037612469,0.9858572377752948
5597,F-A1-PORTSCAN-V-03,PortScan,PortScan,RF-v5,0.0031173831870937837,0.011025379037612469,0.9858572377752948
5598,F-A1-PORTSCAN-V-03,PortScan,PortScan,RF-v5,0.007352696610132838,0.01190626640962612,0.9807410369802422
5599,F-A1-PORTSCAN-V-03,PortScan,PortScan,RF-v5,0.0031173831870937837,0.01190626640962612,0.9849763504032812
5600,F-A1-PORTSCAN-V-03,PortScan,PortScan,RF-v5,0.003194338180644271,0.009174012094615188,0.9876316497247416
5601,F-A1-PORTSCAN-V-03,PortScan,PortScan,RF-v5,0.0031173831870937837,0.01190626640962612,0.9849763504032812
5602,F-A1-PORTSCAN-V-03,PortScan,PortScan,RF-v5,0.0031173831870937837,0.01190626640962612,0.9849763504032812
5603,F-A1-PORTSCAN-V-03,PortScan,PortScan,RF-v5,0.003150333057869539,0.006077337496813229,0.9907723294453185
5604,F-A1-PORTSCAN-V-03,PortScan,PortScan,RF-v5,0.0031173831870937837,0.011025379037612469,0.9858572377752948
5605,F-A1-PORTSCAN-V-03,PortScan,PortScan,RF-v5,0.0031173831870937837,0.011025379037612469,0.9858572377752948
5606,F-A1-PORTSCAN-V-03,PortScan,PortScan,RF-v5,0.007352696610132838,0.01190626640962612,0.9807410369802422
5607,F-A1-PORTSCAN-V-03,PortScan,PortScan,RF-v5,0.003150333057869539,0.006077337496813229,0.9907723294453185
5608,F-A1-PORTSCAN-V-03,PortScan,PortScan,RF-v5,0.31407374101408553,0.2371909683120516,0.4487352906738633
5609,F-A1-PORTSCAN-V-03,PortScan,PortScan,RF-v5,0.003150333057869539,0.006077337496813229,0.9907723294453185
5610,F-A1-PORTSCAN-V-03,PortScan,PortScan,RF-v5,0.003150333057869539,0.00603988132387339,0.9908097856182583
5611,F-A1-PORTSCAN-V-03,PortScan,PortScan,RF-v5,0.007352696610132838,0.01190626640962612,0.9807410369802422
5612,F-A1-PORTSCAN-V-03,PortScan,PortScan,RF-v5,0.0031173831870937837,0.011025379037612469,0.9858572377752948
5613,F-A1-PORTSCAN-V-03,PortScan,PortScan,RF-v5,0.007352696610132838,0.01190626640962612,0.9807410369802422
5614,F-A1-PORTSCAN-V-03,PortScan,PortScan,RF-v5,0.0031173831870937837,0.01190626640962612,0.9849763504032812
5615,F-A1-PORTSCAN-V-03,PortScan,PortScan,RF-v5,0.0031173831870937837,0.011025379037612469,0.9858572377752948
5616,F-A1-PORTSCAN-V-03,PortScan,PortScan,RF-v5,0.0031173831870937837,0.01190626640962612,0.9849763504032812
5617,F-A1-PORTSCAN-V-03,PortScan,PortScan,RF-v5,0.007352696610132838,0.01190626640962612,0.9807410369802422
5618,F-A1-PORTSCAN-V-03,PortScan,PortScan,RF-v5,0.007352696610132838,0.01190626640962612,0.9807410369802422
5619,F-A1-PORTSCAN-V-03,PortScan,PortScan,RF-v5,0.007352696610132838,0.01190626640962612,0.9807410369802422
5620,F-A1-PORTSCAN-V-03,PortScan,PortScan,RF-v5,0.005445017986967171,0.006482568294333889,0.9880724137187
5621,F-A1-PORTSCAN-V-03,PortScan,PortScan,RF-v5,0.0031173831870937837,0.011025379037612469,0.9858572377752948
5622,F-A1-PORTSCAN-V-03,PortScan,PortScan,RF-v5,0.007352696610132838,0.01190626640962612,0.9807410369802422
5623,F-A1-PORTSCAN-V-03,PortScan,PortScan,RF-v5,0.0031173831870937837,0.01190626640962612,0.9849763504032812
5624,F-A1-PORTSCAN-V-03,PortScan,PortScan,RF-v5,0.003150333057869539,0.006077337496813229,0.9907723294453185
5625,F-A1-PORTSCAN-V-03,PortScan,PortScan,RF-v5,0.0031173831870937837,0.011025379037612469,0.9858572377752948
5626,F-A1-PORTSCAN-V-03,PortScan,PortScan,RF-v5,0.0031173831870937837,0.01190626640962612,0.9849763504032812
5627,F-A1-PORTSCAN-V-03,PortScan,PortScan,RF-v5,0.007352696610132838,0.01190626640962612,0.9807410369802422
5628,F-A1-PORTSCAN-V-03,PortScan,PortScan,RF-v5,0.003150333057869539,0.006077337496813229,0.9907723294453185
5629,F-A1-PORTSCAN-V-03,PortScan,PortScan,RF-v5,0.0031173831870937837,0.011025379037612469,0.9858572377752948
5630,F-A1-PORTSCAN-V-03,PortScan,PortScan,RF-v5,0.0031173831870937837,0.011025379037612469,0.9858572377752948
5631,F-A1-PORTSCAN-V-03,PortScan,PortScan,RF-v5,0.007352696610132838,0.01190626640962612,0.9807410369802422
5632,F-A1-PORTSCAN-V-03,PortScan,PortScan,RF-v5,0.0031173831870937837,0.011025379037612469,0.9858572377752948
5633,F-A1-PORTSCAN-V-03,PortScan,PortScan,RF-v5,0.003150333057869539,0.006077337496813229,0.9907723294453185
5634,F-A1-PORTSCAN-V-03,PortScan,PortScan,RF-v5,0.0031173831870937837,0.01190626640962612,0.9849763504032812
5635,F-A1-PORTSCAN-V-03,PortScan,PortScan,RF-v5,0.0031173831870937837,0.011025379037612469,0.9858572377752948
5636,F-A1-PORTSCAN-V-03,PortScan,PortScan,RF-v5,0.003150333057869539,0.006077337496813229,0.9907723294453185
5637,F-A1-PORTSCAN-V-03,PortScan,PortScan,RF-v5,0.003150333057869539,0.00603988132387339,0.9908097856182583
5638,F-A1-PORTSCAN-V-03,PortScan,PortScan,RF-v5,0.0031173831870937837,0.011025379037612469,0.9858572377752948
5639,F-A1-PORTSCAN-V-03,PortScan,PortScan,RF-v5,0.0031173831870937837,0.01190626640962612,0.9849763504032812
5640,F-A1-PORTSCAN-V-03,PortScan,PortScan,RF-v5,0.003150333057869539,0.006077337496813229,0.9907723294453185
5641,F-A1-PORTSCAN-V-03,PortScan,PortScan,RF-v5,0.003150333057869539,0.006077337496813229,0.9907723294453185
5642,F-A1-PORTSCAN-V-03,PortScan,PortScan,RF-v5,0.007352696610132838,0.01190626640962612,0.9807410369802422
5643,F-A1-PORTSCAN-V-03,PortScan,PortScan,RF-v5,0.0031173831870937837,0.011025379037612469,0.9858572377752948
5644,F-A1-PORTSCAN-V-03,PortScan,PortScan,RF-v5,0.0031173831870937837,0.011025379037612469,0.9858572377752948
5645,F-A1-PORTSCAN-V-03,PortScan,PortScan,RF-v5,0.0031173831870937837,0.01190626640962612,0.9849763504032812
5646,F-A1-PORTSCAN-V-03,PortScan,PortScan,RF-v5,0.0031173831870937837,0.01190626640962612,0.9849763504032812
5647,F-A1-PORTSCAN-V-03,PortScan,PortScan,RF-v5,0.007352696610132838,0.01190626640962612,0.9807410369802422
5648,F-A1-PORTSCAN-V-03,PortScan,PortScan,RF-v5,0.0031173831870937837,0.01190626640962612,0.9849763504032812
5649,F-A1-PORTSCAN-V-03,PortScan,PortScan,RF-v5,0.007352696610132838,0.01190626640962612,0.9807410369802422
5650,F-A1-PORTSCAN-V-03,PortScan,PortScan,RF-v5,0.0031173831870937837,0.01190626640962612,0.9849763504032812
5651,F-A1-PORTSCAN-V-03,PortScan,PortScan,RF-v5,0.0031173831870937837,0.011025379037612469,0.9858572377752948
5652,F-A1-PORTSCAN-V-03,PortScan,PortScan,RF-v5,0.0031173831870937837,0.01190626640962612,0.9849763504032812
5653,F-A1-PORTSCAN-V-03,PortScan,PortScan,RF-v5,0.0031173831870937837,0.01190626640962612,0.9849763504032812
5654,F-A1-PORTSCAN-V-03,PortScan,PortScan,RF-v5,0.003150333057869539,0.006077337496813229,0.9907723294453185
5655,F-A1-PORTSCAN-V-03,PortScan,PortScan,RF-v5,0.0031173831870937837,0.011025379037612469,0.9858572377752948
5656,F-A1-PORTSCAN-V-03,PortScan,PortScan,RF-v5,0.0031173831870937837,0.011025379037612469,0.9858572377752948
5657,F-A1-PORTSCAN-V-03,PortScan,PortScan,RF-v5,0.0031173831870937837,0.011025379037612469,0.9858572377752948
5658,F-A1-PORTSCAN-V-03,PortScan,PortScan,RF-v5,0.003150333057869539,0.006077337496813229,0.9907723294453185
5659,F-A1-PORTSCAN-V-03,PortScan,PortScan,RF-v5,0.005445017986967171,0.006482568294333889,0.9880724137187
5660,F-A1-PORTSCAN-V-03,PortScan,PortScan,RF-v5,0.0031173831870937837,0.011025379037612469,0.9858572377752948
5661,F-A1-PORTSCAN-V-03,PortScan,PortScan,RF-v5,0.0031173831870937837,0.01190626640962612,0.9849763504032812
5662,F-A1-PORTSCAN-V-03,PortScan,PortScan,RF-v5,0.0031173831870937837,0.011025379037612469,0.9858572377752948
5663,F-A1-PORTSCAN-V-03,PortScan,PortScan,RF-v5,0.007352696610132838,0.01190626640962612,0.9807410369802422
5664,F-A1-PORTSCAN-V-03,PortScan,PortScan,RF-v5,0.003150333057869539,0.00603988132387339,0.9908097856182583
5665,F-A1-PORTSCAN-V-03,PortScan,PortScan,RF-v5,0.0031173831870937837,0.011025379037612469,0.9858572377752948
5666,F-A1-PORTSCAN-V-03,PortScan,PortScan,RF-v5,0.0031173831870937837,0.011025379037612469,0.9858572377752948
5667,F-A1-PORTSCAN-V-03,PortScan,PortScan,RF-v5,0.007352696610132838,0.01190626640962612,0.9807410369802422
5668,F-A1-PORTSCAN-V-03,PortScan,PortScan,RF-v5,0.0031173831870937837,0.011025379037612469,0.9858572377752948
5669,F-A1-PORTSCAN-V-03,PortScan,PortScan,RF-v5,0.003150333057869539,0.00603988132387339,0.9908097856182583
5670,F-A1-PORTSCAN-V-03,PortScan,PortScan,RF-v5,0.0031173831870937837,0.011025379037612469,0.9858572377752948
5671,F-A1-PORTSCAN-V-03,PortScan,PortScan,RF-v5,0.0031173831870937837,0.011025379037612469,0.9858572377752948
5672,F-A1-PORTSCAN-V-03,PortScan,PortScan,RF-v5,0.0031173831870937837,0.01190626640962612,0.9849763504032812
5673,F-A1-PORTSCAN-V-03,PortScan,PortScan,RF-v5,0.0031173831870937837,0.01190626640962612,0.9849763504032812
5674,F-A1-PORTSCAN-V-03,PortScan,PortScan,RF-v5,0.007352696610132838,0.01190626640962612,0.9807410369802422
5675,F-A1-PORTSCAN-V-03,PortScan,PortScan,RF-v5,0.007352696610132838,0.01190626640962612,0.9807410369802422
5676,F-A1-PORTSCAN-V-03,PortScan,PortScan,RF-v5,0.0031173831870937837,0.011025379037612469,0.9858572377752948
5677,F-A1-PORTSCAN-V-03,PortScan,PortScan,RF-v5,0.003150333057869539,0.006077337496813229,0.9907723294453185
5678,F-A1-PORTSCAN-V-03,PortScan,PortScan,RF-v5,0.0031173831870937837,0.011025379037612469,0.9858572377752948
5679,F-A1-PORTSCAN-V-03,PortScan,PortScan,RF-v5,0.0031173831870937837,0.011025379037612469,0.9858572377752948
5680,F-A1-PORTSCAN-V-03,PortScan,PortScan,RF-v5,0.007352696610132838,0.01190626640962612,0.9807410369802422
5681,F-A1-PORTSCAN-V-03,PortScan,PortScan,RF-v5,0.0031173831870937837,0.011025379037612469,0.9858572377752948
5682,F-A1-PORTSCAN-V-03,PortScan,PortScan,RF-v5,0.007352696610132838,0.01190626640962612,0.9807410369802422
5683,F-A1-PORTSCAN-V-03,PortScan,PortScan,RF-v5,0.0031173831870937837,0.011025379037612469,0.9858572377752948
5684,F-A1-PORTSCAN-V-03,PortScan,PortScan,RF-v5,0.007352696610132838,0.01190626640962612,0.9807410369802422
5685,F-A1-PORTSCAN-V-03,PortScan,PortScan,RF-v5,0.0031173831870937837,0.01190626640962612,0.9849763504032812
5686,F-A1-PORTSCAN-V-03,PortScan,PortScan,RF-v5,0.009263911705674609,0.011626769718498485,0.9791093185758278
5687,F-A1-PORTSCAN-V-03,PortScan,PortScan,RF-v5,0.0031173831870937837,0.01190626640962612,0.9849763504032812
5688,F-A1-PORTSCAN-V-03,PortScan,PortScan,RF-v5,0.003150333057869539,0.00603988132387339,0.9908097856182583
5689,F-A1-PORTSCAN-V-03,PortScan,PortScan,RF-v5,0.007352696610132838,0.01190626640962612,0.9807410369802422
5690,F-A1-PORTSCAN-V-03,PortScan,PortScan,RF-v5,0.0031173831870937837,0.011025379037612469,0.9858572377752948
5691,F-A1-PORTSCAN-V-03,PortScan,PortScan,RF-v5,0.0031173831870937837,0.01190626640962612,0.9849763504032812
5692,F-A1-PORTSCAN-V-03,PortScan,PortScan,RF-v5,0.003150333057869539,0.006077337496813229,0.9907723294453185
5693,F-A1-PORTSCAN-V-03,PortScan,PortScan,RF-v5,0.0031173831870937837,0.011025379037612469,0.9858572377752948
5694,F-A1-PORTSCAN-V-03,PortScan,PortScan,RF-v5,0.0031173831870937837,0.011025379037612469,0.9858572377752948
5695,F-A1-PORTSCAN-V-03,PortScan,PortScan,RF-v5,0.0031173831870937837,0.01190626640962612,0.9849763504032812
5696,F-A1-PORTSCAN-V-03,PortScan,PortScan,RF-v5,0.0031173831870937837,0.011025379037612469,0.9858572377752948
5697,F-A1-PORTSCAN-V-03,PortScan,PortScan,RF-v5,0.007352696610132838,0.01190626640962612,0.9807410369802422
5698,F-A1-PORTSCAN-V-03,PortScan,PortScan,RF-v5,0.0031173831870937837,0.011025379037612469,0.9858572377752948
5699,F-A1-PORTSCAN-V-03,PortScan,PortScan,RF-v5,0.007352696610132838,0.01190626640962612,0.9807410369802422
5700,F-A1-PORTSCAN-V-03,PortScan,PortScan,RF-v5,0.0031173831870937837,0.011025379037612469,0.9858572377752948
5701,F-A1-PORTSCAN-V-03,PortScan,PortScan,RF-v5,0.0031173831870937837,0.011025379037612469,0.9858572377752948
5702,F-A1-PORTSCAN-V-03,PortScan,PortScan,RF-v5,0.005612143572681964,0.006482568294333889,0.9879052881329854
5703,F-A1-PORTSCAN-V-03,PortScan,PortScan,RF-v5,0.005445017986967171,0.006482568294333889,0.9880724137187
5704,F-A1-PORTSCAN-V-03,PortScan,PortScan,RF-v5,0.007352696610132838,0.01190626640962612,0.9807410369802422
5705,F-A1-PORTSCAN-V-03,PortScan,PortScan,RF-v5,0.0031173831870937837,0.01190626640962612,0.9849763504032812
5706,F-A1-PORTSCAN-V-03,PortScan,PortScan,RF-v5,0.007352696610132838,0.01190626640962612,0.9807410369802422
5707,F-A1-PORTSCAN-V-03,PortScan,PortScan,RF-v5,0.0031173831870937837,0.011025379037612469,0.9858572377752948
5708,F-A1-PORTSCAN-V-03,PortScan,PortScan,RF-v5,0.007352696610132838,0.01190626640962612,0.9807410369802422
5709,F-A1-PORTSCAN-V-03,PortScan,PortScan,RF-v5,0.0031173831870937837,0.011025379037612469,0.9858572377752948
5710,F-A1-PORTSCAN-V-03,PortScan,PortScan,RF-v5,0.0031173831870937837,0.011025379037612469,0.9858572377752948
5711,F-A1-PORTSCAN-V-03,PortScan,PortScan,RF-v5,0.0031173831870937837,0.011025379037612469,0.9858572377752948
5712,F-A1-PORTSCAN-V-03,PortScan,PortScan,RF-v5,0.0031173831870937837,0.011025379037612469,0.9858572377752948
5713,F-A1-PORTSCAN-V-03,PortScan,PortScan,RF-v5,0.009263911705674609,0.011626769718498485,0.9791093185758278
5714,F-A1-PORTSCAN-V-03,PortScan,PortScan,RF-v5,0.0031173831870937837,0.01190626640962612,0.9849763504032812
5715,F-A1-PORTSCAN-V-03,PortScan,PortScan,RF-v5,0.007352696610132838,0.01190626640962612,0.9807410369802422
5716,F-A1-PORTSCAN-V-03,PortScan,PortScan,RF-v5,0.0031173831870937837,0.011025379037612469,0.9858572377752948
5717,F-A1-PORTSCAN-V-03,PortScan,PortScan,RF-v5,0.003150333057869539,0.006077337496813229,0.9907723294453185
5718,F-A1-PORTSCAN-V-03,PortScan,PortScan,RF-v5,0.0031173831870937837,0.01190626640962612,0.9849763504032812
5719,F-A1-PORTSCAN-V-03,PortScan,PortScan,RF-v5,0.007352696610132838,0.01190626640962612,0.9807410369802422
5720,F-A1-PORTSCAN-V-03,PortScan,PortScan,RF-v5,0.007352696610132838,0.01190626640962612,0.9807410369802422
5721,F-A1-PORTSCAN-V-03,PortScan,PortScan,RF-v5,0.0031173831870937837,0.011025379037612469,0.9858572377752948
5722,F-A1-PORTSCAN-V-03,PortScan,PortScan,RF-v5,0.007352696610132838,0.01190626640962612,0.9807410369802422
5723,F-A1-PORTSCAN-V-03,PortScan,PortScan,RF-v5,0.0031173831870937837,0.01190626640962612,0.9849763504032812
5724,F-A1-PORTSCAN-V-03,PortScan,PortScan,RF-v5,0.007352696610132838,0.01190626640962612,0.9807410369802422
5725,F-A1-PORTSCAN-V-03,PortScan,PortScan,RF-v5,0.007352696610132838,0.01190626640962612,0.9807410369802422
5726,F-A1-PORTSCAN-V-03,PortScan,PortScan,RF-v5,0.0031173831870937837,0.011025379037612469,0.9858572377752948
5727,F-A1-PORTSCAN-V-03,PortScan,PortScan,RF-v5,0.0031173831870937837,0.01190626640962612,0.9849763504032812
5728,F-A1-PORTSCAN-V-03,PortScan,PortScan,RF-v5,0.007352696610132838,0.01190626640962612,0.9807410369802422
5729,F-A1-PORTSCAN-V-03,PortScan,PortScan,RF-v5,0.003150333057869539,0.006077337496813229,0.9907723294453185
5730,F-A1-PORTSCAN-V-03,PortScan,PortScan,RF-v5,0.0031173831870937837,0.011025379037612469,0.9858572377752948
5731,F-A1-PORTSCAN-V-03,PortScan,PortScan,RF-v5,0.0031173831870937837,0.01190626640962612,0.9849763504032812
5732,F-A1-PORTSCAN-V-03,PortScan,PortScan,RF-v5,0.007352696610132838,0.01190626640962612,0.9807410369802422
5733,F-A1-PORTSCAN-V-03,PortScan,PortScan,RF-v5,0.007352696610132838,0.01190626640962612,0.9807410369802422
5734,F-A1-PORTSCAN-V-03,PortScan,PortScan,RF-v5,0.003150333057869539,0.006077337496813229,0.9907723294453185
5735,F-A1-PORTSCAN-V-03,PortScan,PortScan,RF-v5,0.007352696610132838,0.01190626640962612,0.9807410369802422
5736,F-A1-PORTSCAN-V-03,PortScan,PortScan,RF-v5,0.007352696610132838,0.01190626640962612,0.9807410369802422
5737,F-A1-PORTSCAN-V-03,PortScan,PortScan,RF-v5,0.0031173831870937837,0.01190626640962612,0.9849763504032812
5738,F-A1-PORTSCAN-V-03,PortScan,PortScan,RF-v5,0.0031173831870937837,0.01190626640962612,0.9849763504032812
5739,F-A1-PORTSCAN-V-03,PortScan,PortScan,RF-v5,0.0031173831870937837,0.01190626640962612,0.9849763504032812
5740,F-A1-PORTSCAN-V-03,PortScan,PortScan,RF-v5,0.003150333057869539,0.006077337496813229,0.9907723294453185
5741,F-A1-PORTSCAN-V-03,PortScan,PortScan,RF-v5,0.003150333057869539,0.006077337496813229,0.9907723294453185
5742,F-A1-PORTSCAN-V-03,PortScan,PortScan,RF-v5,0.003150333057869539,0.00603988132387339,0.9908097856182583
5743,F-A1-PORTSCAN-V-03,PortScan,PortScan,RF-v5,0.007352696610132838,0.01190626640962612,0.9807410369802422
5744,F-A1-PORTSCAN-V-03,PortScan,PortScan,RF-v5,0.005445017986967171,0.006482568294333889,0.9880724137187
5745,F-A1-PORTSCAN-V-03,PortScan,PortScan,RF-v5,0.007352696610132838,0.01190626640962612,0.9807410369802422
5746,F-A1-PORTSCAN-V-03,PortScan,PortScan,RF-v5,0.003150333057869539,0.006077337496813229,0.9907723294453185
5747,F-A1-PORTSCAN-V-03,PortScan,PortScan,RF-v5,0.003150333057869539,0.006077337496813229,0.9907723294453185
5748,F-A1-PORTSCAN-V-03,PortScan,PortScan,RF-v5,0.003150333057869539,0.006077337496813229,0.9907723294453185
5749,F-A1-PORTSCAN-V-03,PortScan,PortScan,RF-v5,0.007352696610132838,0.01190626640962612,0.9807410369802422
5750,F-A1-PORTSCAN-V-03,PortScan,PortScan,RF-v5,0.007352696610132838,0.01190626640962612,0.9807410369802422
5751,F-A1-PORTSCAN-V-03,PortScan,PortScan,RF-v5,0.007352696610132838,0.01190626640962612,0.9807410369802422
5752,F-A1-PORTSCAN-V-03,PortScan,PortScan,RF-v5,0.0031173831870937837,0.01190626640962612,0.9849763504032812
5753,F-A1-PORTSCAN-V-03,PortScan,PortScan,RF-v5,0.003150333057869539,0.006077337496813229,0.9907723294453185
5754,F-A1-PORTSCAN-V-03,PortScan,PortScan,RF-v5,0.0031173831870937837,0.011025379037612469,0.9858572377752948
5755,F-A1-PORTSCAN-V-03,PortScan,PortScan,RF-v5,0.0031173831870937837,0.011025379037612469,0.9858572377752948
5756,F-A1-PORTSCAN-V-03,PortScan,PortScan,RF-v5,0.007352696610132838,0.01190626640962612,0.9807410369802422
5757,F-A1-PORTSCAN-V-03,PortScan,PortScan,RF-v5,0.0031173831870937837,0.01190626640962612,0.9849763504032812
5758,F-A1-PORTSCAN-V-03,PortScan,PortScan,RF-v5,0.003150333057869539,0.006077337496813229,0.9907723294453185
5759,F-A1-PORTSCAN-V-03,PortScan,PortScan,RF-v5,0.007352696610132838,0.01190626640962612,0.9807410369802422
5760,F-A1-PORTSCAN-V-03,PortScan,PortScan,RF-v5,0.003150333057869539,0.006077337496813229,0.9907723294453185
5761,F-A1-PORTSCAN-V-03,PortScan,PortScan,RF-v5,0.0031173831870937837,0.011025379037612469,0.9858572377752948
5762,F-A1-PORTSCAN-V-03,PortScan,PortScan,RF-v5,0.0031173831870937837,0.011025379037612469,0.9858572377752948
5763,F-A1-PORTSCAN-V-03,PortScan,PortScan,RF-v5,0.007352696610132838,0.01190626640962612,0.9807410369802422
5764,F-A1-PORTSCAN-V-03,PortScan,PortScan,RF-v5,0.0031173831870937837,0.01190626640962612,0.9849763504032812
5765,F-A1-PORTSCAN-V-03,PortScan,PortScan,RF-v5,0.009263911705674609,0.011626769718498485,0.9791093185758278
5766,F-A1-PORTSCAN-V-03,PortScan,PortScan,RF-v5,0.007352696610132838,0.01190626640962612,0.9807410369802422
5767,F-A1-PORTSCAN-V-03,PortScan,PortScan,RF-v5,0.0031173831870937837,0.011025379037612469,0.9858572377752948
5768,F-A1-PORTSCAN-V-03,PortScan,PortScan,RF-v5,0.007352696610132838,0.01190626640962612,0.9807410369802422
5769,F-A1-PORTSCAN-V-03,PortScan,PortScan,RF-v5,0.0031173831870937837,0.011025379037612469,0.9858572377752948
5770,F-A1-PORTSCAN-V-03,PortScan,PortScan,RF-v5,0.005445017986967171,0.006482568294333889,0.9880724137187
5771,F-A1-PORTSCAN-V-03,PortScan,PortScan,RF-v5,0.007352696610132838,0.01190626640962612,0.9807410369802422
5772,F-A1-PORTSCAN-V-03,PortScan,PortScan,RF-v5,0.0031173831870937837,0.011025379037612469,0.9858572377752948
5773,F-A1-PORTSCAN-V-03,PortScan,PortScan,RF-v5,0.0031173831870937837,0.011025379037612469,0.9858572377752948
5774,F-A1-PORTSCAN-V-03,PortScan,PortScan,RF-v5,0.007352696610132838,0.01190626640962612,0.9807410369802422
5775,F-A1-PORTSCAN-V-03,PortScan,PortScan,RF-v5,0.0031173831870937837,0.011025379037612469,0.9858572377752948
5776,F-A1-PORTSCAN-V-03,PortScan,PortScan,RF-v5,0.0031173831870937837,0.011025379037612469,0.9858572377752948
5777,F-A1-PORTSCAN-V-03,PortScan,PortScan,RF-v5,0.007352696610132838,0.01190626640962612,0.9807410369802422
5778,F-A1-PORTSCAN-V-03,PortScan,PortScan,RF-v5,0.007352696610132838,0.01190626640962612,0.9807410369802422
5779,F-A1-PORTSCAN-V-03,PortScan,PortScan,RF-v5,0.003150333057869539,0.006077337496813229,0.9907723294453185
5780,F-A1-PORTSCAN-V-03,PortScan,PortScan,RF-v5,0.0031173831870937837,0.011025379037612469,0.9858572377752948
5781,F-A1-PORTSCAN-V-03,PortScan,PortScan,RF-v5,0.007352696610132838,0.01190626640962612,0.9807410369802422
5782,F-A1-PORTSCAN-V-03,PortScan,PortScan,RF-v5,0.0031173831870937837,0.01190626640962612,0.9849763504032812
5783,F-A1-PORTSCAN-V-03,PortScan,PortScan,RF-v5,0.0031173831870937837,0.011025379037612469,0.9858572377752948
5784,F-A1-PORTSCAN-V-03,PortScan,PortScan,RF-v5,0.003150333057869539,0.00603988132387339,0.9908097856182583
5785,F-A1-PORTSCAN-V-03,PortScan,PortScan,RF-v5,0.0031173831870937837,0.011025379037612469,0.9858572377752948
5786,F-A1-PORTSCAN-V-03,PortScan,PortScan,RF-v5,0.0031173831870937837,0.011025379037612469,0.9858572377752948
5787,F-A1-PORTSCAN-V-03,PortScan,PortScan,RF-v5,0.007352696610132838,0.01190626640962612,0.9807410369802422
5788,F-A1-PORTSCAN-V-03,PortScan,PortScan,RF-v5,0.0031173831870937837,0.011025379037612469,0.9858572377752948
5789,F-A1-PORTSCAN-V-03,PortScan,PortScan,RF-v5,0.0031173831870937837,0.011025379037612469,0.9858572377752948
5790,F-A1-PORTSCAN-V-03,PortScan,PortScan,RF-v5,0.007352696610132838,0.01190626640962612,0.9807410369802422
5791,F-A1-PORTSCAN-V-03,PortScan,PortScan,RF-v5,0.0031173831870937837,0.01190626640962612,0.9849763504032812
5792,F-A1-PORTSCAN-V-03,PortScan,PortScan,RF-v5,0.0031173831870937837,0.011025379037612469,0.9858572377752948
5793,F-A1-PORTSCAN-V-03,PortScan,PortScan,RF-v5,0.0031173831870937837,0.011025379037612469,0.9858572377752948
5794,F-A1-PORTSCAN-V-03,PortScan,PortScan,RF-v5,0.007352696610132838,0.01190626640962612,0.9807410369802422
5795,F-A1-PORTSCAN-V-03,PortScan,PortScan,RF-v5,0.003150333057869539,0.006920768695887043,0.9899288982462445
5796,F-A1-PORTSCAN-V-03,PortScan,PortScan,RF-v5,0.005445017986967171,0.006482568294333889,0.9880724137187
5797,F-A1-PORTSCAN-V-03,PortScan,PortScan,RF-v5,0.007352696610132838,0.01190626640962612,0.9807410369802422
5798,F-A1-PORTSCAN-V-03,PortScan,PortScan,RF-v5,0.007352696610132838,0.01190626640962612,0.9807410369802422
5799,F-A1-PORTSCAN-V-03,PortScan,PortScan,RF-v5,0.005445017986967171,0.006482568294333889,0.9880724137187
5800,F-A1-PORTSCAN-V-03,PortScan,PortScan,RF-v5,0.003150333057869539,0.006077337496813229,0.9907723294453185
5801,F-A1-PORTSCAN-V-03,PortScan,PortScan,RF-v5,0.0031173831870937837,0.01190626640962612,0.9849763504032812
5802,F-A1-PORTSCAN-V-03,PortScan,PortScan,RF-v5,0.0031173831870937837,0.011025379037612469,0.9858572377752948
5803,F-A1-PORTSCAN-V-03,PortScan,PortScan,RF-v5,0.0031173831870937837,0.011025379037612469,0.9858572377752948
5804,F-A1-PORTSCAN-V-03,PortScan,PortScan,RF-v5,0.0031173831870937837,0.011025379037612469,0.9858572377752948
5805,F-A1-PORTSCAN-V-03,PortScan,PortScan,RF-v5,0.005445017986967171,0.006482568294333889,0.9880724137187
5806,F-A1-PORTSCAN-V-03,PortScan,PortScan,RF-v5,0.0031173831870937837,0.01190626640962612,0.9849763504032812
5807,F-A1-PORTSCAN-V-03,PortScan,PortScan,RF-v5,0.003150333057869539,0.006077337496813229,0.9907723294453185
5808,F-A1-PORTSCAN-V-03,PortScan,PortScan,RF-v5,0.0031173831870937837,0.011025379037612469,0.9858572377752948
5809,F-A1-PORTSCAN-V-03,PortScan,PortScan,RF-v5,0.007352696610132838,0.01190626640962612,0.9807410369802422
5810,F-A1-PORTSCAN-V-03,PortScan,PortScan,RF-v5,0.007352696610132838,0.01190626640962612,0.9807410369802422
5811,F-A1-PORTSCAN-V-03,PortScan,PortScan,RF-v5,0.0031173831870937837,0.01190626640962612,0.9849763504032812
5812,F-A1-PORTSCAN-V-03,PortScan,PortScan,RF-v5,0.0031173831870937837,0.011025379037612469,0.9858572377752948
5813,F-A1-PORTSCAN-V-03,PortScan,PortScan,RF-v5,0.0031173831870937837,0.011025379037612469,0.9858572377752948
5814,F-A1-PORTSCAN-V-03,PortScan,PortScan,RF-v5,0.003150333057869539,0.006077337496813229,0.9907723294453185
5815,F-A1-PORTSCAN-V-03,PortScan,PortScan,RF-v5,0.007352696610132838,0.01190626640962612,0.9807410369802422
5816,F-A1-PORTSCAN-V-03,PortScan,PortScan,RF-v5,0.007352696610132838,0.01190626640962612,0.9807410369802422
5817,F-A1-PORTSCAN-V-03,PortScan,PortScan,RF-v5,0.007352696610132838,0.01190626640962612,0.9807410369802422
5818,F-A1-PORTSCAN-V-03,PortScan,PortScan,RF-v5,0.003150333057869539,0.006077337496813229,0.9907723294453185
5819,F-A1-PORTSCAN-V-03,PortScan,PortScan,RF-v5,0.0031173831870937837,0.011025379037612469,0.9858572377752948
5820,F-A1-PORTSCAN-V-03,PortScan,PortScan,RF-v5,0.0031173831870937837,0.011025379037612469,0.9858572377752948
5821,F-A1-PORTSCAN-V-03,PortScan,PortScan,RF-v5,0.003150333057869539,0.006077337496813229,0.9907723294453185
5822,F-A1-PORTSCAN-V-03,PortScan,PortScan,RF-v5,0.005445017986967171,0.006482568294333889,0.9880724137187
5823,F-A1-PORTSCAN-V-03,PortScan,PortScan,RF-v5,0.003150333057869539,0.006077337496813229,0.9907723294453185
5824,F-A1-PORTSCAN-V-03,PortScan,PortScan,RF-v5,0.0031173831870937837,0.01190626640962612,0.9849763504032812
5825,F-A1-PORTSCAN-V-03,PortScan,PortScan,RF-v5,0.0031173831870937837,0.01190626640962612,0.9849763504032812
5826,F-A1-PORTSCAN-V-03,PortScan,PortScan,RF-v5,0.0031173831870937837,0.011025379037612469,0.9858572377752948
5827,F-A1-PORTSCAN-V-03,PortScan,PortScan,RF-v5,0.0031173831870937837,0.011025379037612469,0.9858572377752948
5828,F-A1-PORTSCAN-V-03,PortScan,PortScan,RF-v5,0.007352696610132838,0.01190626640962612,0.9807410369802422
5829,F-A1-PORTSCAN-V-03,PortScan,PortScan,RF-v5,0.005445017986967171,0.006482568294333889,0.9880724137187
5830,F-A1-PORTSCAN-V-03,PortScan,PortScan,RF-v5,0.0031173831870937837,0.011025379037612469,0.9858572377752948
5831,F-A1-PORTSCAN-V-03,PortScan,PortScan,RF-v5,0.0031173831870937837,0.011025379037612469,0.9858572377752948
5832,F-A1-PORTSCAN-V-03,PortScan,PortScan,RF-v5,0.007352696610132838,0.01190626640962612,0.9807410369802422
5833,F-A1-PORTSCAN-V-03,PortScan,PortScan,RF-v5,0.0031173831870937837,0.011025379037612469,0.9858572377752948
5834,F-A1-PORTSCAN-V-03,PortScan,PortScan,RF-v5,0.007352696610132838,0.01190626640962612,0.9807410369802422
5835,F-A1-PORTSCAN-V-03,PortScan,PortScan,RF-v5,0.0031173831870937837,0.01190626640962612,0.9849763504032812
5836,F-A1-PORTSCAN-V-03,PortScan,PortScan,RF-v5,0.007352696610132838,0.01190626640962612,0.9807410369802422
5837,F-A1-PORTSCAN-V-03,PortScan,PortScan,RF-v5,0.0031173831870937837,0.01190626640962612,0.9849763504032812
5838,F-A1-PORTSCAN-V-03,PortScan,PortScan,RF-v5,0.0031173831870937837,0.011025379037612469,0.9858572377752948
5839,F-A1-PORTSCAN-V-03,PortScan,PortScan,RF-v5,0.0031173831870937837,0.01190626640962612,0.9849763504032812
5840,F-A1-PORTSCAN-V-03,PortScan,PortScan,RF-v5,0.0031173831870937837,0.011025379037612469,0.9858572377752948
5841,F-A1-PORTSCAN-V-03,PortScan,PortScan,RF-v5,0.007352696610132838,0.01190626640962612,0.9807410369802422
5842,F-A1-PORTSCAN-V-03,PortScan,PortScan,RF-v5,0.007352696610132838,0.01190626640962612,0.9807410369802422
5843,F-A1-PORTSCAN-V-03,PortScan,PortScan,RF-v5,0.007352696610132838,0.01190626640962612,0.9807410369802422
5844,F-A1-PORTSCAN-V-03,PortScan,PortScan,RF-v5,0.0031173831870937837,0.01190626640962612,0.9849763504032812
5845,F-A1-PORTSCAN-V-03,PortScan,PortScan,RF-v5,0.007352696610132838,0.01190626640962612,0.9807410369802422
5846,F-A1-PORTSCAN-V-03,PortScan,PortScan,RF-v5,0.003150333057869539,0.006077337496813229,0.9907723294453185
5847,F-A1-PORTSCAN-V-03,PortScan,PortScan,RF-v5,0.0031173831870937837,0.01190626640962612,0.9849763504032812
5848,F-A1-PORTSCAN-V-03,PortScan,PortScan,RF-v5,0.0031173831870937837,0.011025379037612469,0.9858572377752948
5849,F-A1-PORTSCAN-V-03,PortScan,PortScan,RF-v5,0.0031173831870937837,0.011025379037612469,0.9858572377752948
5850,F-A1-PORTSCAN-V-03,PortScan,PortScan,RF-v5,0.003150333057869539,0.006077337496813229,0.9907723294453185
5851,F-A1-PORTSCAN-V-03,PortScan,PortScan,RF-v5,0.003150333057869539,0.006077337496813229,0.9907723294453185
5852,F-A1-PORTSCAN-V-03,PortScan,PortScan,RF-v5,0.0031173831870937837,0.011025379037612469,0.9858572377752948
5853,F-A1-PORTSCAN-V-03,PortScan,PortScan,RF-v5,0.0031173831870937837,0.011025379037612469,0.9858572377752948
5854,F-A1-PORTSCAN-V-03,PortScan,PortScan,RF-v5,0.007352696610132838,0.01190626640962612,0.9807410369802422
5855,F-A1-PORTSCAN-V-03,PortScan,PortScan,RF-v5,0.007352696610132838,0.01190626640962612,0.9807410369802422
5856,F-A1-PORTSCAN-V-03,PortScan,PortScan,RF-v5,0.0031173831870937837,0.01190626640962612,0.9849763504032812
5857,F-A1-PORTSCAN-V-03,PortScan,PortScan,RF-v5,0.0031173831870937837,0.01190626640962612,0.9849763504032812
5858,F-A1-PORTSCAN-V-03,PortScan,PortScan,RF-v5,0.0031173831870937837,0.011025379037612469,0.9858572377752948
5859,F-A1-PORTSCAN-V-03,PortScan,PortScan,RF-v5,0.0031173831870937837,0.01190626640962612,0.9849763504032812
5860,F-A1-PORTSCAN-V-03,PortScan,PortScan,RF-v5,0.003150333057869539,0.006077337496813229,0.9907723294453185
5861,F-A1-PORTSCAN-V-03,PortScan,PortScan,RF-v5,0.0031173831870937837,0.011025379037612469,0.9858572377752948
5862,F-A1-PORTSCAN-V-03,PortScan,PortScan,RF-v5,0.0031173831870937837,0.011025379037612469,0.9858572377752948
5863,F-A1-PORTSCAN-V-03,PortScan,PortScan,RF-v5,0.007352696610132838,0.01190626640962612,0.9807410369802422
5864,F-A1-PORTSCAN-V-03,PortScan,PortScan,RF-v5,0.007352696610132838,0.01190626640962612,0.9807410369802422
5865,F-A1-PORTSCAN-V-03,PortScan,PortScan,RF-v5,0.0031173831870937837,0.011025379037612469,0.9858572377752948
5866,F-A1-PORTSCAN-V-03,PortScan,PortScan,RF-v5,0.007352696610132838,0.01190626640962612,0.9807410369802422
5867,F-A1-PORTSCAN-V-03,PortScan,PortScan,RF-v5,0.007352696610132838,0.01190626640962612,0.9807410369802422
5868,F-A1-PORTSCAN-V-03,PortScan,PortScan,RF-v5,0.0031173831870937837,0.011025379037612469,0.9858572377752948
5869,F-A1-PORTSCAN-V-03,PortScan,PortScan,RF-v5,0.007352696610132838,0.01190626640962612,0.9807410369802422
5870,F-A1-PORTSCAN-V-03,PortScan,PortScan,RF-v5,0.0031173831870937837,0.01190626640962612,0.9849763504032812
5871,F-A1-PORTSCAN-V-03,PortScan,PortScan,RF-v5,0.007352696610132838,0.01190626640962612,0.9807410369802422
5872,F-A1-PORTSCAN-V-03,PortScan,PortScan,RF-v5,0.0031173831870937837,0.011025379037612469,0.9858572377752948
5873,F-A1-PORTSCAN-V-03,PortScan,PortScan,RF-v5,0.0031173831870937837,0.01190626640962612,0.9849763504032812
5874,F-A1-PORTSCAN-V-03,PortScan,PortScan,RF-v5,0.007352696610132838,0.01190626640962612,0.9807410369802422
5875,F-A1-PORTSCAN-V-03,PortScan,PortScan,RF-v5,0.0031173831870937837,0.011025379037612469,0.9858572377752948
5876,F-A1-PORTSCAN-V-03,PortScan,PortScan,RF-v5,0.005612143572681964,0.006482568294333889,0.9879052881329854
5877,F-A1-PORTSCAN-V-03,PortScan,PortScan,RF-v5,0.007352696610132838,0.01190626640962612,0.9807410369802422
5878,F-A1-PORTSCAN-V-03,PortScan,PortScan,RF-v5,0.007352696610132838,0.01190626640962612,0.9807410369802422
5879,F-A1-PORTSCAN-V-03,PortScan,PortScan,RF-v5,0.005445017986967171,0.006482568294333889,0.9880724137187
5880,F-A1-PORTSCAN-V-03,PortScan,PortScan,RF-v5,0.007352696610132838,0.01190626640962612,0.9807410369802422
5881,F-A1-PORTSCAN-V-03,PortScan,PortScan,RF-v5,0.0031173831870937837,0.011025379037612469,0.9858572377752948
5882,F-A1-PORTSCAN-V-03,PortScan,PortScan,RF-v5,0.0031173831870937837,0.01190626640962612,0.9849763504032812
5883,F-A1-PORTSCAN-V-03,PortScan,PortScan,RF-v5,0.0031173831870937837,0.011025379037612469,0.9858572377752948
5884,F-A1-PORTSCAN-V-03,PortScan,PortScan,RF-v5,0.003150333057869539,0.006077337496813229,0.9907723294453185
5885,F-A1-PORTSCAN-V-03,PortScan,PortScan,RF-v5,0.0031173831870937837,0.011025379037612469,0.9858572377752948
5886,F-A1-PORTSCAN-V-03,PortScan,PortScan,RF-v5,0.003150333057869539,0.006077337496813229,0.9907723294453185
5887,F-A1-PORTSCAN-V-03,PortScan,PortScan,RF-v5,0.007352696610132838,0.01190626640962612,0.9807410369802422
5888,F-A1-PORTSCAN-V-03,PortScan,PortScan,RF-v5,0.0031173831870937837,0.01190626640962612,0.9849763504032812
5889,F-A1-PORTSCAN-V-03,PortScan,PortScan,RF-v5,0.007352696610132838,0.01190626640962612,0.9807410369802422
5890,F-A1-PORTSCAN-V-03,PortScan,PortScan,RF-v5,0.007352696610132838,0.01190626640962612,0.9807410369802422
5891,F-A1-PORTSCAN-V-03,PortScan,PortScan,RF-v5,0.0031173831870937837,0.011025379037612469,0.9858572377752948
5892,F-A1-PORTSCAN-V-03,PortScan,PortScan,RF-v5,0.007352696610132838,0.01190626640962612,0.9807410369802422
5893,F-A1-PORTSCAN-V-03,PortScan,PortScan,RF-v5,0.007352696610132838,0.01190626640962612,0.9807410369802422
5894,F-A1-PORTSCAN-V-03,PortScan,PortScan,RF-v5,0.0031173831870937837,0.011025379037612469,0.9858572377752948
5895,F-A1-PORTSCAN-V-03,PortScan,PortScan,RF-v5,0.007352696610132838,0.01190626640962612,0.9807410369802422
5896,F-A1-PORTSCAN-V-03,PortScan,PortScan,RF-v5,0.007352696610132838,0.01190626640962612,0.9807410369802422
5897,F-A1-PORTSCAN-V-03,PortScan,PortScan,RF-v5,0.0031173831870937837,0.011025379037612469,0.9858572377752948
5898,F-A1-PORTSCAN-V-03,PortScan,PortScan,RF-v5,0.007352696610132838,0.01190626640962612,0.9807410369802422
5899,F-A1-PORTSCAN-V-03,PortScan,PortScan,RF-v5,0.0031173831870937837,0.01190626640962612,0.9849763504032812
5900,F-A1-PORTSCAN-V-03,PortScan,PortScan,RF-v5,0.003150333057869539,0.006077337496813229,0.9907723294453185
5901,F-A1-PORTSCAN-V-03,PortScan,PortScan,RF-v5,0.007352696610132838,0.01190626640962612,0.9807410369802422
5902,F-A1-PORTSCAN-V-03,PortScan,PortScan,RF-v5,0.0031173831870937837,0.011025379037612469,0.9858572377752948
5903,F-A1-PORTSCAN-V-03,PortScan,PortScan,RF-v5,0.0031173831870937837,0.01190626640962612,0.9849763504032812
5904,F-A1-PORTSCAN-V-03,PortScan,PortScan,RF-v5,0.0031173831870937837,0.011025379037612469,0.9858572377752948
5905,F-A1-PORTSCAN-V-03,PortScan,PortScan,RF-v5,0.003150333057869539,0.006077337496813229,0.9907723294453185
5906,F-A1-PORTSCAN-V-03,PortScan,PortScan,RF-v5,0.0031173831870937837,0.011025379037612469,0.9858572377752948
5907,F-A1-PORTSCAN-V-03,PortScan,PortScan,RF-v5,0.0031173831870937837,0.01190626640962612,0.9849763504032812
5908,F-A1-PORTSCAN-V-03,PortScan,PortScan,RF-v5,0.0031173831870937837,0.01190626640962612,0.9849763504032812
5909,F-A1-PORTSCAN-V-03,PortScan,PortScan,RF-v5,0.0031173831870937837,0.011025379037612469,0.9858572377752948
5910,F-A1-PORTSCAN-V-03,PortScan,PortScan,RF-v5,0.0031173831870937837,0.011025379037612469,0.9858572377752948
5911,F-A1-PORTSCAN-V-03,PortScan,PortScan,RF-v5,0.007352696610132838,0.01190626640962612,0.9807410369802422
5912,F-A1-PORTSCAN-V-03,PortScan,PortScan,RF-v5,0.003150333057869539,0.006077337496813229,0.9907723294453185
5913,F-A1-PORTSCAN-V-03,PortScan,PortScan,RF-v5,0.007352696610132838,0.01190626640962612,0.9807410369802422
5914,F-A1-PORTSCAN-V-03,PortScan,PortScan,RF-v5,0.0031173831870937837,0.011025379037612469,0.9858572377752948
5915,F-A1-PORTSCAN-V-03,PortScan,PortScan,RF-v5,0.007352696610132838,0.01190626640962612,0.9807410369802422
5916,F-A1-PORTSCAN-V-03,PortScan,PortScan,RF-v5,0.007352696610132838,0.01190626640962612,0.9807410369802422
5917,F-A1-PORTSCAN-V-03,PortScan,PortScan,RF-v5,0.0029738601050267365,0.005947894303711483,0.991078245591263
5918,F-A1-PORTSCAN-V-03,PortScan,PortScan,RF-v5,0.0031173831870937837,0.01190626640962612,0.9849763504032812
5919,F-A1-PORTSCAN-V-03,PortScan,PortScan,RF-v5,0.005445017986967171,0.006482568294333889,0.9880724137187
5920,F-A1-PORTSCAN-V-03,PortScan,PortScan,RF-v5,0.007352696610132838,0.01190626640962612,0.9807410369802422
5921,F-A1-PORTSCAN-V-03,PortScan,PortScan,RF-v5,0.007352696610132838,0.01190626640962612,0.9807410369802422
5922,F-A1-PORTSCAN-V-03,PortScan,PortScan,RF-v5,0.007352696610132838,0.01190626640962612,0.9807410369802422
5923,F-A1-PORTSCAN-V-03,PortScan,PortScan,RF-v5,0.0031173831870937837,0.01190626640962612,0.9849763504032812
5924,F-A1-PORTSCAN-V-03,PortScan,PortScan,RF-v5,0.007352696610132838,0.01190626640962612,0.9807410369802422
5925,F-A1-PORTSCAN-V-03,PortScan,PortScan,RF-v5,0.007352696610132838,0.01190626640962612,0.9807410369802422
5926,F-A1-PORTSCAN-V-03,PortScan,PortScan,RF-v5,0.003150333057869539,0.006077337496813229,0.9907723294453185
5927,F-A1-PORTSCAN-V-03,PortScan,PortScan,RF-v5,0.0031173831870937837,0.01190626640962612,0.9849763504032812
5928,F-A1-PORTSCAN-V-03,PortScan,PortScan,RF-v5,0.0031173831870937837,0.011025379037612469,0.9858572377752948
5929,F-A1-PORTSCAN-V-03,PortScan,PortScan,RF-v5,0.0031173831870937837,0.011025379037612469,0.9858572377752948
5930,F-A1-PORTSCAN-V-03,PortScan,PortScan,RF-v5,0.007352696610132838,0.01190626640962612,0.9807410369802422
5931,F-A1-PORTSCAN-V-03,PortScan,PortScan,RF-v5,0.003150333057869539,0.00603988132387339,0.9908097856182583
5932,F-A1-PORTSCAN-V-03,PortScan,PortScan,RF-v5,0.0031173831870937837,0.011025379037612469,0.9858572377752948
5933,F-A1-PORTSCAN-V-03,PortScan,PortScan,RF-v5,0.0031173831870937837,0.011025379037612469,0.9858572377752948
5934,F-A1-PORTSCAN-V-03,PortScan,PortScan,RF-v5,0.007352696610132838,0.01190626640962612,0.9807410369802422
5935,F-A1-PORTSCAN-V-03,PortScan,PortScan,RF-v5,0.0031173831870937837,0.011025379037612469,0.9858572377752948
5936,F-A1-PORTSCAN-V-03,PortScan,PortScan,RF-v5,0.007352696610132838,0.01190626640962612,0.9807410369802422
5937,F-A1-PORTSCAN-V-03,PortScan,PortScan,RF-v5,0.007352696610132838,0.01190626640962612,0.9807410369802422
5938,F-A1-PORTSCAN-V-03,PortScan,PortScan,RF-v5,0.005445017986967171,0.006482568294333889,0.9880724137187
5939,F-A1-PORTSCAN-V-03,PortScan,PortScan,RF-v5,0.0031173831870937837,0.011025379037612469,0.9858572377752948
5940,F-A1-PORTSCAN-V-03,PortScan,PortScan,RF-v5,0.0029738601050267365,0.005947894303711483,0.991078245591263
5941,F-A1-PORTSCAN-V-03,PortScan,PortScan,RF-v5,0.0031173831870937837,0.011025379037612469,0.9858572377752948
5942,F-A1-PORTSCAN-V-03,PortScan,PortScan,RF-v5,0.0031173831870937837,0.011025379037612469,0.9858572377752948
5943,F-A1-PORTSCAN-V-03,PortScan,PortScan,RF-v5,0.005445017986967171,0.006482568294333889,0.9880724137187
5944,F-A1-PORTSCAN-V-03,PortScan,PortScan,RF-v5,0.007352696610132838,0.01190626640962612,0.9807410369802422
5945,F-A1-PORTSCAN-V-03,PortScan,PortScan,RF-v5,0.0031173831870937837,0.011025379037612469,0.9858572377752948
5946,F-A1-PORTSCAN-V-03,PortScan,PortScan,RF-v5,0.005445017986967171,0.006482568294333889,0.9880724137187
5947,F-A1-PORTSCAN-V-03,PortScan,PortScan,RF-v5,0.0031173831870937837,0.011025379037612469,0.9858572377752948
5948,F-A1-PORTSCAN-V-03,PortScan,PortScan,RF-v5,0.0031173831870937837,0.011025379037612469,0.9858572377752948
5949,F-A1-PORTSCAN-V-03,PortScan,PortScan,RF-v5,0.007352696610132838,0.01190626640962612,0.9807410369802422
5950,F-A1-PORTSCAN-V-03,PortScan,PortScan,RF-v5,0.0031173831870937837,0.01190626640962612,0.9849763504032812
5951,F-A1-PORTSCAN-V-03,PortScan,PortScan,RF-v5,0.007352696610132838,0.01190626640962612,0.9807410369802422
5952,F-A1-PORTSCAN-V-03,PortScan,PortScan,RF-v5,0.0031173831870937837,0.011025379037612469,0.9858572377752948
5953,F-A1-PORTSCAN-V-03,PortScan,PortScan,RF-v5,0.0031173831870937837,0.01190626640962612,0.9849763504032812
5954,F-A1-PORTSCAN-V-03,PortScan,PortScan,RF-v5,0.0031173831870937837,0.011025379037612469,0.9858572377752948
5955,F-A1-PORTSCAN-V-03,PortScan,PortScan,RF-v5,0.0031173831870937837,0.011025379037612469,0.9858572377752948
5956,F-A1-PORTSCAN-V-03,PortScan,PortScan,RF-v5,0.0031173831870937837,0.01190626640962612,0.9849763504032812
5957,F-A1-PORTSCAN-V-03,PortScan,PortScan,RF-v5,0.003150333057869539,0.006077337496813229,0.9907723294453185
5958,F-A1-PORTSCAN-V-03,PortScan,PortScan,RF-v5,0.0031173831870937837,0.011025379037612469,0.9858572377752948
5959,F-A1-PORTSCAN-V-03,PortScan,PortScan,RF-v5,0.007352696610132838,0.01190626640962612,0.9807410369802422
5960,F-A1-PORTSCAN-V-03,PortScan,PortScan,RF-v5,0.007352696610132838,0.01190626640962612,0.9807410369802422
5961,F-A1-PORTSCAN-V-03,PortScan,PortScan,RF-v5,0.003150333057869539,0.006077337496813229,0.9907723294453185
5962,F-A1-PORTSCAN-V-03,PortScan,PortScan,RF-v5,0.0031173831870937837,0.011025379037612469,0.9858572377752948
5963,F-A1-PORTSCAN-V-03,PortScan,PortScan,RF-v5,0.0031173831870937837,0.011025379037612469,0.9858572377752948
5964,F-A1-PORTSCAN-V-03,PortScan,PortScan,RF-v5,0.005445017986967171,0.006482568294333889,0.9880724137187
5965,F-A1-PORTSCAN-V-03,PortScan,PortScan,RF-v5,0.0031173831870937837,0.011025379037612469,0.9858572377752948
5966,F-A1-PORTSCAN-V-03,PortScan,PortScan,RF-v5,0.0031173831870937837,0.011025379037612469,0.9858572377752948
5967,F-A1-PORTSCAN-V-03,PortScan,PortScan,RF-v5,0.003150333057869539,0.006077337496813229,0.9907723294453185
5968,F-A1-PORTSCAN-V-03,PortScan,PortScan,RF-v5,0.007352696610132838,0.01190626640962612,0.9807410369802422
5969,F-A1-PORTSCAN-V-03,PortScan,PortScan,RF-v5,0.003150333057869539,0.006077337496813229,0.9907723294453185
5970,F-A1-PORTSCAN-V-03,PortScan,PortScan,RF-v5,0.0031173831870937837,0.011025379037612469,0.9858572377752948
5971,F-A1-PORTSCAN-V-03,PortScan,PortScan,RF-v5,0.007352696610132838,0.01190626640962612,0.9807410369802422
5972,F-A1-PORTSCAN-V-03,PortScan,PortScan,RF-v5,0.0031173831870937837,0.01190626640962612,0.9849763504032812
5973,F-A1-PORTSCAN-V-03,PortScan,PortScan,RF-v5,0.003150333057869539,0.006077337496813229,0.9907723294453185
5974,F-A1-PORTSCAN-V-03,PortScan,PortScan,RF-v5,0.007352696610132838,0.01190626640962612,0.9807410369802422
5975,F-A1-PORTSCAN-V-03,PortScan,PortScan,RF-v5,0.003150333057869539,0.006077337496813229,0.9907723294453185
5976,F-A1-PORTSCAN-V-03,PortScan,PortScan,RF-v5,0.007352696610132838,0.01190626640962612,0.9807410369802422
5977,F-A1-PORTSCAN-V-03,PortScan,PortScan,RF-v5,0.003150333057869539,0.006077337496813229,0.9907723294453185
5978,F-A1-PORTSCAN-V-03,PortScan,PortScan,RF-v5,0.0031173831870937837,0.011025379037612469,0.9858572377752948
5979,F-A1-PORTSCAN-V-03,PortScan,PortScan,RF-v5,0.0031173831870937837,0.01190626640962612,0.9849763504032812
5980,F-A1-PORTSCAN-V-03,PortScan,PortScan,RF-v5,0.003150333057869539,0.006077337496813229,0.9907723294453185
5981,F-A1-PORTSCAN-V-03,PortScan,PortScan,RF-v5,0.0031173831870937837,0.01190626640962612,0.9849763504032812
5982,F-A1-PORTSCAN-V-03,PortScan,PortScan,RF-v5,0.0029738601050267365,0.005947894303711483,0.991078245591263
5983,F-A1-PORTSCAN-V-03,PortScan,PortScan,RF-v5,0.0031173831870937837,0.01190626640962612,0.9849763504032812
5984,F-A1-PORTSCAN-V-03,PortScan,PortScan,RF-v5,0.007352696610132838,0.01190626640962612,0.9807410369802422
5985,F-A1-PORTSCAN-V-03,PortScan,PortScan,RF-v5,0.007352696610132838,0.01190626640962612,0.9807410369802422
5986,F-A1-PORTSCAN-V-03,PortScan,PortScan,RF-v5,0.0031173831870937837,0.011025379037612469,0.9858572377752948
5987,F-A1-PORTSCAN-V-03,PortScan,PortScan,RF-v5,0.007352696610132838,0.01190626640962612,0.9807410369802422
5988,F-A1-PORTSCAN-V-03,PortScan,PortScan,RF-v5,0.0031173831870937837,0.011025379037612469,0.9858572377752948
5989,F-A1-PORTSCAN-V-03,PortScan,PortScan,RF-v5,0.0031173831870937837,0.011025379037612469,0.9858572377752948
5990,F-A1-PORTSCAN-V-03,PortScan,PortScan,RF-v5,0.007352696610132838,0.01190626640962612,0.9807410369802422
5991,F-A1-PORTSCAN-V-03,PortScan,PortScan,RF-v5,0.0031173831870937837,0.011025379037612469,0.9858572377752948
5992,F-A1-PORTSCAN-V-03,PortScan,PortScan,RF-v5,0.0031173831870937837,0.011025379037612469,0.9858572377752948
5993,F-A1-PORTSCAN-V-03,PortScan,PortScan,RF-v5,0.0031173831870937837,0.011025379037612469,0.9858572377752948
5994,F-A1-PORTSCAN-V-03,PortScan,PortScan,RF-v5,0.007352696610132838,0.01190626640962612,0.9807410369802422
5995,F-A1-PORTSCAN-V-03,PortScan,PortScan,RF-v5,0.0031173831870937837,0.011025379037612469,0.9858572377752948
5996,F-A1-PORTSCAN-V-03,PortScan,PortScan,RF-v5,0.0031173831870937837,0.011025379037612469,0.9858572377752948
5997,F-A1-PORTSCAN-V-03,PortScan,PortScan,RF-v5,0.007352696610132838,0.01190626640962612,0.9807410369802422
5998,F-A1-PORTSCAN-V-03,PortScan,PortScan,RF-v5,0.0031173831870937837,0.011025379037612469,0.9858572377752948
